repo,sha,unix_ts,author,n_files,n_hunks,added_lines,deleted_lines,hunk_added_sum,added_code_lines,added_code_chars,added_comment_lines,added_comment_chars,added_blank_lines
ipython,87358b5fca645bb541e7554c49fc60cf839d53c0,1388683536,James Porter,1,1,1,1,1,1,46,0,0,0
ipython,1c8c2c10146b70b817edda75fc99a93d92871fda,1386314261,Susan Tan,2,2,4,3,2,1,85,0,0,1
ipython,02d7cc411b1b3c2d76560f2003332e3a9d6b48ae,1389030985,Thomas Kluyver,1,0,4,3,0,0,0,0,0,0
ipython,4da382511b4de5dcea9e0397bac6e64ce8764906,1389032882,Thomas Kluyver,1,0,7,1,0,0,0,0,0,0
ipython,64b272e028344274f26fd5eac6e497eb7ec829e1,1389036607,Thomas Kluyver,7,0,13,13,0,0,0,0,0,0
ipython,4c5aa28b94c5f8ad4872d1230ce4b6d158de6722,1389049054,MinRK,1,3,5,3,5,5,163,0,0,0
ipython,beaeabaaa1dca1326c8c01a32e47bec80a00ba14,1389050833,Thomas Kluyver,1,0,4,0,0,0,0,0,0,0
ipython,d0b1fffb85bb93760987ae856aa08cac0d803bfe,1389121991,Thomas Kluyver,1,1,3,0,3,0,0,3,214,0
ipython,6f019b30997bdf9ae54d19a33bbebb10d71894ed,1383094098,MinRK,9,8,27,0,24,24,865,0,0,0
ipython,067a647876a37a6c5bf437be6ce2924a51dd9e36,1389127264,MinRK,1,3,3,5,3,3,217,0,0,0
ipython,6e7009d86157dd4c20de43e690b875a9339f565a,1389136395,MinRK,2,11,13,12,13,10,600,3,165,0
ipython,f56c427232abfbaa3aaa566197ff635c27382ba1,1389136432,MinRK,1,3,5,2,5,2,113,2,122,1
ipython,c016ca7efb9ce48ecc7073d87c74ca693fd7af3c,1389136557,MinRK,2,3,8,5,8,8,328,0,0,0
ipython,43b7ef24502352705223540672621eb931ad338f,1389136573,MinRK,1,1,1,1,1,1,73,0,0,0
ipython,4ea9487b6c2058fdd39ee2cfd76de6f1c71ace86,1389137770,Thomas Kluyver,4,4,11,7,8,6,229,0,0,2
ipython,ec34d47f46eb05f68138207d7ec0577596fc7287,1389139892,Thomas Kluyver,1,1,2,3,2,2,113,0,0,0
ipython,b3ea732fa86d6b0a1cf7bdbe7c52900796cbcec0,1389139904,Thomas Kluyver,1,0,1,1,0,0,0,0,0,0
ipython,7d0e245981d03ba89b02bc55b277e98e6a546ec5,1389143755,Thomas Kluyver,1,2,7,4,7,5,290,0,0,2
ipython,f59b2d89bdadffd185eab45ed28407213fa8d929,1389173650,Pankaj Pandey,1,5,17,2,17,16,673,0,0,1
ipython,1b1c38bbe7485aea34f1ba862f57d0c667e22199,1389196535,Matthias BUSSONNIER,1,1,2,0,2,2,38,0,0,0
ipython,12ea88877db65bc700530fe89b2db239e9f02d5b,1389204892,Thomas Kluyver,1,1,1,1,1,1,55,0,0,0
ipython,80efc81d0c8c4ee4707af7bab3c5124eb09227c8,1389214956,Thomas Kluyver,1,15,69,10,69,57,2606,0,0,12
ipython,bc19d4d7d2181ee402aafcbb064070852151063c,1389214970,Thomas Kluyver,1,0,16,0,0,0,0,0,0,0
ipython,ab8758bcbd2a124892035650f37e44ea2f8567a3,1389218925,Thomas Kluyver,1,0,11,3,0,0,0,0,0,0
ipython,f2fc7c7950b3ff7689e73f27c36b771ed35904c7,1389220008,Thomas Kluyver,1,0,4,8,0,0,0,0,0,0
ipython,32ad17ea7cd3af3b8c3db01a6f7316c43fc05dd1,1389224951,Paul Ivanov,1,0,8,5,0,0,0,0,0,0
ipython,bdaf6ecbc8d4f27eac858c2f5562f4d14ea142d6,1389232572,Thomas Kluyver,1,1,2,2,2,2,98,0,0,0
ipython,3315215b5af5e26a0f0bba5b99c3de94d1e75928,1389299642,Thomas Kluyver,1,0,2,0,0,0,0,0,0,0
ipython,442ca7bf3b7dd7b646cfcd8d8929a3c9de86c3cc,1389553372,MinRK,1,2,8,1,8,8,518,0,0,0
ipython,72fe9b95f957a0e69c05563cbb25524c77c5f5e0,1384979076,MinRK,1,8,15,3,15,11,368,0,0,4
ipython,bad1d077d7d6cead9dab198e6b394f271017ef28,1384979576,MinRK,1,7,17,6,17,15,598,0,0,2
ipython,50981beb29eadd0017277b97644c21f11d3e9261,1384985905,MinRK,1,2,3,2,3,3,199,0,0,0
ipython,3548d46f0b85100ef58a2c2b1ed6c675707b496f,1386791769,MinRK,1,1,1,1,1,1,93,0,0,0
ipython,fda93782e0c45449693e2bcfc335ce886043cef4,1389590427,MinRK,1,4,5,5,5,5,317,0,0,0
ipython,2af5af45ff77d5ba502bc442ca497c416c2614c7,1389594360,Angus Griffith,1,3,14,1,14,9,338,1,65,4
ipython,4654227fa0b0ece8b1d792475a23c0a5178f3ca6,1389649485,stonebig,1,0,4,3,0,0,0,0,0,0
ipython,9fbfb4731b073ef6a494798ee26ac366759c4997,1389655153,MinRK,1,1,2,1,2,2,133,0,0,0
ipython,2c0e86ab6d57ef80fe4da96d932fdb7c3ac4ebd3,1389559577,Paul Ivanov,1,2,5,3,5,5,246,0,0,0
ipython,c03e6aa132ddd6211202b5a0c1d78d3b12637890,1389563084,Paul Ivanov,1,2,1,2,1,1,63,0,0,0
ipython,398cd85469d4d675df23908a6f4e591f8bfb6518,1389658670,MinRK,3,6,1,21,1,1,81,0,0,0
ipython,08e7c9f3a7d40f364cab3dc888dddc2761b93aa1,1389658963,Thomas Kluyver,2,4,30,2,29,23,952,0,0,6
ipython,29ff209c6318963030b94be246e001bd96479140,1389659139,Thomas Kluyver,1,3,4,4,4,4,277,0,0,0
ipython,9e99d8190830a2d62f773966bbc4b8b37386dd15,1389659280,MinRK,1,1,1,1,1,1,58,0,0,0
ipython,47998e0c7b1594daeeffc3eff5f2ab4de0aef9d1,1389661496,Paul Ivanov,2,1,53,1,1,1,83,0,0,0
ipython,66c0714ab42041cc88e438a7a539eec2e7bcf353,1389680823,stonebig,1,0,3,4,0,0,0,0,0,0
ipython,c88fbc3a2c0437c94cb8d5fe1f51a8fd5bca06b9,1389681562,stonebig,1,0,5,1,0,0,0,0,0,0
ipython,114578eed6c3fe02542a33e965f30d1d811cc499,1389702707,Pankaj Pandey,1,2,8,4,8,8,372,0,0,0
ipython,1556ee2f886560af4bc008427d10abda7457c7dd,1389721436,stonebig,1,0,13,4,0,0,0,0,0,0
ipython,f8f9234401e9306d23873dc285a886a0c73a4133,1389724092,stonebig,1,0,7,6,0,0,0,0,0,0
ipython,a30a0fcc883401a1a3382d0b68019651bd423d90,1386372246,MinRK,1,10,36,4,36,33,1205,1,17,2
ipython,7a0e96e34d0ed22c857c227eb1bba668b410d7dd,1389724200,MinRK,1,7,8,7,8,8,293,0,0,0
ipython,c0f3ca0f7660308c6f3de6dc206f8729f4109be3,1389727424,stonebig,1,0,8,7,0,0,0,0,0,0
ipython,4f12e03db6e2c91cd9ba96c3a34a9888c502553d,1389734717,stonebig,2,0,5,5,0,0,0,0,0,0
ipython,aabfc747d35a14fa8c888386164861c678283a89,1389746817,MinRK,1,1,1,0,1,1,52,0,0,0
ipython,01fc30e9b21bed198df12502414b535e8f3798d9,1389748542,y-p,1,1,5,1,5,4,195,0,0,1
ipython,0c6c304d7aa0c8a131d1c9c43e72862e78ee9b2a,1389831948,Richard Everson,2,6,49,27,43,34,1387,1,82,8
ipython,d12dc75e953f7f5db7475b4c3eac7da8b4d8ac2d,1381418599,Jonathan Frederic,2,2,149,0,149,93,3257,16,511,40
ipython,4ddc07b945fabb68157b9947d7cb306fee6068fc,1381857135,Jonathan Frederic,1,3,14,10,14,13,550,1,42,0
ipython,2f1e00b2fdbd069aa3feddacd6e1f25f170bccbb,1381857244,Jonathan Frederic,1,7,18,11,18,12,456,3,61,3
ipython,dc86179329d27a5b2649a7e6a33533f6ea3f8c49,1381989951,Jonathan Frederic,1,1,28,0,28,9,291,13,722,6
ipython,c0cac1e81eb1a6c87dbc8b7f1d691a2544fb0f50,1381990160,Jonathan Frederic,1,13,35,25,35,24,864,1,16,10
ipython,3ac69b98ffbe08479d1f2e51e8d49929de7ca403,1381990190,Jonathan Frederic,2,4,19,16,19,18,738,0,0,1
ipython,a11ee899538c7545746f659efb65ce8746ba87d1,1381990524,Jonathan Frederic,2,2,12,0,12,9,301,0,0,3
ipython,545d8877c57d6e199f8d6e7cdc755c76d60bf4c2,1381990535,Jonathan Frederic,2,2,18,0,18,15,700,0,0,3
ipython,6e057c18b7c0d5af39b91d7a47a5feb4755b332e,1381990548,Jonathan Frederic,2,2,18,0,18,15,674,0,0,3
ipython,f62703e5f2d2c8717517fa6a62a2882e681c163f,1381990559,Jonathan Frederic,2,2,16,0,16,12,481,0,0,4
ipython,b03fd66f2554aa642dc249961765c981edc8e8bb,1381990572,Jonathan Frederic,2,2,15,0,15,11,412,0,0,4
ipython,2a80967a27326dc6d35b4d7c0e50448311df403c,1381990603,Jonathan Frederic,1,1,7,1,7,6,206,0,0,1
ipython,efec10e952bb625f78ba64a3b34997a07f114e81,1381990993,Jonathan Frederic,2,2,2,2,2,2,66,0,0,0
ipython,bd79e955cafe028b91f71606e664ea89b5dc4fbe,1381992696,Jonathan Frederic,1,1,1,1,1,1,61,0,0,0
ipython,b24ae90d16962421fa605b24cabbe5f322bc298e,1382039364,Jonathan Frederic,1,1,7,10,7,7,313,0,0,0
ipython,b7963059f74d11561f05501d08a46e188c9f3755,1382041331,Jonathan Frederic,7,7,240,245,240,164,6208,16,486,60
ipython,e9b4d108e4579bf390e5871a9d967d979e380cd9,1382041499,Jonathan Frederic,5,5,5,5,5,5,115,0,0,0
ipython,f5c53fa41dcabd462c07601e5d5d65f217be84e9,1382041580,Jonathan Frederic,1,1,0,36,0,0,0,0,0,0
ipython,39a9de8477956a0b9f82fa6722c17412a4ce5fe2,1382044926,Jonathan Frederic,6,13,29,6,29,22,956,4,162,3
ipython,208968115d47c2cfcea9ebaa2caabe83d3fd37a5,1382047550,Jonathan Frederic,7,9,8,15,8,8,548,0,0,0
ipython,ef5919e2b50ed8ee69500f801cff14ca771151a8,1382119727,Jonathan Frederic,1,1,15,0,15,11,466,0,0,4
ipython,3ca03407d334c4e7046234241983efe1de8888e2,1382128352,Jonathan Frederic,6,17,3,27,3,2,76,0,0,1
ipython,ddb2fbc98a129c0655ec464742bef04c2573f2e7,1382128459,Jonathan Frederic,2,5,10,14,10,9,442,0,0,1
ipython,6963d31d947c1d881f43def10d75ce876bc45d39,1382128656,Jonathan Frederic,1,1,1,0,1,1,27,0,0,0
ipython,8195c68aa7aa66284593d489978950aac0f3ddb9,1382128682,Jonathan Frederic,2,2,11,0,11,9,348,0,0,2
ipython,f155b0f41db666ef0dd3d895ef548f92108e31b6,1382128706,Jonathan Frederic,2,2,11,0,11,9,332,0,0,2
ipython,bcc71453b08b501e4a8d1d4cae4d175d66ff3716,1382129844,Jonathan Frederic,10,11,264,263,264,187,7368,17,558,60
ipython,ca37a2a53a4550f0ec97d499b117c8aa3388d199,1382374549,Jonathan Frederic,1,2,5,2,5,4,120,0,0,1
ipython,3d667038e5d04e166b1c79acee35f8b343046521,1382383739,Jonathan Frederic,1,2,35,3,35,30,851,0,0,5
ipython,d646d15b5f997f1548b5d1d146958898ba80de97,1382385737,Jonathan Frederic,2,2,41,0,41,31,1274,2,69,8
ipython,64bcf7368136e663cb4a56ac76856d7d629207fc,1382394094,Jonathan Frederic,1,3,6,1,6,3,73,0,0,3
ipython,ae63683024ddd93fd2400229f1650b5d5258288b,1382463030,Jonathan Frederic,1,5,11,5,11,8,254,2,112,1
ipython,7f9a604144dcdf5b8e95b4ce2202b4af570e0da8,1382463077,Jonathan Frederic,9,9,9,9,9,9,225,0,0,0
ipython,48a0c325f0af8fdca2b5e7f2958a486e8b611fe0,1382465642,Jonathan Frederic,1,1,1,1,1,1,49,0,0,0
ipython,f58ca8b9cc3b0ee65ab44671710197424fc96ce9,1382653041,Jonathan Frederic,1,4,4,4,4,3,192,1,30,0
ipython,40950ae4ef3a5e972d760f6a18bb259fea25b4e0,1382725908,Jonathan Frederic,10,65,380,82,380,184,7655,152,7299,44
ipython,5606d4ea07acb661f69e79353b86c2b2ffabc543,1382737481,Jonathan Frederic,2,2,26,0,26,10,377,13,675,3
ipython,8caca4a66ad26e3c69362631f4952fd4c626027e,1382738563,Jonathan Frederic,1,1,1,1,1,1,67,0,0,0
ipython,58ffdce299f28fc01e005fbd00d7981e005ab09c,1382738762,Jonathan Frederic,1,1,1,1,1,1,68,0,0,0
ipython,71d4582e8d43c30dbfe427ac78b13b078242ed73,1382739784,Jonathan Frederic,1,2,31,1,31,23,693,2,22,6
ipython,1bb8865e2e6985333d998690027c5e2800101cb2,1382741124,Jonathan Frederic,1,2,15,14,15,14,473,1,56,0
ipython,73b08f0f008aa6b92d44edc7ea3c1843e51e9def,1382985291,Jonathan Frederic,1,1,1,1,1,1,42,0,0,0
ipython,2a31827bed266cc23987aff02189b1bee3e86ee0,1383064004,Jonathan Frederic,1,1,1,1,1,1,46,0,0,0
ipython,6263f202c6eda7bba5fc6135edf596a69ec5bc75,1383065187,Jonathan Frederic,6,12,12,6,12,12,858,0,0,0
ipython,b5e15cbbfbeaff2840a3dd7a12f11c7f5d0f449b,1383166080,Jonathan Frederic,1,2,11,11,11,11,462,0,0,0
ipython,c1913d54bb843b3b0c6e933ccb82172a7ffa1858,1383179188,Jonathan Frederic,1,3,3,2,3,3,122,0,0,0
ipython,a4c13a9525d6c929020c9c2bc4f787c3add3bc15,1383243349,Jonathan Frederic,10,10,10,10,10,10,260,0,0,0
ipython,d0f090de0f858f325a2881e84059a210b3da125e,1383263394,Jonathan Frederic,1,19,41,41,41,34,1501,2,44,5
ipython,a241dfef81adebf7958d4e1f337c61b75340ef6d,1383264034,Jonathan Frederic,1,3,3,2,3,3,175,0,0,0
ipython,b16e88eac09285786bed0af50955ad74c352e1ca,1383330925,Jonathan Frederic,1,1,1,1,1,1,92,0,0,0
ipython,dee46bf382bdbce942d1e943add9a3add97b2d72,1383338760,Jonathan Frederic,1,7,43,5,43,34,1538,1,21,8
ipython,8c01555342acb75da498b1600b0613aead4b69e8,1383340528,Jonathan Frederic,1,1,4,1,4,3,118,0,0,1
ipython,cabd740d67fdaf411f4f4c1d3a5c11b9ded3144e,1383609221,Jonathan Frederic,1,2,7,2,7,7,421,0,0,0
ipython,548a1bc045d8317fa3d7448d92977c09676b4b53,1383691155,Jonathan Frederic,1,1,1,1,1,1,70,0,0,0
ipython,0f1241210d5121ae150e674358bb56d932858c15,1383692175,Jonathan Frederic,1,4,37,12,37,29,1341,4,197,4
ipython,bc1ac445d6e3c236272c80422ea541d85607fb18,1383695338,Jonathan Frederic,1,1,2,2,2,2,194,0,0,0
ipython,c3368bcf5a16703dbdbd7981fdcab90516cdd8ab,1383697287,Jonathan Frederic,0,0,0,126,0,0,0,0,0,0
ipython,5d5c3ecd7596c0598b173525c4ea92cc58164b78,1383759686,Jonathan Frederic,1,3,45,0,45,34,1427,2,69,9
ipython,f57e8c248aa1be9997fd00ae6516c7018666b539,1383759706,Jonathan Frederic,1,1,1,1,1,1,50,0,0,0
ipython,b840f75e6f8333d00f1d2cdff73cd274fa9efe1b,1383760102,Jonathan Frederic,1,3,4,1,4,4,72,0,0,0
ipython,13b5a372b2842e4f5ec9a2bd63ceedf616c17e34,1383762529,Jonathan Frederic,1,11,63,16,63,56,2130,0,0,7
ipython,c3d8fc4c47533ae32ccbc6944a9ee3e2b69ed2e0,1383763563,Jonathan Frederic,1,3,51,1,51,44,1639,0,0,7
ipython,c0c9ab2ca3f1cbc3aaf64e2aa1dc8b8694133b8e,1383803998,Jonathan Frederic,1,1,1,0,1,1,14,0,0,0
ipython,90efa5b8eab664bea0eabd12111d42f23b0de34f,1383863576,Jonathan Frederic,2,2,1,14,1,1,26,0,0,0
ipython,7636318847b3fb48de27e3ffe757c252b0a689cb,1383924323,Jonathan Frederic,1,1,12,0,12,12,357,0,0,0
ipython,48072b5cd7e8885e7f98de6ad6f7b14de3a8e18f,1383924396,Jonathan Frederic,1,1,1,0,1,1,12,0,0,0
ipython,bafa2d969349e851f957f878a95f42177be9c668,1383924580,Jonathan Frederic,0,0,0,12,0,0,0,0,0,0
ipython,26a174e208a6ba001ba6c4564dbf896b90a360ed,1384292863,Jonathan Frederic,1,1,5,2,5,5,146,0,0,0
ipython,b1ba31d3c7e5b0a91df79c86c855836840e09d4b,1384808852,Jonathan Frederic,1,9,93,34,93,71,2967,5,178,17
ipython,3a93b4ebe2bf63c995475c9cc7c57626dc042e2d,1384815952,Jonathan Frederic,1,4,51,2,51,39,1773,2,69,10
ipython,abc5d6f5d541aed7f664c9ef8c24ef9a3e270340,1384817277,Jonathan Frederic,1,4,11,10,11,9,436,2,145,0
ipython,420434fb1d7dbb3b2826761061654cf987c07ad6,1384877968,Jonathan Frederic,1,3,6,1,6,4,228,0,0,2
ipython,23e1d86cb85752b06d7d85728ae5bd05db457517,1385071299,Jonathan Frederic,1,5,7,9,7,7,321,0,0,0
ipython,0c730813b8640637ca537b7f38ab093ad178bfc2,1385077489,Jonathan Frederic,2,8,37,26,37,26,1006,2,69,9
ipython,8afba4b2520b33866d62b62015f830470211e92d,1385078254,Jonathan Frederic,1,6,50,22,50,40,1694,2,69,8
ipython,3dd14b756b00dbe86438b623f8bfc2b5a7cd8d72,1385081263,Jonathan Frederic,1,3,2,3,2,2,103,0,0,0
ipython,d0886f1773637b3f9a5dbbe24883d81435d3737f,1385148480,Jonathan Frederic,1,1,0,18,0,0,0,0,0,0
ipython,292b239404a6424dc666c137f373a9badd4335fb,1385149780,Jonathan Frederic,1,1,1,1,1,1,49,0,0,0
ipython,82a6e99516adaf3d039faafd5da88c98330dc10d,1385167686,Jonathan Frederic,1,1,3,1,3,3,105,0,0,0
ipython,8a2082605ea362e0db15342705dc1101174d7749,1385574383,Jonathan Frederic,1,2,8,6,8,8,379,0,0,0
ipython,80b07abec3d907f6395f145646633ac7dccde54f,1386109773,Jonathan Frederic,1,3,10,7,10,9,428,0,0,1
ipython,36f8d836e8414043b683b2f1da46fdaf8cac0ed8,1386374774,Jonathan Frederic,2,2,39,0,39,19,695,14,738,6
ipython,45a7ef8af92a4155a69ec1c7051e85de0b3d1a15,1387580975,Jonathan Frederic,1,7,9,3,9,9,455,0,0,0
ipython,6135b20fbae063a0a2e41bbd2ad6dde10e7973e5,1387581854,Jonathan Frederic,1,4,18,2,18,11,622,2,73,5
ipython,8ec7166feb016d0756ee3271d8d752a712e99c0e,1387587948,Jonathan Frederic,1,13,58,48,58,46,1860,3,97,9
ipython,318baad44bc5a2aaf0d4f9159a82524f857fe4cf,1387588926,Jonathan Frederic,1,2,5,7,5,5,161,0,0,0
ipython,81257c20e8e467fb704980ec599ece20c94966c7,1388428997,Jonathan Frederic,1,9,10,16,10,10,505,0,0,0
ipython,9811ba70ec44cc0a4bce7eb37a19cfb047c00c74,1388295966,Jason Grout,1,30,174,170,174,134,5382,12,625,28
ipython,66c820949571ffa94ae4b79e8553ddb54f9f0746,1388507167,Jason Grout,5,20,37,23,37,31,1659,3,118,3
ipython,a1d2451384da79e29fdc3014ab7d3a35b05a56d3,1388510687,Jason Grout,1,6,16,25,16,9,414,6,283,1
ipython,793dcac0443ce38e6ebe1e181a9f61714cc60a6f,1388513427,Jason Grout,3,3,2,7,2,2,142,0,0,0
ipython,2a812710f4750c08d4c336aec2af6e5ef8ad98d2,1388525566,Jason Grout,3,5,7,6,7,6,296,0,0,1
ipython,49d1da21d0840987dcd6eaca74b97c2cdaa0ca33,1388597786,Jason Grout,1,3,4,4,4,4,285,0,0,0
ipython,a5d454b3ed870b3a6ccc4ebe8adea6ef5ad64833,1388620900,Jason Grout,1,2,6,6,6,6,259,0,0,0
ipython,a1aa8a347c6963c3e5eb05a9d07f55feb40a2bd4,1388694739,Jonathan Frederic,1,2,6,9,6,5,174,0,0,1
ipython,250e4f815ff425c2b00af347712aa5c6d7ff4fcb,1388701414,Jonathan Frederic,2,3,35,0,35,15,534,13,675,7
ipython,49568c84d1ef67400025643ae646c46a44ba40a4,1388702082,Jonathan Frederic,1,3,6,2,6,5,158,0,0,1
ipython,48deda6606e23b8dd294a76f17ba7a5797d74f0c,1388703978,Jonathan Frederic,2,6,9,9,9,9,366,0,0,0
ipython,60a426dbd8c847ea5f7cb6f3fcdb1b782f5eba48,1388704038,Jonathan Frederic,1,1,1,1,1,1,42,0,0,0
ipython,7eeebf9d0d72a27049d3e5e988853387a3d7186c,1388705784,Jonathan Frederic,1,2,10,30,10,6,198,0,0,4
ipython,adcd464238ede8a814b43263f2de722bbe09dce2,1388779164,Jonathan Frederic,1,0,5,2,0,0,0,0,0,0
ipython,5f99aad4f8b017970b6e39ac748c0073df05bc07,1388780529,Jonathan Frederic,1,0,2,5,0,0,0,0,0,0
ipython,4d3ff819b3a0bb3f992da656b6aea161cf0343e0,1388786015,Jonathan Frederic,1,1,1,1,1,1,32,0,0,0
ipython,f32e48cd0864af2f57c249fbd5d85f8ffb0ce60f,1388867210,Jason Grout,1,4,13,10,13,10,356,1,34,2
ipython,245183370dc4fb29c1ac7d61fc2f82b64d8122be,1388895762,Jason Grout,1,5,4,21,4,3,110,0,0,1
ipython,075fab92aded051dda1b8e2f08478fdcdbd1425f,1389023947,Jason Grout,11,12,12,12,12,12,815,0,0,0
ipython,032f65b5385fac3cc18dc2b6bcb91b0ca0f6bbcf,1389095603,Jonathan Frederic,1,3,4,20,4,3,168,1,68,0
ipython,b4e4da38f804b65ca02fc58b5cdc309e83cfcde5,1389095904,Jonathan Frederic,1,8,16,10,16,14,599,0,0,2
ipython,6aabc0c9872521279f535ec0518b4a46c993260d,1389096264,Jonathan Frederic,13,46,48,48,48,46,2096,2,105,0
ipython,1d180d4ab16aef598eb4a55dfece75b1f6335e2d,1389096495,Jonathan Frederic,12,14,15,15,15,15,646,0,0,0
ipython,888af91e18706de458ff94b36c57dbe2a6c1bb00,1389096581,Jonathan Frederic,1,2,2,2,2,2,86,0,0,0
ipython,6dd1ffd7125b8e4a10a835d8070b8c4874a2971e,1389136264,Jonathan Frederic,1,1,0,7,0,0,0,0,0,0
ipython,e73528c942d0463e7fe6682eff5a761e166e2b74,1389136387,Jonathan Frederic,1,2,3,6,3,1,27,2,94,0
ipython,311bda448ae53cd65f61b359d5f0bf552d6c3756,1389136957,Jonathan Frederic,1,3,2,9,2,2,63,0,0,0
ipython,b67870c1ff5456f167a82aa49e9f74e106b97371,1389137313,Jonathan Frederic,1,3,1,9,1,1,76,0,0,0
ipython,dfb0eb9d95d475b8ff00a7442e758e8f47662724,1389137378,Jonathan Frederic,1,3,4,4,4,2,82,2,92,0
ipython,f3f38c8bfb201a3ccd1f5af7083854aec2b0f32d,1389137634,Jonathan Frederic,1,1,3,1,3,3,189,0,0,0
ipython,17ae963cc63cade26aaee675129e2d73337ebfa7,1389140356,Jonathan Frederic,1,2,12,11,12,9,393,0,0,3
ipython,8d175cfeff171783f3f8a90eb6d2005fc3e7f8db,1389181416,Jonathan Frederic,1,1,2,2,2,2,97,0,0,0
ipython,4139a382861517d3cb7ba2c09c2f621020de6349,1389181465,Jonathan Frederic,1,1,1,1,1,1,43,0,0,0
ipython,404faa037f7e90aec379d2853181c24bf48c46b9,1389181879,Jonathan Frederic,1,1,58,58,58,33,1099,15,697,10
ipython,10a84acc7843ef894cb05169b31c61c2ab7ce348,1389182085,Jonathan Frederic,2,4,4,4,4,4,199,0,0,0
ipython,f0c9c00e05d519e0908947a9da5095f4ff42612d,1389185988,Jonathan Frederic,1,5,16,8,16,14,541,0,0,2
ipython,304e2e44ca65203f21453b1af97f799a9c336c6a,1389189934,Jonathan Frederic,1,3,13,6,13,11,726,0,0,2
ipython,ecbe638bba285e8a3ed3330a97249c0b9d4d5d95,1389636379,Jonathan Frederic,1,21,78,32,78,69,2798,2,32,7
ipython,27be0fb8ba3d85ecb1386481a47cf420a2d7ef3a,1389663937,Paul Ivanov,1,4,1,8,1,1,65,0,0,0
ipython,daa3b6a05730b6925a3153b84b7142142ecdea52,1389665250,Paul Ivanov,1,5,6,6,6,6,373,0,0,0
ipython,e5dbb96fd66872600a5723c86fabde6e05b59b58,1389692626,Jonathan Frederic,2,31,94,116,94,76,3567,7,259,11
ipython,d8f5efb79409d7efe113f340038fc0ea481fc47c,1389710992,Jonathan Frederic,4,5,4,175,4,4,251,0,0,0
ipython,f1c374268506a96ee284132d2248cc479452e37f,1389712519,Jonathan Frederic,12,16,52,55,52,51,3103,0,0,1
ipython,1da6d0eecf9e340880f3770b2fe49aff9e217788,1389712697,Jonathan Frederic,1,3,2,5,2,2,136,0,0,0
ipython,bff850b08dfb2db0e4220a760d9f01faaa63062f,1389712895,Jonathan Frederic,11,11,11,11,11,11,544,0,0,0
ipython,a76124e0e41673eb94754f394119b10491cefe1e,1389713281,Jonathan Frederic,12,12,1,12,1,1,75,0,0,0
ipython,a8368df4c9ed0c0ab78b626f18d563365221a541,1389716675,Jonathan Frederic,10,27,83,45,83,62,3067,0,0,21
ipython,b6908b1bbf8f4e3c4e361e6a4304583de61a6182,1389718011,Jonathan Frederic,4,6,6,6,6,6,320,0,0,0
ipython,597c46c0e7a9b88c77ee79b2169f1a77889a64eb,1389725776,Jonathan Frederic,2,3,4,4,4,4,213,0,0,0
ipython,5cd33034dfc0921195e56a1f9dee7ad6a13c3af7,1389799288,Jonathan Frederic,1,1,3,1,3,2,73,0,0,1
ipython,ed52e8267c5abebd570ae46850e5261c71a3a5fb,1389860921,Jonathan Frederic,1,1,1,1,1,1,51,0,0,0
ipython,0311a8ce79a9c328bf043237eec7e59beed161f4,1389872558,Jonathan Frederic,7,14,18,18,18,18,1066,0,0,0
ipython,0acd41862f5f93e7ddd6a507b872cae11059ed70,1389873781,Jonathan Frederic,2,2,20,0,20,16,730,0,0,4
ipython,0e56b40a2238de0e17c5b9bfeb2791af66d87027,1389874102,Jonathan Frederic,2,4,6,4,6,6,372,0,0,0
ipython,32716dc495f035c2c9d8308e23dffe18b3126430,1389882004,Jonathan Frederic,8,44,33,54,33,26,1366,0,0,7
ipython,bb79d34d15387baef7e4b19ec8dec6916e110e55,1389883736,Jonathan Frederic,2,5,24,8,24,20,821,0,0,4
ipython,b25d6b373af1b671f71ce31d81cd2bea64f5dde7,1389892620,Jonathan Frederic,1,3,14,8,14,14,387,0,0,0
ipython,af98a808765e27c9fe6f42737ca314f88933bca0,1389977623,MinRK,1,2,1,3,1,1,74,0,0,0
ipython,3527bb2254ade3598a4f01ade5eee62d0ebf9441,1389979509,Jonathan Frederic,1,1,24,21,24,17,733,4,209,3
ipython,c92edbc2465fac2de943614224431f5943d77a89,1389980104,Jonathan Frederic,2,2,31,31,31,24,1012,4,209,3
ipython,214b7b6d261bd36accc592b728874d1802ce34e0,1390176725,MinRK,1,1,3,0,3,2,55,1,36,0
ipython,8f82b7d538dcb17e6bb5a5af386bdd64056a128e,1390176833,MinRK,1,0,12,0,0,0,0,0,0,0
ipython,241ca1dd8e116b1932ef80e8c45ddf41470409e1,1390244065,MinRK,2,3,15,9,11,10,430,0,0,1
ipython,262451e8632dac3fe7dea8e182268d24eda441b6,1390326057,Jonathan Frederic,2,2,2,2,2,2,206,0,0,0
ipython,425b8229f0fee4e7e21067083883d6291b069b27,1390308758,Doug Blank,1,1,1,1,1,1,56,0,0,0
ipython,76382dc8123cdd0b9cb4ec93fc8bfb52c82547df,1390319294,Doug Blank,1,0,26,0,0,0,0,0,0,0
ipython,9475ec87a59282e97e41f03dff15b27c9bbaed38,1390322343,Doug Blank,1,0,0,2,0,0,0,0,0,0
ipython,ef8e5de4db125cd5f064b85885a9a508a978e657,1390329808,MinRK,4,6,58,5,58,43,1621,10,483,5
ipython,f15b821de4c43269012c87e49bc1bcd1fbe9bc6a,1390330552,Kyle Kelley,1,2,28,0,28,17,698,3,188,8
ipython,5d3e6be6360bc971db813e451b55bcc2f60519c9,1390332189,Kyle Kelley,1,1,1,1,1,1,64,0,0,0
ipython,73b797c17e1a5bdfbe8e4ed4a46515272ec7e5c9,1390337278,Kyle Kelley,1,2,2,2,2,2,84,0,0,0
ipython,ff01af6a0ea4e985134dc930d18cf2ae2af54976,1390342413,Jonathan Frederic,1,12,144,134,144,106,4333,22,1185,16
ipython,63d2f7a02200e17a300feef57e625fdfebc6044b,1390342584,Jonathan Frederic,1,3,7,0,7,5,335,0,0,2
ipython,fc964e6f725279a79bc4e6f74691f9f0871e881f,1390342677,Jonathan Frederic,1,2,3,3,3,3,149,0,0,0
ipython,07dc2a721eff38ebdbc01cd7d85628b08e982dce,1390343024,Jonathan Frederic,1,6,16,31,16,16,651,0,0,0
ipython,585885a505f5c2983d8f81d71f05b7a81fdf5cd9,1390343108,Jonathan Frederic,1,2,2,2,2,2,106,0,0,0
ipython,70a076dd6989fee33047674d6e2ef7978adc8816,1390346067,Jonathan Frederic,3,19,89,97,89,70,3326,4,186,15
ipython,11ca541cb6815cde004f6a358f2b0535dc48177f,1390346329,Jonathan Frederic,1,2,2,2,2,2,95,0,0,0
ipython,156318e9429afef0bdc49c0b436a1671ad23aeb6,1390350396,Thomas Kluyver,2,0,0,4,0,0,0,0,0,0
ipython,a8115391de5a4490929cacc606282852b59f54c9,1390350829,Jonathan Frederic,1,2,3,3,3,3,123,0,0,0
ipython,3644592c60fbed29855ccf37cef250ee053c5c5d,1390351497,Jonathan Frederic,9,22,102,138,102,70,3391,0,0,32
ipython,1b8ed2a0bbf554b765a812f2899ba1fff19b0db4,1390351596,Jonathan Frederic,0,0,0,0,0,0,0,0,0,0
ipython,25a9d02e25e0cd503d8482764ea316245d7c860c,1390352989,Jonathan Frederic,2,2,3,3,3,3,140,0,0,0
ipython,094e02a6bdd21b9e2997ef65788decbea2d21fe7,1390353274,Jonathan Frederic,1,1,1,1,1,1,58,0,0,0
ipython,ef90a165a878e292b1429050e6be13076869651a,1390360104,Kyle Kelley,1,3,3,3,3,3,163,0,0,0
ipython,d1296e59d197f4ffd1ac22a24cbb5158729789bf,1390379667,Matthias BUSSONNIER,1,5,15,4,15,12,489,1,47,2
ipython,ddb2afaec747334035dc35dc8f24797b96b3336a,1390418210,Jonathan Frederic,1,1,6,1,6,6,259,0,0,0
ipython,9f62428c43ef2e5fb590f701b61371fc1b109be2,1390431234,MinRK,2,4,13,5,13,12,503,0,0,1
ipython,bda2ad7ddace63e3f744ea089532b1f3c25d569d,1390432400,MinRK,1,4,10,6,10,8,368,0,0,2
ipython,742c8eb946efbe119f4a233bb912447f6501d412,1390432419,MinRK,1,4,6,3,6,3,165,1,64,2
ipython,99329ab49088e0853d0bd922e49390df2f44eded,1390432803,MinRK,1,2,6,2,6,4,212,1,52,1
ipython,f3b6c24d087dd3a479619005193098ce6b957253,1390434838,Jonathan Frederic,1,4,61,3,61,50,2322,2,85,9
ipython,48fcdd1f20c69e200fb6addaca477f8aca6cb11d,1390436060,Jonathan Frederic,1,2,10,6,10,10,472,0,0,0
ipython,615f0e589b66c7e651a733a1d4ff8ff2c4b8ea92,1390436166,Kyle Kelley,1,5,11,18,11,9,409,1,65,1
ipython,53b368bf5af65e5583a13658c72d5280d975c2ed,1390436460,Jonathan Frederic,10,25,25,25,25,25,1298,0,0,0
ipython,620acd3221f60fcb365630e748c6262d475506a3,1390436462,Kyle Kelley,1,1,3,0,3,2,73,0,0,1
ipython,20a033d247e56111b62d19678f2527b549c0c036,1390436775,Kyle Kelley,1,5,5,4,5,4,113,1,57,0
ipython,aa5696c90dfe92d6cafcccc1c08a6cea9acad506,1390437332,Paul Ivanov,1,3,0,4,0,0,0,0,0,0
ipython,a4ac36bec1b475472ffb462348ff7a22a3d83396,1390437453,Paul Ivanov,1,0,16,17,0,0,0,0,0,0
ipython,eab8dac46601984203c9ac8582b90c88528c6682,1390439710,Jonathan Frederic,1,11,15,20,15,14,879,0,0,1
ipython,2d55a153c723086432f479d5e1d5555408375822,1390446728,Kyle Kelley,1,1,1,1,1,1,50,0,0,0
ipython,ac2429162c2ac786f36d397e52446b08dc2a0e36,1390450928,Paul Ivanov,1,0,8,5,0,0,0,0,0,0
ipython,64136036e8d6d503d985b14c121713bd28b2c8e9,1390497125,Jonathan Frederic,1,2,2,7,2,2,129,0,0,0
ipython,91c7760a036fbd07e0f1435289614af94dcea4f3,1390503153,Jonathan Frederic,2,3,5,2,5,5,226,0,0,0
ipython,cfc977766c38721001704a474085c0571229da61,1390527601,MinRK,1,1,0,3,0,0,0,0,0,0
ipython,75618df386187342d041af290319117018771b38,1390527657,MinRK,1,1,2,1,2,1,47,1,41,0
ipython,2dce7a8ac50fc065a53a22d707701cfd59cafa9f,1390530241,Paul Ivanov,1,0,3,3,0,0,0,0,0,0
ipython,f498a9a407e75801e917e92b88ba2eb8d2f63be9,1390544399,Kyle Kelley,1,1,9,1,9,4,226,3,137,2
ipython,a6f5c72528cd1ca35a532df300dac15781ccfecf,1390604604,MinRK,1,0,38,0,0,0,0,0,0,0
ipython,c25f55241e472cdbcfe2abc4ccad3260703e7881,1390606159,Julian Taylor,1,0,4,1,0,0,0,0,0,0
ipython,7d9f8d991d601deb93beeeb86298d8a1a7181897,1390606206,Julian Taylor,1,1,3,2,3,3,159,0,0,0
ipython,820bebf2b11aca9263e21b251d8d139786215309,1390634554,marcmolla,1,1,1,1,1,1,72,0,0,0
ipython,d5ce3576433f1c919563a7a9b2498eb315514ecf,1386616338,Daniel B. Vasquez,1,3,21,0,21,16,714,0,0,5
ipython,498059a31c418381a7790c7cd5a438268f984fca,1386942231,Daniel B. Vasquez,1,8,75,24,75,55,2385,7,404,13
ipython,0d6b11eae7fd3fe67883daeef00b0de419007409,1386943184,Daniel B. Vasquez,1,2,6,8,6,6,400,0,0,0
ipython,e8aa30268b852ce4cfe38eae6889763eefb03fc5,1386967163,Daniel B. Vasquez,1,6,7,5,7,7,357,0,0,0
ipython,42e936d62fdb9deb4e1360188c0626819a34a2d8,1387144867,Daniel B. Vasquez,1,8,29,13,29,28,1252,0,0,1
ipython,58de7d40cba8f20115881687c8d2bda7dd231a81,1387396987,Daniel B. Vasquez,1,3,4,6,4,2,117,2,121,0
ipython,800560e764d5bbe2363ea974bcf08f5aefaed119,1388869782,Daniel B. Vasquez,2,23,138,36,73,55,1983,3,171,15
ipython,cdd3d3cab9c060ca890e391430e5fae4b197ec3b,1388870965,Daniel B. Vasquez,1,4,77,78,77,53,1860,9,529,15
ipython,966c01fef4243db69309219bdcaac4c70ea69fc1,1389712822,Daniel B. Vasquez,2,13,48,95,24,23,972,0,0,1
ipython,fb80775af3ea5ffde1958862c8d6be52ed084169,1389722325,Daniel B. Vasquez,1,0,1,2,0,0,0,0,0,0
ipython,1603a5a997c85735f35aa06899ce984366e1193a,1386539090,Daniel B. Vasquez,2,9,30,7,30,21,1001,5,360,4
ipython,c954822f17fc4bf96c27b9a8517d64c0d3c97c20,1387302419,Daniel B. Vasquez,2,14,30,28,30,27,1366,0,0,3
ipython,f3fd178e97d5766e615538b61d02e813c541dd52,1387309198,Daniel B. Vasquez,2,5,9,7,9,9,570,0,0,0
ipython,3b6c3caa4f13092a587dfbeb60c074ab73650821,1387664207,Daniel B. Vasquez,1,0,13,0,0,0,0,0,0,0
ipython,bb1ff1397b0b068c9764991f22b1e9a5ab5a7459,1388600589,Daniel B. Vasquez,1,0,1,1,0,0,0,0,0,0
ipython,56dda7cd39da33abce6b323befea4188d45ca25f,1389720317,Daniel B. Vasquez,1,0,11,12,0,0,0,0,0,0
ipython,31c1d4f0ac52d14efcf257b82aa11c4c1f76ccd4,1390661109,Daniel B. Vasquez,1,1,1,1,1,1,49,0,0,0
ipython,8e7a5d1ab3782e049b95e1409f552feaecbb6750,1390660584,y-p,1,12,60,21,60,46,2436,9,354,5
ipython,58e488eb49ac465ef9bc23d39c9fcf9b9b72f925,1390663020,y-p,1,1,1,1,1,1,52,0,0,0
ipython,052280d4e942bbfdcccd028c9726db1282c511e6,1390665231,y-p,1,1,5,2,5,5,178,0,0,0
ipython,c7be307aba76f4d0410a54b414b1823b49513afd,1390684695,Richard Everson,2,7,11,9,8,7,182,1,27,0
ipython,e55a2a8cb98dd1775bfd77844581535fa0d4c61e,1390689019,MinRK,1,0,1,1,0,0,0,0,0,0
ipython,f257c73a9c8ed862ac7413ea5ab1e8c24df452cc,1390771974,MinRK,1,1,4,0,4,3,141,1,58,0
ipython,9cf2bba8ed557e88b3ae23b4c60cd4a9d72ec07b,1390779966,MinRK,3,44,87,161,87,74,3332,3,222,10
ipython,6721e7f2f17b5b9d36391c0969adec5145827a74,1390780373,MinRK,2,2,32,21,32,28,1110,3,176,1
ipython,a84742172df38401a550c015ede3f828b411baf2,1390802358,y-p,1,5,9,7,9,5,258,4,137,0
ipython,6448bf2e3287fbc82753f5afde69994d618dc8e0,1390803493,y-p,1,1,3,0,3,0,0,3,175,0
ipython,767f252d119dfebec87d37b80eea1474d269c736,1390849194,Paul Ivanov,1,0,1,2,0,0,0,0,0,0
ipython,32a46d8c19d881b075ad7b24c02da0588e69d062,1390849672,Paul Ivanov,1,0,1,0,0,0,0,0,0,0
ipython,c7983e7c8e612e6f96db520037acd7a0f1dc9816,1390853129,MinRK,1,6,16,31,16,15,425,0,0,1
ipython,a999fd7a49d75dc16e4047d7bad5b3cbfc3eb7ea,1390853219,MinRK,1,2,3,5,3,2,78,0,0,1
ipython,989d5bfd51a1db98ed080a0a518bd30b48500500,1390863184,Thomas Kluyver,1,3,3,4,3,2,86,0,0,1
ipython,445ecdef11c4e07761fff5289accbc738706a94a,1390867191,y-p,1,1,6,3,6,0,0,6,274,0
ipython,faf01ee7ce1b0ac2e3392bb0fea1f3b2d1b29864,1390867276,Thomas Kluyver,1,0,28,16,0,0,0,0,0,0
ipython,05e03435940ad4a4e7938b76f7259cd909d11ef9,1390868236,Thomas Kluyver,1,0,8,1,0,0,0,0,0,0
ipython,fedd072d5d7baaa7749e132dbdd5f3ffa9f930ba,1390868354,Thomas Kluyver,1,2,6,2,6,5,192,1,63,0
ipython,23c0ba290e2cbcc1d570fb5a0654352eda6398ab,1390868869,Thomas Kluyver,1,0,9,5,0,0,0,0,0,0
ipython,5e34786c64e4949076cebf3ce3b57ce667d59a05,1390869134,Thomas Kluyver,2,5,9,6,7,5,304,0,0,2
ipython,b2f1bca4d692828772242248a78389da0856ab22,1390899204,Konrad Hinsen,1,1,7,1,7,7,403,0,0,0
ipython,48267b8a42ce09942462b800f14410840f63fd0a,1390932598,Jonathan Frederic,1,0,4,15,0,0,0,0,0,0
ipython,ae0347d58633ac6168eda54c65d02914c6d7c06a,1390932701,Jonathan Frederic,1,0,63,63,0,0,0,0,0,0
ipython,3bcdc8673a7e6c814880fbd77be67d2ce1eb104e,1390933684,Jonathan Frederic,2,6,3,11,3,2,45,1,50,0
ipython,c355538c89cf64d2e47a2665583a3751e3970fb0,1390935251,MinRK,1,4,4,4,4,4,265,0,0,0
ipython,6871539d954dac53451a89c1cd1fa86d4a55db50,1390937844,Daniel B. Vasquez,1,0,2,2,0,0,0,0,0,0
ipython,5ed9376907ce11044eb3eb7043354ee0a286ca10,1390942284,Jonathan Frederic,4,8,12,12,12,12,623,0,0,0
ipython,eb28e6bb65aad9d52fbea2ec055dfb569a71cb4e,1390942303,MinRK,1,5,11,9,11,10,457,1,30,0
ipython,fc6fb46217345c3e99222a117d5b8e4b39f61edd,1390950446,MinRK,1,1,6,0,6,3,213,2,85,1
ipython,256a4666db80559a287ca583fc1793ed9175bba4,1390947033,Julian Taylor,1,0,1,1,0,0,0,0,0,0
ipython,68cef000c714de219d177c921f94834c08b47376,1390951997,Thomas Kluyver,1,0,4,1,0,0,0,0,0,0
ipython,da3801e3c48ce5d0d3dd0b9fd001c540a34a1c2b,1390952496,Thomas Kluyver,1,0,1,0,0,0,0,0,0,0
ipython,88f0b3d045a06e3de97bbd55d7c9c46308a1eafa,1390954511,Thomas Kluyver,1,0,5,2,0,0,0,0,0,0
ipython,7b29c690dd03af43fd618857055152a5414272d7,1390954958,MinRK,1,1,0,1,0,0,0,0,0,0
ipython,843be1173dc0781623e88fe2d8a63c8dab31344d,1389849363,MinRK,1,1,141,0,141,96,3567,15,784,30
ipython,ac3727d5b2dfc9dbb44f698aa8f3169507915a87,1389849458,MinRK,2,8,41,3,41,35,1400,1,47,5
ipython,98c972201299a331ba2f523d3c9ccc8dac7d0fc2,1390009181,MinRK,3,10,60,37,60,51,2077,2,91,7
ipython,96ce87696e6e99f6d8923eda114ab22228733ac3,1390009194,MinRK,1,5,38,1,38,26,1267,3,169,9
ipython,ae445dacd08d6d236e7adab983a23aeb6b9788a1,1390010953,MinRK,2,9,18,12,18,17,994,0,0,1
ipython,98aa10c5b4af899b8e16db88f70d31e656880bc5,1390028337,MinRK,3,10,126,116,126,101,4374,3,117,22
ipython,22581e39ea5f5bb3ae08dad7c62695fa922e7336,1390029036,MinRK,3,11,44,40,44,35,1571,0,0,9
ipython,059f27c048e055643568baee91330f1dc4748046,1390030452,MinRK,1,2,8,4,8,8,282,0,0,0
ipython,7fe6d5a95169dcdd8b4b6643f8ce132d8d8c94f1,1390031322,MinRK,2,0,113,0,0,0,0,0,0,0
ipython,93c0079c327120881792e5a2c47137f1cdeb7592,1390967595,MinRK,1,2,2,1,2,2,78,0,0,0
ipython,e1f1617ed7310d0be6911b8c5801f8d4cf34ac0f,1390972844,MinRK,1,1,3,0,3,2,52,1,61,0
ipython,9e167a1ce8865bb772b0a4b5164031ceda6fc1b4,1391023864,MinRK,2,2,5,5,2,2,62,0,0,0
ipython,f1061ccf85e8376a3454f42e5590ea4e852563ad,1391026906,MinRK,1,2,10,2,10,4,134,4,214,2
ipython,c33b8414f31a3724adfe64215fe19a39304b52e2,1391027850,Jonathan Frederic,1,2,2,2,2,2,135,0,0,0
ipython,7c822763c30bff849af9459f5e5ff939d36bbf20,1391028108,MinRK,2,1,16,3,2,2,88,0,0,0
ipython,51c557df7e00803f31d2901369005df3a689dc18,1391030338,MinRK,2,3,24,1,9,8,287,1,48,0
ipython,3a0717608e1da339e443d47a363b49de11cd884f,1391033886,MinRK,1,2,2,2,2,2,66,0,0,0
ipython,a39d220f04e44ad2bf75191a013980cc7a490012,1390850774,MinRK,2,5,23,10,23,19,811,0,0,4
ipython,807ac321f45ef35608e90dc8f28c3ee235bef39d,1390851018,MinRK,2,2,7,5,6,5,176,1,10,0
ipython,0cc7f6112d89773fd6ccf45e864c6b95b0caba8b,1390963338,MinRK,1,7,32,4,32,27,1064,0,0,5
ipython,79f97f33c516041bc566b63c7ee3d39a94ddb0e2,1391035954,Thomas Kluyver,1,4,15,11,15,14,228,0,0,1
ipython,ceeebf64fc77184ec2ed08082cb8fa30964927ea,1391024778,MinRK,1,3,9,2,9,7,247,1,10,1
ipython,fbc7c848f24e20c02585b8bb9e0d68b942aecb02,1391036112,Thomas Kluyver,1,4,6,2,6,2,112,0,0,4
ipython,4fefaef5e29b9ad735a6deddf208b974b136c21e,1391036888,Thomas Kluyver,0,0,0,633,0,0,0,0,0,0
ipython,83231b96e486edc781c04c9f82e0e91d116df535,1391037875,Thomas Kluyver,1,2,1,3,1,1,45,0,0,0
ipython,40495fa48259e4b6b40ab98ea6e523925bae80e9,1391039494,Thomas Kluyver,1,1,1,1,1,0,0,1,15,0
ipython,95a512a4275cfa156ee5abd3767225fb73c06797,1391059431,y-p,1,1,18,0,18,13,478,0,0,5
ipython,9f5cc0b60840947dcd636f30b3cf5e1cab817cec,1391134315,Thomas Kluyver,1,0,0,4,0,0,0,0,0,0
ipython,58509cb0628bcc8564ef63a002d817068e5dc174,1391139449,Thomas Kluyver,1,1,1,1,1,1,35,0,0,0
ipython,fb15d6f98137fa5136e2fd3d88fdc9abda4a8465,1391046782,MinRK,2,0,14,3,0,0,0,0,0,0
ipython,bf533943bd46f5a3fbb8dbc9fc2920369d32646d,1391193743,Brian E. Granger,1,0,1,0,0,0,0,0,0,0
ipython,4197f72f3069683d4ebe8f1aabd9fea3a03645c0,1391193987,Julian Taylor,1,0,4,0,0,0,0,0,0,0
ipython,180d18147a5d8cde80fed4e85d5d42bfc6fb35cf,1391216046,MinRK,1,1,1,1,1,1,37,0,0,0
ipython,d02d22204f9445ad3634b150ac5dc8a360b05c95,1391213020,MinRK,1,2,8,0,8,8,364,0,0,0
ipython,dfc15a5afe882b0b50c47ec0e332e1e2b4593264,1391230476,Brian E. Granger,2,2,2,0,2,2,192,0,0,0
ipython,300c04a43fde977c0ebeaa831e5d4382736e3ad8,1391304666,Thomas Kluyver,1,2,4,1,4,0,0,4,226,0
ipython,a17451f9b9e59df88abad6c86a099d72e6ceb040,1391451875,Thomas Kluyver,1,0,15,0,0,0,0,0,0,0
ipython,98b296848af3bf4c822ff305710de2864bcbc0b7,1391451926,Thomas Kluyver,1,1,1,1,1,1,31,0,0,0
ipython,49433e04dba49d64da3a0a88167295576e87bbb4,1389500489,Jason Grout,1,2,37,1,37,30,944,0,0,7
ipython,034be0d787993e2562459a59bd53e4388c631edb,1390931830,Jonathan Frederic,1,1,4,2,4,4,78,0,0,0
ipython,f905c1112f3cce30a4bac06a15ef0c47799293f6,1390936026,Jonathan Frederic,1,1,0,1,0,0,0,0,0,0
ipython,295b6090736369f33c4f20c6aa0ba00e9b57b33d,1390937175,Jonathan Frederic,1,2,2,0,2,2,65,0,0,0
ipython,dff1f71a54d12017c38120591f3f0ad35f330557,1391452224,Jonathan Frederic,1,0,58,0,0,0,0,0,0,0
ipython,3e738154671f23fca0275736fea5a52ad4b3cc1c,1391454248,Jonathan Frederic,2,2,55,47,7,4,195,1,37,2
ipython,0eaafcad0fa3d795d85eab1cc86a715af539bc4e,1391460484,Jonathan Frederic,2,3,17,17,4,4,181,0,0,0
ipython,466a0e3864a2d762d4a9331391e912cd8b1d3f00,1391463401,Jonathan Frederic,2,6,60,10,19,18,823,0,0,1
ipython,3517f9ed0df49a01c60323f6be87e7e9611c5311,1391475011,MinRK,2,2,8,3,4,4,121,0,0,0
ipython,7b94a2e2cb6d9962b5063fcbfab7654831285b2f,1391470958,MinRK,1,12,55,37,55,41,2162,4,159,10
ipython,24fa6fb7a4bceac96fe53d7f8366e1c2d5732ccc,1391476392,MinRK,1,4,9,4,9,9,424,0,0,0
ipython,78f7b4baf457534760413810ddf9999a746e4882,1391122843,MinRK,2,2,3,2,3,3,137,0,0,0
ipython,1873e8077d05e9a4ef075efa4377459efe1c4e58,1391122992,MinRK,1,1,24,0,24,18,628,3,167,3
ipython,c02be1aee2ac285764b2600bef4377ea2161b3c6,1391136269,MinRK,1,4,30,1,30,22,1156,3,154,5
ipython,c88ffbd6a762cdfc3a9cfc6071a8c480ded91e2c,1391136383,MinRK,1,0,32,32,0,0,0,0,0,0
ipython,6e9ccb2ca4323d9c7a9368faa85dc29736ffb1c4,1391196684,MinRK,1,5,28,7,28,21,1119,5,250,2
ipython,0f5afebfaf117b267725da68a340426d93984726,1391197800,MinRK,1,4,2,19,2,2,77,0,0,0
ipython,0a6291d57ffdb09a45c740b20006850dcb8b40f9,1391199631,MinRK,1,0,5,2,0,0,0,0,0,0
ipython,4010e96191bf927c81252b59278d007a2507185d,1391208122,MinRK,1,2,11,0,11,7,213,0,0,4
ipython,9ac460dac34a2803a00e510a901dc17568acc787,1391208160,MinRK,1,4,13,3,13,10,487,1,38,2
ipython,59ac48e2726f8b7c75702993a24464c72befc13d,1391477177,MinRK,1,1,1,1,1,1,57,0,0,0
ipython,ba829721c53d40c9d90a76f3918e8c7cb479d3d5,1391477191,MinRK,1,0,4,8,0,0,0,0,0,0
ipython,12294978b580a2343ddc6c995528e1cb7a3f2d21,1391478972,Thomas Kluyver,1,0,1,1,0,0,0,0,0,0
ipython,87d21c65e95e8ba960254e4c6b3e702d172bc2df,1391539092,MinRK,1,4,7,6,7,4,171,2,98,1
ipython,c6fe9d0291bc6b3819722775aa02cbd24671938a,1380662525,jakobgager,1,8,70,35,70,51,1608,14,613,5
ipython,28598358d3e095bccf3ef536944216abd0690cac,1380663328,jakobgager,1,0,4,2,0,0,0,0,0,0
ipython,0ea80c0bc079ba6819665ee6cef496e11a5c6639,1380918630,jakobgager,1,1,2,2,2,2,115,0,0,0
ipython,d4319baf5eaf16cdd97f9e91785e47038381cd28,1391543845,Jonathan Frederic,1,0,102,11,0,0,0,0,0,0
ipython,7a32c8ccbe440246824e4d0dae83bdbb19fc94d4,1391545031,Jonathan Frederic,1,0,0,2,0,0,0,0,0,0
ipython,12c1922463d06a8415717e6a331e66d3353eecd2,1391545159,Jonathan Frederic,1,1,1,1,1,1,53,0,0,0
ipython,b2bbfc5c08762be06a511aa62a6eb6b6124bd0c7,1391548602,Jonathan Frederic,1,1,5,1,5,5,126,0,0,0
ipython,e300e54df47282e857cf676f648b9f3cce487b22,1391554233,MinRK,1,3,14,0,14,11,524,1,17,2
ipython,d41cf1356d7ce8a9cad7c6bd99c2163784768d45,1391385057,Brian E. Granger,1,2,33,0,33,30,1242,1,28,2
ipython,638cb99beefcf514df29917a4046a7b2126a5058,1391394027,Brian E. Granger,1,3,6,2,6,6,214,0,0,0
ipython,7b2a9c416fe4ec837ff86bd0f11755a9825e78cd,1391398913,Brian E. Granger,1,3,12,0,12,11,508,0,0,1
ipython,2b15a68cbc8c34de00fba2ddd4cb154114f5358a,1391452846,Brian E. Granger,3,2,18,7,4,0,0,4,254,0
ipython,43339e71aa7daf102c86dccabf1a7461b1448175,1391468333,Brian E. Granger,3,0,11,5,0,0,0,0,0,0
ipython,acff400f1b3d0d61dead59b30a1991dc0ec6e035,1391560195,Brian E. Granger,1,3,14,1,14,13,441,0,0,1
ipython,b8002bea8fb0f96637e3bb15bfc5b55ea213234c,1391623132,Brian E. Granger,1,3,2,3,2,2,58,0,0,0
ipython,f305571fb449cd75d3765b79f393fa72d4f661b5,1391627889,Brian E. Granger,1,0,9,11,0,0,0,0,0,0
ipython,cb7585067fd69e443089ed8fda895dfa25f06697,1391630471,Brian E. Granger,4,8,42,14,41,30,1221,7,437,4
ipython,c252187f86aac70b5e4f42ba8aeff9522306985c,1391634595,Brian E. Granger,6,15,96,35,81,59,2221,4,187,18
ipython,a193f1195cb0061ad0a4908903f8229de949c520,1391640345,Thomas Kluyver,1,1,1,0,1,1,22,0,0,0
ipython,bbca5fe86e91553e4e3bc8a27cfd9b8357f0c76a,1391643514,Brian E. Granger,1,1,1,1,1,1,36,0,0,0
ipython,246bd765ee65f9c1781eabf7996dc6fca6f0cade,1391643688,Brian E. Granger,1,0,2,2,0,0,0,0,0,0
ipython,86f86fbc5a86a5b7ad90b1972b4dd30e93b879eb,1391645390,Thomas Kluyver,2,5,1,126,1,1,46,0,0,0
ipython,ab77a34bc91c8bac04fce3ce1ecc5c39d9387bff,1391647391,Brian E. Granger,4,9,23,15,19,19,949,0,0,0
ipython,ea81e18a7f86d52f1ac8b17a7a095abc62d60d57,1391648778,Brian E. Granger,1,1,1,1,1,1,30,0,0,0
ipython,d8b8d6c91ff7aec1a5284fc8cfa5f1ba3a06d911,1391665009,MinRK,2,2,16,3,5,4,145,0,0,1
ipython,f86e628d0c1a576ca730296467dfe9b6fa7d8c7d,1390972824,Brian E. Granger,5,9,61,2,49,36,1418,2,63,11
ipython,9add8145e940e5ecf37c43144b857af53707a86e,1390979581,Brian E. Granger,2,13,41,25,41,39,1848,0,0,2
ipython,138e66d336826ecf240127b634b324ee052cc4bd,1391115492,Brian E. Granger,1,1,2,1,2,2,162,0,0,0
ipython,546225e1bb60336c8fe6aa421c96173a16f6342c,1391116567,Brian E. Granger,3,5,21,4,21,17,763,0,0,4
ipython,db5f40fd6b09feb760dc0a7999caace7bd1da392,1391117296,Brian E. Granger,1,2,3,1,3,3,104,0,0,0
ipython,756f4ef9593c094e306426bd6b9b113d55e75f65,1391724013,Brian E. Granger,2,10,58,19,58,44,2244,0,0,14
ipython,ff817d57714b61a30587af250b789d0abf32a605,1391730979,Christophe Pradal,1,1,6,0,6,5,195,0,0,1
ipython,3c104d14b4d9eeb704bb13ac0a14102f165e4a88,1390419553,Brian E. Granger,1,1,123,0,123,88,3522,18,828,17
ipython,2a9791def22b39419b17aacf8b4fb7a4a444c9f6,1390421578,Brian E. Granger,1,14,15,15,15,14,878,0,0,1
ipython,36e85e9bf0d0ce29d3801f3f1e42d8e9c5f62084,1391105196,Brian E. Granger,1,18,43,28,43,42,2053,0,0,1
ipython,860e7935fc91fad71e6b9dc68a09f9a9d68f071d,1391117387,Brian E. Granger,1,1,1,0,1,1,16,0,0,0
ipython,7b1155170a827fc796b7e54bfa0c8e201a8bd6e5,1391213098,Thomas Kluyver,2,12,889,19,889,618,25957,106,4153,165
ipython,47d8b087bec126a068633d437426667c9bb4b55f,1391276753,Brian E. Granger,1,1,190,190,190,136,5721,23,1091,31
ipython,fca96c28bda73629c440f63d2a44dbd7fdb934fc,1391276919,Brian E. Granger,1,1,1,0,1,1,46,0,0,0
ipython,df762d5331dd4426ef323fef4c0ead4bdd5b66e1,1391299600,Brian E. Granger,3,26,154,64,132,117,4439,8,489,7
ipython,acd4180a01c91e79719e24ad1dd5ad740385490e,1391308468,Brian E. Granger,1,2,22,4,22,13,327,9,215,0
ipython,32d0d193a600ad06aea97140d46b03d5369a794b,1391324278,Brian E. Granger,2,6,15,5,15,12,609,2,101,1
ipython,af52388dac92fb4a287bcc81f5b0955e21b3b691,1391474615,MinRK,1,1,3,4,3,2,90,1,41,0
ipython,1afe91b6286e865ee5f7a0666f791569b25e586c,1391718741,MinRK,1,31,34,57,34,30,1158,3,109,1
ipython,9bd3a1d434d71a9a0721b510f0bb8e6a37a401af,1391718775,MinRK,3,3,16,15,16,13,450,0,0,3
ipython,ac2e5a702ae07522711157d9267e332fd884e953,1391718863,MinRK,2,5,6,6,6,5,275,1,80,0
ipython,8158df8f6d0e1f3e236bcb3ecf0da4cfcdaeeba8,1391719439,MinRK,1,7,10,6,10,9,458,1,27,0
ipython,6e4a67e4c0042a42315d5544e1450c84a98071de,1391734793,MinRK,1,2,2,2,2,2,77,0,0,0
ipython,23675357701882240cd9174e9a5eed66f2ac9bf2,1391734844,MinRK,1,7,23,25,23,23,1067,0,0,0
ipython,ae5529324bd42c40eb42561e31046401ed66ddb0,1391734861,MinRK,1,1,1,1,1,1,76,0,0,0
ipython,0eb1bfaf44f6b684e277802e950168ad90e046d6,1391734893,MinRK,1,1,1,0,1,1,16,0,0,0
ipython,00084f12e47b1415749bbc064755f4de72e5ea05,1391735150,MinRK,1,0,383,3,0,0,0,0,0,0
ipython,8c4b4c068941f92bc6a2d6e5e9953d2d06098f75,1391781512,Doug Blank,7,8,77,6,77,63,2321,5,114,9
ipython,a61cd87dda1fa11b799219e95e957458fae8ce65,1391796587,Jonathan Frederic,1,0,9,2,0,0,0,0,0,0
ipython,4e956ea3b53b228c6b1e17382e8f38571c035794,1391796614,Jonathan Frederic,1,1,1,1,1,1,61,0,0,0
ipython,0960f8cf6bf0d41b295969deb8d10123ce07bc06,1391797864,Blake Griffith,1,0,9,15,0,0,0,0,0,0
ipython,7bcc8af83b55c9ee18834cd337f9bb23e6f2b070,1391735349,MinRK,3,2,8,2,2,2,190,0,0,0
ipython,565c5bc9e431fca64edf21b6626f0c21b8333fce,1391806825,Jason Grout,2,3,22,22,4,4,181,0,0,0
ipython,33047c2bcc11bd1268f9f263ab20247e65bdf0cd,1391811173,MinRK,2,2,15,11,13,9,321,0,0,4
ipython,6dc858862ced25b908b2dbfb011d5b87986c0248,1391813017,Paul Ivanov,1,0,3,3,0,0,0,0,0,0
ipython,12c5f8fd59939f7115356d55dc2bf4c278733526,1391815340,Paul Ivanov,1,0,16,17,0,0,0,0,0,0
ipython,34f5c41dae94e5ac5c7e0c41a09327d8b596e5b8,1391815491,Paul Ivanov,1,0,1,1,0,0,0,0,0,0
ipython,b70daacd6aa94b22c748ce39d7c609df1fe282b0,1391816174,MinRK,1,0,23,23,0,0,0,0,0,0
ipython,455734ae011e9dbfd4be2be7ea7e65e41ae67af5,1391816684,MinRK,1,0,6,9,0,0,0,0,0,0
ipython,24fd7362700f5f1e867455ad79d4ea3889f9468f,1391817787,MinRK,3,0,18,19,0,0,0,0,0,0
ipython,02c6bf1f581a6ac11b3a7e2d533bd06e52592ac7,1391816366,Paul Ivanov,1,0,7,3,0,0,0,0,0,0
ipython,d0e546d7f9225ddfbbc111997c3b854b26490fd8,1391818914,Paul Ivanov,1,0,1,1,0,0,0,0,0,0
ipython,c17ee1c2a7688b04b1f3f13281d076f3a1230c26,1391819058,Paul Ivanov,1,0,2,2,0,0,0,0,0,0
ipython,ea44f6ea3405f098ed24bf045050d5d514cc2ce5,1391820229,MinRK,1,4,19,1,19,19,699,0,0,0
ipython,9853ad80d79a95d36de1e0e2a58cd2644f07c4d0,1391820670,MinRK,1,2,9,1,9,9,338,0,0,0
ipython,c59a5a2a6a8444b7fd0488d457f934db69f3f839,1391831211,Brian E. Granger,1,1,1,0,1,1,36,0,0,0
ipython,100863030f6017a18e68ceeeae30974c2c63e1b8,1391831266,Brian E. Granger,1,1,1,1,1,1,78,0,0,0
ipython,a3ac7069aed0e1796a0af90b8e349ef8502e0da9,1391836522,Jonathan Frederic,1,1,1,1,1,1,44,0,0,0
ipython,bb0cac0ab10e8ada1a6ae06adf0d25065c3f9728,1391836625,Jonathan Frederic,1,0,1,1,0,0,0,0,0,0
ipython,301956c6a1ec274d01faea7fe208a89a300e4a03,1391865727,Doug Blank,6,6,15,14,15,13,632,2,86,0
ipython,03c8adb61b06bec9414dfece720f5020433805f3,1391887167,Jonathan Frederic,1,0,1,1,0,0,0,0,0,0
ipython,2127d18e39a1e748f61d4152f7be68fd36d82356,1391915674,MinRK,1,1,1,1,1,1,39,0,0,0
ipython,c83ff4b8c68661fa69e9a2d13548667a5e19c999,1391368327,MinRK,2,2,34,1,3,2,96,1,38,0
ipython,1598af9e03a407ae53c88ee3e3817fe4c72570c8,1391917638,MinRK,1,2,21,1,21,15,422,2,106,4
ipython,639f40c3a5e5e1d8cdd5382db40e23b49e1797a7,1391917766,MinRK,2,2,11,1,3,3,88,0,0,0
ipython,a94d559bad16f3cf3c973056a3f102f2868d1b19,1389314630,MinRK,1,0,11,3,0,0,0,0,0,0
ipython,d945b10c4efbe94ac92b7440d7cd7db338c55cc6,1389314990,MinRK,2,1,302,0,101,74,3104,10,462,17
ipython,44455923f23bf7f0fd7568b1425477e06b1f1ae0,1389317663,MinRK,2,3,80,1,80,62,1975,3,167,15
ipython,c4b70779a3a5b6cefd92c53e54a7ab86913484d0,1389317803,MinRK,1,1,2,0,2,1,45,0,0,1
ipython,67c7373cab37a53f0dd83c4e357ae692dd25ddba,1390526208,MinRK,2,11,94,13,53,42,1727,4,94,7
ipython,08fd75b478fecff6af6a84e7b9c3125295cf8c41,1391919079,MinRK,1,1,1,1,1,1,5,0,0,0
ipython,04d7a375df7bcf35a2363c366caddb1df7e94b03,1391919500,MinRK,1,5,15,8,15,13,355,2,113,0
ipython,033d0da2e684f766bc590f84acd71ab8f2746f25,1391920758,MinRK,1,10,26,2,26,24,1034,0,0,2
ipython,1c12f66a5747c0fc3f5b9e1008d73fa7fecdd58d,1391920990,MinRK,1,1,24,0,24,15,566,2,72,7
ipython,158d76163bc2dbb4f9a00099305c2e107ee2072b,1391929283,MinRK,2,3,7,3,7,5,256,2,76,0
ipython,3cc5225916d34ff04cb7466218e6c6172a63319b,1391643780,MinRK,1,0,2,2,0,0,0,0,0,0
ipython,ae2edd0e51bcd98e8d970d8b9cd90acae452f4f1,1391645792,MinRK,6,33,39,34,39,35,2034,3,160,1
ipython,00d0643a09daf707b2229565a65dc01be0af44f3,1391963820,Doug Blank,2,3,8,8,8,7,379,0,0,1
ipython,7acafd051b6bc597a5a2f1e91741a53a38e2f782,1391981729,MinRK,1,0,4,3,0,0,0,0,0,0
ipython,ebd45ecfe9b77d04417c17056a79abc975486d13,1392054443,MinRK,2,1,10,0,2,2,59,0,0,0
ipython,3a65e52ee97f3ef347976aefc831197b30f7baa8,1392072022,MinRK,1,2,33,3,33,22,868,4,163,7
ipython,0dade5d2cf4b42bd8160f3e62006938487bc6333,1392077986,Doug Blank,1,2,5,0,5,2,93,2,76,1
ipython,4572b2edd61785658f68ed6b9e6a44559d22d4ea,1392079406,Doug Blank,1,1,1,1,1,0,0,1,58,0
ipython,6ed1c628e23fa41d0c1f709c693c775ae2871278,1392095816,Kyle Kelley,0,0,0,143,0,0,0,0,0,0
ipython,8826286dc2e4c2b962f892fc91bb62bc11bd5b58,1392048099,Konrad Hinsen,4,21,53,53,23,23,1350,0,0,0
ipython,fde828e0f12fad1d163740e2b496ebe358d48cca,1392048457,Konrad Hinsen,1,1,16,0,16,13,439,0,0,3
ipython,480bdb67b7aa8c6844bf2d216f0306451157a5a9,1392048631,Konrad Hinsen,2,4,14,11,14,13,503,0,0,1
ipython,3ad8f76a32ba42d98ad1a8ac572ce4cf7225cb40,1392049796,Konrad Hinsen,1,9,87,82,87,67,2942,6,307,14
ipython,634684669e63707e0217ec0f36e77bf71f6b6a8f,1392123065,chapmanb,1,2,10,2,10,10,288,0,0,0
ipython,cee329f12c8cd440df72ce3124320fcd4359d8f1,1392119951,Konrad Hinsen,1,0,8,0,0,0,0,0,0,0
ipython,f215109c3d142ee5557e07fb57fe3ea081a5b151,1392161587,MinRK,1,2,2,6,2,1,21,1,18,0
ipython,de1f4bb963c86fa3b1e87f5211bb223133df366e,1392165911,MinRK,1,6,12,12,12,11,505,0,0,1
ipython,2651ce09d8662a672e02f3ce26de001afbea2340,1392165943,MinRK,1,2,2,2,2,2,116,0,0,0
ipython,fd9b124be58b44f77d5f65f8f959c82ab99a543c,1392165953,MinRK,1,10,10,0,10,10,613,0,0,0
ipython,ef68481fb724d2d1f2d50a3abe32f240b9b854e9,1392165981,MinRK,1,0,8,2,0,0,0,0,0,0
ipython,bd0624c899195c12521456bc965cdea503d1645b,1392166023,MinRK,1,0,1,1,0,0,0,0,0,0
ipython,df95e3b4a3d4dff1521eb9a87101a4dee4569ae2,1392166079,MinRK,1,0,10,1,0,0,0,0,0,0
ipython,e631d2783d28c3a93ef24cac26ddfb389d299e77,1392177812,MinRK,1,2,5,2,5,5,197,0,0,0
ipython,863e157e675ec8deb47cb955cebbb2ff1ce9bad9,1392177881,MinRK,1,0,9,7,0,0,0,0,0,0
ipython,310e2b9714050506a6652d42341d1fe9304dde04,1392182395,MinRK,4,7,3,21,3,3,249,0,0,0
ipython,cedc4fab144788ceb59c6930d17f65c6ede5e874,1392233979,MinRK,1,0,2,6,0,0,0,0,0,0
ipython,92e068ab58541f4bf9783e396dcb489264cf0174,1392239884,Kyle Kelley,2,0,0,10,0,0,0,0,0,0
ipython,e6decf83c698502bf2e933905f00e16f430e0b92,1392244914,Geert Barentsen,1,1,1,1,1,1,17,0,0,0
ipython,0e51efb0151d3c01ea7cf232b0a18c5dc6eac15f,1392338685,Thomas Kluyver,2,6,31,28,21,15,815,4,185,2
ipython,8fe3f01056fc68f4d60db6eca9bb7eb2e8bf19af,1392349077,MinRK,1,1,1,1,1,1,64,0,0,0
ipython,76324904c6624942c06f2effb5e52e370199d461,1392349096,MinRK,1,1,1,5,1,1,62,0,0,0
ipython,39454923310ff66710b3b18d5a69510b9a2a36aa,1392349596,MinRK,1,0,13,1,0,0,0,0,0,0
ipython,78e198f21ec1f7c52e111a6682d28966a6fda14e,1392237144,MinRK,2,15,60,40,60,49,2270,3,80,8
ipython,2790d6878d09e4cb6c9352cff2f5b42034c1ebb5,1392418922,MinRK,1,0,26,0,0,0,0,0,0,0
ipython,31471a3b140e55b2006dfdafc4bff3e3272c16ef,1392500013,MinRK,4,7,12,10,12,11,735,0,0,1
ipython,856bcf110802982f6c01d8b9e0b287d4f0798511,1392592299,MinRK,2,13,52,30,26,22,931,3,89,1
ipython,cfc7753501da7e84e84b39f93290cfe7e948f67d,1392592643,MinRK,1,1,0,1,0,0,0,0,0,0
ipython,05c554c47e2882978e941730fee8c887f1bcf587,1392833929,Thomas Kluyver,2,6,6,12,5,5,257,0,0,0
ipython,052c2f593f52a021fa0c5cf76e7db0eeed9232e0,1392843452,Thomas Kluyver,2,4,23,3,12,8,487,0,0,4
ipython,26385dab981ff83aa80b6c5fb5bb037aaa80806e,1392914465,Jonathan Frederic,1,2,3,1,3,3,233,0,0,0
ipython,5ce8451d2893e3ce64d40e1835b6b2b2ad437f3c,1392843495,Julian Taylor,5,2,21,17,15,14,529,1,40,0
ipython,6753f61a7d0c661b227e9504b2258f28534e5f40,1392947175,MinRK,2,1,2,2,1,1,108,0,0,0
ipython,b21888ff29fc3dc74debd863573fa87e7ba5181e,1392947184,MinRK,1,1,1,1,1,1,64,0,0,0
ipython,1477d1437c36cec4d3daf77c2e994f79707878fb,1392947198,MinRK,1,6,15,6,15,12,643,2,84,1
ipython,5ee6cfdf0da3697238c6765d1f615796eea7f338,1392948343,MinRK,2,0,15,3,0,0,0,0,0,0
ipython,7eee7c6e7f532e1f10c1e14d6a7f0199628c721b,1392949180,MinRK,1,2,2,2,2,2,104,0,0,0
ipython,63ad61ce74b873bd2e0eefd5ba0cca0c5c55aacf,1392962844,MinRK,1,1,0,1,0,0,0,0,0,0
ipython,9c5f128b9259e8faee5426e475af71873a6185ee,1392239096,MinRK,1,0,77,6,0,0,0,0,0,0
ipython,7bb159caa9507f299f9fffcdf363238c9bb6075e,1392240127,MinRK,1,4,13,7,13,12,526,1,50,0
ipython,8684d1bf01220847b99b74dd47d3bae0726097ae,1392240151,MinRK,1,3,3,2,3,3,155,0,0,0
ipython,466f70a28b322f99c98450598afa48187158fc9d,1392245368,MinRK,2,2,62,4,4,4,161,0,0,0
ipython,f22a4ae4706533a545b49308a5ce0b7aa5e9551d,1392349866,MinRK,1,1,1,4,1,1,40,0,0,0
ipython,cf3178cd6f9b56d848db5c6d5da413a6dc17aa8c,1392962977,MinRK,1,1,3,2,3,3,181,0,0,0
ipython,ee4033c177fe6ba8fd10eba050535105c5bd4375,1392964602,MinRK,1,3,4,4,4,3,156,1,31,0
ipython,077dde6ed606d68f1311dd35cfbd8cb8591ee120,1392964624,MinRK,1,0,35,2,0,0,0,0,0,0
ipython,5b647d677b5cc96d162db5921cdf19b423df1ffb,1392965676,MinRK,8,20,36,58,18,17,918,0,0,1
ipython,104d17bfdb8aaf143cdb4a88ff560b80c8c8f3cc,1392964652,MinRK,2,1,6,4,2,1,32,1,37,0
ipython,d5481e159482238eb7cb38f8fda4a18d4cf62a66,1392525520,MinRK,3,5,12,4,11,11,328,0,0,0
ipython,f37d2d6be1c5670ed9c242874022fbb8fb694755,1392526923,MinRK,1,6,16,47,16,13,519,2,48,1
ipython,ba0cd52c8b0c5cfa1fc35b1ddda40c7b2972474d,1392976634,MinRK,1,0,2,1,0,0,0,0,0,0
ipython,506ce9ab2926848b4028ff456fedb3754cefc2fb,1393013779,MinRK,1,1,2,2,2,2,246,0,0,0
ipython,4df28a74b2e62b207714042fabbbee8773d7ab4a,1393014049,MinRK,1,2,1,1,1,1,42,0,0,0
ipython,f97d9dd33bddb372049c51205a8cb5f441b8911e,1392275023,MinRK,8,40,165,72,128,108,4687,8,435,12
ipython,8c161a0e2d1b842fb4c6047aefbe8aa8a4b8bc76,1392275379,MinRK,1,3,3,6,3,3,213,0,0,0
ipython,8a008e37b6d969ac8d37936bc579a111a0d06128,1392276844,MinRK,3,3,4,23,4,2,113,1,75,1
ipython,2a2324a8cf02108ea4ef17373cab09893b9017e3,1393014431,MinRK,2,1,6,11,2,2,96,0,0,0
ipython,a32169518ac3d3b10f8667e6788aa079c50dccac,1393054693,MinRK,2,3,8,1,8,7,216,0,0,1
ipython,3b563c5030bfbb066a9b5908c8d1bb48a8ecf00f,1393078687,Jason Grout,1,1,6,1,6,5,115,1,54,0
ipython,4cc75cc23afdc93e1056dd490bd87a3a05641960,1393130676,MinRK,1,4,12,3,12,10,249,2,103,0
ipython,b7ed523ccf3ef180c1e8a6a62abc9fb76597ac57,1393131648,MinRK,1,0,17,0,0,0,0,0,0,0
ipython,37fe6ef6082fa3a7f8d9839c4052db8e8dd6c076,1393131692,MinRK,3,0,9,9,0,0,0,0,0,0
ipython,96aee74893c3b73464ef688dbab51a9de0973982,1393131717,MinRK,1,0,4,11,0,0,0,0,0,0
ipython,b799c4c2943e707d46a1fcd7c6945e6bc56bc4a2,1393131938,MinRK,1,0,16,8,0,0,0,0,0,0
ipython,0073d6a2f7e057ef2a64b360e3acc65db70a194e,1393132339,MinRK,2,0,4,2,0,0,0,0,0,0
ipython,e2d8785addfe42c58bd5455aa1a05a04dbb32575,1393133719,MinRK,1,0,2,2,0,0,0,0,0,0
ipython,03da57b06ee2dad38d9c452865ac8e147401fe5d,1393181827,zah,1,1,9,0,9,6,267,0,0,3
ipython,673ae3d206a00ffd0a01794361745a5b9397b11e,1393188738,MinRK,1,2,1,3,1,1,52,0,0,0
ipython,e0435116d0098851a84cba5d31f60977faba3955,1393092743,Matthias BUSSONNIER,1,7,12,5,12,10,607,0,0,2
ipython,1b7774f9bd39c796d0a42ed350b2306b891c2e5b,1393284494,MinRK,1,6,19,16,19,16,775,2,83,1
ipython,b52fea1d009335191a3907fd6014ff8445c0de86,1393285264,MinRK,1,5,7,9,7,4,189,2,102,1
ipython,e1b4ab8cef530476fb96c3ef7d03cbf5d381da53,1393342518,Jason Grout,1,2,5,3,5,3,105,2,122,0
ipython,39853b8aa26b352aaca7ee9fc51730e5be9c9985,1393350387,Jonathan Frederic,7,11,12,12,12,12,616,0,0,0
ipython,fdd7e67a1ffe051b3e5634499a1af9389a83570b,1393351738,Thomas Kluyver,1,0,3,1,0,0,0,0,0,0
ipython,82702bec4fdbcb3d4474ac1895d1dcdd51416bba,1393351928,Thomas Kluyver,1,1,2,2,2,2,160,0,0,0
ipython,f7bf24801e824129f96b6a9142788dc921fd87eb,1393357425,Thomas Kluyver,1,0,1,1,0,0,0,0,0,0
ipython,a5e8082e2410c518c059e4e0b5ca949646183a9a,1393361789,MinRK,1,2,3,3,3,3,154,0,0,0
ipython,3f5527a739a3b70a049d1b221098fa3b52e60493,1393362611,MinRK,2,7,45,9,17,13,410,0,0,4
ipython,ef0aff9adca8f2b808c7f9a58053bb4985d8909e,1393367806,MinRK,1,3,12,3,12,10,468,0,0,2
ipython,605ed1cd2d330576e5a1c9c9865f8ea04faa5c6f,1393369248,MinRK,1,1,1,1,1,1,27,0,0,0
ipython,4cb170c71a7c6de504f9e4c51b2c8d4a992884f6,1393384123,MinRK,1,3,6,13,6,3,116,3,173,0
ipython,0b7e0f7eebf36e0577917461ede991785a08d212,1393441885,MinRK,3,7,17,7,17,14,650,1,33,2
ipython,fc211a9aba123e75fa7fe00baa95af8e035df18b,1393519332,Thomas A Caswell,1,9,26,15,26,26,1573,0,0,0
ipython,7c1df231400761648bbce086c1d49417c829f12b,1393551078,MinRK,1,0,2,2,0,0,0,0,0,0
ipython,8ebe856151c7e6d0d3e0447da4a6a99b0289160d,1393551588,Thomas Kluyver,1,0,1,1,0,0,0,0,0,0
ipython,f0f205367a54079f4c4d1f7b76ccabfaa91e02d7,1393552468,Thomas Kluyver,0,0,0,120,0,0,0,0,0,0
ipython,43a46eb639e33eae7217950f66cb4b74f255f7f7,1393555133,Thomas Kluyver,5,1,99,46,0,0,0,0,0,0
ipython,aa339efeb5914e2479079147e907baa42ef292eb,1393556599,Thomas Kluyver,1,0,2,0,0,0,0,0,0,0
ipython,695b844ebc8f3d7c69e4d81335b2ad0b7ebb96f6,1393614661,Jonathan Frederic,1,1,1,1,1,1,122,0,0,0
ipython,3af654f01e1502c0f0d7a274f928f2c6b260a74b,1392768887,Thomas Kluyver,2,1,14,3,2,2,133,0,0,0
ipython,c1e3536abe57ecc7c2e629fbad7114af13e2a900,1392768998,Thomas Kluyver,2,4,16,3,7,6,220,0,0,1
ipython,e208d5250cf3c5256493b193a3ab6d18d21f38e2,1392770279,Thomas Kluyver,1,2,2,3,2,2,66,0,0,0
ipython,38b3add27e48c987b1be0ddd36dd748965877573,1393615194,Thomas Kluyver,2,6,12,3,12,11,589,0,0,1
ipython,752f022647b615892d97ce21538abc54dd385cba,1393616308,Thomas Kluyver,1,2,2,2,2,2,97,0,0,0
ipython,68446b55344aba3eea43b6e90c5aaab32ec968d1,1393620471,MinRK,1,1,1,0,1,1,75,0,0,0
ipython,bd0b8f20cc15db0c50756b978b808940a72e68e3,1393620653,MinRK,1,0,8,3,0,0,0,0,0,0
ipython,58e05f9625c60f8deba9ddf1c74dba73e8ea7dd1,1393623624,Jonathan Frederic,1,1,7,1,7,7,266,0,0,0
ipython,8b0164edde418138d4e28c20d63fa422931ae6a8,1393626224,Jonathan Frederic,1,1,1,1,1,1,122,0,0,0
ipython,f51640d81ea477bbaa0c9a9f987c34cc981033e6,1393627119,MinRK,1,2,2,2,2,2,156,0,0,0
ipython,6110bc1137f5e3f1f12249c366323c6c0b48dbe3,1393632103,Jonathan Frederic,1,1,1,1,1,1,122,0,0,0
ipython,3a0cf1f6114d6c80909f90fe122b026908200b0a,1393632157,Jonathan Frederic,1,1,1,7,1,1,66,0,0,0
ipython,0bb09cf402915f6add147210532f6c992b0e7a4f,1393632175,Jonathan Frederic,1,1,1,1,1,1,108,0,0,0
ipython,0bfd87fca5c6d05f6bec5e321b5cdfa885955c39,1393632270,Jonathan Frederic,1,1,3,0,3,3,178,0,0,0
ipython,147a0ec7c072feff2abb7e500e1791eb55aee372,1393634745,MinRK,1,1,1,0,1,0,0,1,42,0
ipython,6212f9aa6b00ca088c76870a0ea3a32cad3b8e29,1393635829,Paul Ivanov,1,1,1,1,1,1,71,0,0,0
ipython,97c73ca39d6888fb3b47b13a89303a6ce19b5928,1393026838,MinRK,1,1,1,0,1,1,84,0,0,0
ipython,f857a0a220be407d6c47df6fbf923853895c6556,1393612555,MinRK,1,2,2,1,2,1,35,1,54,0
ipython,fc672f993b0bbb7b3292a104013e5606826307a2,1392910963,Matthias BUSSONNIER,1,1,11,0,11,7,250,3,141,1
ipython,ba5c31bfba8a03bd6e9bedbfab90f2f17154504e,1393812540,MinRK,1,1,4,0,4,1,28,2,82,1
ipython,709fe10ff17c04c5b8ccf48e3351aef505f49ba3,1393821934,MinRK,1,6,8,11,8,6,337,1,44,1
ipython,e3e8fef0d87d780660f4f845d099c7886636571d,1392947894,Thomas Kluyver,4,10,111,40,82,61,2426,3,177,18
ipython,b4d5a82715519d61ae7aea5dad38d213927acf2a,1392948814,Thomas Kluyver,2,2,6,1,2,2,145,0,0,0
ipython,823ffcac851747454e9c0ef72e775a006a887364,1393007295,Thomas Kluyver,1,13,60,2,60,44,1980,7,328,9
ipython,6b0a1bbbf81add9dd6238ff5c11707d9500777c2,1393007831,Thomas Kluyver,1,8,26,32,26,25,1307,0,0,1
ipython,e5a269ab0eaea3052c76764c844233d06a10b422,1393009089,Thomas Kluyver,1,0,46,0,0,0,0,0,0,0
ipython,5898f703264c0866d066848080393e96297e10bc,1393010515,Thomas Kluyver,3,6,24,3,24,19,976,0,0,5
ipython,934bce78d896ece19210c5056bf308606864dd22,1393010909,Thomas Kluyver,2,3,11,14,7,7,245,0,0,0
ipython,6de7fab4e17e4b7eb8a830c4a59d8fcc1fc520aa,1393012626,Thomas Kluyver,1,1,5,0,5,4,127,0,0,1
ipython,adb71c39827de0766ab8c285d0b9ea61560edff8,1393364379,Thomas Kluyver,7,13,197,197,142,110,4469,7,328,25
ipython,1cca64bb96937ed6c246f3fec2b817466a96b1d4,1393539439,Thomas Kluyver,1,2,8,0,8,4,190,0,0,4
ipython,49fa2c593ba73653188b2bbe4f87c89f4ddc3d66,1393631623,Thomas Kluyver,6,9,17,17,10,10,518,0,0,0
ipython,cb9d4aaebccbe174ec6df896cdb5079dc4c5f981,1393632018,Thomas Kluyver,3,3,3,3,3,3,147,0,0,0
ipython,d56c61c706d46b647d34aa1814a67a6680ae266e,1393878767,Thomas Kluyver,1,8,8,8,8,8,185,0,0,0
ipython,338a16961b4eded64379a0ba3b1c152006bd7312,1393878937,Paul Ivanov,3,3,5,0,5,5,317,0,0,0
ipython,13506a82fa664375e42c3511d4064dfa8b904109,1393879439,Thomas Kluyver,1,2,2,2,2,2,134,0,0,0
ipython,bc20f65fb03e3f006625a190749b844834c1a089,1393879455,Thomas Kluyver,3,3,3,3,3,3,162,0,0,0
ipython,25522b53942e6d3ec383a7b8747df14482ac16ac,1393879700,Thomas Kluyver,1,2,5,3,5,5,180,0,0,0
ipython,db782807d57e1bfdb4e5c753c52cb734ba922112,1393883700,Brian E. Granger,1,0,3,0,0,0,0,0,0,0
ipython,87f1c23e048ebdb899270dc6fdb223edc062f579,1393886025,MinRK,1,0,3,3,0,0,0,0,0,0
ipython,850d4671acf5a946f66bbaa6ac5f2ce488484d72,1393887006,Brian E. Granger,1,0,2,0,0,0,0,0,0,0
ipython,09e41c6fa4d2766b780c4128b932599aab85cf81,1393888413,Thomas Kluyver,1,2,4,2,4,4,196,0,0,0
ipython,d5bb5801ef536ce19238f5d849250b9f303092a4,1393891327,Paul Ivanov,2,4,7,5,7,7,373,0,0,0
ipython,81f6cb69093b6a3d12f2657ffa497024c77da107,1393547629,MinRK,4,7,101,9,27,21,917,0,0,6
ipython,3c4decbdde982a3562a529aa7f2d62c527d74ca1,1393548374,MinRK,1,0,160,172,0,0,0,0,0,0
ipython,e5ecbd7240308835f5632dc2a86ea77a5e45bbc8,1393549929,MinRK,1,1,1,0,1,1,75,0,0,0
ipython,713685fc2e2c2093dfb9a68cca892fc147d7c473,1393890450,MinRK,1,2,0,12,0,0,0,0,0,0
ipython,8c54dd8c5bc86bea5737caec8c961f48d3bdc44b,1393892879,MinRK,1,5,26,3,26,24,631,0,0,2
ipython,89392c30b3186f162e26d4d3110749c8e76ad638,1393955030,Thomas Kluyver,1,1,1,1,1,0,0,1,26,0
ipython,d39747e08a736b7032f13d141af7002af957006d,1393955380,Thomas Kluyver,1,1,1,1,1,1,83,0,0,0
ipython,8a560994a8e43489101ca4744bb90dab4abd2866,1393979491,MinRK,1,1,3,0,3,2,110,0,0,1
ipython,3bf75e6ee01338b942f4dbcb0f70435d1562aab3,1394034517,Pankaj Pandey,1,1,1,1,1,1,82,0,0,0
ipython,3ec67fcd1674777953cd0d9dacf8b12cad563db1,1391651049,Thomas Kluyver,2,12,78,47,73,55,2231,8,386,10
ipython,619aabacb98902cfa528f732436da5d3b1085598,1394044536,Thomas Kluyver,1,1,1,1,1,1,69,0,0,0
ipython,22fc419326f685b9f4e75dfa7ba96a591ea1cba5,1394045604,MinRK,1,0,19,4,0,0,0,0,0,0
ipython,722aa326da908f5984b1ccca15bfc4c68919986d,1394046359,MinRK,1,0,2,0,0,0,0,0,0,0
ipython,daf78935027d4e25f75289eb0f1b046c89d6b16e,1394048245,Jonathan Frederic,1,5,32,11,32,26,888,4,218,2
ipython,95ada8a6817ecd7746cdf50b3730e0466ea9fd46,1394050158,Jonathan Frederic,1,5,9,18,9,6,346,2,80,1
ipython,80c21994eba39d08777b45ca545ceaca7b7724ee,1394050586,Jonathan Frederic,1,2,5,2,5,3,90,2,34,0
ipython,99290421c8083e8dbb7033e1bde1828c5ac9b325,1394058279,Jonathan Frederic,1,5,21,13,21,18,578,2,113,1
ipython,d4a7cf76eb3c95bda40b14e1af8fbb21a325e30b,1394059058,Jonathan Frederic,1,2,3,3,3,3,65,0,0,0
ipython,167792b98b48970389b6d990c4a9caeed4647e66,1394062454,Thomas Kluyver,1,3,1,3,1,1,34,0,0,0
ipython,e105ff83a630f6949963bade88b918e6dbf4a12a,1393428811,Bouke van der Bijl,1,1,1,1,1,1,112,0,0,0
ipython,60eeb04eac870232f35e7e4affe4a26f96d45af3,1394133452,Bouke van der Bijl,1,1,1,1,1,1,104,0,0,0
ipython,bbbaecf3fa7bc5d5121eee4f882f32e05938e3ac,1394139019,MinRK,3,11,33,28,25,21,1057,3,158,1
ipython,7b9a9e10119f07ff0d9c76eb42fc607eeff67b51,1394139407,MinRK,2,7,12,12,8,8,439,0,0,0
ipython,2832ae1046eb6bf198c857bc0a6ed6a66943f3c7,1394149591,Jonathan Frederic,1,1,1,1,1,1,107,0,0,0
ipython,aa029501f073801e3d06905f4e8964a4b289f53e,1394169012,MinRK,1,1,1,2,1,1,68,0,0,0
ipython,22c379694d137dae7ece6ec3e64865073fc88be4,1394230869,MinRK,1,0,6,1,0,0,0,0,0,0
ipython,bdd3bccd49070005d52fb233c6422625feafde46,1394234899,MinRK,2,1,2,2,1,1,21,0,0,0
ipython,5dd3598ead830d8fca3ed7b8da1c1f582a352312,1394314965,cgohlke,1,1,1,1,1,1,72,0,0,0
ipython,70b05944e4ed4a5b392d947b387897c1cf8d7449,1394334902,TD22057,1,4,10,2,10,7,413,1,25,2
ipython,cadd1ddf99771ad7eb80b3df877b3f791327dafc,1394342513,Joel Nothman,2,3,317,0,113,92,3286,7,274,14
ipython,f7d93b3df093695eb3ef3044257117656eae5122,1394386359,MinRK,3,3,7,7,3,3,106,0,0,0
ipython,431d564b950e85b4e8f258d13fc23257df3a5e6b,1394413174,Joel Nothman,1,0,45,1,0,0,0,0,0,0
ipython,b16748e89271900749f1f113befd61490c0fc433,1394419661,MinRK,2,3,10,14,10,6,279,2,121,2
ipython,5d81e8d50845b2006b6baac535e82a77b3681cec,1394419839,MinRK,1,1,1,1,1,1,22,0,0,0
ipython,e54be07d6bfe666eeb98c0ba1857f9ba93692394,1394470787,Thomas Kluyver,1,2,1,1,1,1,69,0,0,0
ipython,0132445e7a0e56cd4e8100e8d486c5111912876e,1394478777,Thomas Kluyver,1,0,4,0,0,0,0,0,0,0
ipython,81b7d34cc42e2a9ce481938e9a50c9fadde61440,1394478838,Thomas Kluyver,1,2,12,5,12,11,386,0,0,1
ipython,7088edfbb63ed0e19fa0c7ea42d61af9b53d8b58,1394489585,Thomas Kluyver,1,0,9,0,0,0,0,0,0,0
ipython,c24374a9a4e72b428adb12b1c15c5a8299214dcb,1394490071,MinRK,1,2,2,1,2,2,92,0,0,0
ipython,d08d75530fa1f5f71a1e22a88c6d3005acb9055f,1394490133,MinRK,1,1,3,1,3,3,102,0,0,0
ipython,dc5f642661622bbf9254f63865d3fd3780fd1582,1394491661,Thomas Kluyver,1,0,15,3,0,0,0,0,0,0
ipython,a2daee03a6c3fd69addd6753fe17044e40adbfd1,1394492832,Thomas Kluyver,1,0,1,1,0,0,0,0,0,0
ipython,1c6d42a9fb66b37ef0f5df1c6e8d49def2a89068,1394495108,Thomas Kluyver,1,0,52,30,0,0,0,0,0,0
ipython,a59b910c7a93579c7b9e12ca0c375f64e5dde5d1,1394496095,Thomas Kluyver,1,0,5,5,0,0,0,0,0,0
ipython,08b4b4cf44954a6869ab8c764b1c4e9abe312d8f,1394565789,MinRK,1,2,9,4,9,6,272,2,116,1
ipython,389760e3bc648441e50d5c692eaebb9a8cb7981d,1394574900,Thomas Kluyver,1,1,1,1,1,1,77,0,0,0
ipython,b8108c4de1202b0df84600aa90c33eae4209c9b7,1394574915,Thomas Kluyver,2,0,1,3,0,0,0,0,0,0
ipython,5a09894e268bb01796c76afa6fa7f6c6f5394460,1394607046,cgohlke,1,2,11,1,11,8,166,2,62,1
ipython,4986e3de1700c43c04900eeee08c655aabed4a38,1394648903,Thomas Kluyver,1,6,16,8,16,15,715,0,0,1
ipython,b34244a7c90c220aad8772e399ac37263e5a5ce3,1394665598,MinRK,1,1,1,0,1,1,86,0,0,0
ipython,a21a4cc81cf06dca2607011c1c3df7d63c95e735,1394816730,MinRK,1,3,21,3,21,17,570,1,40,3
ipython,a1fb9e37243ca5d74174dd31d3ec24a953ae1661,1394821298,MinRK,1,5,10,6,10,7,204,2,77,1
ipython,ffc479f0ca572f87c08b613562e591ed04b68187,1394736746,MinRK,2,4,45,1,19,19,596,0,0,0
ipython,f8f2d6105176d4f8c5ddaff555a32b3d7cd81716,1395169774,MinRK,1,7,26,22,26,22,789,0,0,4
ipython,c9ba50f59b6bfa6772a726062473ce3fdcbbde3b,1395170583,MinRK,1,9,8,9,8,8,425,0,0,0
ipython,c25edc489ce8e66a223d9e1651591558abc2ef9b,1395171236,MinRK,1,9,16,27,16,13,515,0,0,3
ipython,527545ae3fa508abc7b99184ba6efbdd5352988f,1395173855,MinRK,1,1,1,1,1,1,66,0,0,0
ipython,8043287a8f62ba022b147c037494a3dda641805b,1395174495,MinRK,2,4,10,2,10,10,294,0,0,0
ipython,56fa18c7ade7e4ca781779cd795a7bf4f4bd462d,1395247204,Thomas Kluyver,1,3,6,3,6,6,211,0,0,0
ipython,b376d5cb3054ad4a1cc4b23742775625b690f493,1395256171,Jonathan Frederic,1,1,15,1,15,9,400,6,313,0
ipython,2332a0e0015838eebcc549d50c2e60ded5151d54,1395256915,MinRK,1,2,6,13,6,6,237,0,0,0
ipython,fb70cee2742dd0033a94d5136c148581a64eb58b,1395258169,Jonathan Frederic,1,0,16,4,0,0,0,0,0,0
ipython,adc92e82ad695fa95693bc1a38e196d10a39eb06,1395258573,Jonathan Frederic,1,4,10,16,10,4,143,5,200,1
ipython,08851f4191b58bcda36734cfc78c491148acfded,1395259135,Jonathan Frederic,1,0,3,2,0,0,0,0,0,0
ipython,9aa63755ee5c66516025b926c127c3f99cec2076,1395303042,Paul Ivanov,1,1,1,1,1,1,52,0,0,0
ipython,5ed16ec8971328bfb9accdc2b8e35e2077691492,1395269632,Shashi Gowda,2,3,13,10,3,3,139,0,0,0
ipython,7bba25513c70cf5df8284d66b3617b7ad0b8e79b,1395339848,Thomas Kluyver,2,2,3,4,1,1,46,0,0,0
ipython,655e2cd9ece3264844c05be65d2e1e2110e98232,1395347607,Thomas Kluyver,1,0,2,2,0,0,0,0,0,0
ipython,c216b46ca934e67f265abde34c2cae62ad2a5b3d,1395347784,Thomas Kluyver,1,0,2,1,0,0,0,0,0,0
ipython,e656f06950d2663743c7f4c9ed57c1683a8a66b5,1395270190,MinRK,1,2,1,1,1,1,68,0,0,0
ipython,f136e107e7473a1fa4c84cd232653287035c7789,1395270255,MinRK,1,2,9,7,9,6,144,2,88,1
ipython,ea201ca59c034b9ae932a1c8445cd26addccf2be,1394664725,MinRK,1,0,55,29,0,0,0,0,0,0
ipython,8ea2b624497eac4d4c162953c9c0ade7effb962a,1394664906,MinRK,2,0,2,2,0,0,0,0,0,0
ipython,a265e56d05e0a586fa9aff88313844ea33879b5b,1395352707,MinRK,1,0,4,1,0,0,0,0,0,0
ipython,2df62debecb044bf0080499eb6b76b9d35b1e6e1,1395679499,MinRK,1,2,3,3,3,3,173,0,0,0
ipython,2c4e3a5492f6402f0548f790dcb9d7830fae9b9b,1395688895,Thomas Kluyver,1,0,11,17,0,0,0,0,0,0
ipython,dcd8107699798155611f2c6f8572b07728011ab4,1395690595,MinRK,1,0,1,1,0,0,0,0,0,0
ipython,326b5fcdfe76d95e145818e8e7f0732b6d3de910,1395772025,Thomas Kluyver,1,5,51,13,51,42,1594,0,0,9
ipython,3d455be3062deee47dfbbce841434dafa0b2e0e6,1395783280,MinRK,1,0,4,1,0,0,0,0,0,0
ipython,187022bfddfebc5275cc5f80794b55c4734544e8,1395780908,Jonathan Frederic,1,0,1,1,0,0,0,0,0,0
ipython,88a9bca8a784a40310a8ab9fe6c1f09af169d1e9,1395790191,MinRK,1,0,1,1,0,0,0,0,0,0
ipython,134a379b5522d857605b97802c729d7751a7208b,1395795043,MinRK,1,0,23,0,0,0,0,0,0,0
ipython,4da6028018bf40345bc9535960baab1a5415fce9,1395803814,MinRK,1,1,2,2,2,1,22,1,24,0
ipython,a71b615bda58c50fd8770227438ddfed5036f50e,1395791204,MinRK,1,0,44,29,0,0,0,0,0,0
ipython,830b9fb32d2717c81f0968a2a0b42894b89fa404,1395809529,cgohlke,1,1,1,0,1,1,108,0,0,0
ipython,80f6e7d059c32faa86cf09410593c532655c758c,1395811218,cgohlke,1,1,1,1,1,1,78,0,0,0
ipython,67e1d851f0ca0d2ad6ee067776e8b78b32348dc9,1395812766,MinRK,1,1,2,2,2,1,22,1,24,0
ipython,1874ad791d9ff6156641b319fb04555f47af21bc,1395947564,Thomas Kluyver,1,1,1,0,1,1,22,0,0,0
ipython,653cc6b22a6e769d1d0f98110620bdce20d04d7f,1395953670,MinRK,3,2,3,4,2,1,13,1,63,0
ipython,fa5ce5b463e3f820d12f003b1028c24dc67c6327,1395964338,Thomas Kluyver,1,20,27,22,27,27,1048,0,0,0
ipython,a46fafd7e2e6000ec2a8273dfa3dcc05f0773d00,1396023961,Thomas Kluyver,1,1,2,2,2,2,90,0,0,0
ipython,3025032c52d336e9dd80ee3049ca2669af419fa0,1396032346,MinRK,1,0,12,8,0,0,0,0,0,0
ipython,664c4f4e4bd3ffc4c21a51eefb0a9b3587503408,1396032681,Thomas Kluyver,1,4,5,2,5,5,181,0,0,0
ipython,57b3812dd5ddef3007f66f42f11802e28bc0e527,1395961798,MinRK,2,2,9,3,8,7,259,0,0,1
ipython,538b918c251f257d1fd8975ed2f8f3c06b35b1d8,1396129155,Dale Jung,4,8,19,5,19,11,534,3,121,5
ipython,904323a9afa0cc27b2deaaf742fe3aa45d497ebb,1394555148,Brian E. Granger,7,0,379,379,0,0,0,0,0,0
ipython,84ba117889e27b036a43ceaeeb88ed013e78e1ed,1394555183,Brian E. Granger,0,0,0,0,0,0,0,0,0,0
ipython,a34981d97f75841e64dbaac80964e029008c0c75,1394555248,Brian E. Granger,38,0,3475,3475,0,0,0,0,0,0
ipython,485cf020c0fcf85f20af67c36c74bf85fc5cf6e5,1394556269,Brian E. Granger,0,0,0,27,0,0,0,0,0,0
ipython,60a270604f58f13d98ea181b031cb5c511129045,1394556410,Brian E. Granger,0,0,0,15,0,0,0,0,0,0
ipython,834c6e9b0ca5cca80ce766dee69fceb802593e4c,1394559051,Brian E. Granger,1,0,99,99,0,0,0,0,0,0
ipython,a79228b474e61c7cdaa47493afda482133c4220f,1394559104,Brian E. Granger,0,0,0,47,0,0,0,0,0,0
ipython,8d981e5cc06877a4cbb26b39c58dc13e72f80281,1394559125,Brian E. Granger,1,0,137,137,0,0,0,0,0,0
ipython,c0e6b58fe4a9dd57475554f4203a6f24b92bf5e3,1394559208,Brian E. Granger,1,0,37,37,0,0,0,0,0,0
ipython,bd741719a679d6d560456b5ec78f1aa2eebac80c,1394559258,Brian E. Granger,1,0,17,17,0,0,0,0,0,0
ipython,5f6e818da34dee9b324158d2733dff46a906c845,1394559309,Brian E. Granger,1,0,47,0,0,0,0,0,0,0
ipython,cda983f713445b87ec2e3dac7f45300c8360a829,1394559366,Brian E. Granger,2,0,77,77,0,0,0,0,0,0
ipython,8b9c010ecc97f42ce714664949789d1ae168ab4b,1394559523,Brian E. Granger,3,0,249,249,0,0,0,0,0,0
ipython,9c54a128e521da6533ad7be88d0a73eaf6e50d9f,1394559701,Brian E. Granger,7,0,341,341,0,0,0,0,0,0
ipython,7891c2b003514c3d40d49168f9cdae5caffbbe76,1394566799,Brian E. Granger,0,0,0,0,0,0,0,0,0,0
ipython,b6fd941dcff5480b5e09647eb5fd67e0829008bd,1394574443,Brian E. Granger,5,0,278,278,0,0,0,0,0,0
ipython,246e6becf1f5ebdc393d4f5ee573aa2fcf478f4e,1394574538,Brian E. Granger,3,0,4,9,0,0,0,0,0,0
ipython,71960179618849ff9883da0b9c30101a31e66271,1394574797,Brian E. Granger,0,0,0,0,0,0,0,0,0,0
ipython,6403d5394b4bc7d7917dd95c1862e484ae7a7387,1394658510,Brian E. Granger,25,0,2841,3053,0,0,0,0,0,0
ipython,13eabb4fc5ded5afeb5ba420b2d9db8f0caa2618,1394658676,Brian E. Granger,6,0,333,422,0,0,0,0,0,0
ipython,436236880f286e08acd22d5ca7d9e2cd4cb839b5,1396199991,Brian E. Granger,1,0,37,37,0,0,0,0,0,0
ipython,87737521a725f9470467eb9070de528563cc64e8,1396200395,Brian E. Granger,48,0,4179,4179,0,0,0,0,0,0
ipython,15cc5a8ee62edfb1016a8eece5f8af4a74763b76,1396200805,Brian E. Granger,7,0,87,87,0,0,0,0,0,0
ipython,c70632c7972915fd63cac92977ebd5b6ead1bfcc,1396206022,Brian E. Granger,0,0,0,136,0,0,0,0,0,0
ipython,24b93a1d4640112f77d051818fb53e731be00091,1396215938,Brian E. Granger,36,0,3459,3459,0,0,0,0,0,0
ipython,7f5cbd622058396f1f33c4b26c8d205a8dd26d16,1396391992,Brian E. Granger,8,0,384,384,0,0,0,0,0,0
ipython,4904cc91d20ee29bdb3523833a314247ab78d431,1396386184,MinRK,1,5,33,8,33,22,754,5,247,6
ipython,871fd300382f7d494ea325f65324f61cdecffa84,1396411472,MinRK,1,5,3,18,3,1,79,2,99,0
ipython,6f62d69177e37d469f7cf032109841f42ff02237,1396415986,MinRK,1,2,2,2,2,1,55,1,24,0
ipython,d2688784680cc30e46bbd3394ef28b526848a9d7,1396417046,MinRK,1,0,1,2,0,0,0,0,0,0
ipython,5bac166dfdc673fc41372fda9178c3a564dc09dd,1396418555,MinRK,1,3,3,3,3,2,40,1,57,0
ipython,88663e9070ae1427619255b8083fc336922c948d,1396459783,Thomas Kluyver,1,0,4,3,0,0,0,0,0,0
ipython,8d60fad0ad8a7b098c79bb8f0788a8904bbefe54,1396460563,Thomas Kluyver,1,0,0,471,0,0,0,0,0,0
ipython,d84fe8d84a4a1fb4e79207af71323fee5a34c59f,1396461297,MinRK,1,0,6,4,0,0,0,0,0,0
ipython,47dc53142f84581ebc233f9ad7b1a717bf90fe63,1396465167,MinRK,2,1,7,4,4,4,152,0,0,0
ipython,f58b315da91c5877aa0f6f03e7e52b2bc0072b9f,1396467929,MinRK,1,1,0,3,0,0,0,0,0,0
ipython,9429844855ad2c9014f564866d93090ccd40caad,1396467906,zah,1,4,8,3,8,4,169,0,0,4
ipython,26375533a5a15f5c5ddfcb348c512fbdb3315a96,1396468635,MinRK,1,0,3,3,0,0,0,0,0,0
ipython,ebb33a291a19851476eef648017ed70e76844fc8,1396473305,Thomas Kluyver,1,0,6,3,0,0,0,0,0,0
ipython,c02e83e2b5275ff6e7b48128a0d6c5af9f0487af,1396475955,Thomas Kluyver,1,1,1,1,1,1,79,0,0,0
ipython,047755f203393235e68ba07614280939a5309857,1396567603,jdavidheiser,1,1,4,0,4,1,42,3,246,0
ipython,4fd046feaffb3edf85775711e9e17a47bcd25945,1396552966,jon,1,2,0,4,0,0,0,0,0,0
ipython,0cb73312fc24ea0815d1c9267f326bacd0484856,1396568314,Jonathan Frederic,3,10,43,8,43,34,1353,4,211,5
ipython,e2cec6fe74506ed7501deb71b90429f11a99abc1,1396575090,jdavidheiser,1,1,1,0,1,1,32,0,0,0
ipython,13c2dec1f19033a260ac79655d7ddafb27002cd3,1396575925,jdavidheiser,1,1,1,2,1,1,46,0,0,0
ipython,a8edccfa0892bcc58cf36e255d0af3efa1e3747e,1396589096,Yaroslav Halchenko,1,0,12,4,0,0,0,0,0,0
ipython,a7b36ceb57048ffdb5639d82b0b551560704c1d3,1396634481,MinRK,2,1,15,1,10,7,281,0,0,3
ipython,ec150889b5b73b4911f5be92aac044aaaa69d23b,1396746322,MinRK,1,4,6,4,6,4,162,1,23,1
ipython,e9ad5806bdbbb4d9ecd565081bf70e96fbfec331,1396747417,MinRK,2,14,23,49,23,18,928,3,140,2
ipython,08234cae3d6b54024f78748c7052b944cf039dc7,1396862231,Renaud Richardet,1,1,1,1,1,1,72,0,0,0
ipython,19a55196b3d97183331ee3cfd7d2c755b5ba3ed3,1396885075,Pankaj Pandey,1,3,3,3,3,3,151,0,0,0
ipython,9dc7b4a630f7adf945259ec552f67589d99c2ac0,1396749885,MinRK,3,4,9,22,4,2,112,2,99,0
ipython,59b7dbe33ce4b26598002dd15db2fff66b263ab1,1396894611,Jonathan Frederic,1,5,16,0,16,15,789,0,0,1
ipython,92830472a6e2be027b3073668c10366f17ccba56,1396812153,Min RK,2,5,41,39,8,3,161,4,213,1
ipython,8135baeffc944626a8cf2d97ab010e6f17d7a860,1396985494,Jonathan Frederic,1,2,1,3,1,1,48,0,0,0
ipython,1a57a325a537622eeaa84445a8a1a1c3e1321816,1397065356,Thomas Kluyver,1,0,7,0,0,0,0,0,0,0
ipython,a902f08457161563285d9360c031315ee6f50748,1397065409,Thomas Kluyver,1,6,13,19,13,11,551,2,91,0
ipython,a9897bb8ed32eb8ceb2313a8bac13accfa2440fb,1397076165,MinRK,1,1,2,2,2,2,36,0,0,0
ipython,6a143e1aad1a848c17af0b36e5a35480eccbe805,1395888283,cgohlke,1,0,1,3,0,0,0,0,0,0
ipython,48e280fcb3f2789f520ba0ce87cdbd7b5731ba60,1397106453,MinRK,1,1,1,1,1,1,66,0,0,0
ipython,6e3bf412e144090bea30d25b6817bb73bc5a6d2f,1397147474,Thomas Kluyver,1,1,1,1,1,1,52,0,0,0
ipython,352a1bd7879f1161b782325655c99b445821100e,1397155897,MinRK,1,1,17,3,17,12,637,3,166,2
ipython,0b23fa3b6cf2afb12429a0af1e20075224062c5f,1397169451,Thomas Kluyver,1,1,72,0,72,57,2286,0,0,15
ipython,96a6007ac3572a8f85849fcbe73daf1ab04bd502,1397171133,Thomas Kluyver,1,4,20,1,20,18,788,1,33,1
ipython,efc76ee757f5ed84af82bdf2129f68d51dfad31b,1397171595,Thomas Kluyver,1,7,17,3,17,14,686,1,16,2
ipython,b62c19a2817c9015d73169e6948c66f2bebf584f,1397172614,Thomas Kluyver,2,8,25,2,25,18,776,1,41,6
ipython,d2ff64f59b05e42c5c2c295d0b974a492bd998b6,1397188590,MinRK,1,4,11,15,11,8,357,2,99,1
ipython,500d6fe801469b9757e9aee0a30c6d8117008f9f,1397189539,MinRK,4,14,153,28,153,112,4769,15,739,26
ipython,07a345e656ce8109d3bd475290445401e323d02f,1397189621,MinRK,1,1,1,1,1,1,73,0,0,0
ipython,971fce1645641dbd5fee7385bb6971311cbf5e35,1397240731,MinRK,1,1,1,1,1,1,75,0,0,0
ipython,47b057a2a81a2569a4adda11467554dad455f5ab,1397254142,Thomas Kluyver,1,4,3,5,3,3,104,0,0,0
ipython,c4eadd9118f9f22218925ae4dc178f5dd32a1532,1397254980,Thomas Kluyver,1,3,5,0,5,4,214,0,0,1
ipython,962e5558b3c0ff2aaf84bb7a7275f7eeb33981b1,1397255631,Thomas Kluyver,1,1,1,1,1,1,30,0,0,0
ipython,1afba2114e1d3307c1d7b131d511816cf6c77257,1397256741,Thomas Kluyver,1,2,9,2,9,7,148,1,78,1
ipython,8ba88110df39d92fc01462908f3979fbe154635c,1397257125,Thomas Kluyver,1,1,1,1,1,1,52,0,0,0
ipython,fca19dedca9981164958c96c5eac1cf116a97bf4,1397257192,Thomas Kluyver,1,2,2,2,2,2,51,0,0,0
ipython,c6b0424145bcbe5d10a6a40da47e4e4c84b943bb,1397524060,Thomas Kluyver,1,1,1,1,1,1,34,0,0,0
ipython,116fb4b7b7f6cc4a6bee0fd127806c750d68905e,1397527110,Jim Garrison,1,1,1,1,1,1,71,0,0,0
ipython,7c7ba2c6489fb8d46074b4b6a3291937878815de,1397592683,MinRK,1,4,3,16,3,1,86,2,99,0
ipython,0cb4ba2c52bb9beeab8d5e5ca419d94f549280e7,1397618141,Aron Ahmadia,1,2,7,3,7,7,368,0,0,0
ipython,15d0a3b8376165bd90f2a00244754205864bb6b7,1397658445,Julia Evans,4,3,80,0,34,15,609,13,675,6
ipython,a9860b18e49991b14375370a45f441dde2978e05,1397659614,Julia Evans,1,2,1,6,1,0,0,1,41,0
ipython,b35ef25d9fe5858081387056ec45e04e80f45942,1397659633,Julia Evans,1,0,1,6,0,0,0,0,0,0
ipython,55a3270aa4724bbea6a0ae0088f770c46aabf04a,1397670857,Dimitry Kloper,1,2,1,5,1,1,54,0,0,0
ipython,079a59bd7546520223aa59086e893eb571c05687,1397697126,George Titsworth,2,9,32,5,32,23,1027,2,119,7
ipython,37958b84024bebb28a71fa5c362eae94fb6afdf9,1397058970,Matthias BUSSONNIER,1,1,1,1,1,0,0,1,52,0
ipython,1582557bbb6d76ac7a3cecb1e45dad8ae786d23f,1397746521,Jessica B. Hamrick,1,1,1,0,1,1,104,0,0,0
ipython,f8c964cdf7d9423352b22202d1c9b5fff8955184,1397760247,Jessica B. Hamrick,4,9,109,94,109,93,3254,0,0,16
ipython,4269bfc5b78be198da5b6e7360e7eb1cda241d23,1397760496,Jessica B. Hamrick,1,2,1,29,1,1,46,0,0,0
ipython,b2c6e8b2d4ed37551755f82a49d8e9851f46c253,1397760711,Jessica B. Hamrick,2,13,18,18,18,17,585,0,0,1
ipython,c47107fffb52e6df2128b67527362dfcdcadf5f7,1397761228,Thomas Kluyver,3,5,5,5,5,5,225,0,0,0
ipython,35e7427aeb3bac275483b9e9c4117a15d97b5ec7,1397761315,MinRK,1,4,2,5,2,2,90,0,0,0
ipython,0e36cf49677a8fa846ed636d4ec6403a3682c1a2,1397761720,Jessica B. Hamrick,1,13,36,19,36,20,750,8,329,8
ipython,6addf98a5ce2ca4e61f809664660418351cb8922,1397761781,Jessica B. Hamrick,1,1,0,11,0,0,0,0,0,0
ipython,30cefa7727cf679fa88d6683004a8d4a955ba7a4,1397763749,Jessica B. Hamrick,1,1,1,1,1,1,53,0,0,0
ipython,a44e4ad9da991656bb64d9fa0f51e34cf395a840,1397765108,Jessica B. Hamrick,1,1,5,0,5,3,129,0,0,2
ipython,f0f429271d9265d90f0e3728c50bc66f4837d01a,1397765609,Jessica B. Hamrick,1,3,7,2,7,6,243,0,0,1
ipython,0585473a9ce52273b246dd79b4e840c9b3b00cc2,1397769573,Jessica B. Hamrick,1,4,12,3,12,10,419,0,0,2
ipython,9a98f7771fcb25d750d737f0adb1acd3ea63dbab,1397770054,Jessica B. Hamrick,1,9,32,8,32,22,1106,1,33,9
ipython,4530e1912c5cfbf8f0fcdb44491569bcea19d8b7,1397770470,Jessica B. Hamrick,1,1,0,1,0,0,0,0,0,0
ipython,4e57d823f5422605c45d5614f130fe8350a70a2c,1397776533,Thomas Kluyver,3,16,20,42,20,14,719,6,329,0
ipython,68b2599088c2ffc34f18da9c0fb4d5e32c7a25ac,1397797976,George Titsworth,1,1,4,17,4,3,175,1,41,0
ipython,73c730a42593c16f642894f364cde1d67f0793c1,1397850402,jon,1,2,1,1,1,1,50,0,0,0
ipython,6249ec9669c085873749100cb5ba3a627f8553d4,1397850480,MinRK,1,9,8,23,8,4,267,2,99,2
ipython,b7bd6e1adadc4316d101e317c781de626e9e93fc,1397850659,MinRK,1,12,15,22,15,11,481,2,99,2
ipython,61474647283a2118162f7557a553e43fc80c180a,1395446475,MinRK,1,5,18,11,18,11,399,5,254,2
ipython,c8b59350527f1890a87491d8ba2db3b30a0c0437,1397852320,jon,2,0,16,0,0,0,0,0,0,0
ipython,c33a6dfb2d63abfe0eef6b534e95ac7313964507,1397606480,Andrew Jesaitis,3,9,44,0,44,33,1244,0,0,11
ipython,1915807d8e35afb2d643c564225af658ff53ec68,1397876793,W. Trevor King,1,0,8,4,0,0,0,0,0,0
ipython,da9a2b6b92b7964d8c755e4211132c53e81f6b26,1397912345,Matthias BUSSONNIER,1,1,1,1,1,1,67,0,0,0
ipython,eef061e7e446a999337f990bcef1e793aa170c87,1397933102,Thomas Kluyver,2,1,8,2,1,1,30,0,0,0
ipython,96512d7a805c326f4c6688bf5099b4c5821a1f01,1397240670,MinRK,1,8,4,29,4,2,75,2,99,0
ipython,0b4b47a6e94ce3550823ef8f78a5a7fc9c517011,1397762707,MinRK,1,11,35,23,35,33,1241,0,0,2
ipython,7cc6a1eac52ebfaa8e27b8881a6231cba6fec2ac,1397952401,Maximilian Albert,2,4,4,5,4,3,120,0,0,1
ipython,5b320fdb179a0a5fd44f6351fd264c12a5a86861,1397947397,MinRK,1,3,4,3,4,4,204,0,0,0
ipython,52d1090d97ca3d47875f70fdb88a8aa021b02377,1398101247,Thomas Kluyver,3,13,77,44,77,64,2956,2,49,11
ipython,7da38f23f9c3356d57a84049d149423d520928c4,1398101656,Thomas Kluyver,2,5,27,14,27,25,1150,0,0,2
ipython,f422214f986bcddda9617b8b1f26809e6a024243,1398103964,Thomas Kluyver,1,319,777,639,777,641,30917,97,4529,39
ipython,05238bc5e56e3a36be217a38bf36e7e55c589b41,1397083979,MinRK,2,4,11,11,6,3,332,2,99,1
ipython,bc5dc9d0aeaf18c57506d2ed18df9d50cbf98068,1397681235,Jessica B. Hamrick,1,2,10,1,10,8,263,0,0,2
ipython,a3d71afaab7527eb447fff3756ee49a7e9212bad,1397682504,Jessica B. Hamrick,1,0,16,0,0,0,0,0,0,0
ipython,c159e2a1679257a9364718557bf0e997018a8aaf,1398124601,Jessica B. Hamrick,1,0,2,4,0,0,0,0,0,0
ipython,3c52e525b84673d683316897439d157d0a126c6e,1398125773,Jessica B. Hamrick,1,5,7,6,7,7,270,0,0,0
ipython,52902b80ed9fd00208aaea6898e92f74a5a01d5d,1398125900,Jessica B. Hamrick,1,2,2,2,2,2,145,0,0,0
ipython,6ac47ff673a6bd80222120a7d4ca51efae6ec969,1398125936,Jessica B. Hamrick,1,1,0,2,0,0,0,0,0,0
ipython,17fd04f83222b082860184885cfc2196f5d787b7,1398125990,Jessica B. Hamrick,1,1,1,1,1,1,65,0,0,0
ipython,74b8a0e537e52d1d23b3edf6f81ae293f6e577ee,1398126135,Jessica B. Hamrick,2,11,13,19,13,13,430,0,0,0
ipython,b89b5953246d0017dea48de69675ce090c220905,1394556903,zah,1,40,59,29,59,52,2076,0,0,7
ipython,5966aad7eaf57f3aaae63cd0acdac52516f99453,1394792527,zah,1,0,32,15,0,0,0,0,0,0
ipython,b50dc432148bb2dd610a3d902f08252dd7cfb65b,1398166518,zah,1,0,13,11,0,0,0,0,0,0
ipython,6c026c7637dc3766216a5842a8995235e4344496,1398171616,zah,1,0,29,10,0,0,0,0,0,0
ipython,422c5094863523d629741f4604896364b8a0f4e1,1395925817,Peter Würtz,3,26,57,19,57,47,1972,3,134,7
ipython,b04779e4d0f8df9eb6fd8c04447401658c494044,1398184249,Thomas Kluyver,1,1,2,2,2,0,0,2,99,0
ipython,b55d2748eea015819c83d89633aede41cf7b3fc9,1398195795,MinRK,4,2,56,256,1,1,98,0,0,0
ipython,fb252de82995300d89ae85f5f7cb58fd744e5bfe,1398196962,MinRK,1,3,5,5,5,5,202,0,0,0
ipython,32d6ffd3051b7547a93464d9ead34c67025d1649,1398203451,MinRK,1,3,20,4,20,20,913,0,0,0
ipython,9db97427835ff55ca90479b4638656b367f87ae5,1398205584,MinRK,1,1,7,0,7,6,128,0,0,1
ipython,c30f7c33db0947af380ccdc923e24149e7149070,1398208530,Jessica B. Hamrick,2,4,4,4,4,4,91,0,0,0
ipython,cd05ce656e0d3a58a51d047b8ac3670c7a5d1c90,1398212569,Jessica B. Hamrick,1,0,73,0,0,0,0,0,0,0
ipython,f304ac5a85cdf0780197329aa743b75134974f31,1398213923,Jessica B. Hamrick,1,0,1,1,0,0,0,0,0,0
ipython,30e3f348946974a6e182ee495a37f9d916004306,1398236152,dexterdev,1,1,1,1,1,1,55,0,0,0
ipython,adb6d045b0df6ca6dbd77551ec27f650bf59a6b6,1394373359,Daniel B. Vasquez,1,2,5,2,5,3,199,2,78,0
ipython,fbfa7192ceb20de591d0770c4ff2bd6eef3e8297,1398278631,MinRK,1,0,14,0,0,0,0,0,0,0
ipython,ba676161d42ba1b153b88f2c2106221a50fad914,1398280744,MinRK,1,3,19,2,19,17,506,1,42,1
ipython,c0a66f915a5d7af5d30e83652f5ee468f40b5da1,1398281087,Thomas Kluyver,1,1,1,1,1,1,51,0,0,0
ipython,6a2fe7e69eaf82c3853f2a2a77cdba35c1a4deb4,1398282087,MinRK,1,1,1,0,1,1,34,0,0,0
ipython,f021c9cd80e9b53d9748572e1747b5b428c49005,1398278669,MinRK,1,5,13,25,13,11,570,0,0,2
ipython,610717ef92bf350408cf5a93b52f92fb388b4214,1398298182,James Porter,2,2,26,0,26,19,597,1,68,6
ipython,0d7dd6edf706a7ab60cf2617ba08ed53a3925ea5,1398343943,zah,2,3,13,13,3,0,0,0,0,3
ipython,028c0583449d398891905917981dbcf928786147,1398348030,zah,2,47,60,103,34,31,1042,0,0,3
ipython,eb2a05a5b64810e7cd8b26e7e501d84537e1824d,1398378822,zah,1,0,0,2,0,0,0,0,0,0
ipython,bb8a2804c118acf795178858f75efc5cb038a647,1398380115,Paul Ivanov,1,1,1,0,1,1,21,0,0,0
ipython,845852fe47a42e5f49bf401395011c837d1f9a8c,1398406140,Joel Nothman,2,4,8,3,7,1,57,6,244,0
ipython,508d149e901890b0432e5ed00cb5b247dec7c1ab,1398450152,Thomas Kluyver,1,1,1,1,1,1,67,0,0,0
ipython,258370af1677b49f1bc8cc4fb091a1fa752b6a2e,1398452220,Jonathan Frederic,1,1,1,1,1,1,61,0,0,0
ipython,3aa6121fdc8e4979e71fe90c1a15878cc57d0aa4,1398453987,MinRK,1,4,5,12,5,5,159,0,0,0
ipython,2b56604f3164d80ac066ea982276438c0601dfeb,1398406670,Joel Nothman,2,3,20,19,20,16,425,2,84,2
ipython,59b0fef883ffd77d29a2747439b815092afe95db,1398552407,Joel Nothman,1,4,10,16,10,8,384,0,0,2
ipython,57693a8c7302ae29a8b599049d724020b81e47d2,1398640731,MinRK,1,0,3,1,0,0,0,0,0,0
ipython,86f276416ee70470d33ec7f481cf2d69b6956b36,1398714788,Thomas Kluyver,1,0,39,0,0,0,0,0,0,0
ipython,52a3a72e754d72b785db52dfcdd208c3fbab2f09,1398779901,Dimitry Kloper,2,2,157,0,157,127,5689,3,141,27
ipython,baecd00584433e5e478033c24fce78c909527eae,1398780489,Dimitry Kloper,2,8,6,123,6,4,213,0,0,2
ipython,61482b4535daf284e3ae4bcfca20e1b99541b403,1398784312,Dimitry Kloper,2,8,187,126,187,135,5324,11,529,41
ipython,e0bd13771506f10c71b39ba41712b5fe31848429,1398784823,Dimitry Kloper,2,7,21,19,21,19,687,0,0,2
ipython,19651d21031966cd7e06f8b62b992bfd8378c2f4,1398639271,MinRK,10,40,59,146,59,42,1855,14,660,3
ipython,bb0f9422a2467f2e091da9953e7a5bce8002e562,1398792368,MinRK,1,1,2,1,2,2,97,0,0,0
ipython,d0d1e34fd8525a15f56edb10d10a7c51669ced22,1398792390,MinRK,1,2,3,1,3,2,122,0,0,1
ipython,7ec48ca7beeafe2f68f54cba8ea7e5edbd115a1d,1398792695,MinRK,1,0,13,12,0,0,0,0,0,0
ipython,d174e492736600dfc1a16359434fab75d717f1f3,1398800106,Dimitry Kloper,1,20,58,5,58,44,1980,10,431,4
ipython,89c7cb331c3af43a0f55b03423e783edfa606fa0,1398786761,Paul Ivanov,0,0,0,151,0,0,0,0,0,0
ipython,46d1eb9baa268754c628ec15da6d7e2128996be6,1398818655,Thomas Kluyver,1,2,3,2,3,3,128,0,0,0
ipython,2a0ba8ac4cec734343253adcf8612a1c0b4a9f03,1398868243,Benjamin Schultz,1,1,2,2,2,2,76,0,0,0
ipython,21be99e4f4dc9502454556e4df862ba3cca71c5c,1398877929,Paul Ivanov,2,13,21,56,21,15,774,5,235,1
ipython,6cab76d8148fee8e3387b40733f5793eeb48b21f,1398813331,MinRK,1,7,3,21,3,1,85,2,99,0
ipython,2f8b51695955ce3075cc0daf80ec8e76f94b3bff,1398882358,Paul Ivanov,2,10,17,43,17,14,672,3,144,0
ipython,f78604e58b9cbdcee37f9d7fbf35edce814db62b,1398883252,Paul Ivanov,2,7,13,43,13,12,901,0,0,1
ipython,2b99a4c340ed55de30fc1aecd2a1d583b5ccc409,1398884139,Paul Ivanov,2,3,11,21,11,11,563,0,0,0
ipython,a745b5ae5186e38d651e87b933d181441296b49b,1398887398,MinRK,1,2,7,0,7,6,199,0,0,1
ipython,e56ff8b23d4ba476e257e001c55c0f2f8638e9f5,1398888550,MinRK,3,10,102,29,40,29,1014,4,198,7
ipython,94a79c74a30e35df45fcd3760147c1361c8d224f,1398895777,MinRK,1,2,2,11,2,2,72,0,0,0
ipython,7ae5568bb362db494b6e116e4649c3d690e8404c,1398898469,MinRK,1,0,25,11,0,0,0,0,0,0
ipython,633371e59ce8db949e43306195463ce32c798668,1398899095,Thomas Kluyver,2,8,60,25,60,50,1821,2,92,8
ipython,dcb5fadf90c397114ada3426968be2b78a5f08b5,1398901750,MinRK,2,3,15,31,7,3,92,3,124,1
ipython,7039132be1cd02bb61fc5b9f6d422365e3cee845,1398902703,MinRK,1,0,21,4,0,0,0,0,0,0
ipython,48a8c3794835a9c67e2eba8d68aab073670e3b70,1398903207,Thomas Kluyver,1,5,4,6,4,4,152,0,0,0
ipython,05f6e7ba57e4394a24a50fe15f0b11dc7a8c7103,1398903391,Thomas Kluyver,1,5,6,4,6,6,308,0,0,0
ipython,fa6ad35daea1a9ec7951d04c14920263d208db6d,1398942942,Dimitry Kloper,2,3,7,1,7,0,0,4,200,3
ipython,5ade33157f79d9d975b2f1e601790de007dc935a,1398943691,Dimitry Kloper,1,1,3,0,3,0,0,2,100,1
ipython,b0bb093099e410709420992551193ea5c64757b5,1398969806,Thomas Kluyver,2,6,6,6,6,6,293,0,0,0
ipython,af2c4c7740a921e378ef341123d692b2a32170eb,1398982352,Spencer Nelson,1,1,1,1,1,1,42,0,0,0
ipython,a15a6bb0412a1885d166a591b3ef3e3a529dc39d,1398984166,Spencer Nelson,25,26,14,55,12,10,385,0,0,2
ipython,779d96f1ef786aeb5c61720ab27e47b0acf44cd5,1398985619,MinRK,2,3,5,0,5,3,95,2,97,0
ipython,ce9910f745e2189095bc35414d86959fdc4596a3,1399031810,Dimitry Kloper,3,3,0,27,0,0,0,0,0,0
ipython,4035489416396d88f9d2cd00200bf5913629be98,1399032863,Dimitry Kloper,1,3,3,3,3,3,183,0,0,0
ipython,1b24c44e793d6bfc23201b2a45765dea83cfad9b,1398990838,MinRK,3,9,9,1,9,9,323,0,0,0
ipython,2c5d8c3337ec3e74944228cb99aa9e531a9eabcc,1399053639,MinRK,1,0,1,1,0,0,0,0,0,0
ipython,c39f5aca11662000088d84235b70675cd0744e7d,1399066360,zah,1,3,3,3,3,3,256,0,0,0
ipython,f8e4b41f64fc3ef40af4ded9782dac446e5d6404,1399052081,Thomas Kluyver,2,1,25,1,5,4,169,0,0,1
ipython,7385d42d19f0abb84e7ddd0ad5ca13648e13bdeb,1399070592,zah,1,2,1,3,1,1,49,0,0,0
ipython,501acf1ca59e05aa2a43af66bcf7d176c02c7cc0,1399071960,zah,2,1,3,3,1,1,39,0,0,0
ipython,de619a0e3751829d616c336129a0715d2fb35710,1397507746,Nile Geisinger,1,0,64,0,0,0,0,0,0,0
ipython,615fcd6d585dde773ac247b72ba5a69e4955b774,1399196106,sunny,1,1,5,1,5,4,69,1,44,0
ipython,c934c1da8778eea82aa7e7ac4e959cc58d0a59e2,1399227748,Erik Tollerud,1,15,42,19,42,23,935,6,269,13
ipython,7e26ba907290eee6cbfe30f54be0b6b176904cd4,1399227764,Erik Tollerud,1,2,15,6,15,12,652,1,37,2
ipython,5e7828390e0d2433f91d4857ba46690bb93888e2,1399317854,MinRK,1,1,1,1,1,1,73,0,0,0
ipython,f08fde5118b9b49cb995b4a22e6c012b7753f1a6,1399420592,Thomas Kluyver,1,3,36,1,36,27,1387,0,0,9
ipython,e96e0ba694a99dd55a9f0729d1a261e62824bd41,1399420819,Thomas Kluyver,2,2,112,0,112,89,3708,3,138,20
ipython,1d932722b0541023d6ee9c617a76b029aff96295,1399421539,Thomas Kluyver,3,3,3,3,3,3,96,0,0,0
ipython,b412d5413db89b256f7c3439d74c54e31dba4bb3,1399422928,Thomas Kluyver,1,0,31,5,0,0,0,0,0,0
ipython,3bde6537b1ce865480e9f37bf10fbac5318eff1a,1399334049,MinRK,2,7,172,83,46,31,1192,10,424,5
ipython,4a6e9af93e38403f0475ac1872e5cdd66dfa1671,1384382336,MinRK,2,3,4,1,4,4,200,0,0,0
ipython,7fc8e4a1dab14230295028500cb6d5fdb43be6b3,1384382432,MinRK,2,5,28,35,6,3,124,2,99,1
ipython,feb0a3d2bf55b976462038170e13e6cc4cac0d15,1384383961,MinRK,7,29,42,79,35,20,1017,12,672,3
ipython,68000560490d23b67d7c736c1abf30a24265de25,1384385568,MinRK,16,56,86,127,74,51,2752,16,785,7
ipython,eb3c0ac4007dfd16dce62cbb473ba2120334e0ec,1384385967,MinRK,8,19,24,31,20,17,816,2,98,1
ipython,e599b6570522c5dcf983ac11d87984fd1a8f4341,1384386847,MinRK,8,23,23,120,16,8,432,8,420,0
ipython,357919033fe4c37071aa36c59fec23319d8e047b,1384386944,MinRK,1,2,2,54,2,0,0,2,99,0
ipython,f80d93bb994ab0e3514ac303d410bffc5b706a96,1386873433,MinRK,1,7,41,25,41,34,1508,1,19,6
ipython,cdfdd107e49de8ac6b8bb51402be6769fbf7b1d8,1387309345,MinRK,1,14,68,31,68,55,2057,1,41,12
ipython,a33ed60c585b1cb2861f4f7767dc8e319050a8bb,1387319805,MinRK,1,5,4,14,4,2,136,2,99,0
ipython,134fbf2c26d0bea370d36f981c4d6949c0eac3e3,1387320125,MinRK,1,9,9,7,9,9,436,0,0,0
ipython,c21ac70b14ba5296a37d07359e9b4975dd96bf62,1396481627,MinRK,2,1,136,0,80,54,1812,8,286,18
ipython,1e7b2d3c6afcc24a68cfdde480bf3d2f0da51e10,1396487398,MinRK,2,7,40,24,40,28,1242,2,99,10
ipython,de473a1cef96068c6ebd2f5f52e6c3152fbfd799,1396487520,MinRK,13,32,144,163,81,69,3205,3,133,9
ipython,1318a870be93bb2ed4ec01ca019a442998366c38,1396633064,MinRK,3,15,47,80,47,32,1210,4,213,11
ipython,f58c5202e474cd9ba4128f115e16e9c3e806c13e,1396994306,MinRK,1,1,1,0,1,1,40,0,0,0
ipython,fa2b8a3c57d0fcfa62ea2e9d727d4fdb896cd6e3,1396994323,MinRK,4,16,42,16,42,35,1452,2,64,5
ipython,31a79988143b40f27d2f25d9f25e8aff0dd3f945,1396994626,MinRK,2,1,6,3,2,2,94,0,0,0
ipython,51c5b8677c45ffaee84c0a13134c45133cdfb391,1396998177,MinRK,7,26,31,63,27,23,1041,4,198,0
ipython,095e73ab7386af077968a3bb6c28e5d88d9abe60,1397001288,MinRK,4,14,30,69,30,24,943,4,158,2
ipython,7f1fdd0ce41e3e000c01f9c78f1eda8906cb0442,1398110807,MinRK,11,18,49,63,27,27,1268,0,0,0
ipython,c089ced84172de23a6f46da84de4499f88bcaea0,1398117364,MinRK,3,2,12,17,9,8,328,0,0,1
ipython,6a91fb65d06fc55fcab94dfd1158f7ccf7205f76,1398459872,MinRK,3,1,0,6,0,0,0,0,0,0
ipython,1787af658793f5f6afcd542a04efdddb958dbb18,1399439221,MinRK,1,5,7,17,7,7,241,0,0,0
ipython,5d6c6b4107aec2732a746c9fee55547582c23563,1399481576,Thomas Kluyver,2,7,14,3,14,11,432,1,59,2
ipython,1a26247426a8122b70b2aa87b245e321b84317da,1399483487,Björn Linse,1,1,3,0,3,3,203,0,0,0
ipython,3b0c8fb7f2d60269303685e5f3b1539539c3aa94,1399484638,MinRK,1,3,7,4,7,6,296,0,0,1
ipython,328c5e03b0b7341f7762a140a4d5e27174ac6925,1399490759,Thomas Kluyver,1,1,1,1,1,1,61,0,0,0
ipython,6a59f9f224ed8798d2d1b4c77655b37d7e050f10,1399498517,MinRK,1,5,6,15,6,4,182,2,99,0
ipython,d19d22bfe84f7f0370f250ea4b055300cbc7d5fa,1399499776,MinRK,1,1,5,1,5,3,107,2,67,0
ipython,5a15ae45a725e23179c4f323209a97737bd284b7,1399504312,Thomas Kluyver,1,2,3,4,3,3,194,0,0,0
ipython,0fb126bd4b4456efff9a36e4a7048caa10335e18,1399505504,Steve Chan,1,1,1,1,1,1,68,0,0,0
ipython,2282a97a413524354616a22cbbba2c8e20a36ae9,1399518943,chebee7i,1,1,10,0,10,6,177,2,102,2
ipython,c26fd0d78d86cfaaf63e34d109aa7a3b213bb2bb,1399527282,MinRK,1,1,1,1,1,1,25,0,0,0
ipython,c90ed0666ccd9ef58ec6337172c87ce3f7f2aefe,1399561666,chebee7i,1,20,103,31,103,30,1575,67,2794,6
ipython,eff247b2fbae7fb38a3d08c4d21ffe8e6bdd06dd,1399561694,chebee7i,1,1,3,1,3,1,68,2,97,0
ipython,67a1648282630ca55b80954417adddd82fa3e24c,1399565993,chebee7i,1,1,3,2,3,0,0,3,197,0
ipython,37f204a4105db6d423a3e9c2bf81bd65e31b589f,1399527190,MinRK,1,1,7,0,7,5,175,2,58,0
ipython,c1886ee7db49b77bfe8f1fa7c4f1c304058090a7,1399571150,sunny,1,1,1,1,1,1,21,0,0,0
ipython,c0fb0d7cfa7d88a22b0ec80cfc23378e129e9519,1399572722,Jessica B. Hamrick,1,1,2,1,2,2,71,0,0,0
ipython,2fbbe4b684ea61992e3569fbf17590fde4e2ee15,1399573135,Jessica B. Hamrick,1,0,17,0,0,0,0,0,0,0
ipython,ea397de0cd869b41675670be0f77d03cef5af040,1399577832,Paul Ivanov,1,0,10,8,0,0,0,0,0,0
ipython,c08bdde70687ec555c49af6db237bbb133408de4,1399441122,MinRK,7,14,43,24,26,24,1069,0,0,2
ipython,a2273dbb3d224eb136692051c0237e6278482483,1399585281,Thomas Kluyver,1,0,8,2,0,0,0,0,0,0
ipython,a5708974cc2d7e90bbb0703d8e7c8186be799888,1399589148,MinRK,1,0,2,0,0,0,0,0,0,0
ipython,5d4a33824c902b1a22e85d56fd3069d1504bf673,1399589165,MinRK,1,0,7,3,0,0,0,0,0,0
ipython,e2d88e4befddcab50450ff716b00b373cf047d03,1399591103,Thomas Kluyver,4,12,104,7,104,68,3157,10,475,26
ipython,b5826b8d9faada3eb23e07975791b3ad1dc55ae9,1399595567,Thomas Kluyver,2,7,104,14,10,10,481,0,0,0
ipython,2b75eb837a53c502c660b60e94e02982fc04e60f,1398118195,MinRK,1,1,295,0,295,217,7779,14,465,64
ipython,42ec5d8e6535f36e543d25075c3d0f7b687d4ab0,1398801873,MinRK,1,0,189,0,0,0,0,0,0,0
ipython,fb9c5ce35512200cf9b67eb971fe76c10d04af91,1398808966,MinRK,2,11,188,27,47,44,1858,3,45,0
ipython,843de207e25639f27b8debb9825b6249cf503400,1398801945,MinRK,1,5,11,2,11,6,263,4,252,1
ipython,31d852fda0892f31099dd06458a6908ad0f461b6,1398801977,MinRK,5,16,60,43,60,47,2280,4,198,9
ipython,36bcc3c77441fb4a855e51e56031c5599adb2d71,1399582784,MinRK,3,13,31,19,28,18,764,6,381,4
ipython,a01d41a138c353a199d5da2f37d5358538c91b8b,1399744167,Thomas Kluyver,1,1,1,1,1,1,57,0,0,0
ipython,f55857525199c8f35c5054009d1875cf3518f3e3,1399749740,Thomas Kluyver,4,5,32,26,28,23,1114,0,0,5
ipython,98d54694eecd571fe6b37db9f06cbe5d70089a80,1399746890,MinRK,1,3,4,4,4,4,182,0,0,0
ipython,a2517fa06096f5b8f627bd86899361ab6bd4d20d,1399855949,Dav Clark,1,1,2,2,2,2,47,0,0,0
ipython,4b65242cf7c0bbf399c7ab489c0d5342a5779685,1399919131,Thomas Kluyver,1,0,10,0,0,0,0,0,0,0
ipython,75541c19d6deefd6f6372be468813c16b83541fe,1399919160,Thomas Kluyver,1,2,2,1,2,2,113,0,0,0
ipython,3f49b7245cc9e1908834aee44035d30979eba689,1399922077,Thomas Kluyver,3,3,18,11,12,11,424,0,0,1
ipython,86fd580e29e6ebb10af0c74671fb895345430319,1399925957,Pierre Haessig,1,1,1,1,1,1,79,0,0,0
ipython,55b9868fdbe2557dba06c1b54f8695f56ee58571,1399934464,Thomas Kluyver,1,2,5,0,5,2,114,2,137,1
ipython,973727555b6bc0627e4dd1e2d5527381a3095244,1399990071,Pierre Haessig,1,1,1,1,1,1,78,0,0,0
ipython,517a50ebd420f44be8c12d18039ad2e67a8c171b,1399999737,Thomas Kluyver,1,2,3,2,3,2,98,1,63,0
ipython,1eed58de43d473ef0a6215d0af012d9a1120ae9b,1400098379,Thomas Kluyver,1,2,0,8,0,0,0,0,0,0
ipython,d55d379c4077ba4d688fd800456802504f81bfba,1400111078,MinRK,1,3,9,2,9,6,224,0,0,3
ipython,2f5d479854ba6ce99e33eca54b6835daf6f99927,1400112348,MinRK,1,3,9,5,9,8,230,0,0,1
ipython,a524adabdfcdf9aabdf26cc2780d91121956d465,1400112431,MinRK,4,11,10,25,10,8,391,1,55,1
ipython,d628471363f86a76aca4187ae1bde3f0aea1189f,1400112448,MinRK,3,9,7,25,7,5,238,2,99,0
ipython,74dbdff8948915f0bb9bc57f08ed824255c6e918,1400112540,MinRK,1,0,19,0,0,0,0,0,0,0
ipython,c8297258086efc7b5f7d494177b854045d5f6e81,1399237458,MinRK,6,22,84,58,40,34,1773,2,99,4
ipython,97294f86caaab05ffe7894052b07ef4f05840c0e,1400177654,MinRK,1,1,1,1,1,1,65,0,0,0
ipython,9f8aa8d4fe34822501917d48017e3c243fcda2b1,1400189645,Thomas Kluyver,1,0,2,0,0,0,0,0,0,0
ipython,aa7fe5b099d3da5c5efbbe0146a968428dd94ad6,1400256809,Thomas Kluyver,1,0,46,80,0,0,0,0,0,0
ipython,a56cfe97b4d8f39197b9993f67d5deb228194bf1,1400257032,Thomas Kluyver,1,0,2,2,0,0,0,0,0,0
ipython,977a9607aa56a539544121cb35f1faab36f78702,1400261397,MinRK,1,0,9,4,0,0,0,0,0,0
ipython,5c6d813961002cf92fa2ab4fd244f7c2cd671d69,1400262011,MinRK,1,0,5,0,0,0,0,0,0,0
ipython,a0c73bd83256e501f985892545d8d0bfd33c2b84,1400265140,Thomas Kluyver,1,2,2,2,2,2,94,0,0,0
ipython,a7d1875e47724fc9b1fb0175cd9ab113e6788867,1400274562,MinRK,1,0,6,1,0,0,0,0,0,0
ipython,90c8f7be6bd55dddbe0ac7a4581683ddda824175,1400276242,Thomas Kluyver,2,0,19,28,0,0,0,0,0,0
ipython,737b4a833bbc90619ae4a231e48bc16331bff7e5,1400276590,Thomas Kluyver,1,0,2,0,0,0,0,0,0,0
ipython,e9225f4ffe190b6927f433525f42cad62bbfb816,1400278854,Thomas Kluyver,1,0,2,0,0,0,0,0,0,0
ipython,8181ffc186787eb37d749987449f037c9258010e,1400279383,MinRK,1,0,4,3,0,0,0,0,0,0
ipython,851bdbdd6c4a73ac380ccbcfd0f37e3b17d8fd6b,1400280022,MinRK,1,0,4,6,0,0,0,0,0,0
ipython,cb1986230f78a936a905378f1aed92a4c67dba6d,1400281023,Thomas Kluyver,1,1,1,0,1,1,35,0,0,0
ipython,39ad6454d99cef923498e6e1cea9707b1f348a70,1400646735,MinRK,2,0,40,15,0,0,0,0,0,0
ipython,a4c04435aee37cc11a3691301fa3354422bbbcb3,1401234025,Paul Ivanov,1,6,23,22,23,21,455,0,0,2
ipython,2c59b225b5bb4b9aad838eda356330238ce1910a,1401264490,Matthias BUSSONNIER,1,2,2,2,2,2,46,0,0,0
ipython,300b9f8f78baac5a1eba293006c410ddb4d802f8,1401299160,MinRK,3,3,1,3,1,1,28,0,0,0
ipython,bed36e69efcd904203f658acb2b2e6450ebf7a82,1401304151,MinRK,1,1,1,1,1,1,49,0,0,0
ipython,fa9bdccbd98b19c14c3a809e0bfbf20b8bad866a,1401392588,MinRK,1,4,23,9,23,8,402,9,380,6
ipython,2b9c71e21695e123bcd462ea658d894df2b9ef70,1401476065,MinRK,3,5,3,460,3,3,78,0,0,0
ipython,35eed9487ac5b0575aeca1eb2ecb8db93a4c68a9,1401674272,MinRK,1,4,5,5,5,5,174,0,0,0
ipython,a2ad9393af254f08b159efc9b7a2ee8ff79cd3bb,1401732883,Thomas Kluyver,1,1,1,1,1,1,59,0,0,0
ipython,6c1b85991d8e49413e103fa41c6c337c06a2fd8e,1401746433,Jonathan Frederic,1,3,6,7,6,3,212,3,143,0
ipython,f093d0160481721e92a0403d90d2f0df9e42b9dc,1401819998,Jonathan Frederic,2,14,25,56,25,16,844,7,304,2
ipython,a925e26088919ddf815072881bd71b30c4ac3407,1398349855,Julia Evans,3,3,83,0,38,16,597,13,675,9
ipython,09586c9c6945e1f84a51d5544985e61ccaa21c86,1398433111,Julia Evans,2,2,2,12,1,0,0,1,41,0
ipython,9e702f184a3491ac43178fc40b21cda3f487e312,1401837592,Thomas Kluyver,1,5,10,6,10,10,492,0,0,0
ipython,f3ebe117679fc0fe76acfdbbfeb04cae66a01e78,1394489502,Jonathan Frederic,2,0,35,5,0,0,0,0,0,0
ipython,b00eaee121cccca07e56336441230b65957aed15,1396986109,Jonathan Frederic,1,0,4,2,0,0,0,0,0,0
ipython,6976532ec54329d6e1eda38bc433deeee953391a,1397074768,Jonathan Frederic,1,0,4,2,0,0,0,0,0,0
ipython,e7f91ea6d37339fa2bcd942499bdef9dd1093092,1401913192,Jonathan Frederic,1,0,1,1,0,0,0,0,0,0
ipython,973a2f6d8066b96ae0b565fc51a35f5248076a36,1401920358,Jonathan Frederic,2,4,2,30,1,1,28,0,0,0
ipython,80afbc646d77cb85c1a6b65c715d594ebe14aade,1401921947,Jonathan Frederic,1,5,21,11,21,18,825,1,18,2
ipython,ad333fd77473520e05659745475ed36cbe701d80,1401924629,Jonathan Frederic,1,2,2,1,2,2,94,0,0,0
ipython,d3569bf9c8d132b59a11991ffcb33931ebb4ba58,1401956295,Jörg Dietrich,1,1,1,1,1,1,43,0,0,0
ipython,3458f59898f29654f23846ad2b5e86dd37f2225d,1402004587,Thomas Kluyver,1,1,854,854,854,597,25124,111,5607,146
ipython,a29e8fbe31f39896c9ed9fa0bbb9693fa6e6f851,1402004838,Thomas Kluyver,2,3,6,2,6,5,148,0,0,1
ipython,83f9d28ec926f9758740f418fce9aad7473f6eb2,1402010634,Thomas Kluyver,3,41,348,274,346,256,11803,33,1724,57
ipython,6f45747ff924befb95273d7930a351c6a00093b6,1402012880,Thomas Kluyver,2,9,48,1,48,39,1592,0,0,9
ipython,8750ebfe4295d408204bdf5aae57577c9b06aaa7,1402016765,Thomas Kluyver,1,2,2,2,2,2,146,0,0,0
ipython,759d4a59413c1686a0786084dfef900ad6a7e57a,1402017884,Thomas Kluyver,1,1,1,1,1,1,42,0,0,0
ipython,b35d9ec46257bde5ab3bb3084e00db5d0262162d,1402078366,jon,1,0,3,5,0,0,0,0,0,0
ipython,be74bcc84bbbd33530ba8fe55434a1d99f57c3af,1402080209,Jonathan Frederic,1,0,1,0,0,0,0,0,0,0
ipython,bfef724ee98f15680f3dcb0e005c38fdb7123e5d,1402086022,Thomas Kluyver,1,0,15,6,0,0,0,0,0,0
ipython,b62f3ad46776142d2e4dd45a1a1a54ef206e202e,1402249250,damianavila,1,1,8,1,8,8,377,0,0,0
ipython,fbd2a946af9c6d657a332786c96202e00e451672,1402251175,damianavila,1,3,10,8,10,6,329,4,194,0
ipython,f4eb2b7c7e0a591ddaf021619120e28fd5385dca,1402255545,damianavila,2,4,4,1,4,3,231,1,63,0
ipython,af85855189a3fcf1d9cd562ae47e5d270f421d14,1402259923,damianavila,2,1,7,6,2,1,82,1,16,0
ipython,de1d89f70f15139ba816e2f336b9d0949bef009e,1402339216,MinRK,1,2,4,0,4,2,143,2,83,0
ipython,d4e7b47841b189d5a61ede12982f473ead3a60e9,1401831443,MinRK,2,1,7,972,2,2,84,0,0,0
ipython,cda17e40be49d49bb0a64b0d0eccc15d7eca472e,1402172394,Jessica B. Hamrick,1,2,3,3,3,3,129,0,0,0
ipython,b7566e412d0bb9cbc2482a9feca6df56f32b061d,1402340208,Jessica B. Hamrick,1,2,3,2,3,3,110,0,0,0
ipython,cb8a00e5042e5515d9e27b03626263d5dbddfd61,1402341300,Thomas Kluyver,2,1,15,0,6,6,312,0,0,0
ipython,88acba1b816d1c512bcb9cf9483cc72fa72f1b54,1402343251,Thomas Kluyver,1,3,8,5,8,8,317,0,0,0
ipython,a79a599c1993659411948d8dfce5c32a12fa3089,1402344775,Jessica B. Hamrick,1,0,1,1,0,0,0,0,0,0
ipython,2223e7ff679a4379c3c89ce41f435fe3f3d9833f,1402353157,MinRK,1,1,1,1,1,1,87,0,0,0
ipython,c11ed256ca011e3baa5a795fdb75af1ce03a2a92,1402361640,Thomas Kluyver,1,2,1,11,1,1,50,0,0,0
ipython,e712a8b517884425cff537b88969acacb08b2aaf,1402398433,Jörg Dietrich,1,0,1,1,0,0,0,0,0,0
ipython,d2acc300264ed00b5fc6728e7948a208dab49bf7,1402427146,Thomas Kluyver,3,3,13,14,12,10,248,0,0,2
ipython,96681f4a6cef668f1243fedeff31cacc6de2300c,1402427476,Thomas Kluyver,1,0,6,2,0,0,0,0,0,0
ipython,5579eee3d8a3be0b9b740869403faf96d376b6d6,1402428581,Thomas Kluyver,3,0,42,32,0,0,0,0,0,0
ipython,28025a8ada28adfda2fe8d7d3897fbaceee3aa15,1402429065,Thomas Kluyver,1,0,4,3,0,0,0,0,0,0
ipython,d29fef6b5ffcf6894b228038ca5be4c4644623bb,1402429126,Thomas Kluyver,1,0,2,1,0,0,0,0,0,0
ipython,03c2812baee8596f0d186ec161fd028557b74c72,1402430447,Thomas Kluyver,1,1,1,1,1,1,65,0,0,0
ipython,cd23154033e53accdefbe6bbe7c2a03bab10d642,1402441610,Thomas Kluyver,1,0,12,5,0,0,0,0,0,0
ipython,1f40cc47495320027f8093d57009a7fe804a5450,1402686855,Matthias BUSSONNIER,1,2,2,2,2,2,317,0,0,0
ipython,7ec5c31824bb3bffe9458e2c648323f7baa430ef,1402813560,Paul Ivanov,1,1,11,2,11,9,314,0,0,2
ipython,2074db7dcce01b40a514cb0d8552ce26160ee8f1,1402813964,Paul Ivanov,1,2,3,3,3,2,114,0,0,1
ipython,3f0e9164b4e8ea44cc6b3a0ec63c50913c66d2f7,1402814351,Paul Ivanov,1,1,12,1,12,8,255,0,0,4
ipython,839315f68c8899cea80cb33a2a649462b022fe9f,1402817751,Daniel Wehner,1,2,85,0,85,69,2951,6,150,10
ipython,c7f28af82b4dd3f2b6d8e455d927255ffef9ee43,1402835728,Andrew Payne,1,1,2,3,2,2,112,0,0,0
ipython,f0064fa01cc99df17ce1a110e3e3b47e9b853fed,1402957470,Thomas Kluyver,1,2,3,1,3,2,44,0,0,1
ipython,e7cff97e1f74453c8dfb189af4d6a9a0530b18ed,1403010148,Raffaele De Feo,1,1,1,0,1,1,49,0,0,0
ipython,c9c3aa8737e4f2aefb0cb0c1bc63e5225dbd925b,1403032445,Thomas Kluyver,1,0,1,1,0,0,0,0,0,0
ipython,30f006db373fa7831a56f7de724da4a59e642a48,1403033395,Steven Anton,1,2,1,1,1,1,57,0,0,0
ipython,089dcde7bf80ae207b28ece73f67453babb2646f,1403047175,unknown,1,3,2,3,2,2,134,0,0,0
ipython,ec5f9e825cc0e4de7f5c3317744c6d48c267d6b2,1403051193,MinRK,1,1,5,0,5,2,56,2,103,1
ipython,72f21764d47b3b597c097d90cf327e9fbe5fa641,1403051233,MinRK,1,0,17,2,0,0,0,0,0,0
ipython,68e44d4a9588f0a08ea70f5398ba8a31606d91e5,1403113299,Thomas Kluyver,1,0,22,0,0,0,0,0,0,0
ipython,3a3e06e0ae0374b6bf277b088f9636318b8b08e2,1403113686,Thomas Kluyver,2,5,8,7,7,7,446,0,0,0
ipython,cf2902d840c347b63eaa6bef4010a0ab7f1b718e,1403121101,Thomas Kluyver,1,3,2,4,2,2,51,0,0,0
ipython,fb8fa75987aa37f7ee884dd6714c84743bc7074a,1403123934,MinRK,3,18,17,31,17,14,574,2,99,1
ipython,783754ce8c070f5f60dc40e62dba4f2506f4f36a,1390042636,immerrr,2,20,117,36,69,55,1993,9,473,5
ipython,02f9be09cbdef483149ca3651f06b4e47f54ea92,1392012484,immerrr,2,4,103,27,47,21,847,23,711,3
ipython,1fd9014044386529c45d6df8d5ff30970b68de73,1392108342,immerrr,1,1,2,2,2,2,128,0,0,0
ipython,e769829421473e3325eb3d8752e7e4397ab3bd39,1403132532,MinRK,1,2,2,2,2,2,86,0,0,0
ipython,5daf216565085b631daf61c1ff4cc96ac2b9b8e6,1403205782,MinRK,1,1,1,1,1,1,72,0,0,0
ipython,87a4747fc0684e1dd74ce959148ce6f7e2bc94b0,1403224486,Xiuming Chen,1,1,1,1,1,1,67,0,0,0
ipython,45ff08208f55af8e3e951b8a020946d3fb15c8c9,1403305648,Thomas Kluyver,1,0,4,0,0,0,0,0,0,0
ipython,0530ec94642a9e07f34b292a7c4f187f53336433,1403306071,Thomas Kluyver,2,1,5,5,2,2,90,0,0,0
ipython,65852b3819bde9de9111dac0eaeb70ebf52af021,1403377780,MinRK,3,10,15,22,15,12,553,2,99,1
ipython,6c84d1239ae219fab430d3ec690107d25c5f820f,1403645124,MinRK,1,3,14,12,14,10,469,0,0,4
ipython,eebdef1084f06f8b89b382ed07efea343eb3d030,1403645149,MinRK,1,11,27,64,27,20,572,2,99,5
ipython,c8f7f0ebed35b0bef56b7e11c5a756d314868425,1403645200,MinRK,3,12,13,7,13,12,561,0,0,1
ipython,d21ad35da6669231f71e4b804e508474e8349510,1396412113,MinRK,1,1,25,0,25,17,511,2,99,6
ipython,8818818d3a3d454da37eb02ddc35afd76d7bc76f,1396412542,MinRK,7,23,26,130,26,16,643,9,413,1
ipython,5d97cfcbc37246a9cc81a957ceaeb3277956ca81,1403707796,Gordon Ball,1,8,19,7,19,12,483,4,301,3
ipython,d674ff53c2df5f24a7b38ae20dc043a3c306c4e4,1403711515,Gordon Ball,3,9,45,6,45,39,2072,0,0,6
ipython,6b57c5bb3f2f4f344c8637828a4f09e162c1d9ec,1403712584,Gordon Ball,2,7,35,5,35,29,1649,0,0,6
ipython,1ff31108b0f2ab1708bbf5b7e2a4ce14bb6644a3,1403712659,Gordon Ball,1,2,12,1,12,12,615,0,0,0
ipython,57b56df020c784c62959bae0f344552a5666cbd7,1403803552,Gordon Ball,1,2,5,0,5,5,155,0,0,0
ipython,6d2e12c075a9d4e6cf21ae8b98e22ed354627145,1403809865,Gordon Ball,1,2,2,2,2,2,200,0,0,0
ipython,a37feb5d1f04c73e51220eb3a7c43237842409c9,1403809901,Gordon Ball,1,0,78,0,0,0,0,0,0,0
ipython,5e1fa18e4acedc5e3df536119816e6c8d7025c32,1403811067,Gordon Ball,1,0,13,0,0,0,0,0,0,0
ipython,5fba156d1f5a1db93b36df8bda7e2b2fead16156,1397661077,Julia Evans,4,3,156,0,111,81,3054,14,632,16
ipython,3e309fb7c57c8fa7a16606fe390394afb6594238,1397661466,Julia Evans,1,0,1,1,0,0,0,0,0,0
ipython,154ad5eff9ea47f812b48eaf6bea772e8da82e74,1397765642,Julia Evans,1,7,7,7,7,0,0,0,0,7
ipython,4ef163acbdb920981358a899098cf35d71512ecb,1397766559,Julia Evans,1,2,3,3,3,3,169,0,0,0
ipython,a8345ae5695df4235beb716a01d928e501c71337,1398348279,Julia Evans,1,4,12,5,12,9,439,0,0,3
ipython,48f3163d130d1856f521251ac3f7cde0dd41e662,1398352215,Julia Evans,1,6,8,9,8,8,243,0,0,0
ipython,e655fbdaeae1876a0dde9b651e15fd4dcc1ea7ab,1398352819,Julia Evans,1,1,1,2,1,1,32,0,0,0
ipython,8df1a1233e13a80d3e0ef2dfec8af15394e77b66,1398370697,Julia Evans,1,0,42,9,0,0,0,0,0,0
ipython,5af6e11f438a55369a9d6f57a33cce3d71ccd7ec,1398371000,Julia Evans,1,0,2,0,0,0,0,0,0,0
ipython,90c88355244aad3cb73bf3febc9d6f2e2fc70dbb,1398376869,Julia Evans,1,0,11,8,0,0,0,0,0,0
ipython,8b4d56c73dc6c776fcfc37e7469f4da8ba13c564,1398378938,Julia Evans,1,1,6,1,6,6,202,0,0,0
ipython,09d906af0895a250108e36d3ef339af9fbe391df,1398381854,Julia Evans,1,1,2,2,2,2,99,0,0,0
ipython,66696feb49da76965b5d413e39e63625358dfe1f,1398395048,Julia Evans,1,1,5,1,5,4,93,0,0,1
ipython,7daba44da805c5854bdf6ca1798ce64bfdbffe4e,1398432993,Julia Evans,1,0,2,2,0,0,0,0,0,0
ipython,4937968b5e0b1ad12f57997b797c5b84d0f23610,1399577064,Jessica B. Hamrick,1,5,9,7,9,5,260,1,52,3
ipython,897941a41ed6b9feee536b9d877185d06c64c6fa,1400099363,MinRK,1,0,11,7,0,0,0,0,0,0
ipython,a8229c9e7844a21dae74f84d58d46ba197f30530,1400096923,MinRK,2,19,95,54,80,64,2364,10,350,6
ipython,85f1285b16cfef55972b7852d52a8d8ac69b3372,1403820593,MinRK,1,8,15,12,15,14,600,1,13,0
ipython,809e8f1e9d6df0fe1355ad457e41b0c6396042a9,1403821239,Thomas Kluyver,7,17,28,20,28,24,1181,1,74,3
ipython,07e6acdfe9804f871ac288d788d5de10ae51974f,1403823908,MinRK,2,15,12,53,12,6,225,3,141,3
ipython,fc70e8a4801e5a64ee20f39a3741b1fb15011d1e,1391230469,MinRK,3,4,1,16,1,1,71,0,0,0
ipython,945ec05649f31176529bba9cc56388297e621f47,1403820967,MinRK,2,1,6,11,1,1,48,0,0,0
ipython,5feeb5b0ba416b763553d7abc1bd2b978c45f00d,1403828709,Thomas Kluyver,1,1,3,2,3,3,226,0,0,0
ipython,600762a669331a4cb5fcdcedfe6da1df655aa986,1403916476,MinRK,3,10,112,23,112,77,3143,12,475,23
ipython,bca609cf87289c946136b933b62c889137979041,1403916794,MinRK,1,1,0,2,0,0,0,0,0,0
ipython,902c754fcbd0581ea33912e583cd3ccb8bdb9a5b,1404056343,Matthias BUSSONNIER,1,1,1,0,1,1,36,0,0,0
ipython,c6e547831c85483ea6d96fe17637f19c6a7f3893,1404150031,MinRK,3,18,33,32,33,31,1550,1,34,1
ipython,91002f11197c0476a8a7c59f7abb47743b015ab8,1404231723,MinRK,1,2,9,1,9,5,162,1,42,3
ipython,103ad648690f83df7a43bd3548dfad23127b3517,1404236924,MinRK,1,0,11,32,0,0,0,0,0,0
ipython,43e20b25b9e6385d9d195a43c3bcbb937a87c874,1403735781,Thomas Kluyver,3,1,52,1,6,6,381,0,0,0
ipython,080f8a17c735945c467c03cca2ff8ced7d55a6bc,1403736334,Thomas Kluyver,3,2,13,0,9,7,479,0,0,2
ipython,72cff7fea4c8950df18211d1a6fc189b94006eda,1403736620,Thomas Kluyver,3,7,2,16,2,2,120,0,0,0
ipython,1ee89f4abcaa8e1be7214d8ebdd97ec5c61abfe9,1403736790,Thomas Kluyver,1,0,2,0,0,0,0,0,0,0
ipython,66518c55e14a5c42e11a48232efc7acac93d85f1,1403742554,Thomas Kluyver,2,6,47,48,47,40,1556,1,75,6
ipython,c11507a66db56298589031249460cb04788ebc89,1403743427,Thomas Kluyver,1,1,1,1,1,1,74,0,0,0
ipython,87bbd154cc1e40da978ba6cdb8193c13aa5db7ef,1404381716,Gordon Ball,1,2,1,21,1,1,31,0,0,0
ipython,0e91477e000459bec0a91d925dc9b5049c5d1fb6,1404381949,Gordon Ball,2,2,10,6,10,10,332,0,0,0
ipython,017a41994f446d9e6d26b831ede1367f44162819,1404382133,Gordon Ball,1,0,22,78,0,0,0,0,0,0
ipython,36179da9ee445ed8e7899142d59040903732aa5f,1404428470,MinRK,2,5,19,34,7,4,221,2,99,1
ipython,ca6d55138baee333d800dd59175b97fca86a303c,1404457177,Paul Ivanov,1,6,4,35,4,2,49,2,99,0
ipython,2f3b35c0eebb8ea7023cd34b1b043fbec613ffce,1404499522,MinRK,1,6,5,9,5,5,163,0,0,0
ipython,9979ae01741e68bee5c3672ab8581b82aa459dab,1404594833,Thomas Kluyver,1,3,2,4,2,2,48,0,0,0
ipython,f3ead623d1a3d624761b2fb3bb022d1d83308123,1404595379,Thomas Kluyver,1,1,1,0,1,1,63,0,0,0
ipython,3c44235ef01a3ed6816235daddb469e860c12beb,1404702371,MinRK,1,2,6,1,6,5,239,0,0,1
ipython,bfe8b0b3b3a0a27775f06f269db6757feb566006,1404500233,MinRK,1,0,7,0,0,0,0,0,0,0
ipython,1683c80ab17511e56b7322724f7d7e8fa3635b54,1404404291,MinRK,1,3,29,1,29,27,1084,0,0,2
ipython,2da4f55240921600239035db7eed17b9977fdfaf,1404703361,Thomas Kluyver,1,53,202,123,202,142,5996,36,1708,24
ipython,32c6809117727fd19310058e3146a8886a1ae239,1404704829,MinRK,1,1,0,12,0,0,0,0,0,0
ipython,74cb0680a587233045b8dc7c89bc30a20e8c21f3,1403468342,Justyna Ilczuk,1,77,132,119,132,111,6559,5,292,16
ipython,552f2a776ed7bafcfbc3e68593daa28ae717bced,1404046526,Justyna Ilczuk,2,35,209,133,209,148,7239,29,1486,32
ipython,5ffa932b4992fa49c809a571857e5b8f9b51ecdf,1404047753,Justyna Ilczuk,1,14,44,53,44,34,1913,5,254,5
ipython,3c76c37bdd4f3555025aeb9340ae6af1a078192a,1404047993,Justyna Ilczuk,1,1,1,1,1,1,42,0,0,0
ipython,4241111abac5ef9f1e0646cb14a2c61582c17fd2,1404053523,Justyna Ilczuk,1,4,2,5,2,1,63,0,0,1
ipython,3366f80f854ba75e00da2f44b18c1acf6a08ac1a,1404053592,Justyna Ilczuk,1,0,35,0,0,0,0,0,0,0
ipython,62ac4b596bea5c81ff2d1004c2ada41f1bd2275d,1404599510,Justyna Ilczuk,1,6,16,15,16,14,844,0,0,2
ipython,89226b518e900929cf3874a62c22402360d0cbc0,1404602643,Justyna Ilczuk,1,7,9,10,9,9,512,0,0,0
ipython,8da868ec1f3833b9dc82d43c769d528604c3f4fe,1404634500,Justyna Ilczuk,1,3,14,13,14,11,587,0,0,3
ipython,f063e9d7c57e857a646297f24023c25ab8491fc2,1404759898,MinRK,1,2,2,0,2,2,110,0,0,0
ipython,b23e06d2c60fd6f3be3dca9e09c02e436b3325be,1404762960,MinRK,1,2,8,1,8,7,301,0,0,1
ipython,e5123e76e985f0150fb55b757e071c19cf3f73c9,1404699596,Eric Galloway,1,1,2,0,2,2,59,0,0,0
ipython,214b04c10355f2f792b6200700e0d61f65a32ec6,1402346324,Jonathan Frederic,1,5,2,29,2,0,0,1,41,1
ipython,3708014c06a74871025787334bc63b5f5a882db2,1402419470,Jonathan Frederic,1,2,2,4,2,2,66,0,0,0
ipython,c8507215f6bf874d1efd998f8cfd19034bbdc415,1404882196,Thomas Kluyver,4,9,33,5,33,27,851,5,268,1
ipython,21dbb4b95f7240cda15b260e25941dd2c43dc0a0,1404882656,Thomas Kluyver,1,2,9,25,9,9,303,0,0,0
ipython,62239a9358e4e4bae59adfe2f8ced22dd842cfbc,1404941136,MinRK,1,1,2,1,2,2,121,0,0,0
ipython,162b9dc4e273471634395d26333c46e0a6158ca7,1403133819,Thomas Kluyver,4,8,26,10,20,19,1042,0,0,1
ipython,c1223d48738c366a2084234ae70c7005e04f1dbd,1403219371,Thomas Kluyver,5,14,97,67,27,23,1513,1,34,3
ipython,8bab8bc596e1f6dd796a32b6a2fab36fee26bb6d,1405097282,Paul Ivanov,1,1,1,1,1,1,57,0,0,0
ipython,c9611069bd232ea482da173bd46b6b18fa393f3c,1405107050,Paul Ivanov,1,2,8,1,8,6,159,1,16,1
ipython,f8253a00ae0ab91bc1d347f87e30b93204aa926c,1405107339,Paul Ivanov,1,3,3,3,3,3,200,0,0,0
ipython,1d9ef0d7a4859d8440bcc8de90442f572e3a3d6a,1405108122,Adam Hodgen,1,1,1,1,1,1,31,0,0,0
ipython,16fb184e81a2a0eda5f0eb3a7eccc514d9d486e0,1405110209,Paul Ivanov,1,1,4,0,4,4,202,0,0,0
ipython,204cfe53ee0a5101c26e115ea5710d8ece24f693,1405142424,rgbkrk,2,1,6,0,4,2,97,0,0,2
ipython,6d152e27f02de96f8a97f99e584e6846380352fc,1405225954,Jason Grout,1,10,32,17,32,29,1256,2,130,1
ipython,24edb4974118267e73aa5dcc8da1ca74f21eb8b3,1405226262,Jason Grout,1,4,14,7,14,11,564,0,0,3
ipython,84ff3ec15787158ec4682fa85a2cccbb4e405dd1,1405378536,MinRK,1,1,1,7,1,1,60,0,0,0
ipython,570589110429f1aae3a88638ff0b27d8feba71b8,1403310912,Thomas Kluyver,1,4,11,0,11,9,227,0,0,2
ipython,7852d0d34bb5311d3d3217ed9056ef2924531840,1403376320,Thomas Kluyver,1,2,15,1,15,13,572,0,0,2
ipython,4173cdb48bf4dbfe63d67d172064f0d1980559b4,1403377700,Thomas Kluyver,2,7,29,40,28,22,743,3,187,3
ipython,959a209ca6c0e92862b8d94583d08f9786d2b1f9,1403566502,Thomas Kluyver,1,0,2,2,0,0,0,0,0,0
ipython,72640ea8e7228caffa7ab381f587901ad4dd0b01,1403568957,Thomas Kluyver,1,5,52,2,52,40,1664,1,73,11
ipython,bfc15048eed021a639628d76965a48137dc7f0b9,1403887513,Thomas Kluyver,1,0,2,2,0,0,0,0,0,0
ipython,05ef1dc53ce3d1f594b6407bc9c1dab9caca8a0e,1403893621,Thomas Kluyver,1,3,4,1,4,3,181,0,0,1
ipython,02e57b63df3838fe3361971b6d2a45b91a2ae453,1403895760,Thomas Kluyver,1,0,0,2,0,0,0,0,0,0
ipython,7f5c68c0f254b03137cb835c4bc3ed4c9fb8e4e4,1405096116,Thomas Kluyver,1,2,2,2,2,2,110,0,0,0
ipython,55259a3542e0f06494bcad2369ddd9a2967e3d8f,1405096135,Thomas Kluyver,1,1,1,1,1,1,37,0,0,0
ipython,f239f6fd223afd3d9c7320a69f4dd319ca382fd3,1405109728,Thomas Kluyver,1,3,9,1,9,7,234,0,0,2
ipython,90f2049a93ac002a358ed356f148c0d2ff90e247,1405110029,Thomas Kluyver,2,11,35,35,20,15,747,1,41,4
ipython,da6f284cf1ffa1397c32167e1e23189ea29e5b2f,1405627657,Jason Grout,1,1,2,1,2,2,87,0,0,0
ipython,c92948b7d561b5c049a06ce7a2e9b551120880e9,1405630527,Jason Grout,1,2,2,2,2,2,145,0,0,0
ipython,a14b5c29d548ca518040b8ca3fd7e4566cc4acbc,1405630630,Jason Grout,1,6,6,6,6,6,345,0,0,0
ipython,506c6033d5fa12c1fe225fe2e5fa3989ba13f320,1405549764,MinRK,2,7,23,10,23,15,580,3,93,5
ipython,a9dd34fc85f51551781fe350d6838795954273e3,1405702781,Jason Grout,1,2,2,2,2,2,97,0,0,0
ipython,9f3a041b1c339ae982472446d36d38ef25f78fc0,1404152722,Jason Grout,1,6,8,6,8,7,479,1,39,0
ipython,4864a6a8101f283451bc70505e1b81bc2a5eef56,1406042488,Jason Grout,1,2,7,9,7,7,251,0,0,0
ipython,e52cbd5e775b75767983235028b83c78cdecebd2,1406055135,Thomas Kluyver,1,0,2,0,0,0,0,0,0,0
ipython,154e8d328d8953034ff761d72817f793388eaf77,1406056765,Thomas Kluyver,2,3,3,26,1,0,0,0,0,1
ipython,9ee57799a0a18219d131da53d354c68fe98d1971,1406056776,Thomas Kluyver,1,0,1,1,0,0,0,0,0,0
ipython,6b96ea9c700f5911d925214b590b1a99525c6110,1406057259,Thomas Kluyver,1,0,2,0,0,0,0,0,0,0
ipython,36967884d352580e1f644bcc343b85bae1db1890,1403562479,MinRK,2,4,13,0,13,11,425,0,0,2
ipython,9010f29685911cd6b4f295aff3f29ed40ca4c9d6,1404077744,MinRK,1,3,7,2,7,6,385,1,70,0
ipython,2b69ed7868120f670ef9e692105696e4ace3caf7,1406066041,MinRK,1,0,10,0,0,0,0,0,0,0
ipython,bfaa365be8e67369de4e934054d219fd633505a5,1405550405,MinRK,2,4,4,11,4,3,138,0,0,1
ipython,0440d2d200a5866c9f45409e46a2cff46b132086,1406146313,Jason Grout,1,0,21,0,0,0,0,0,0,0
ipython,9adb0b2bbe0bb3930dfef3121e229730c265604c,1406146970,Jason Grout,1,11,12,12,12,12,629,0,0,0
ipython,c39bd00f9fe8d958d6df6a70c8160b5defa621e2,1406150367,MinRK,3,7,27,9,24,21,741,0,0,3
ipython,274794afa43077ae6ae532b059a5a50320f70069,1406154815,Thomas Kluyver,2,1,10,0,1,1,83,0,0,0
ipython,5854d389114d0fe593e93b5a7927e5f84d62d9a6,1405487689,MinRK,1,4,15,0,15,11,415,1,57,3
ipython,90a936bd2845928a1475f99d9ee6d4192ef7654c,1406154788,MinRK,2,3,12,3,9,9,313,0,0,0
ipython,7b9b4f92296110081b4db4d977c0032a98b519de,1406155007,MinRK,2,9,43,7,43,35,1321,3,157,5
ipython,fb894f0a9609858277ede4f343b86954d664da46,1406160194,MinRK,1,1,4,3,4,4,166,0,0,0
ipython,6b2e3fcb083c102a81917a3e6641a451336d4598,1406232339,Kyle Kelley,1,2,4,7,4,1,42,3,167,0
ipython,5a148c3868ce994726f3ec411dc6bd0ca508ecf8,1405192811,Thomas Kluyver,1,2,5,1,5,4,161,1,65,0
ipython,edef819f33c5d9d2688af1702bbc9441bcd50b55,1405626933,Thomas Kluyver,1,2,2,2,2,2,142,0,0,0
ipython,b4aa89801ee8ad11f99f90e5f923248c4b881b87,1405984591,Thomas Kluyver,3,4,13,9,13,10,437,1,63,2
ipython,f328e974080567e8bbf64748f48b59bf845e461e,1406325646,Thomas Kluyver,1,0,2,0,0,0,0,0,0,0
ipython,d4deb8834231407c61a06a8484d54cc49512dc5d,1406326978,Thomas Kluyver,1,7,8,0,8,7,78,0,0,1
ipython,5f550f7bc46a6a0d0f4eb536495b6cc7fd25aeed,1406389460,sylvain.corlay,2,2,1,1,1,1,56,0,0,0
ipython,17d0d1318ac26cf0a2b5b554af718688047d7f5b,1406389636,John Stowers,2,3,94,0,94,58,2158,20,1055,16
ipython,50545e39c7c2aeed6b0a8020d7cdf328080a398c,1406392581,sylvain.corlay,1,5,3,7,3,3,101,0,0,0
ipython,2dd9d9aa820584c514eb0800df932601ef58d503,1406398285,John Stowers,1,0,1,0,0,0,0,0,0,0
ipython,fb344e792bb5050a58b6a1cf18b0536d0da02746,1404741347,Thomas Spura,1,1,1,1,1,1,58,0,0,0
ipython,69911d5962ffc796e2957e0c88b30c82106ac561,1406574680,Jason Grout,1,1,1,4,1,1,68,0,0,0
ipython,982bacbd4daa7682b48146c6a622ee1e58e2a6fb,1406590563,Sylvain Corlay,1,4,3,2,3,3,138,0,0,0
ipython,93af0877ebde4128c63d412763c579075d7c932c,1406591903,Thomas Kluyver,1,0,1,1,0,0,0,0,0,0
ipython,daf26bf015293e12321ab497943607a5f95b6061,1406654484,Thomas Kluyver,1,1,1,1,1,1,63,0,0,0
ipython,d014286487113ba5012d4d45d9dbfb8fe9f9a7f5,1406662076,Sylvain Corlay,1,3,3,3,3,3,117,0,0,0
ipython,8a8e505db6b91adf7724857c53ed6fcfc7358715,1406666163,Sylvain Corlay,1,2,0,2,0,0,0,0,0,0
ipython,589484fc6419d3d3666cfd7a2c64c43a9d540d07,1406680110,Sylvain Corlay,1,3,2,3,2,1,41,0,0,1
ipython,2da3e71ee93dcc1bbb2579d64cfd96b18329d249,1406724274,cel,1,2,5,4,5,5,236,0,0,0
ipython,70f5afef6089cdd44066a3d0f8c86d5f61a00964,1406730910,Jason Grout,1,0,1,1,0,0,0,0,0,0
ipython,f201b4627da9c33b21bdac0d5fb9c8fc20fa47d6,1406233850,Matthias BUSSONNIER,1,1,2,0,2,2,108,0,0,0
ipython,6265e11c70c3f41309473513e304ec4b70e9bbba,1406776584,Sylvain Corlay,1,1,1,0,1,1,25,0,0,0
ipython,66ddc129fc21c6810ce878702d4cb3011fc13d69,1406823588,Pankaj Pandey,1,3,6,3,6,5,285,1,62,0
ipython,8657e6ed00455c32c5f44f20ca9aa213044c5e6e,1406831712,MinRK,1,2,2,2,2,2,90,0,0,0
ipython,3ac4aca85c5d0e48ada6d23aeb1a4893cd8a39ae,1406832777,MinRK,1,0,2,2,0,0,0,0,0,0
ipython,e918eb57cc45b49ec88080fc1437f8cf8ce3dacf,1401478751,MinRK,5,3,1710,1712,1044,797,33116,66,3315,181
ipython,48c2b3dc8ce203acae8f6654a20c6935cb56f25a,1401480081,MinRK,14,80,1467,1574,817,660,27850,35,1581,122
ipython,dbd4c509ac72a848d0c5d4c2eae06b111bfd7977,1401742031,MinRK,8,46,238,186,166,143,6308,6,303,17
ipython,f8d34e13b8013c868b3003dc560672c8628146b8,1401820545,MinRK,5,21,145,47,77,70,3432,1,24,6
ipython,2bee5e5abcdeb825dde0aeba7d7d8d5f11e43e92,1402944543,MinRK,1,0,22,12,0,0,0,0,0,0
ipython,fb8cd393d5ee7b5cb9d15ad8ac8a9afb8de83e84,1402948020,MinRK,3,30,42,39,42,38,1951,3,130,1
ipython,35c8d208d0c5447fd77231d7664988cb5893d14f,1402948055,MinRK,3,4,40,6,17,15,627,1,68,1
ipython,ec353c7dcc051e51e0d31912a7710a39172d06ac,1403029123,MinRK,1,4,13,10,13,11,519,0,0,2
ipython,b3343796a091b8bee869f7cb8182d1350c70825f,1404150607,MinRK,2,6,8,8,8,8,435,0,0,0
ipython,8f08d4e14486c6a10f21aa1533d1bf1fc8a942f7,1405447346,MinRK,3,10,47,52,47,34,1403,6,256,7
ipython,920c0ba667342ca43712500cde622ebc2c40447d,1406065194,MinRK,4,47,143,52,137,115,4941,1,48,21
ipython,96cae319e023ad2d5a05db9404e450939df9be8c,1406667687,MinRK,4,15,39,13,35,31,1464,1,28,3
ipython,531829959927e1bfbb05989e7ef779269120fc36,1406676110,MinRK,3,3,0,6,0,0,0,0,0,0
ipython,95200caf063d81d44af678d68e2d13b6d230406b,1406833424,MinRK,1,1,1,1,1,1,66,0,0,0
ipython,fc81841af13eedaa9392a36e2dbde2ee4056eeda,1406834567,MinRK,1,2,1,1,1,1,51,0,0,0
ipython,f2807f0f2e5c4bf7385d0b7bfa4e21536cea20ba,1406974120,cel,1,3,12,2,12,12,502,0,0,0
ipython,713053c4f44bdce9ee454e765087459c923f6f1a,1406977265,cel,1,1,1,1,1,1,20,0,0,0
ipython,fcfe6d98884f5684770883b2f429eb9efedf9041,1407006213,Steven Silvester,1,2,2,1,2,2,99,0,0,0
ipython,0259e7c94ce48dc5bc155a6b5a9d223a96b2661b,1407075494,cel,2,10,14,12,14,12,316,0,0,2
ipython,4f0beac1ee3e0ad36a115d975d246e9bf4f7fbd4,1407176562,Thomas Kluyver,2,5,21,2,21,14,521,2,88,5
ipython,3a287e3d42c88a265f020172095c28c9ce9c22a7,1406583975,Jonathan Frederic,3,3,415,3,333,266,12425,0,0,67
ipython,b1b857b0e0652bac473eba2926eaaf5d374ce7a2,1406662757,Jonathan Frederic,1,16,74,71,74,64,2426,1,47,9
ipython,d674ae2e050b4a08da4158a1a512fe0abd305a78,1406663967,Jonathan Frederic,2,3,40,28,32,26,1326,0,0,6
ipython,a12269ed512759449567ccce4a6da1187f2671a4,1406664446,Jonathan Frederic,1,8,11,35,11,8,568,0,0,3
ipython,d3a0284e3e2ade8be1783e353a64e37ee1142e2e,1406667872,Jonathan Frederic,1,4,19,18,19,19,822,0,0,0
ipython,0f62bca72cdcd19f5b7f91012d019fbfef10fa6b,1406674198,Jonathan Frederic,1,1,5,5,5,5,181,0,0,0
ipython,b8a2d02cfa594e28c1c27ec8b011983304f60504,1407239428,Björn Grüning,1,2,3,3,3,3,202,0,0,0
ipython,5b9fb0da8989736299bc3210a0248ffaa3ee770f,1406479466,Eric Galloway,1,1,10,0,10,5,204,4,152,1
ipython,55afd45aa3db493f54cd57020ed2a2c0dae66f89,1406658691,Eric Galloway,1,4,3,13,3,3,215,0,0,0
ipython,19bb2609a8943698f20fefd77e54e51153df2294,1407208363,Eric Galloway,1,1,2,1,2,2,112,0,0,0
ipython,1a9ceb40e10656dc9c385cd974888c56af433cba,1407261009,Thomas Kluyver,3,3,80,18,51,40,1494,2,88,9
ipython,55a9b172250d5a4c000ddf5fb63f21978bdbf6fd,1407265242,cel,2,2,2,0,2,2,48,0,0,0
ipython,7ffeded8c8c4cc3ea3c287f7231175b6412ebbb2,1407272174,cel,1,0,31,0,0,0,0,0,0,0
ipython,41d26d21b1d2aa128e66d9feba255356470c7f8c,1407307156,cel,1,0,4,2,0,0,0,0,0,0
ipython,c18b5832ad98e334fed61d89e2deb8c98e5430fb,1407358096,MinRK,2,0,5,87,0,0,0,0,0,0
ipython,fcfb06b058aa49fcffd36b3ad01fbf62cd71bd81,1407364471,Paul Ivanov,1,0,2,1,0,0,0,0,0,0
ipython,f733d7c1559e4f3c7d3359a0a7dcac48c8f64b89,1407431535,Jason Grout,1,1,1,1,1,1,87,0,0,0
ipython,51dc53fd1e6865e014cea9c720271e61aff6fc56,1407439945,Gordon Ball,2,4,10,2,10,8,348,2,130,0
ipython,d2166a0b0011d51cbd3d7ae39efb0c6a0fc3d7d5,1407446534,Thomas Kluyver,1,0,6,0,0,0,0,0,0,0
ipython,3cfbefe0cfada15c37a629b9ddd2c00b74363100,1407446695,Thomas Kluyver,1,1,2,1,2,2,131,0,0,0
ipython,929c34a7d9884a04d32f7393adc6b48515aba372,1407453645,Thomas Kluyver,1,3,11,7,11,6,168,3,103,2
ipython,7fc9cf6f90836c98910452cfde07d69e0b4a9636,1405171969,Jonathan Frederic,2,3,23,2,23,16,960,0,0,7
ipython,21c072f891d331d961c5ee9d08c29b03af970898,1405460771,Jonathan Frederic,2,4,10,6,10,10,472,0,0,0
ipython,99ab024b26838ea8461e4f495d4fc82076d5f82f,1405712853,Jonathan Frederic,12,81,139,63,139,123,5331,3,83,13
ipython,a02528061d31652b722e034ca06c263d2fa8eac4,1405718349,Jonathan Frederic,1,0,36,36,0,0,0,0,0,0
ipython,60e8ce4a7679a64743d8b0e05e6938e902a03f55,1405630400,Sylvain Corlay,2,2,2,1,2,2,118,0,0,0
ipython,5952c27619c340dd212cbf4023919441c5827765,1405719279,Jonathan Frederic,1,4,7,5,7,7,321,0,0,0
ipython,3fe9cbc5e908ad59cbbfbaa098ee14e2e700e466,1405967862,Jonathan Frederic,10,40,61,12,61,41,2471,9,207,11
ipython,5ac0642bdcb13bb04b76fb6eeb92d12404f90ae2,1407717418,Thomas Kluyver,1,2,10,0,10,9,345,0,0,1
ipython,e113ee952f5d85b121ab8e4384b13228f6ebff60,1407717470,Thomas Kluyver,0,0,0,126,0,0,0,0,0,0
ipython,f9f2aee73730c6313a025ade30174e6705819503,1407718104,Thomas Kluyver,1,0,2,1,0,0,0,0,0,0
ipython,c026e2150386706c75b357974ab60985cd46b9f6,1407776791,Thomas Kluyver,1,0,2,4,0,0,0,0,0,0
ipython,cf808d2137f3defe1eb28564bef56cbe12a0b9fc,1405624190,Jason Grout,1,3,7,2,7,5,150,0,0,2
ipython,a495289203bae31eb35adf23ba4f22f69c898dea,1405636863,U-Jon-PC\Jon,1,2,6,2,6,6,226,0,0,0
ipython,1162e9e76ed7fc207f28ddc086adb224a0312f31,1405704491,Jonathan Frederic,1,2,11,10,11,11,509,0,0,0
ipython,748dcd733eb3080a5736ca65cfc1c1e195ff45c6,1406138432,Jason Grout,1,7,11,16,11,11,544,0,0,0
ipython,1cfc8c646b134b4922bc9324681d64b7261158f2,1406949362,Sylvain Corlay,1,2,6,2,6,6,302,0,0,0
ipython,28bbb74dc4e0e4c1d978bb6f75accfec7a9c0f10,1407797438,Thomas Kluyver,1,1,2,1,2,2,114,0,0,0
ipython,fb8baf192b442e8835e21588181463a67ebdab43,1407864581,Jason Grout,1,9,35,10,35,32,1320,2,108,1
ipython,49333a34bb166a2927aad3eeeb90b0b6dee4a720,1407866852,Thomas Kluyver,3,4,33,1,22,19,799,0,0,3
ipython,7b199e4fa732dc7e0019998da30c9d33f35d39d8,1407867837,Jason Grout,1,2,5,2,5,5,178,0,0,0
ipython,067fcae977935810761df7de71bebf732154d8c8,1407868853,Thomas Kluyver,4,2,43,0,20,15,556,2,91,3
ipython,6c9c2ae4281ec584e5d7d93c4dfabe19b7f39de4,1407869833,Thomas Kluyver,1,1,1,1,1,1,37,0,0,0
ipython,876ae2d2ab207c465c58dbd02365c9466de90983,1405321831,Sylvain Corlay,1,1,51,0,51,39,1299,2,28,10
ipython,cadaf1152dd394554679e94d6a0f7731c3e9be69,1406682503,Sylvain Corlay,1,1,1,1,1,1,81,0,0,0
ipython,3e10d463afb5aa64a86272e80a6d72bfa89396fc,1407763638,Sylvain Corlay,1,3,6,2,6,5,251,0,0,1
ipython,2e10c1d54cd597a291baaf37e67a3554bb71fa9a,1407893383,Sylvain Corlay,1,0,67,1,0,0,0,0,0,0
ipython,9dae47124105c3615e649aef59c05ec8559237a2,1407367379,MinRK,1,0,1,1,0,0,0,0,0,0
ipython,429008e86322cdb0990bec8628f19b009dbd8ff9,1407952962,Thomas Kluyver,1,2,3,1,3,1,65,2,74,0
ipython,37c057cef08f1620c828aef89aa77a926c01be98,1407954745,MinRK,1,4,35,2,35,27,1173,2,46,6
ipython,7643236be3869c133df0a75ae85198c1dda5ff2c,1407955590,MinRK,1,1,2,0,2,1,38,0,0,1
ipython,1fa8d824c60584e7463da2f48fd77f81300ff5e2,1407961167,Jonathan Frederic,5,17,18,18,18,18,661,0,0,0
ipython,973125a7445965fb2a7e28b829a43b653b4f3c66,1407961770,Jonathan Frederic,3,4,76,76,76,51,2238,6,295,19
ipython,5e9f12e77ba44f96593b24885bf71e42b7469f13,1407991912,MinRK,1,2,9,0,9,8,316,0,0,1
ipython,e8b9a553e3b4794afee73d6bd0b1ad66589435b3,1408135273,MinRK,1,5,8,4,8,6,221,0,0,2
ipython,dfa96e880c51c73165053773861399e62befae83,1408154293,Eric Firing,1,8,8,0,8,8,248,0,0,0
ipython,b98f4f2347d7855dd5bc8a3bd0bc480d01b8865b,1408302755,Carlos Cordoba,1,2,13,0,13,11,542,2,83,0
ipython,fd237cd5d404784fe0238914fab9ce867425b3ad,1408306601,Carlos Cordoba,1,2,8,2,8,7,257,1,51,0
ipython,1f9294c29865c66961f4ec485cd8bb817c541b3f,1408382171,Jason Grout,2,3,11,4,4,4,219,0,0,0
ipython,60553571df11990ae6ca530db1dfe705174be8d6,1408382887,Jason Grout,1,4,10,10,10,9,556,0,0,1
ipython,a9e2ee71c31fd6a5187e8247b4d2743cf79ae9fa,1408384040,MinRK,1,1,1,1,1,1,33,0,0,0
ipython,69d507f0be43da1d3e40c46578b03b9548e6ce97,1408396674,Jason Grout,1,2,2,2,2,2,106,0,0,0
ipython,eed350de98f968b194d4fe6511753122b92566b2,1408544733,Gordon Ball,2,13,160,26,160,116,4830,14,775,30
ipython,523863a4aafa02d722d6b2fca6e1aa163730de59,1408544753,Gordon Ball,1,0,89,2,0,0,0,0,0,0
ipython,519d4ccab3184ee0c8a8ed908108286f9cb444e6,1408546192,Gordon Ball,2,2,0,2,0,0,0,0,0,0
ipython,81d5c2d5cf6b06a7d923ffc8bf9ae6120e76e5c9,1408546737,Jason Grout,1,4,4,10,4,4,190,0,0,0
ipython,2fcc6d49399b5734c9699d83f0a58c95eed05cad,1408552445,Jonathan Frederic,2,2,2,2,2,2,119,0,0,0
ipython,28d7cb7c63d9e02aa2067f9065d4c0d634670faa,1408554009,Amin Bandali,2,2,11,1,11,10,305,0,0,1
ipython,97718bef680a3e5b7babedcbfdffbe9a16faa820,1408554895,Amin Bandali,1,2,5,0,5,2,63,3,129,0
ipython,7b6d94efaf798fc6de68589eec3c3a92b02361c5,1408742893,Brian E. Granger,2,6,18,8,18,15,615,2,34,1
ipython,12bfc3d310649b8d625f18908f16e2fe2866580a,1408873699,Gordon Ball,2,4,4,4,4,4,270,0,0,0
ipython,400433c5700e6417b751d5a1080307aa2de0d139,1408875962,Gordon Ball,1,0,16,8,0,0,0,0,0,0
ipython,fd077d4a00439a2065bf6417dff868fdade03f4f,1408876016,Gordon Ball,2,6,22,24,22,18,894,4,224,0
ipython,69f9b4c9d98d329f8bd7b6a97cd69147fa1415c4,1409042252,Gordon Ball,3,8,26,16,22,19,808,1,78,2
ipython,68e1f47483a6213298d9f9f84fd0a5d04ca31127,1409069574,MinRK,2,1,38,1,4,3,137,1,38,0
ipython,947a4fdc9075aa55a8b2d518bd8d1513c3156d40,1409086457,Erik M. Bray,1,2,2,1,2,2,92,0,0,0
ipython,ea83bb5cd68af4ab75c4a9d7bf2627fa4c9eba07,1409086845,MinRK,2,10,27,29,27,17,753,4,198,6
ipython,e3aa9836aca475d75d3f56314fa696a32e475e6a,1408735229,Jonathan Frederic,1,1,2,97,2,2,157,0,0,0
ipython,c3d6279f7cfdab250dae81fb0723f5ebccccb489,1408746101,Jonathan Frederic,1,2,43,1,43,39,1271,0,0,4
ipython,633f8ad2296b8725e5ada890232409a646de5639,1408996829,Jonathan Frederic,3,4,6,4,6,6,349,0,0,0
ipython,5f703a093826233b9027f6adf45ae4f084ab175c,1409027325,Jonathan Frederic,2,2,12,0,12,11,585,0,0,1
ipython,579578fca9ce3f0044bdece146b9e2564d080e92,1409096953,Jonathan Frederic,4,4,20,0,20,16,864,0,0,4
ipython,a4156457186fb8e8b66d58ce8664f3619b1391b0,1409099165,Jonathan Frederic,5,10,25,8,25,22,1326,0,0,3
ipython,4b05db927277ad640941e5b4eded9991c109208c,1409152511,Jonathan Frederic,2,2,4,2,4,4,246,0,0,0
ipython,29d011080d9695ae32b8ed4f8b3221fefb115068,1409255540,Jason Grout,1,1,1,1,1,1,41,0,0,0
ipython,95d969710ce6803dca8dc01b1f3ffd49dfc15f9a,1409265442,Paul Ivanov,1,0,3,0,0,0,0,0,0,0
ipython,c65df7d1a1c6b9ed4c4a349d73940e9e71786420,1409265875,Paul Ivanov,1,2,3,20,3,1,88,2,99,0
ipython,74a877ea8d04bac5333a61964e9b93aefd5c9c63,1409276490,Brian E. Granger,1,1,1293,0,1293,1285,28064,5,245,3
ipython,678fe5fbee493b4cf6bdf318c3dd8ea324f28da5,1409276585,Brian E. Granger,1,7,15,8,15,12,518,2,142,1
ipython,8e3aa611ca90949463738988febcbd183c0aeaa8,1409277026,Brian E. Granger,1,2,11,11,11,11,498,0,0,0
ipython,b6aafcb269925ae0780d4567c8f9e1457145e822,1409277639,Brian E. Granger,1,2,7,0,7,3,121,4,167,0
ipython,86871b137dd159a15cf17a1ea7caf5b96b0656ac,1409220395,David Hirschfeld,1,3,2,3,2,2,72,0,0,0
ipython,4be38b38c4f50ecffb876fe6b2955d3da21df5de,1409320540,Brian E. Granger,1,0,21,0,0,0,0,0,0,0
ipython,a8de2ab5b33d1fac1000ae2d1f7edae9a310e689,1409321239,Brian E. Granger,1,0,76,0,0,0,0,0,0,0
ipython,a23956d28fb2ad7acc08bf32302c78533a63b7b6,1409321634,Brian E. Granger,2,1,16,1,4,0,0,2,112,2
ipython,ba5144f7a172d75a9a6e3a569fdb8a0b161bbe63,1407786472,Thomas Kluyver,2,11,92,35,92,71,3465,3,157,18
ipython,a2ec27ac519c10cdb71c6beb1ecc972566369f93,1407800651,Thomas Kluyver,3,10,10,17,10,10,589,0,0,0
ipython,dc0e0aa5cdb0a9c9f1a5a57631bf225f1729b7ca,1409547016,MinRK,1,0,1,1,0,0,0,0,0,0
ipython,4dad0743271c4fdc3576a90256f6e6700f1a5969,1409606868,jonasc,1,1,1,1,1,1,78,0,0,0
ipython,a20c271bb1a6a1be22a2e00deb8134f15a6bf7a1,1409684992,Paul Ivanov,1,1,1,1,1,1,86,0,0,0
ipython,91dd705abedd460b685a67f0176d27dd904634bd,1409701984,Paul Ivanov,1,1,3,0,3,0,0,3,142,0
ipython,470b82131f25ab74564b48394e8c49351bd192b9,1409760593,Martin Bergtholdt,1,1,6,1,6,5,206,1,45,0
ipython,7c1173bb5b6d093b4ff7cc89cbe069e1179f1d96,1409857622,Thomas Kluyver,1,1,1,1,1,1,29,0,0,0
ipython,6b1d6ceb02fd59d9a29a49265ffc40b7e2aa82e8,1404422319,Thomas Kluyver,1,5,19,4,19,15,486,2,130,2
ipython,9808de1c6c513697c95f48861e51c2b07069a9b8,1404422983,Thomas Kluyver,1,0,1,1,0,0,0,0,0,0
ipython,aa2b0356ece487c06775a996c04e9310246044a7,1404423395,Thomas Kluyver,1,8,8,7,8,7,261,0,0,1
ipython,0527e8098f0e6ed74703754490edcd113b0ed765,1409876371,MinRK,2,8,16,5,16,14,672,1,46,1
ipython,0d346dc47c3c7877773a69e687d276aa5cc2bccb,1409877147,MinRK,1,1,0,12,0,0,0,0,0,0
ipython,13dc525cde9584b8fa30cc978c8118b3b46952ad,1409935202,Thomas Kluyver,1,1,1,1,1,0,0,1,61,0
ipython,b70c50fc76ce6352ff38654b8746f79f3f8b66da,1409937397,Thomas Kluyver,2,2,42,2,7,3,159,4,217,0
ipython,6d081d23554f1f2891a745aac0c559a633cb96f6,1409967898,Thomas Kluyver,1,0,1,1,0,0,0,0,0,0
ipython,ef2b848b77165cda09da17c19a783bff9e96fb78,1410028514,Thomas Kluyver,1,1,1,1,1,1,74,0,0,0
ipython,722e8dffcf411935debc42087c92dccda13d3afa,1410050870,Scott Sanderson,1,0,1,1,0,0,0,0,0,0
ipython,2591b6eb619b358a83388c9079e3dbd80a059036,1410051057,Scott Sanderson,3,4,59,1,23,15,547,6,329,2
ipython,40708d452dbeef2603c641fa067671e0c5079734,1410114959,Scott Sanderson,4,4,9,13,8,6,249,0,0,2
ipython,8a65f6a76ecd83375ed77c2e97d96f70ebb45dd5,1410122764,Scott Sanderson,1,0,31,22,0,0,0,0,0,0
ipython,3e8f63d06e7d4f95bb84176d140d5eb3591d78c5,1410217769,Thomas Kluyver,6,10,52,15,34,31,1107,1,80,2
ipython,1db369afd8fcea30afe5c75fabcd7a879b51b6b8,1410217881,Thomas Kluyver,1,1,1,1,1,1,37,0,0,0
ipython,69753f292c835e94d705d68043f56fa29f3b71f4,1410291468,Thomas Kluyver,1,0,1,1,0,0,0,0,0,0
ipython,27f7469e9a897bcceadb7d3f44cf68e7d99ff77e,1410291721,Thomas Kluyver,1,0,4,7,0,0,0,0,0,0
ipython,29419d54659d27a52add8241b786032724a2fb16,1410296844,Thomas Kluyver,1,1,6,0,6,4,151,0,0,2
ipython,48f15a5272451f203f836e0b9272b37608e69780,1410310426,MinRK,2,7,64,44,34,27,951,5,190,2
ipython,1009f34d9c60bee02b2a964decb24ef4a82cf095,1410312118,MinRK,1,4,8,16,8,6,218,1,21,1
ipython,a7c197722cf874424fb786c5ee94ce71cee61d0a,1410384644,MinRK,1,0,6,1,0,0,0,0,0,0
ipython,31358e4923b704a9756f904f8da3b721dab0993a,1410388062,Jessica B. Hamrick,1,0,39,0,0,0,0,0,0,0
ipython,bd20680ffd2ef9be4664c73070345c49aa6903de,1410387675,Jessica B. Hamrick,1,1,1,1,1,1,84,0,0,0
ipython,e34e96ed0e7fa7f7d97fc4206880945d2d80891e,1410392447,Thomas Kluyver,3,4,54,25,42,35,1083,1,16,6
ipython,057647a08db07ae1850280daf773f4bfdfc5e2c5,1410392556,Thomas Kluyver,1,3,8,31,8,8,488,0,0,0
ipython,7cd33e289688c04cf50efc174dbb840f29719ec3,1410404871,Jessica B. Hamrick,1,0,10,2,0,0,0,0,0,0
ipython,b383dfc2e31a7cf2272e7564d267f3bec4c52f47,1410405245,Jessica B. Hamrick,1,2,7,7,7,4,257,1,52,2
ipython,19e90fb3a336fd63f556289770ad1e9a1799e32f,1410473168,Thomas Kluyver,2,3,29,0,20,15,432,2,114,3
ipython,8132869a2cc83a53f7995e5e1c45de8ae3326fc1,1410480557,Thomas Kluyver,2,1,16,0,1,1,55,0,0,0
ipython,d3b9eea23a3d84e36230d6eaaa74aac915bdb3a1,1410733325,Richard Everson,1,4,11,5,11,8,421,2,167,1
ipython,a30d17c61bc46c23398db08acd6122de841d7816,1410821872,MechCoder,1,1,4,0,4,4,200,0,0,0
ipython,812a795605e6fe9d4ebff54d1f67aa29d82d52f2,1410826628,MinRK,1,4,4,3,4,4,193,0,0,0
ipython,aebed09544ab368b1714c1ce8f676966930ff446,1410845089,Jonathan Frederic,1,3,13,3,13,11,542,0,0,2
ipython,2466a892090d43ef519cb9289ff3a36b64789a87,1410850274,Jessica B. Hamrick,2,1,3,0,2,2,80,0,0,0
ipython,1a8180c1eaf868d237b2fa6d5d8a46c41dc5d335,1410823941,MechCoder,1,4,11,3,11,8,388,3,145,0
ipython,e13032314adf2bb60871a679a9e56df77e58391a,1410865929,MechCoder,1,1,1,1,1,1,41,0,0,0
ipython,c8a0c8636ab917c62ece7429bf435a1913978877,1410885534,MechCoder,1,1,6,3,6,4,253,2,71,0
ipython,1c959ab2a959cc10b15b2f12b1be831bc6aecb14,1410887879,Jonathan Frederic,1,1,2,2,2,2,71,0,0,0
ipython,a122b461bcf26865ef6e40fb19ff7872d69a7239,1410907121,MinRK,1,4,13,5,13,13,545,0,0,0
ipython,d3b2122db43196fc2b64bdfab47b40d681e179dd,1410909835,Jessica B. Hamrick,2,1,2,3,1,1,40,0,0,0
ipython,30e10449205763363fe8663765645796b0dc8fd5,1410909937,Jessica B. Hamrick,1,1,1,1,1,1,37,0,0,0
ipython,16b768604048341369a9314e519f6b4e809cec31,1410914728,MinRK,2,6,28,6,7,7,384,0,0,0
ipython,4fcf24112f53d4c9271cac445c671aa24b8e2da1,1410973519,MinRK,1,1,7,0,7,6,267,0,0,1
ipython,d8c13f503b8e40436c75345317b36cec52788c04,1397847847,Thomas Kluyver,1,36,152,134,152,131,5567,1,78,20
ipython,e2e856edaf8bdec7ca09ff01cd19c7e600528ab1,1397848155,Thomas Kluyver,1,1,1,0,1,1,37,0,0,0
ipython,a71690af8e0936bb4d460729506f2a4c28d10f7c,1410977052,Thomas Kluyver,1,1,2,2,2,2,142,0,0,0
ipython,7047045243c2eb818461046c04ac9c011d3353e4,1410979085,Thomas Kluyver,1,7,33,12,33,25,958,1,35,7
ipython,45674b8cd3ce4dd8c16043a10c7e5a915f9bbd76,1410983000,Thomas Kluyver,1,2,5,6,5,5,166,0,0,0
ipython,2a03f583322098a91aa32ea9eec1abf19ac4240f,1411043545,Matthias BUSSONNIER,1,3,7,3,7,5,361,1,1,1
ipython,05664254c1d2cb86f260c7f5ea6bc62352254886,1411063387,Thomas Kluyver,6,2,27,17,17,15,671,0,0,2
ipython,7db52a7b5c5b8f2d21c773ac41e07ca0ec656396,1411147051,Stefan Zimmermann,2,2,9,0,9,6,243,0,0,3
ipython,50ab9a900d617e41ecca11093e4bed2c2bb5ac03,1411151016,Thomas Kluyver,1,5,7,7,7,5,156,0,0,2
ipython,76e47fb32ffc23bbd0ff58c15c8f908bda4d650c,1411290997,Matthias Bussonnier,2,8,21,398,21,18,792,1,77,2
ipython,05669149850aad531e6277dac4237a6433f3ab34,1411322916,Matthias Bussonnier,1,1,2,3,2,2,127,0,0,0
ipython,b8585ea04e63c8668ed4a6c8f4e8afc3fb0be7fe,1411323353,Matthias Bussonnier,1,1,1,1,1,1,94,0,0,0
ipython,789bdbb25e20aef9270f3557c44280b93387ff07,1411328685,MinRK,1,4,5,5,5,5,380,0,0,0
ipython,14ea082b2ffecc9f27153345b2ec16e1fe335508,1411329991,Thomas Kluyver,1,1,1,1,1,1,57,0,0,0
ipython,143b71e0f3ed6ce38d68814668125f0437530856,1411330565,Thomas Kluyver,1,1,1,1,1,1,36,0,0,0
ipython,876158e94e902b75ab094808285fd01467f17242,1411413831,Gordon Ball,3,9,19,19,15,14,543,1,78,0
ipython,3e28c1c9af00186201d1372c045462af95052753,1411417279,MinRK,1,0,12,15,0,0,0,0,0,0
ipython,60cc2120273d2f6695be75e6d931358bfaaf0a46,1411490040,jgors,1,10,15,15,15,15,898,0,0,0
ipython,5bc9cd81e4547912d1d91876dc0aec8bbe0c2cfb,1411494721,jason gors,1,1,1,1,1,1,87,0,0,0
ipython,50b5a7036533e03e4976b959971d1766f45d600e,1411510680,Jonathan Frederic,3,4,14,0,14,12,623,0,0,2
ipython,36ad7b3ad585d8118a592badf2adb2269f322957,1411567087,Matthias BUSSONNIER,1,2,4,1,4,3,121,0,0,1
ipython,5838172cee4d5f63e2d7eda27d082300a5b95054,1411579767,MinRK,1,6,16,6,16,15,632,0,0,1
ipython,4bd3adb8d19d01d6402174408cd57e8d4c950410,1411579839,MinRK,1,6,10,22,10,7,273,0,0,3
ipython,52280fa474212c2894ff49718d2d37222ee30739,1411579851,MinRK,2,3,2,5,2,2,80,0,0,0
ipython,7a1dfddda4fc3e31a05aba3801e7add89482924c,1411597738,MinRK,1,2,2,8,2,2,94,0,0,0
ipython,a59dfd02b7ef1a068d7b36e0cbff28a872b772b4,1411597923,Thomas Kluyver,3,12,22,18,22,19,899,2,138,1
ipython,70e4599e4a702c9e9ec28cc911ce41be40cd1929,1411500302,Jonathan Frederic,2,7,18,12,18,9,404,7,388,2
ipython,2f82af5af9eb9d4c8c700e35a0061cd0b4ef92eb,1411597856,MinRK,1,1,10,1,10,10,341,0,0,0
ipython,33ed38311277e85458b17aeb5dc39a646b5b2df6,1411605484,Thomas Kluyver,7,17,31,37,28,27,1292,0,0,1
ipython,d3462a1f9ed6e6c22829d3d49bcd779ce62a8d51,1411614641,Sylvain Corlay,1,2,5,5,5,4,224,1,12,0
ipython,bb8d9aa91b6d1bf2a765113d5845402c059e6969,1411681566,Thomas Kluyver,1,1,0,1,0,0,0,0,0,0
ipython,e6d9f800c2d5cc1bb679fef27518fe11c73449a1,1411681898,Jonathan Frederic,1,2,2,2,2,2,130,0,0,0
ipython,93131c091ae528ff6a901d93f18a96ba6f6b83e9,1411682066,Thomas Kluyver,2,1,24,0,8,5,275,1,37,2
ipython,13301edbe789a4475f96420a4c454dd37039b0c8,1411683961,MinRK,1,0,9,0,0,0,0,0,0,0
ipython,b7701f726e16dedd0aba0625ed4b6da9bcb22d54,1411696170,Thomas Kluyver,1,0,11,19,0,0,0,0,0,0
ipython,da191473c9641765ce5608bb9c7105b5340f023d,1411755808,MinRK,1,3,8,1,8,7,272,0,0,1
ipython,d6c978584acd1a7c879ce0e7a368f4db7e5aace5,1408657467,Jason Grout,2,2,36,0,36,16,612,13,675,7
ipython,33bac3b6cfcbac47a8692abad4b748c4a62fb413,1410276324,Sylvain Corlay,2,4,21,2,21,13,541,2,115,6
ipython,1cbffd7d31b703239f96f3375ba356371df01b00,1411756285,Thomas Kluyver,2,0,2,2,0,0,0,0,0,0
ipython,c2b81db56eb02bdf6514688627f74eb53a12b8a6,1411846704,Cyrille Rossant,1,1,1,1,1,1,29,0,0,0
ipython,fd7bc6d21cb428889a11d4f91d2d4000c874d4b8,1411856115,MinRK,1,7,12,21,12,8,346,2,99,2
ipython,7df5d75aa29c39a70c8a8f73a9d4ca8efc0f90e7,1411856202,MinRK,2,5,6,21,6,4,210,2,99,0
ipython,ee5477092243c6994ec021dc5d98b773d99ef7f2,1409607827,MinRK,2,3,10,68,2,2,47,0,0,0
ipython,04bb1e712ab39a61adecad1153e8afee79402c66,1410200502,MinRK,2,10,56,37,24,18,568,2,99,4
ipython,6ee28e22e4f71d63ac76c24fcc6019ecd6732a10,1410200684,MinRK,1,5,9,21,9,4,122,4,129,1
ipython,1b4fb63d17f0d7f563547086314ff4e7acf02e44,1411874183,MinRK,1,0,6,4,0,0,0,0,0,0
ipython,ac8354039013f329fe4c6311e16a86bcd4270d18,1411921088,Matthias Bussonnier,2,1,3,11,1,1,61,0,0,0
ipython,b0f1c4a91131be67754c692bfeabc4ad9f3710b1,1411921108,Matthias Bussonnier,1,1,1,9,1,0,0,0,0,1
ipython,462e3bd53bcca1c570b81faaf73cbd52a77cea3f,1411910404,Matthias Bussonnier,3,3,4,4,4,4,170,0,0,0
ipython,ba09cbc00ec05b8d414126dd79962b358114c3a2,1411919243,Matthias Bussonnier,1,0,17,0,0,0,0,0,0,0
ipython,eac159d1e93d7513ec5c6f5125cd73653be36105,1411920125,Matthias Bussonnier,2,2,1,7,1,1,43,0,0,0
ipython,001b05b6e31d6db982b5ebba66ff724bf7f6a933,1411778481,Jessica B. Hamrick,1,2,6,1,6,5,262,0,0,1
ipython,c6360a7ebe2e75b093c4d3c4dffe41664176207b,1411784550,Jessica B. Hamrick,1,1,5,1,5,5,325,0,0,0
ipython,756e32b44b1c9c27adc4e4d4cd4cb2dda4e5f6c2,1412097685,Jessica B. Hamrick,1,1,1,1,1,1,57,0,0,0
ipython,bbf6cb029015c8d7fa10b8fc582cc47f4bfd4e7c,1412099323,Jessica B. Hamrick,1,1,4,2,4,4,209,0,0,0
ipython,e208a1b254324cffead9f8fe824dd03dbe365f2d,1412104861,Jessica B. Hamrick,1,1,1,1,1,1,57,0,0,0
ipython,7d7964168722b50d3aa1f5774545bee830477a08,1412106931,Jonathan Frederic,1,3,10,10,10,9,476,0,0,1
ipython,0d0da44d7b24ece032f6c4c23c8e48bd6f7a15a8,1412111382,Thomas Kluyver,1,0,4,1,0,0,0,0,0,0
ipython,8a897d73020ba4e567b6b30b39ddee6fce8186d2,1412111511,Thomas Kluyver,1,1,6,1,6,2,97,3,186,1
ipython,2bd78ac76d40c0c1ddadc9ef9aa7904724b40c2a,1412184087,Thomas Kluyver,1,1,2,1,2,2,73,0,0,0
ipython,3a7f25caab28cd8f1152af466088d6d18e7970ee,1412189866,MinRK,1,7,10,19,10,7,236,2,99,1
ipython,fb904f5cb964ce585471e0ded2db3b6596251916,1412189886,MinRK,1,3,4,18,4,2,71,2,99,0
ipython,db4cc9749cd8c8267d583957639276fc293b0c78,1412203151,MinRK,2,2,2,0,2,2,47,0,0,0
ipython,26753f5cb19fffa49d2ea678287e51a270d966cf,1412209697,Thomas Kluyver,1,1,3,3,3,3,170,0,0,0
ipython,5af32843c22717a6d784813e256fa498bb667fa6,1409169584,MinRK,10,10,27,30,18,16,710,0,0,2
ipython,3ba763b838e56da007872b8d029609564d7b47b2,1412285970,Nathan Goldbaum,1,1,1,2,1,1,79,0,0,0
ipython,f8e094ed12b42fb801bce9ddc2e59c985dbad728,1412353917,Sylvain Corlay,1,1,2,1,2,2,133,0,0,0
ipython,36b4ee9a519b895d39ea2fc2febc9ffd875d3958,1412359656,MinRK,1,2,4,1,4,3,150,1,74,0
ipython,d270fc3798ed2e0bb1098bb3757a52a32eb798e7,1412361368,MinRK,1,7,12,24,12,8,373,3,137,1
ipython,8da95fea6b3a4044b9ac2729ecb3b4280b65ed03,1412363123,MinRK,7,32,47,97,47,42,2041,0,0,5
ipython,d111920ec4eabbde94597bdf559f06505f25f011,1412373385,MinRK,1,6,6,15,6,1,48,4,185,1
ipython,514c5b62348077cbde35614f43ce771c856dfd5e,1412377382,MinRK,1,1,2,0,2,1,40,0,0,1
ipython,471806ccfcbcd542b3b3fdfd1ed63e73a6d622d2,1412377888,MinRK,1,5,5,5,5,5,335,0,0,0
ipython,c96ad69790828a1f64370964f6abb70b9c30a4d8,1412380068,Sylvain Corlay,1,4,8,4,8,6,231,0,0,2
ipython,9da2f477b27f4d91a3b19f27095739a44e09f8b7,1412436959,MechCoder,1,1,4,1,4,1,62,3,178,0
ipython,126773eb1c1ecedf3a7e6c57f9c29155be66064a,1412451499,MinRK,1,2,2,2,2,2,143,0,0,0
ipython,951862fc8f275496c5f001472d58abce7c5654c9,1412508224,Manuel Riel,1,2,4,5,4,3,119,0,0,1
ipython,e9e78f01f93b3b05ee72e70684ffb62381482120,1412508855,Manuel Riel,1,1,47,0,47,34,1201,3,104,10
ipython,09da1e92776fe89d1ccdaa269a90191750337f0e,1412520161,bsvh,1,1,14,0,14,8,399,6,127,0
ipython,beded84b43464f8ec338f89949fb4a722a02b49d,1412521092,bsvh,1,1,2,2,2,1,85,1,18,0
ipython,c01bab249184883849fd895b6322a8c3400ba686,1410994269,Thomas Kluyver,1,1,2,0,2,2,147,0,0,0
ipython,207576050259f8829805b311d84e51ab3439b501,1411066657,Thomas Kluyver,1,1,1,1,1,1,82,0,0,0
ipython,0b82885c2457bc30dad274fb77de8841ad3fe723,1412550018,Manuel Riel,1,0,49,0,0,0,0,0,0,0
ipython,50f968a347b7da4991ebe02c244161ec5d2d2fa4,1412551294,Manuel Riel,1,0,2,2,0,0,0,0,0,0
ipython,9122c0beb5fe1df841b84ca7c2da36e26d475205,1412552234,bsvh,1,1,2,1,2,0,0,2,135,0
ipython,f1283ad848a0550f592fec3034b8cfad9c1da7e8,1412591373,Manuel Riel,2,3,15,4,11,9,330,0,0,2
ipython,54694755c07fc2e79ce493562e5bb014ee54273e,1412592653,Manuel Riel,1,2,4,1,4,3,123,0,0,1
ipython,359ec6e1dc8ef472683af6743b76f9bdfbc2e36d,1412594771,Manuel Riel,1,0,2,1,0,0,0,0,0,0
ipython,6d914bf489ed4109721b594c77a39d65a844f1f5,1412598350,Manuel Riel,1,0,1,2,0,0,0,0,0,0
ipython,593ab0d2d109c445b8a16b8755520b14218f901e,1412599716,Manuel Riel,1,0,1,1,0,0,0,0,0,0
ipython,58798758d62b6f9602970f6fa0501479a3fd5329,1412621184,Manuel Riel,1,2,1,2,1,1,34,0,0,0
ipython,968cdb9a226b2e2db0e3174255bef0f505319f89,1412621367,Manuel Riel,1,1,1,2,1,1,30,0,0,0
ipython,2b9ce78fd02eb770bb789b0b1ffbd16f066ed2f2,1412690661,Boris Egorov,4,14,14,14,14,14,551,0,0,0
ipython,7b7b5442e19516ef4fec0c931e2c8b7b0e0d7363,1412707467,Boris Egorov,1,1,16,0,16,12,608,2,56,2
ipython,c5f2331953132cace11c64b3c39a9cb01b178c7d,1412718835,Nathan Goldbaum,1,0,1,1,0,0,0,0,0,0
ipython,3ccdbbe5854ff557aedadda99148c756f3866b27,1412721312,Thomas Kluyver,2,0,25,0,0,0,0,0,0,0
ipython,7b6194f422d357b41be4c040ad0057bef8bf1f62,1412723722,Manuel Riel,1,1,0,6,0,0,0,0,0,0
ipython,8dd299c49cc166128e984a3d1a337b90dd2cb06d,1412724331,Manuel Riel,1,0,0,1,0,0,0,0,0,0
ipython,57ce330cf3c3eb28bf49a72df76e847b7174a002,1412724593,Manuel Riel,1,0,2,1,0,0,0,0,0,0
ipython,2aa7c61664fac858d42670d37b84d2bd2644d244,1412725872,Manuel Riel,1,0,0,1,0,0,0,0,0,0
ipython,935f26fb72a8aa78ef37c26526b738a46f773c26,1412752575,Boris Egorov,1,2,3,0,3,3,143,0,0,0
ipython,360f2122b96724fba13fd002879f64e270fed772,1412788623,Thomas Kluyver,2,1,7,1,2,2,36,0,0,0
ipython,b4bbdf49c68c164d856e5debfaa5b7f46e2d3ec6,1412790507,Bussonnier Matthias,1,1,1,1,1,1,38,0,0,0
ipython,d8e5f930e3d97e1d8945a9c02e6940cb69471484,1412197620,Jessica B. Hamrick,1,1,5,1,5,4,146,1,48,0
ipython,3a4d955a447c4f8bdd1b99c5cc612a69334e5d5a,1403629722,MinRK,1,0,5,16,0,0,0,0,0,0
ipython,e31440def2decf0bf687d7ca8dd649685791980b,1403666037,MinRK,7,24,66,130,55,48,1757,4,198,3
ipython,f1ae99ef57572ed62a989696f2a5d26869bcdb20,1403738882,MinRK,5,6,19,63,3,3,116,0,0,0
ipython,b686de417d9a471f872683c36a833bffdbd71254,1403739043,MinRK,1,2,40,4,40,32,1122,2,62,6
ipython,478b59d505f94629c27cf1de6e78efc1cf50f3ee,1406606405,MinRK,2,11,41,40,22,22,824,0,0,0
ipython,d7aa64bd9bb60bb2f02e3cc6886d93b2c261968b,1406606670,MinRK,4,7,36,7,20,19,890,0,0,1
ipython,e5927b9bdf88ab4401977c0bbebcd2d6a5ea3907,1409163558,MinRK,2,0,23,1,0,0,0,0,0,0
ipython,458d473d556a2a4334cc355b734f3da0e94b4eb3,1410394182,MinRK,2,6,20,0,20,18,747,0,0,2
ipython,829cb83af50d99bec50dc2f470daaaf26650c01d,1410395131,MinRK,1,2,9,0,9,6,133,2,28,1
ipython,8601054fcdfc644728ae70cfa4336c4a08005c8c,1411409689,MinRK,2,14,53,15,44,38,1691,1,80,5
ipython,d4f30d0ef1dcad4e6a40a61514aab09d46f3a32f,1411415230,MinRK,1,1,3,0,3,2,30,0,0,1
ipython,7633aab31bec52dd5b59294d76b56d18db581915,1412280443,MinRK,1,12,23,46,23,21,745,0,0,2
ipython,280e5aa1a6e68cde75c5215790bf10564cecb452,1412288954,MinRK,1,4,19,21,19,15,474,3,139,1
ipython,e8b4bab58415999f5f152954f33bbf49ddcf5e59,1409169350,MinRK,3,8,18,23,8,3,175,2,99,3
ipython,71dfbb06694d24d5524d383a7dfac1e35af421c7,1412710668,MinRK,3,12,57,42,25,18,677,4,198,3
ipython,9ea16f28a7667c7a7de27279164ecc68746f1751,1412713022,MinRK,1,1,3,0,3,3,118,0,0,0
ipython,0dd9c398b18eddd65a782afb3ba5496777262178,1412713043,MinRK,1,1,2,0,2,2,64,0,0,0
ipython,fa80bfba591200ce0938ca1c59dd14b37c757d93,1412713063,MinRK,1,1,1,1,1,1,53,0,0,0
ipython,8b08f0cd2d3f1ef0b51500745c2451318e3ca11b,1412715627,MinRK,1,2,4,8,4,4,106,0,0,0
ipython,646ce5354df535ef4c18f8fcb92c04a6f59b79aa,1412744885,MinRK,1,2,17,0,17,12,466,0,0,5
ipython,650136adf1ff9efbf782c22acdbdc6f7691f3a3a,1412816206,Jonathan Frederic,1,1,6,5,6,5,263,0,0,1
ipython,ffc6ba9313db60a59d7f954576db2a7bbe87075d,1412867390,Boris Egorov,1,1,1,1,1,1,63,0,0,0
ipython,c4098ed574da5a1737dc216f744479b3e14c7b46,1412877346,Jonathan Frederic,1,1,1,1,1,1,94,0,0,0
ipython,8b10c68d9fc9ce8f86eda5a31273b22960bbafa0,1412538669,MinRK,2,6,23,39,23,16,723,1,55,6
ipython,75516e621fb0c11c4b18310a1b061a5cb6d62140,1412780227,Bussonnier Matthias,1,3,11,1,11,7,218,1,52,3
ipython,df47ee22ea79394fb4f3d7ca6812cdf9b442638a,1412963772,MinRK,1,1,3,0,3,1,37,2,111,0
ipython,a8bc7e74ad6f551bd767d68a1a85fee4e023e963,1412971457,Thomas Kluyver,2,0,47,2,0,0,0,0,0,0
ipython,ec31c33536da1e8e754a4d50e8d548d529b38c89,1412976312,CJ Carey,1,1,0,1,0,0,0,0,0,0
ipython,800fd305273b32cce5a7e827604f907e69a4a546,1412978302,Thomas Kluyver,2,0,55,17,0,0,0,0,0,0
ipython,d5a6d58e8294af0979e164bed1a04eed9d2f1033,1412980089,Thomas Kluyver,1,0,2,0,0,0,0,0,0,0
ipython,2042215b1d75bf0a47ffa623cb7fc9429814ba1f,1412929384,Matthias Bussonnier,1,3,4,2,4,3,176,0,0,1
ipython,06611a0fbd597ad8f52726732eec2a4cf31203a2,1413150901,MinRK,1,1,1,1,1,1,50,0,0,0
ipython,8d7551187ea4c992d201a83c8599371f811c64b6,1413151143,MinRK,2,3,17,7,7,7,247,0,0,0
ipython,de149ca314ce4cae002a8cd527b8d192591de761,1412828231,Jonathan Frederic,1,1,1,0,1,1,60,0,0,0
ipython,64ec5bd915b5ed60081a8429c2c7c5a9dc316d70,1413307746,Thomas Kluyver,1,0,13,14,0,0,0,0,0,0
ipython,0d782d54d9531ab34392f89255f5d4d41c5979eb,1413284677,Steven Silvester,1,1,12,0,12,10,476,0,0,2
ipython,886130ddb6cc75f1531ebab1ee2d24356bdeab39,1405029815,MinRK,2,12,78,10,78,63,2333,0,0,15
ipython,286cdd8b7f6c02a77ff795fa1d58635089c65a2a,1409270664,MinRK,12,35,60,53,42,40,2268,0,0,2
ipython,4471a25c6bee73b1aba1f0eb25f39e2d8a073743,1412208750,MinRK,2,3,5,3,5,5,218,0,0,0
ipython,fc90918b1e8565daa2025e6d945a4e2c4a828bf8,1412622317,MinRK,1,1,2,1,2,2,125,0,0,0
ipython,cc13632db4ca58fc9d46bb2c43b9681ca5bb6731,1412632655,MinRK,2,5,34,12,8,7,318,1,42,0
ipython,ed94683bfe998edddc9d06dbecc383ee9cb3249d,1412639629,MinRK,1,1,1,0,1,1,55,0,0,0
ipython,d8b24cf10fae4388afc320d69f9ff21a76d84870,1412966662,MinRK,1,2,2,2,2,2,144,0,0,0
ipython,b6eeb6f5a44df8d20f8ae1a05857fc8099067372,1413403486,Jessica B. Hamrick,1,0,15,0,0,0,0,0,0,0
ipython,6bee0ad7dda5e17fd212be9c3dcfb9d2cb8996c6,1413404999,Jessica B. Hamrick,1,0,16,0,0,0,0,0,0,0
ipython,9d0463a3449c0009c82506704c970022b7425eee,1413405525,Jessica B. Hamrick,2,0,2,2,0,0,0,0,0,0
ipython,e5525d2603b36f6928897e961169250fc7e69d6f,1413414123,Jessica B. Hamrick,2,0,4,2,0,0,0,0,0,0
ipython,64589602aa321c253d341d3b85e90bb29f7300eb,1413415033,Jessica B. Hamrick,2,0,4,4,0,0,0,0,0,0
ipython,0ab76370d14e269463c0e53c607b3f36411cf2d8,1413416247,MinRK,4,3,92,93,90,73,3109,4,196,13
ipython,b3a696fb089cb89d039d9b71060c32ef0173237e,1413419939,MinRK,1,0,10,2,0,0,0,0,0,0
ipython,903d48f8f12c8c7bae07eabadeab3ff0e76fce98,1413421879,Steven Silvester,1,3,4,1,4,0,0,4,180,0
ipython,7fd73a83fc230d9782277c893d005456372beab6,1411762111,Matthias Bussonnier,1,2,2,0,2,2,93,0,0,0
ipython,35cea76b707a05cdef0142a13849128c445fb8ed,1413476787,MinRK,2,7,5,12,5,5,164,0,0,0
ipython,ffce3749ab949e53c968d6e560c80e56ab3eb46d,1404706969,MinRK,1,6,18,4,18,15,684,1,53,2
ipython,f09f06064af445a34440edb405592cb513bddb0e,1413479799,Remi Rampin,1,1,6,0,6,3,86,1,49,2
ipython,5680f74828d5eb4df16d23841e6f2bfdb16b111f,1413480154,Remi Rampin,1,3,8,7,8,7,214,1,48,0
ipython,c5a9868d6c8dc8caec3fc15026f1d6a5faefedf0,1413345250,MinRK,1,1,2,2,2,2,64,0,0,0
ipython,fbda54992de313373388a28200ec7cf7aac3685b,1405141621,MinRK,1,7,47,5,47,36,1740,1,32,10
ipython,3b0d8c07032e67cd7e438a88410647a8c78063c7,1411877669,MinRK,5,12,45,19,45,35,1532,1,32,9
ipython,0d5f7a8e82dc00cc33af48daa8c31e40224736e9,1413486717,MinRK,1,2,14,6,14,11,531,0,0,3
ipython,054a1a2ac8a74b963f718976fbe915b551f18202,1413498482,Thomas Kluyver,1,4,16,6,16,14,525,0,0,2
ipython,0fabf68dfe883de5ef62d3bd784a737b9afe0b30,1413502652,Thomas Kluyver,5,14,50,14,41,36,1999,0,0,5
ipython,a842d96eb356fd05f43f61a87141bc60f2647ee8,1413502906,Thomas Kluyver,1,1,2,1,2,2,138,0,0,0
ipython,252977fb030839b64ff71b70a8b44330ac32cd2e,1413566310,Thomas Kluyver,1,0,6,0,0,0,0,0,0,0
ipython,1325ac15ffb8dcfa20b249a6a6f0d1f45f803b9c,1413566433,Thomas Kluyver,1,1,1,0,1,1,72,0,0,0
ipython,6b88833a6598ede54905594a4c874a5b31799d05,1413567941,Thomas Kluyver,1,1,1,1,1,1,53,0,0,0
ipython,0d0b44fddf028f7a481c41b63fe69ba49262e824,1413569053,Thomas Kluyver,1,2,8,1,8,7,320,0,0,1
ipython,06ea058e773d8ede1b3c99236ec392029e62a9a0,1413570427,Thomas Kluyver,1,1,8,10,8,7,287,1,43,0
ipython,6811cb13697f3cb0d7ff7b9eae8d6bbb2709ef26,1413571324,Thomas Kluyver,1,4,0,151,0,0,0,0,0,0
ipython,d47ab7bc7ecbb6eefb3e3c09660283b8f3e845c5,1413572261,Thomas Kluyver,1,1,1,1,1,1,70,0,0,0
ipython,8318fbe0932369b04e6b30a01a2cc5bd20922b6a,1413577587,Remi Rampin,1,0,17,1,0,0,0,0,0,0
ipython,7da78f128ce8cb754c8285ad86cb586841c68eb2,1413582228,Thomas Kluyver,1,1,1,1,1,1,77,0,0,0
ipython,5f275fe135362d5b6cca79d004f8fa272eec24d2,1413586919,Thomas Kluyver,1,4,4,4,4,4,179,0,0,0
ipython,d90eee994369ce703e3b7a3c1fce440341e637b1,1413636108,Kalibri,1,3,1,11,1,1,30,0,0,0
ipython,3a581c308ce53cb88bb1429fa4d540663cd1cef7,1413729721,Remi Rampin,1,0,24,0,0,0,0,0,0,0
ipython,282d07932c94f7948b4acc7b3674a66733a9d641,1413749218,Steven Silvester,1,1,1,1,1,1,33,0,0,0
ipython,6f1a7d991b52c972578f686c04d1e9f26ef054dc,1413758221,MinRK,2,2,4,4,2,2,109,0,0,0
ipython,7b2e741d3f62fa35bea8d67df0cafcb92676be29,1413751854,Benjamin ABEL,5,6,48,6,19,18,735,0,0,1
ipython,8b382e07cf3bc2a0df85f2da621daf533cd43234,1413861797,Jonathan Frederic,1,0,20,9,0,0,0,0,0,0
ipython,d3858463c9cd284508ac2deff9a2cde0281d20d3,1413863202,MinRK,3,5,5,7,5,5,326,0,0,0
ipython,9ee4e4c16f3b6772238c2d87170a73a60b484b45,1413881276,Kalibri,1,2,2,1,2,2,85,0,0,0
ipython,c4c01b87abd2315822b245850537d01c96bad6ff,1413924373,Jonathan Frederic,1,0,12,3,0,0,0,0,0,0
ipython,04d63f205fa6e449543bbcdb1cdfe3984233941b,1413928247,Jonathan Frederic,1,0,2,3,0,0,0,0,0,0
ipython,82b2d5ccde7fc82f90a8c2f0e29be08fa20164b0,1413935871,MinRK,1,3,14,4,14,10,469,1,37,3
ipython,c04db182d1e84af7044027800178ae1aed2f6a51,1413998759,MinRK,2,1,18,9,3,2,109,1,55,0
ipython,d2c994e5a461ac74eee58288031265829c96eb8c,1414002434,Jason Grout,1,6,5,3,5,5,124,0,0,0
ipython,6fe2d6d0cfa73f55526081b15e21f221d3e1a72f,1414015035,Jason Grout,1,1,8,5,8,8,299,0,0,0
ipython,7aba3f1ef2f3b62432707ac00fd9860735850ab7,1414016498,MinRK,1,2,15,12,15,11,377,4,216,0
ipython,5072d3c5027aa20c8a98d5677b7f1d07326fbb52,1414040314,MinRK,1,1,1,0,1,1,73,0,0,0
ipython,c2911d42f13bf8eb4695e73b6f785fa793047495,1414040335,MinRK,1,1,4,0,4,4,127,0,0,0
ipython,426999cf6d943308e6bc3d3b6715435d948071a5,1413914230,Thomas Kluyver,1,2,5,1,5,5,342,0,0,0
ipython,8414f38e8081ec9251e3cd149c0bfcd1c7a2ae58,1413916626,Thomas Kluyver,1,2,5,1,5,5,271,0,0,0
ipython,1d6a0d9ed4666d261ca2b93cfc3fb561c5fdbd6f,1414193064,Thomas Kluyver,3,8,12,20,12,9,433,2,81,1
ipython,a1bd025d5deba8799d1578e658e84aaf63707d2a,1414193393,Thomas Kluyver,4,5,7,7,7,7,469,0,0,0
ipython,7ab9aa67feec76ee2a28b48cbebbadc16b58f92c,1414194425,Thomas Kluyver,1,0,0,3,0,0,0,0,0,0
ipython,1a9f62972271751470b23b4f1ba5ceb86e3da7fb,1414195742,Thomas Kluyver,1,0,1,0,0,0,0,0,0,0
ipython,bc33ecb8b90e56e0f9d219a7ba5f89ef262cab2f,1414264102,MinRK,4,3,60,18,38,28,963,3,161,7
ipython,5a9d15a62e1b2f1accc991da41eb094811ccfeba,1412038794,Thomas Kluyver,2,2,25,0,25,12,454,5,280,8
ipython,6174adedb5457f379dfd920ef23509314b99acc0,1412043359,Thomas Kluyver,1,3,3,1,3,3,146,0,0,0
ipython,656f02bc396b074d3d938cfba85d863055097fb5,1412365046,Thomas Kluyver,3,8,35,14,35,33,1342,0,0,2
ipython,93ff19c4346962c3d8c8d16149f128eede8fd8fd,1412378413,Thomas Kluyver,2,3,38,0,38,33,1139,1,64,4
ipython,ee2bd9191bb10a31c0eb688cbddaaa8fedba68a7,1412536353,Thomas Kluyver,1,1,5,1,5,5,224,0,0,0
ipython,8ddd296052cfe9c8293806af397bb746fd2ebd19,1412547093,Thomas Kluyver,1,4,7,5,7,7,451,0,0,0
ipython,2c73ce9643e36a92716296a7f51a2835bd1bec79,1412548096,Thomas Kluyver,1,0,3,0,0,0,0,0,0,0
ipython,c46398091fbe591bbe79744ed4371fddcc454912,1412560580,Thomas Kluyver,1,1,1,1,1,1,44,0,0,0
ipython,30d9e9d1d56f5aaba9ae7daa08e9fa3df6061a44,1412568846,Kyle Kelley,1,1,1,0,1,1,55,0,0,0
ipython,39a9a93f4f9dc47e02c686d439866439bdf38fd6,1414282241,Thomas Kluyver,1,2,16,1,16,11,404,2,79,3
ipython,e68c17906811aba02be8c2c3b125efac7746c215,1413928504,MinRK,2,12,55,22,55,46,2207,5,259,4
ipython,60032d7e77260196a228e1f11a6876c29031fd61,1414032298,MinRK,2,7,15,10,15,12,488,3,94,0
ipython,d2cbe02859abdf1e5edc64ae4b75775d47dbb662,1414215555,MinRK,1,1,1,1,1,1,53,0,0,0
ipython,29a0deb452d4fa7f59edb7e059c1a46ceb5a124d,1414526047,Thomas Kluyver,1,1,1,1,1,1,68,0,0,0
ipython,4aec4bcd8d175282d114df2a44d60bf348a08800,1412824114,Jonathan Frederic,2,14,37,16,37,28,1035,3,106,6
ipython,1161a7ac05b76b79302d07ddcb4c0b8a91a23cd9,1412827196,Jonathan Frederic,1,4,8,7,8,5,180,1,14,2
ipython,3db8b051e9b96dcff03aacf66cad3c1e3b31a518,1412883550,Jonathan Frederic,1,3,8,8,8,5,188,1,29,2
ipython,37940ffc7185585bcabda2ae41c063cb073b0117,1413226794,Jonathan Frederic,1,2,3,0,3,2,125,0,0,1
ipython,ecc5739080e02da035de80a6afca3770fc7184db,1413923535,Jonathan Frederic,1,4,5,6,5,5,170,0,0,0
ipython,6b362cb54cc752d4d09e51b28e4e8cc1a00371b7,1414005217,Jonathan Frederic,1,1,2,1,2,2,162,0,0,0
ipython,4a597fb8ee84d263fccb1412a77dcf501577724c,1414432597,Jonathan Frederic,1,2,2,4,2,2,59,0,0,0
ipython,cd81e53ef3f0f3d8335bd4e6f41095d2e8af94d9,1414457822,Jonathan Frederic,1,1,1,2,1,1,74,0,0,0
ipython,3dffe4a84cf0172dfa0ebf125fc0d9e2881c6193,1414541917,Jonathan Frederic,1,1,1,1,1,1,33,0,0,0
ipython,a26cff26600f2682e6fc7a21f0a08910502a643c,1414544372,Min RK,3,11,30,9,18,15,939,0,0,3
ipython,eed304ec8444bb722d875ece2e8d3f25c6456014,1414590787,Bussonnier Matthias,1,2,3,1,3,2,66,0,0,1
ipython,a10ba6f7211ffb910c23092d0aedd747d5c2fce7,1414547355,Min RK,2,11,43,8,43,32,1373,6,288,5
ipython,2f4dc0ba7ff06f8c6a3b713954011a0379ce7df0,1410196801,Thomas Ballinger,5,16,71,29,38,36,2165,0,0,2
ipython,91ebc3641fc4aff11dce2c9890bfddd230455930,1414611475,Min RK,3,7,64,64,41,33,1305,6,322,2
ipython,291b3349bff296ce5c9520dba6005b5e9fe61e7c,1411529837,Sylvain Corlay,1,2,10,0,10,7,212,0,0,3
ipython,54c8cd60a27cfb9e7969116b9e2a8b085a8d33ef,1410987843,Sylvain Corlay,11,39,40,14,40,39,835,0,0,1
ipython,c2de31acb7751a527fc36e6b26778f2980386446,1411528579,Sylvain Corlay,10,30,32,29,32,32,1152,0,0,0
ipython,b46a0ee8834f728f742c82e9a7e6a4a3e71c607a,1413251116,Sylvain Corlay,10,28,28,28,28,28,875,0,0,0
ipython,4eeb6e78e267c982cb82f614357231d0b2be1ad3,1414651402,Scott Sanderson,1,1,1,0,1,0,0,1,16,0
ipython,c8699bf8254ef081b7faf21f293d5d11a1bb4110,1414705386,Min RK,1,1,1,1,1,1,67,0,0,0
ipython,2b2243ed7b3f3e6847efdcb70ee052b3c2133d6c,1414719511,Thomas Kluyver,1,1,4,0,4,3,96,0,0,1
ipython,4043b271fee4f6c36c99c8038018d54cd86b94eb,1414719896,Nathaniel J. Smith,3,1,5,24,0,0,0,0,0,0
ipython,61431d7d6630d4604a19464c5f63f8621f91ad79,1412994013,Nathaniel J. Smith,2,2,23,0,9,4,225,3,168,2
ipython,2143638caa1e0f0ca34e7ed879da4d3060f5eeb8,1414792533,Min RK,2,1,25,1,5,5,225,0,0,0
ipython,0fc1c749ca68a01b2211da17fec7303a7782b8c5,1414793391,Min RK,1,0,1,2,0,0,0,0,0,0
ipython,6f39510284ca987b785e7b095c384d9135e49e99,1414794313,Min RK,0,0,0,0,0,0,0,0,0,0
ipython,70450eeb6becc9ccfd568b7a254fc7ae5501a596,1414795530,Min RK,2,2,20,3,4,2,133,0,0,2
ipython,7350bfc2592ec337bafe61cdecbe329f8b9b39d0,1414796213,Thomas Kluyver,2,4,4,3,4,4,254,0,0,0
ipython,c7defbc8626c0ddaedc0a188c025cc7a59dbbff0,1414851846,Matthias Bussonnier,1,1,3,1,3,2,63,1,56,0
ipython,0b2c2392f78b90d055742f665e8d49bed6ea5e76,1414872545,Min RK,1,6,10,9,10,8,411,2,89,0
ipython,743f8adfa81ca4279ffbaf4b2ffff8977cdf5b9e,1414884020,Min RK,1,0,1,1,0,0,0,0,0,0
ipython,bf02094f4798af8099b3f006d92982b43ad00525,1403559185,MinRK,9,5,1062,0,627,445,16469,64,3508,118
ipython,42ebfb02c33fab0e89d32e14de19e3519e8d8678,1403629722,MinRK,1,1,66,0,66,44,1350,5,174,17
ipython,14ea49e4e7ac642e0755edddbb8a5d976f71e03f,1403633962,MinRK,1,10,22,19,22,18,582,2,44,2
ipython,efb0afbac6322397daaa238fd26c197e107de1f9,1403649634,MinRK,11,38,530,679,240,195,7007,17,660,28
ipython,a33db51340e40b4133ffbd9a245dd71154f5f582,1403666037,MinRK,3,2,25,89,2,2,84,0,0,0
ipython,6dc1fae8e1fa6ff0041b8f9723f8d45c1c2127f4,1403722228,MinRK,5,7,174,197,65,53,1991,1,20,11
ipython,729413e85e8825f1ea355bfc78474574006a0481,1403735388,MinRK,3,1,10,3,1,1,43,0,0,0
ipython,8ee671a6ed8b3d28a0db296a1bd2975e17cceffb,1403739316,MinRK,2,26,78,18,59,46,2067,8,330,5
ipython,ff4024440ae7c8d8e80f0c035bf36b1bb4e8509f,1403757268,MinRK,1,5,11,3,11,11,493,0,0,0
ipython,bd730f7041f449d66a88199028e3b97dc608f568,1403757280,MinRK,7,18,37,88,16,12,499,4,198,0
ipython,ba8461ebc8157e18f67815b01f806ba543d3027d,1403761166,MinRK,20,34,169,324,83,67,3412,13,624,3
ipython,395fdae26642edac33590ff01127bd4e483718ff,1405448801,MinRK,2,5,20,3,20,16,576,1,29,3
ipython,b3e496603ddc59cb2d572830dc873903ac50cd09,1405456371,MinRK,3,11,56,29,56,44,1477,0,0,12
ipython,a889460a436b646af0ab60b952b0bb74bd079a3b,1406490445,MinRK,1,1,4,3,4,2,107,1,68,1
ipython,3954d295d27061ee66b563e2a0b6fdda54679d2a,1406517330,MinRK,7,3,42,47,3,3,161,0,0,0
ipython,80dee970dccfaff03cd087b2bdab73bd7199ed53,1406519349,MinRK,4,11,16,91,12,11,595,0,0,1
ipython,1e136a8b50083c3c35b4d82166bdbd1fb93f4053,1408383600,MinRK,14,14,44,43,18,17,820,0,0,1
ipython,9563f89fcbb28cddba961c05c8dc0f3121e01eee,1409169584,MinRK,2,1,2,2,1,1,33,0,0,0
ipython,135227ac0edf51124c6d9b3da0591da940f3650d,1409175724,MinRK,15,29,100,101,67,58,3278,6,290,3
ipython,be819bae675bc20267f31d804f2eacb82a7cbef7,1409258022,MinRK,3,7,6,5,6,4,189,0,0,2
ipython,a699b006ea033a3b7f9aa2d3183ba2eaa3ba9bd4,1410375855,MinRK,1,8,14,14,14,13,502,0,0,1
ipython,2d590459a177a55920d1bc9c6489fa2006613008,1410384121,MinRK,16,18,116,87,37,34,1543,2,99,1
ipython,4633a8fc110fa9977e15ad01366481fdc40cc203,1412896785,MinRK,1,0,5,4,0,0,0,0,0,0
ipython,0dec22f72f360d1d6c728e8d567ec0a175876fed,1412896853,MinRK,1,1,2,1,2,2,93,0,0,0
ipython,9f917e2280befef2c87055f77be6893886238827,1412897152,MinRK,3,3,9,9,3,3,138,0,0,0
ipython,2377691a133493ffa3fe70927a76bf5d7c1b17f4,1414013296,MinRK,10,29,75,126,50,43,1450,7,232,0
ipython,cd1bfb05283ffb1ebdf2b988416a1915e6816d18,1414087950,MinRK,13,12,257,129,209,156,5312,13,675,40
ipython,d22b117ff972df89b842dcbbcea0aa52148f460f,1414096496,MinRK,5,4,25,44,11,11,476,0,0,0
ipython,9867311c03dc803dd254935233109e53c609d593,1414097441,MinRK,15,15,36,74,10,9,512,0,0,1
ipython,776d1fa8ad28fb1a4b45d4ee771389a3cdfb5284,1414102460,MinRK,8,14,40,23,40,33,1258,0,0,7
ipython,973d73443e7438e5e4ff4b339c8b32ef5a54561c,1414103701,MinRK,8,12,36,30,15,14,642,1,26,0
ipython,f3b4b7655bd57460fa697733ffde610e4ffd8b6b,1414105206,MinRK,1,2,11,1,11,8,375,0,0,3
ipython,aec6686c540eb343fb9d5ac92f88ab57e7147ce0,1414454219,MinRK,1,6,8,6,8,8,419,0,0,0
ipython,418df74d93cb553fd28c9bd8830d8d9e5067ee16,1414455577,MinRK,3,13,79,18,40,38,1433,0,0,2
ipython,380a2e949780317a9791d329ea3c7971180ff666,1414687007,Min RK,10,6,12,12,6,6,272,0,0,0
ipython,d4e327eae3c3685bd5e4814f921e59aaa3fa4f57,1414955327,Min RK,4,11,19,14,19,16,661,0,0,3
ipython,0aff1e4ed8cd225a65878e5bb3ece13fda10943b,1405175380,jhemmelg,1,1,3,0,3,3,147,0,0,0
ipython,28c27a69921b3970d633713da0820d60f4cd5319,1406491717,KesterTong,2,3,52,1,52,24,944,17,952,11
ipython,a6d0f0d68136636f143c5fe4312953049258fc7c,1413718483,Jeff Hemmelgarn,1,2,6,6,6,6,289,0,0,0
ipython,cad2a2b5a17110cce6778a1579f65a0c43c25c90,1414107160,Thomas Kluyver,1,2,2,2,2,2,65,0,0,0
ipython,6b6d07fe0733e9137984e6cd029987c6401c53d3,1414109529,Thomas Kluyver,1,1,0,3,0,0,0,0,0,0
ipython,66d442403564e9df5faae92ff3e464772a34969c,1414186957,Thomas Kluyver,1,1,23,43,23,15,707,2,99,6
ipython,c127cd96cda894a3c2536360f157ee8de750f86b,1414512003,Thomas Kluyver,1,1,1,2,1,1,75,0,0,0
ipython,e1170582fa7c8e3096f3acb6b6deea4b0a247cf2,1415042269,Min RK,1,2,5,3,5,2,148,0,0,3
ipython,de7d8373f29f80e7ac27825308455ba49ee1fffb,1415059829,Thomas Kluyver,1,0,4,0,0,0,0,0,0,0
ipython,f7aa8a5536cf9d8e31b5a0600e41466bb55156f9,1414875582,Min RK,2,0,18,12,0,0,0,0,0,0
ipython,e448416b7f5328f779a3282ef254514e05682e2f,1415164757,Scott Sanderson,2,5,25,4,25,20,775,1,80,4
ipython,905835ea53d3a8724320c25e730997917afad52d,1415212171,Scott Sanderson,2,3,19,5,19,7,274,10,482,2
ipython,9b5e350d41940443f98bb9145b1fc67a859146fe,1415212074,Min RK,1,0,12,3,0,0,0,0,0,0
ipython,a2c615a4471d0bbb67401fdc5d378013617e47fb,1415242249,Nicholas Bollweg (Nick),2,1,6,1,1,1,55,0,0,0
ipython,26350ce710d0e4b14fcdc64b4f0ade1261708527,1415250436,Nicholas Bollweg (Nick),1,0,2,2,0,0,0,0,0,0
ipython,d3d5d47fd60f6480f45652220b32fbcc3b572d70,1413315621,Thomas Kluyver,4,4,138,0,71,53,1836,3,124,15
ipython,f0a5ce8b24f8ca179ea6f405766e1f94b8d9b740,1413326829,Thomas Kluyver,1,2,2,1,2,2,126,0,0,0
ipython,9ed97bdb018d8d0230a819014694d9f1e7209421,1413839693,Thomas Kluyver,2,2,29,9,21,17,525,1,22,3
ipython,037063b56d19d7c5331450429f12daf291279a14,1413842170,Thomas Kluyver,1,3,7,1,7,6,174,0,0,1
ipython,dc68aaa53747473648f4d2b457428764dcd125b0,1414452775,Thomas Kluyver,2,1,1,4,1,1,40,0,0,0
ipython,db31d216d1cff540be8382617445a95c1113f69b,1415302788,Min RK,1,0,1,1,0,0,0,0,0,0
ipython,0cbfed855e6dccf1a590cdfa82cc77222678a8bd,1415303984,Scott Sanderson,1,1,1,1,1,0,0,1,59,0
ipython,a206ec15a0f6dbea10bf78fbc50e0bf64e3fb28f,1415325984,Carlos Cordoba,1,1,6,5,6,6,255,0,0,0
ipython,8f21962e630c48c92110164f8825c9a85b05018d,1415326382,Thomas Kluyver,1,1,5,0,5,4,300,0,0,1
ipython,d029375dfae2496255872c68d3abb2109c7481a0,1415364482,Francisco de la Peña,1,1,1,1,1,1,52,0,0,0
ipython,193b8d1475582b54773e781fb789d7a9a6904d06,1415386086,Thomas Kluyver,1,1,3,1,3,3,202,0,0,0
ipython,5d06103df7b0c5b21fa4601d5d6ccedfa117d04f,1415394284,AnneTheAgile,1,1,1,1,1,1,63,0,0,0
ipython,183d5fb01045e7a53442b92a51bd4db2b0ee23ca,1415401636,mvr,2,2,30,8,20,6,262,14,855,0
ipython,dd9e8480a72f0380cf72f3004658e48e115f911a,1415410687,AnneTheAgile,1,7,15,3,15,10,535,1,67,4
ipython,d98cf5e526c5a58e3274cc13a6f875f802284c30,1415410869,AnneTheAgile,1,2,1,3,1,1,40,0,0,0
ipython,1bd93c849d0fdd787e1b38058949d7d3c8310b7c,1415427011,Min RK,1,0,0,4,0,0,0,0,0,0
ipython,9f65cffe08bd8251242579eedc322928e53445e3,1415427843,Min RK,3,8,336,15,327,251,10668,24,1227,52
ipython,0efcffc85d23b80b0eee26e49dce101ff14879f3,1415428220,Min RK,5,7,6,34,4,4,206,0,0,0
ipython,fceb972cb654747c9a350932ea5a8d424616ad47,1415597919,Scott Sanderson,2,1,16,0,2,2,98,0,0,0
ipython,03527113c5a34ecdd3fdbba29636c2f5db83ab72,1415599998,Scott Sanderson,2,1,77,1,29,26,801,0,0,3
ipython,b661bf4968926262044247e37aa0923721e2b1eb,1415625349,Scott Sanderson,1,3,3,0,3,0,0,0,0,3
ipython,b287d2c320996a6dfaa9bda453b8ede6bc0966bb,1414008816,MinRK,12,189,394,452,236,228,10144,0,0,8
ipython,2f10af2078330722d3457afedbf5ca02139bf0bb,1415139439,Min RK,2,2,15,26,3,3,168,0,0,0
ipython,a4801a710ec9c765210f26684dbae5dc9f50bdf2,1415142605,Min RK,4,17,68,65,15,15,814,0,0,0
ipython,f4f80ab1069d8b4818f2bd3b61827124515c661c,1415385433,Min RK,3,3,16,16,3,3,168,0,0,0
ipython,6c2a0b2de2f7c04324eb7f310326877024937d34,1415386176,Min RK,1,4,4,4,4,4,247,0,0,0
ipython,a9db78ebcc08805a17419a75cc056d7b8dac93ef,1415650333,Min RK,2,1,64,2,3,2,97,1,62,0
ipython,8ab80d68191253a771f06f0a664616a40c9f0971,1415656011,Min RK,7,38,100,47,79,65,3207,7,357,7
ipython,fc87c04723608d4b075315ffb0ca7450c52edd5e,1415659934,Min RK,4,14,78,55,49,40,1671,0,0,9
ipython,d94b7e7dc5c7fb496966ab5a7cd0aac354c27c89,1414985124,Jason Newton,1,5,17,3,17,14,725,2,49,1
ipython,995f4b27a84d5b0faf0c64a8bccaa443f95835b7,1415574823,Jason Newton,1,2,11,0,11,10,181,1,24,0
ipython,856a1b7af5eacd2c17e8bcc87afa3548229f40f9,1415680975,Jason Newton,1,0,68,0,0,0,0,0,0,0
ipython,4e7195508572c4b5dfb4e615defb87f4a7f550da,1415729497,Thomas Kluyver,2,1,8,4,5,5,186,0,0,0
ipython,33ccc5c541fc8e838a5a1aa6a2ebd886f8da54e9,1415729517,Scott Sanderson,1,1,1,1,1,1,52,0,0,0
ipython,d738769732715a894c433bfd9fa2bd5b546c0e24,1415729662,Scott Sanderson,1,0,79,26,0,0,0,0,0,0
ipython,bb319918bdc783ced00e480da9029b1407c9493b,1415731085,Thomas Kluyver,2,1,10,6,10,7,377,2,77,1
ipython,84d38fa68e5915e5d2612e2b868ef9df5c3ec93e,1415731518,Thomas Kluyver,1,4,14,7,14,12,634,0,0,2
ipython,f68b176982eb8fd20c61e1587e46fef3de63fd8c,1415732565,Scott Sanderson,2,8,16,10,14,13,607,0,0,1
ipython,b1b179f44c8a5d89cdc18daf1a00252e664a6032,1415733236,Scott Sanderson,1,1,1,1,1,1,51,0,0,0
ipython,bbd124fadf4086fd51bf42d80d02e91742a058cf,1415733258,Scott Sanderson,1,1,4,1,4,4,108,0,0,0
ipython,f66a9ec4906d20cc6dc8badcf7fa5b71ba433b6c,1415737056,Thomas Kluyver,5,7,43,5,19,18,996,0,0,1
ipython,9d1735abcb18abb7701a14f1c79e5c1ff9f4a6ec,1415737944,Thomas Kluyver,1,1,1,1,1,1,53,0,0,0
ipython,bbb5c6abaf04ce63fc1df858f0b07783329a6322,1415744101,Min RK,1,0,1,1,0,0,0,0,0,0
ipython,e659af75e6884862c7abc755f6d6905b21e3cc67,1415744456,Thomas Kluyver,5,9,43,13,29,24,1314,0,0,5
ipython,4ecc06fbf0bc3eb81f2bc879e9a2e478214f4315,1415746013,Thomas Kluyver,2,1,6,8,1,1,66,0,0,0
ipython,d9a682cbbf7034e1125d07ef874b55fe239b0a87,1415746281,Thomas Kluyver,7,11,30,30,11,11,532,0,0,0
ipython,357fb1efaea1b876d52c057100de172bdca768f8,1415747514,Thomas Kluyver,1,0,32,0,0,0,0,0,0,0
ipython,57d8e933035e0ebc3345e321bf445afc6b3cbcc2,1415750318,Thomas Kluyver,1,1,2,0,2,1,44,0,0,1
ipython,6792aa5cf8f8c4bd5a528e6724eda0bfd6b0f7f1,1415751306,Thomas Kluyver,1,1,1,1,1,1,56,0,0,0
ipython,10289462cedbddc815975d9f7abcf4b4bd3acd97,1415758716,Thomas Kluyver,1,0,1,1,0,0,0,0,0,0
ipython,edfa4edabc3f9493871def07c183a4914a5b0b2d,1415820550,Min RK,1,1,2,1,2,2,41,0,0,0
ipython,abace052016a98a8be7b8ca0e6359186e11094b2,1415830121,Min RK,2,1,39,2,1,1,69,0,0,0
ipython,dd89096d6f6dd4359802a7b7ded789e65c793264,1415836415,Thomas Kluyver,1,5,15,1,15,13,434,0,0,2
ipython,3084cea946c98ce98e706b54ea81d68a01e99ff8,1415653941,Min RK,3,8,50,29,14,14,577,0,0,0
ipython,6a7882f7944eac08b5080cec556c63ac38010526,1415843094,Doug Blank,3,10,110,4,110,86,3214,1,49,23
ipython,e3441caaf2e217c86e69fbd6e8c3d476b1e9b1a0,1415859359,Scott Sanderson,1,0,1,1,0,0,0,0,0,0
ipython,73ecb9a9bc8b686010b69deb63b23a8a6981107e,1415859548,Scott Sanderson,1,1,2,7,2,2,99,0,0,0
ipython,8bfce4505671b2a26a0ad5863a99f2b932156c65,1415905446,Sylvain Corlay,1,1,1,0,1,1,78,0,0,0
ipython,e5af162da3101783aae45963ad6be7a93e87233d,1415908755,Thomas Kluyver,1,1,1,0,1,1,49,0,0,0
ipython,e0a5359fc4ada8b2174d9c68b2e81244fcc28636,1415916866,Min RK,1,3,5,1,5,4,134,1,72,0
ipython,28c46eaf39ddcadff99c7d520072e10a2df00dab,1415917974,Min RK,1,1,0,5,0,0,0,0,0,0
ipython,1f09dea1486145364608de5ce959bef3653c2681,1415922429,Min RK,1,5,18,9,18,15,648,0,0,3
ipython,f3cedfd8cb538d2a0194d3ce2c2ecfa6130fc751,1415926568,Min RK,1,1,1,0,1,1,65,0,0,0
ipython,9fa40ff7cc53e8f5262b982d80b98c3447d60cc0,1415926949,Doug Blank,3,15,123,92,123,92,3667,14,664,17
ipython,88c105a5bd69995b6f007f04532677aa83b0aa97,1415927531,Thomas Kluyver,1,1,7,4,7,5,193,2,134,0
ipython,55f809054e87c130db285d573cdf60bf421f7e41,1415930207,Doug Blank,2,14,10,32,10,9,279,0,0,1
ipython,500edeb75f96d707b82103d2109786102c80a618,1415943160,Min RK,2,3,6,2,5,5,227,0,0,0
ipython,4536415ccf391da6033433ada9c1d27f5671154c,1414534936,Min RK,1,1,0,1,0,0,0,0,0,0
ipython,8cb6a801a6025d82256ad6f650beaeea9ad4f184,1416007780,Min RK,2,2,39,1,2,2,51,0,0,0
ipython,1cf157fa494dfbf4412b3abe5759c0e7dcbdf662,1416010451,Doug Blank,1,3,13,11,13,12,557,1,55,0
ipython,6eba402402adaf00f049c31985e750ba0b60c098,1416011995,Doug Blank,1,1,0,1,0,0,0,0,0,0
ipython,17a3bb901de362e43759f42ac83d75138a3308ad,1416027394,Doug Blank,2,1,9,1,2,2,26,0,0,0
ipython,ddce5a4e582ab92ea424d1cf8952ecc75d3621a0,1416097566,Carlos Cordoba,1,1,1,2,1,1,58,0,0,0
ipython,0598245af7dd35096fb7c0b5e12c12b8248dba9b,1416121113,mvr,2,3,70,5,40,32,1259,6,339,2
ipython,5b6c286ce0f2c9ddbc7f25cf1e0968945059af9a,1416251828,Min RK,5,15,24,32,24,17,878,6,307,1
ipython,7dc7169ca22c332af1cd862ff53e8638cdec591a,1416276099,Thomas Kluyver,1,1,9,1,9,6,146,2,115,1
ipython,730b81c9893237ce08da3cc710451a4a13e65c0f,1416336106,Thomas Kluyver,1,0,5,0,0,0,0,0,0,0
ipython,56972de15bcfdc1f8cb7f0222f7be20566475a3b,1416336553,Thomas Kluyver,1,0,1,1,0,0,0,0,0,0
ipython,d6fc8207b21633436d5af1bb1bbdd23e300c2b5f,1416336912,Thomas Kluyver,1,1,1,1,1,1,55,0,0,0
ipython,3c85dd7f629b0f84dd433c9d9485f981bf3456cb,1416337953,Thomas Kluyver,1,1,1,1,1,1,81,0,0,0
ipython,d066289293640c481eeb387014e6fcb4d6ffb5ef,1412895507,Jonathan Frederic,2,2,33,0,33,23,764,2,99,8
ipython,18cbf5c9b357dc2941fd268b87a65649a086ab01,1416250235,Jonathan Frederic,1,3,19,1,19,15,655,0,0,4
ipython,cd68180c108a0a3ad05ef64e39e2cec5af817891,1416346184,Min RK,1,1,5,1,5,4,104,0,0,1
ipython,b28ec91e43c9ec34f8a09124706189a72be6652d,1416354673,Thomas Kluyver,2,4,17,0,17,13,616,0,0,4
ipython,d840cb24a85f3237774fde3708a0110dda41a5b6,1416356789,Thomas Kluyver,1,1,2,0,2,2,95,0,0,0
ipython,cd6abd359aee342a16dc6806191fcdaa70e57a0c,1416254480,Thomas Kluyver,3,8,26,17,26,20,876,0,0,6
ipython,c0e24fd71e1d3d8657ca32733be192dff4a9c5f4,1416260398,Thomas Kluyver,2,2,8,2,8,8,224,0,0,0
ipython,fd386d490e2873afb4cd39f30e9f3c1f8e515358,1415907154,Sylvain Corlay,1,2,36,1,36,30,1213,0,0,6
ipython,39f4e5c35d78561c2560f9844076e3d157822304,1415996787,Sylvain Corlay,1,3,16,0,16,15,693,0,0,1
ipython,fce9b7b79c724e9f6a6a9b86b291f106f7b480e3,1415998807,Sylvain Corlay,1,0,11,1,0,0,0,0,0,0
ipython,ca8d977bd32e09e8a5111a9597481f88ffd2f8c5,1416238178,Sylvain Corlay,1,1,1,14,1,1,55,0,0,0
ipython,1282d858c87fbaad6184c6fdbb3f6ade9af3964b,1416238580,Sylvain Corlay,1,1,2,0,2,2,100,0,0,0
ipython,6a71fd920efb0779a6846cf1f78deb8b6148afa1,1416349675,Sylvain Corlay,2,3,27,6,13,11,389,0,0,2
ipython,257ecaec6485f057691c93eeecf92b4b9fddfa39,1416390373,Jason Grout,1,1,1,1,1,1,64,0,0,0
ipython,ee673d8b53bff45796e179a67774af1a29f2b367,1416394323,Matthias Bussonnier,2,3,16,17,16,14,533,2,118,0
ipython,4083c20e173665c170a1a258b33cbc921ee45a75,1416408801,ajholyoake,1,1,1,1,1,1,70,0,0,0
ipython,aea775e73ea7f512256fa76725962f0fec3946fc,1416427228,Sylvain Corlay,1,7,10,12,10,8,332,0,0,2
ipython,ff3d21029369c24431870402051701f26bac5d5d,1416440789,Min RK,1,3,11,1,11,9,317,1,44,1
ipython,e918ea99b71ae0c756f716dd8755921f11783362,1415755135,Min RK,2,29,85,35,85,74,3110,5,243,6
ipython,cabb8f7741804b663c1e57c65174476b67f45972,1416344520,Min RK,1,3,3,3,3,3,179,0,0,0
ipython,3314d31f6f3fb9cdf53a3f5e2c9655fde7455874,1415227771,Thomas Kluyver,2,2,19,0,19,12,456,3,115,4
ipython,82765a7db97b614b5c78e6edeb2a2b9b61f2f8e9,1415232689,Thomas Kluyver,2,6,16,2,16,13,541,0,0,3
ipython,86aafe6dc9c08dc875ae698c2d01f9ee0e0dc75d,1416007425,Thomas Kluyver,1,7,7,8,7,7,337,0,0,0
ipython,7437382d966d39c4de21d2686bd8f31a23e5c47b,1416011179,Thomas Kluyver,1,1,1,0,1,1,62,0,0,0
ipython,3684b661df1620710fc5fd75b4052f92831fad20,1416515530,Min RK,4,9,68,13,25,23,1217,0,0,2
ipython,0149bdbf5778e6359647eb10b44721e7ae8cb371,1416521800,Min RK,1,0,2,2,0,0,0,0,0,0
ipython,8567e14d2e10c277a7bbc9e56fdace43bb6121d3,1416524091,Min RK,3,5,1,82,1,1,33,0,0,0
ipython,7658e7aaf0ddc1631dffb9212858b366bb6289f6,1416529006,Min RK,2,2,42,4,3,2,47,1,56,0
ipython,034353ef190c525d37508f061516a74804cb34f2,1416533679,Thomas Kluyver,11,11,12,12,11,11,517,0,0,0
ipython,2db8b7bcb1b498cba47625bc27e6efef58b31551,1416534518,Thomas Kluyver,2,2,2,2,2,2,50,0,0,0
ipython,4f186a3a9f6d378ea4693e53fa00e450a774c4e0,1416675699,Pascal Bugnion,2,1,6,1,1,1,58,0,0,0
ipython,1ea1881226851477460cb436dee51d4b515015ca,1416687422,Pascal Bugnion,2,1,6,1,1,1,59,0,0,0
ipython,2480289062e43af2938e99f27e53632853774068,1416688321,Pascal Bugnion,1,0,1,1,0,0,0,0,0,0
ipython,68f76d204cbb561fc0682f8882d61180bfc03350,1416722282,Thomas Kluyver,1,2,3,1,3,3,119,0,0,0
ipython,61844265d4a6dcd3f256c4389f9a0132c8f2d525,1416855930,Thomas Kluyver,4,6,30,20,17,13,898,2,99,2
ipython,07ad35114d23e72bd6bb3ac0070f73fae50b49c6,1416855941,Thomas Kluyver,1,1,2,1,2,2,46,0,0,0
ipython,c202882ebaae97056120fdfef4567e820b7254de,1416521966,Min RK,1,0,9,6,0,0,0,0,0,0
ipython,64204f5f49ab37a318f61ebad9a0b61757136f0e,1416859166,Thomas Kluyver,1,0,4,2,0,0,0,0,0,0
ipython,20479ca1bf0636041c4b97633ea39ce2bbf84c2c,1416859187,Thomas Kluyver,1,0,0,3,0,0,0,0,0,0
ipython,20af107613f346b5e6dd7fdd55ea592a24088211,1416859863,Thomas Kluyver,2,4,8,14,8,8,469,0,0,0
ipython,e5248170b29405acfa7488d4646b173d07d04ab3,1413821648,Jonathan Frederic,1,15,50,37,50,37,1759,4,170,9
ipython,3d39d93d3962de2b87569280fdf952981a22b1d8,1413829377,Jonathan Frederic,1,2,8,8,8,8,381,0,0,0
ipython,15154a6cc9f165d4ac7233ae0ca3cd37aa55108f,1415318206,Thomas Kluyver,1,1,3,1,3,3,102,0,0,0
ipython,37dfd0dcce82f48a335c491a039072b3cb90acb3,1415318391,Thomas Kluyver,1,1,1,1,1,1,52,0,0,0
ipython,1a3a9b5d0969098c0519a43de262aeb6f2720e86,1410806748,MinRK,1,2,12,0,12,8,363,2,116,2
ipython,532fc1717b389a5fabdd09523b227f6424a05ba0,1416891484,Min RK,2,6,18,0,18,13,507,2,87,3
ipython,d9c0a389d6feffdff61b54dfd8c2df33db55bfc0,1416892375,Min RK,2,6,16,5,16,11,593,3,139,2
ipython,a3e47c637fc6eed510e74d06a52984afc13ef5be,1416333806,Bussonnier Matthias,1,3,15,1,15,10,567,0,0,5
ipython,3ce594a647666bbc1752ec6183fd8bf57880fd53,1416938697,Thomas Kluyver,1,1,1,1,1,1,45,0,0,0
ipython,a613289c155a2fc8b8933035c627b48e0716a19b,1416938872,Thomas Kluyver,2,2,30,30,30,22,790,3,115,5
ipython,3afade5686d219e7c692bddb28938c4231bffd6a,1416967344,Thomas Kluyver,4,14,112,66,112,89,3323,3,121,20
ipython,fdd412ccb130c02a8159d9c92c6df822006318de,1416967701,Thomas Kluyver,1,2,3,0,3,3,111,0,0,0
ipython,7bf66643287a120f39ac2cac67c83fe05eea4e62,1416967814,Thomas Kluyver,2,2,0,5,0,0,0,0,0,0
ipython,4d9f6f00a4f0798e41700c22a839eddff0881692,1417139087,Peter Odding,1,0,1,1,0,0,0,0,0,0
ipython,c63cc1b63cd07142fa408d317c5411ae72a5903a,1416479437,Bussonnier Matthias,1,2,9,0,9,6,243,0,0,3
ipython,956b2e975790298c790f799c242913bb4c90ece2,1417170151,Matthias Bussonnier,2,6,8,7,8,7,324,0,0,1
ipython,476fadafdf692aba611850645e614b8de5b38b81,1417198331,Thomas Kluyver,1,2,2,1,2,2,99,0,0,0
ipython,22fe3a683dc27c42546e48abf1fdaa119b8d223a,1417280084,Silvia,1,2,36,0,36,32,813,0,0,4
ipython,20062a275d4bc1f94da77ab06fe9a9430d0f6afa,1417285192,Thomas Kluyver,1,2,2,1,2,2,47,0,0,0
ipython,e88279cca027dd18ccb0b70acdf1906af4b64fec,1417372067,silviav12,2,10,80,6,80,74,2680,0,0,6
ipython,d574a6bc1f08b4020388be5a6b3a2b54a0db259c,1417363435,Jeroen Demeyer,5,8,31,6,16,15,735,0,0,1
ipython,23b11cfb8d21de582bef223ac468e6e619b8de68,1417400725,Kyle Kelley,1,2,2,2,2,2,311,0,0,0
ipython,a2ad7f40a2c7655857b98e92b866823e6126ced6,1417421470,Jeroen Demeyer,1,0,4,1,0,0,0,0,0,0
ipython,e2bdd455e74243848cb58c872d5d6c5f270db7c6,1417422921,Jeroen Demeyer,1,1,17,9,17,11,468,5,201,1
ipython,231647c8a592693dde7a6e2d8e2e69da8dad204e,1417460090,Thomas Kluyver,3,4,13,7,13,12,459,0,0,1
ipython,964db4cb015cfaaeaec5f101beae91652e6c8741,1416573522,Bussonnier Matthias,1,3,3,3,3,3,178,0,0,0
ipython,6fe533950be3a8b97350f016f9154ae07fe0d164,1417466716,silviav12,1,2,0,2,0,0,0,0,0,0
ipython,0903427edc66688a75774ed91d595cf29ae89d67,1417466928,Peter Odding,1,0,1,1,0,0,0,0,0,0
ipython,c7a9cc849806d5576ac1f591ce2c05ff25023909,1417471644,Min RK,2,4,10,28,9,7,345,2,99,0
ipython,872468e56ab58878d5e4d5cf294862763677e435,1417480037,Jonathan Frederic,1,2,1,3,1,1,41,0,0,0
ipython,8fb251e1b3c77f16af4cfb6ce0f9dde0605d8185,1417512776,Jeroen Demeyer,2,3,33,5,12,12,434,0,0,0
ipython,4e9cdf6daa990068e9c53900a3365471b8641343,1417540936,Jonathan Frederic,1,2,8,5,8,7,364,0,0,1
ipython,10edbfaa8f580934a9d062ec69bd4a6c79fd5432,1417541342,Jonathan Frederic,1,0,3,4,0,0,0,0,0,0
ipython,e8a754cd3acd8162ba6790fc23c80eaebb49cdab,1417550059,Thomas Kluyver,3,5,6,16,6,5,272,0,0,1
ipython,5b6f7b802512608751418348e5b08cb4b25dba06,1416680966,Kyle Kelley,1,1,2,2,2,2,121,0,0,0
ipython,6015b2a9ee0c57227ed47e282229cd5c08ce6265,1416686466,Kyle Kelley,1,1,17,0,17,14,439,0,0,3
ipython,9f5ecc5afb99269243f7ea2deb0b2b3acd24328c,1416694515,Kyle Kelley,2,4,23,3,23,12,588,4,169,7
ipython,fe8b03431f97cd7625d1fb0c3a404bd20c777328,1416694997,Kyle Kelley,1,1,1,2,1,1,51,0,0,0
ipython,d3c662ec8ec94c56e8199838a310df73ae253545,1416695170,Kyle Kelley,2,2,2,1,2,2,101,0,0,0
ipython,1d0dcd7566c32032b4dffd5fb2c7153472fbf592,1416696671,Kyle Kelley,1,1,1,1,1,1,43,0,0,0
ipython,b9dbf80a5f4a6a519b78119845fbe7e2ae7cc8ea,1417198746,Kyle Kelley,1,1,1,1,1,1,68,0,0,0
ipython,afba89f60f187a8290102e0774634b6306db6758,1416717630,Kyle Kelley,1,2,1,2,1,1,73,0,0,0
ipython,a519d8264c630d4f0ceb11e0153d0eff4d837a72,1416717671,Kyle Kelley,1,3,2,3,2,2,67,0,0,0
ipython,fe07146a1323b78118c7dc0348815c9415bff4bb,1416717705,Kyle Kelley,2,3,4,2,4,1,28,3,215,0
ipython,5e9d02111702d3c952683b4bb9c95d6e6e9567b0,1416717882,Kyle Kelley,1,0,2,2,0,0,0,0,0,0
ipython,191494de55f8dc51d1157483e4dcab1a71efa124,1416718717,Kyle Kelley,1,1,0,7,0,0,0,0,0,0
ipython,8eb4f71c3db24254402cc36d04d63d016a0a3973,1416720057,Kyle Kelley,2,2,7,2,7,6,248,1,52,0
ipython,2fdd37c90b8465f379d7c788109d82ea82c4f416,1416720649,Kyle Kelley,1,1,2,3,2,1,86,1,54,0
ipython,330559624b636079aaf6172af36313592ccc1fa3,1416721486,Kyle Kelley,1,0,8,2,0,0,0,0,0,0
ipython,c8ef0165c6c73f80a923f29412c94d760eed26e3,1416861517,Kyle Kelley,1,1,0,1,0,0,0,0,0,0
ipython,d3e620f53a3553bc73952e928dbc5bf4caf5a2cd,1417551258,Kyle Kelley,1,1,2,1,2,2,121,0,0,0
ipython,0f6c819590675c2b676d895066c270aae6eaaed9,1417555135,Jonathan Frederic,1,5,9,9,9,8,431,0,0,1
ipython,f22c8070bde358cfa313fcc10ba9148def12d060,1417563444,Min RK,3,6,63,25,32,28,1229,0,0,4
ipython,ee8f49f3e3b9fc432c6fc0bc6fec5a0309627028,1417567895,Thomas Kluyver,1,1,1,0,1,1,34,0,0,0
ipython,1136d112209701afef119121fd3908a96a0d8cc1,1417613392,Doug Blank,1,5,13,4,13,12,417,0,0,1
ipython,d15deaa86659de8188cc1250235f6539bdb15bd7,1417613635,Doug Blank,1,2,3,1,3,3,117,0,0,0
ipython,fe387adacd6bf701a607086dfab4af58792d63e7,1417636183,Helen ST,2,5,16,4,16,14,591,0,0,2
ipython,28a7b4aff8d5bff8216a685f19f60a11df4e6f28,1417636993,Thomas Kluyver,1,1,1,1,1,1,64,0,0,0
ipython,a08fbab1e1b8f72fca981dd2fbc273710c86e837,1417637197,Thomas Kluyver,1,1,0,2,0,0,0,0,0,0
ipython,6efa8e3dcefe609e9f6a4dd9e3dcfead6f84f87d,1417638686,Thomas Kluyver,1,6,0,21,0,0,0,0,0,0
ipython,adb9a02da22e39dc74e70dc68f5a65b47032c6ea,1417652879,Jason Grout,1,1,1,1,1,1,163,0,0,0
ipython,a31d8820332a81a3f0b070f5d5f305b6453d2dc0,1417654062,Min RK,3,18,38,76,38,31,1371,3,119,4
ipython,d91c7a9ee554051b266952bf124f3e174247962b,1417685788,Helen ST,1,1,2,2,2,2,109,0,0,0
ipython,fed49815c8d60300e80316f4d89248586f01a8c8,1417685923,Helen ST,1,1,1,1,1,1,71,0,0,0
ipython,c6038bf47dccbf99d9f2b20598b6f00c9c5b06f3,1417724122,Min RK,1,3,8,0,8,7,210,0,0,1
ipython,b0fb065742abd52dd959617dc6700e31ed9b4725,1417724162,Min RK,2,6,10,14,10,9,384,1,20,0
ipython,e7ccf47114bbae254f40029b9188eacc6d1c5465,1417736293,Jonathan Frederic,1,1,5,0,5,3,151,1,16,1
ipython,5e7eec741f678ed40aef9043e75bfbcd159f61b5,1417645985,Thomas Kluyver,2,20,373,39,373,303,11851,14,781,56
ipython,2dfb452320d5470930d1982a3a1fde4c27507423,1417647955,Thomas Kluyver,1,8,559,14,559,423,16870,32,1688,104
ipython,a023d9be64d18e2d35fcb5bba2c50bf6b10c57df,1417649659,Thomas Kluyver,2,8,91,108,91,52,2221,23,1143,16
ipython,868cb7a0c28029e92a2de519810bffec56232a3c,1417651347,Thomas Kluyver,3,10,32,40,32,30,1443,0,0,2
ipython,d99901f3bccde108b53b6888143fea047ab3be08,1417653135,Thomas Kluyver,3,8,12,338,12,11,506,0,0,1
ipython,71644c28df3d6ab81097495672e8efb8b0dfdcdc,1417653576,Thomas Kluyver,6,10,12,13,11,10,512,1,60,0
ipython,7f6f089322465ceca713b757fb5eff4851e78fc7,1417653897,Thomas Kluyver,1,4,5,5,5,5,261,0,0,0
ipython,03729e7b874b79e0ad553315c1e1b725faed2e4e,1417654782,Thomas Kluyver,4,18,186,425,186,148,6450,7,387,31
ipython,d13d3846a851a6ed79753a27c92e37fcf155487f,1417717191,Thomas Kluyver,6,12,42,42,41,33,1421,4,165,4
ipython,956e44b859be04f335c9f91e510f429c1ba198bf,1417720564,Thomas Kluyver,4,24,26,37,26,25,1103,0,0,1
ipython,afabf29afbbe61186403a712eeb6b1a692c3d3c5,1417720723,Thomas Kluyver,1,5,0,28,0,0,0,0,0,0
ipython,59444d6a4f8e5ab26316a3b69dec7eb727444652,1417721528,Thomas Kluyver,1,8,5,57,5,5,316,0,0,0
ipython,9fb8d97615086b4ef777cb8c19bf596107ee0b84,1417721842,Thomas Kluyver,1,7,9,63,9,8,356,0,0,1
ipython,af8fe499dc0dedae3bfb2d9aafcb94c22b969398,1417722247,Thomas Kluyver,1,4,4,11,4,3,168,0,0,1
ipython,e695ea316c31ea1e7595ad4250f466e1b4aba3a3,1417724588,Thomas Kluyver,4,14,89,184,89,71,3108,3,103,15
ipython,abf4ddf4f94aa541b2ca1ef370d7270a735a3b33,1417725570,Thomas Kluyver,6,18,33,51,28,24,964,2,66,2
ipython,414d3ae98cb15331cea738d7ce61b3bb9357170a,1417733995,Thomas Kluyver,3,24,94,71,94,80,2783,0,0,14
ipython,f698e96172bbd8951838f10bdd55ee7ecf1b209d,1417734639,Thomas Kluyver,2,4,2,18,2,2,118,0,0,0
ipython,60fe687d462c4f291b2a3ce4746b9c265a5831c0,1417735122,Thomas Kluyver,1,1,2,2,2,2,88,0,0,0
ipython,11deefcca601d6f5738c55d2752fd8f75e31696c,1417741854,Thomas Kluyver,7,16,34,43,34,26,884,3,99,5
ipython,34c425106770628b492294766dd66b7d2c3b4f3d,1417742672,Thomas Kluyver,1,8,44,123,44,39,1194,0,0,5
ipython,4064ddd10311ac8b9eb2ebecabe82af16f604fc4,1417742719,Thomas Kluyver,2,2,0,22,0,0,0,0,0,0
ipython,d445184d461e9e640f819c90d8038c00562a4d1c,1417743300,Thomas Kluyver,3,4,45,59,45,33,1171,3,115,9
ipython,cc0350f4c246edffc7f6c47a8f66f97f74644cd1,1417743433,Thomas Kluyver,1,2,7,2,7,3,143,1,56,3
ipython,9f8f75af5169ae8925b0280968e6bb616de41edb,1417743669,Thomas Kluyver,1,1,6,1,6,5,252,0,0,1
ipython,e59addc00836676928777ef47c4dffdee53c0b3e,1417744503,Thomas Kluyver,1,1,2,0,2,1,33,1,28,0
ipython,d12d89f3adff5db22f1a8506527d0a48fc0d490b,1417744917,Thomas Kluyver,5,6,6,49,6,6,265,0,0,0
ipython,5b22c405b1a1f7cde0e4af853481b20e6c75892b,1417745051,Thomas Kluyver,4,8,16,53,16,10,500,2,123,4
ipython,e21821d66f2f3ee8f04677e1c58cbf1a19e24408,1417784926,Jeroen Demeyer,1,1,10,8,10,4,198,6,313,0
ipython,dbbfce538b0cd1564c86f58ada9aa1682923785f,1417787330,Jeroen Demeyer,2,0,7,5,0,0,0,0,0,0
ipython,011d879e5662994c4d0a81fb26d81c4c50284be5,1417791532,Bussonnier Matthias,1,2,2,2,2,2,154,0,0,0
ipython,2a440fc673c54b004bb67030ced3060e4c80ed7c,1417793810,Bussonnier Matthias,1,4,4,4,4,4,148,0,0,0
ipython,4ad9a496424fea42f5f25891701fd94d9b925b33,1417794298,Bussonnier Matthias,1,2,2,2,2,2,75,0,0,0
ipython,8720383d6431ad96ef1770752cb4c58324bb0813,1417795653,Kyle Kelley,1,0,1,1,0,0,0,0,0,0
ipython,bdae533027e12f2b25adfe75ef30f801d2a7a9a3,1416448429,Thomas Kluyver,2,3,4,3,4,4,147,0,0,0
ipython,f0d7b1ff9175ab51a2368adeaf2ac694b43659a4,1416448732,Thomas Kluyver,1,1,3,1,3,2,115,0,0,1
ipython,2513486e460abfcd3f1b0d8a5ca14155205eba8c,1417809834,Min RK,1,1,2,0,2,1,63,1,26,0
ipython,ac2ff1be88fe10df0b87ad0bb3df78cf2a880f48,1416258261,Min RK,2,4,19,12,7,7,263,0,0,0
ipython,0db68b9da5f5cf7620aa5467ee7df3b174c6e015,1417815884,Thomas Kluyver,2,5,28,5,15,13,553,0,0,2
ipython,09d89eeaa4035be3537d20d04a83ae62dbaac47e,1417817320,Thomas Kluyver,1,1,1,1,1,1,53,0,0,0
ipython,24fd91f529f81e764508cc4588e2d2357ec14840,1417821528,Min RK,1,5,20,1,20,11,588,3,142,6
ipython,027aac51724492798fd4875ba96dccccd9ac77ad,1417878823,Bussonnier Matthias,1,3,7,2,7,4,232,0,0,3
ipython,3a060c4c4b6b13228f76df5ca5ef208f30b40349,1417881188,Jeroen Demeyer,1,0,1,1,0,0,0,0,0,0
ipython,c928f4bcaa2962e4dd91a531f3252a006cce21d0,1417900823,Thomas Kluyver,1,1,1,1,1,1,52,0,0,0
ipython,00aaaee2e3f22b68221073fa3f7da2f521441e12,1417904661,Thomas Kluyver,1,1,2,1,2,1,58,1,65,0
ipython,cf989ee0b4362f54976e1634febabeeb4e516b89,1415665700,Min RK,2,8,84,3,84,66,3357,0,0,18
ipython,fb6d73b11d229e98a04ad02b44707822405ae810,1416351213,Min RK,1,4,34,3,34,26,1164,0,0,8
ipython,278cf07aff6446550697a2b233fda53afa4d87b5,1417821973,Min RK,1,8,12,9,12,10,600,0,0,2
ipython,7dfa7925598f0f91212d31d77e28f538b95f6d0a,1417980030,Min RK,1,2,1,2,1,1,74,0,0,0
ipython,015c75113eeea191b0e6532f2093c258708cc653,1417740658,Min RK,1,1,1,0,1,1,59,0,0,0
ipython,db6ce120fc0bc0a4b29969f43af98e4841d5e1be,1395234603,Phil Elson,3,21,54,34,54,43,2315,1,51,10
ipython,aeb39a1c7cb64b102880bfba9da26098147e17dd,1416353461,Min RK,2,19,22,40,22,18,873,2,99,2
ipython,4387b949fd47bf3014ebbb1538aa3f62d996112e,1416353737,Min RK,1,2,3,1,3,3,123,0,0,0
ipython,ece3eecf7f554ab23f70ab27415184edb1c98d7f,1416353850,Min RK,2,2,21,10,21,14,516,4,209,3
ipython,bcb27267895c0555ccc2a2d61559f5c693503ed2,1417991930,Min RK,1,4,7,1,7,6,354,0,0,1
ipython,a8a252e9ce80eb3b00f0f2fc189a199549e7dc72,1417996933,Helen ST,2,3,3,0,3,3,139,0,0,0
ipython,ade35af9d6413d849ea0702d76a54fd3d202e7b8,1418037683,Bussonnier Matthias,0,0,0,23,0,0,0,0,0,0
ipython,325d618ccec70843fb47a146bf8e0b806a19500b,1418064674,Min RK,3,8,20,13,20,17,824,1,72,2
ipython,a77b3d1ab7826b3328f96180e4391718551accb0,1417973464,mvr,1,2,13,2,13,11,501,0,0,2
ipython,fd52fe2d3b6d0532c2595dee5ee1cc5153209a70,1418067261,Min RK,2,5,6,5,6,6,450,0,0,0
ipython,a060c26a479b2e6e08f9faa70f74b3391631691b,1418076082,Thomas Kluyver,3,10,10,10,10,10,336,0,0,0
ipython,564961beb425d54b8af6a740d6cbe30568bfc622,1418076215,Thomas Kluyver,1,3,4,4,4,4,116,0,0,0
ipython,22350094d409c74c0b93c809137cf53006eea2a5,1418076139,Min RK,1,3,4,1,4,3,184,0,0,1
ipython,89c7e8de0bd13deb5b55b4e90ecc69b1298377f1,1414359982,MinRK,2,10,19,8,19,17,727,0,0,2
ipython,17253cc2760216ce20ec8488ee4027a244291c7a,1418082602,Min RK,2,0,33,22,0,0,0,0,0,0
ipython,f042415349a8c2782e0e8767baf3f66a651ed8e6,1418084523,Scott Sanderson,1,1,1,1,1,1,64,0,0,0
ipython,a8e5e60031302ecc5b81d0cceaed6a0345dc5ef0,1412824114,Jonathan Frederic,1,5,14,7,14,8,352,4,151,2
ipython,3d15501126796df06c34efe32898c7c705d8d322,1418087158,Jonathan Frederic,1,1,1,1,1,1,38,0,0,0
ipython,a1e161c183edb29d70a6b4f16ccf64161b7efc7e,1418089472,Doug Blank,2,2,19,3,2,2,96,0,0,0
ipython,e01e1301658cbe52ec11e0ff7711487f88ccd920,1418150102,Jonathan Frederic,1,1,2,1,2,1,42,1,80,0
ipython,95b6950e84d86da79f17112bd8e730840039134c,1411585058,Thomas Kluyver,1,3,6,4,6,6,340,0,0,0
ipython,3e813492dea099dd2fb5b736bc93214a9e29d941,1418157893,Thomas Kluyver,1,1,1,0,1,1,48,0,0,0
ipython,49d50e3bd7fa3e8e15edd8a3bfcb639058269ec0,1418158141,Thomas Kluyver,1,1,1,1,1,1,76,0,0,0
ipython,217118de74a85ea8dbe513d96f0987c0df0dde18,1415856490,Min RK,3,10,51,21,51,39,1587,4,159,8
ipython,efb7d0d7896183c936f4b7effc3df1a81dc5a12f,1418162560,Min RK,1,6,7,8,7,7,337,0,0,0
ipython,2ef6a0804efac2cf52d277c94697db91cca4691f,1418162602,Min RK,1,0,32,1,0,0,0,0,0,0
ipython,c0ca98677c35b4ca107b219168baab246388be5a,1416600909,Min RK,4,18,74,43,74,52,2147,6,262,16
ipython,085a94b37491ce8c7a45eb255fcf5a403f5975ef,1418163628,Min RK,1,1,0,4,0,0,0,0,0,0
ipython,e461f122ec87e85e3f5f6d39d4c6bf3734ecaf55,1418165405,Jason Grout,1,4,10,3,10,5,138,3,129,2
ipython,d8d6f5851ccf9b389c30939e04cde07ca18e6a5f,1418162805,Min RK,5,9,20,20,11,11,676,0,0,0
ipython,af30605ade97ed8b74f1fa500715f0801abe9831,1418107488,Scott Sanderson,1,7,46,0,46,39,1254,2,122,5
ipython,10fb42fd6f8cc52558c658cfc7014ba45c44a90c,1418108679,Scott Sanderson,1,1,6,0,6,5,165,0,0,1
ipython,58fe60e291d1d59166b19e9eeba209deee04df83,1418166221,Scott Sanderson,1,5,17,13,17,16,362,1,51,0
ipython,a4090c43d7e0ac1f80eddba2c0242fa2b7d09ecc,1418237519,Scott Sanderson,1,2,7,6,7,7,404,0,0,0
ipython,8c9c37693af29f816df13529fb2f7a3f97c0929d,1418244841,Scott Sanderson,1,1,1,1,1,1,51,0,0,0
ipython,4c1677fea20f93bcd7085af2f468b3187d01e801,1418246361,Min RK,1,1,2,2,2,2,70,0,0,0
ipython,5eb6d23b489749e8bb884a3179f9714cd03c1daf,1418246442,Thomas Kluyver,1,0,2,2,0,0,0,0,0,0
ipython,99c7bd80febd89b532a26df03c9b69cbecdf595f,1418258873,Thomas Kluyver,3,6,4,31,4,4,228,0,0,0
ipython,3cc62d01b78e92b4e7d17652aa86264ef6b438b5,1418324696,Jessica B. Hamrick,1,1,0,1,0,0,0,0,0,0
ipython,e009d9d739b3508318375d4e527c9e984b0dfeca,1418322953,Jessica B. Hamrick,2,2,2,2,2,2,43,0,0,0
ipython,99beab3433a0df9913829df4bde55a94a6950052,1417564290,Thomas Kluyver,1,4,22,0,22,19,763,0,0,3
ipython,3af97c0c0a02d62c572ad838f235c083bec7ca85,1417566718,Thomas Kluyver,1,4,4,4,4,4,175,0,0,0
ipython,84f7a7238ee3ac6736033436e7b52cbaff8239d4,1418327544,Thomas Kluyver,1,2,4,1,4,3,227,0,0,1
ipython,6808cb3df7d0de2c88b33116960e78f0ffb23cbf,1418327576,Jessica B. Hamrick,1,3,23,2,23,17,761,0,0,6
ipython,304be5cf4a356d0726053902f6ff117d05e32c47,1418327789,Jessica B. Hamrick,1,1,1,1,1,1,41,0,0,0
ipython,3f476c1e5e19ad5fde8038d3cf17ac843ed7a1e4,1418328192,Jessica B. Hamrick,2,3,3,3,3,3,123,0,0,0
ipython,bb2636585734d8f42a8bce09ddb8b08d3a256ec2,1418328578,Jessica B. Hamrick,1,1,5,6,5,5,222,0,0,0
ipython,5b68a5459dfdd13d2250528fecdfca79ad6393f3,1418328673,Jessica B. Hamrick,1,2,2,2,2,2,147,0,0,0
ipython,41254e3366d62f8f88229dd759cdfff181cb1e45,1418329388,Jessica B. Hamrick,1,1,1,1,1,1,53,0,0,0
ipython,7ffd6d062d3f498c11e0a26c702586452ca4631a,1418328523,Min RK,1,1,3,0,3,2,55,1,43,0
ipython,3b1da6171dede3953505517971f941028b1bb9be,1418329595,Min RK,1,0,25,22,0,0,0,0,0,0
ipython,ead6b15cdca00115c4795761f7e7b5c0de35f3b3,1418329656,Min RK,2,2,12,12,12,8,257,2,99,2
ipython,b062bb06cea7503bed2d961b6c1be5ba6a85b5a5,1418332904,Jessica B. Hamrick,1,4,10,7,10,6,372,3,98,1
ipython,4b731fd2d58388759b0f32873bb23af287175a78,1418333222,Jessica B. Hamrick,1,1,0,5,0,0,0,0,0,0
ipython,655134fa5bebdc86985fd40ec770153bf133f362,1418333477,Jessica B. Hamrick,1,1,1,1,1,1,47,0,0,0
ipython,9df62b7cd38792a7f358a82a73918ad4fd26ba12,1418375238,Damon Allen,1,1,1,1,1,1,138,0,0,0
ipython,ee6267a35ef00439585ecd3ededa2cdc3183e6ef,1418399463,Jonathan Frederic,1,7,13,13,13,13,695,0,0,0
ipython,9018a28ac97293ec51cae043254ea3d15c8991fc,1417992680,Carlos Cordoba,1,1,1,1,1,1,51,0,0,0
ipython,b13c2a6e026b266ebd93c3e41ffa8d7bca3bb5bc,1418268128,Carlos Cordoba,1,1,2,1,2,2,101,0,0,0
ipython,12945ebd3770c78c0eca764cbc71e86c91ac54d4,1418402531,Carlos Cordoba,1,1,1,1,1,1,65,0,0,0
ipython,4a3fd69632e686b042d6994e17695f60b7d75335,1418411437,Jason Grout,1,1,2,3,2,2,143,0,0,0
ipython,ab9ec5d7b2e8675cb9e7593a8adc0a0e9f0955bb,1418415173,Jason Grout,1,1,1,1,1,1,99,0,0,0
ipython,2d8a70ab23f70f85dd7ee00aae6376f8e77377f2,1418424935,Thomas Kluyver,1,1,2,2,2,2,116,0,0,0
ipython,a08ceef9e7ffa6dc51a806ac14dc6b068574562d,1418424956,Thomas Kluyver,1,2,9,3,9,8,288,0,0,1
ipython,309dc970a3883bf1459cadd0ab82c6e304b56b14,1418425444,Min RK,3,5,14,6,14,8,316,4,183,2
ipython,b6676e3daba2e57578e8245c2c809f895a6d0e03,1418425596,Thomas Kluyver,1,9,13,12,13,12,683,0,0,1
ipython,4c86fe933950d0a0e824592b987d197e88e3a04b,1417906334,Thomas Kluyver,1,8,12,12,12,12,695,0,0,0
ipython,8ad1e511865e84901ddb15cd670313e315f2833c,1418060240,Thomas Kluyver,1,0,10,6,0,0,0,0,0,0
ipython,5a3b80ff2bb8fea81170b81bbe9a0f2884cb43e0,1418425832,Carlos Cordoba,1,1,1,2,1,1,58,0,0,0
ipython,83eeb25dd2203158d9753dbcd5f07481c88fa1e2,1418428637,Jason Grout,1,1,6,3,6,4,202,2,158,0
ipython,0aa97796cf61499ec425e2092ca0086c501938ca,1418429383,Jason Grout,1,2,9,3,9,2,139,6,292,1
ipython,318d611a4a5224f41d60c278127c4e0d79455d54,1418430694,Min RK,1,0,0,16,0,0,0,0,0,0
ipython,e530d9d8c33915face80dda7a638cdc9a5488099,1418521585,Thomas Kluyver,1,1,2,1,2,2,58,0,0,0
ipython,f862cada399334a519bc051cc3ed503c220e7286,1418530690,Narahari,1,0,12,1,0,0,0,0,0,0
ipython,1e848f810561068d1e1ff5e1b348233acc5ae60d,1418534824,Narahari,1,0,16,3,0,0,0,0,0,0
ipython,08dcfbefc5f5a404d764096d3ff2d432172df57a,1418540584,Narahari,1,0,10,4,0,0,0,0,0,0
ipython,e505c983c7a140193f50d0148db02d85d9d0cbdf,1418508472,Matthias Bussonnier,1,0,5,2,0,0,0,0,0,0
ipython,9d559f75e8b05cf4850b5ba115e82122f4036a63,1418394293,Bussonnier Matthias,2,7,104,81,104,81,2650,3,121,20
ipython,09e4a92c490bb75aaa4199df717fa35c7db39559,1418559693,Matthias Bussonnier,2,3,3,3,3,3,148,0,0,0
ipython,00aebb53d13f03e831769c8aa2d55928ac820057,1418595717,Narahari,1,0,10,0,0,0,0,0,0,0
ipython,b1cd7d1682fe85918dc80295f001235813ecec16,1418502786,Min RK,6,14,123,39,74,58,2329,6,324,10
ipython,c21a0bf53fb6d7e01e94bb361eb9d9969787a950,1418660822,Bussonnier Matthias,1,0,3,3,0,0,0,0,0,0
ipython,00e9b684eb4353249b0c2134b42d19e11dfc9455,1418668120,Min RK,1,0,7,2,0,0,0,0,0,0
ipython,75d500355806829bd20249b97dfd38bf917124c2,1418327938,Min RK,2,27,26,88,26,25,1030,1,41,0
ipython,244926f2ec29405b8264a25861875c422eeae19c,1418332055,Min RK,1,1,1,3,1,1,66,0,0,0
ipython,2d28711501b5d28476209b949cb3a3110b9dc157,1418332148,Min RK,1,1,2,0,2,1,28,1,57,0
ipython,c68c62495966b3f7d1313b85bf192c60ed62fdaa,1418332207,Min RK,2,7,6,11,6,3,94,0,0,3
ipython,c62c62f96ad9803fc2fcf168d0fdc524b337cde2,1418676345,Thomas Kluyver,1,0,9,0,0,0,0,0,0,0
ipython,4aa90a90bb82036a06c5f08223269fd5fee554b6,1418676894,Matthias Bussonnier,3,4,4,4,4,4,187,0,0,0
ipython,e559f09047babc141d6cf35c9e47389116b8c4f7,1418759822,Thomas Kluyver,1,0,1,3,0,0,0,0,0,0
ipython,8d31904815df8467d5b1bd23d487cd4b3d680055,1418770919,Min RK,2,34,41,27,41,37,1707,0,0,4
ipython,876d612444976c4e69114e737cd925745309f1c3,1418793609,Min RK,1,1,2,1,2,1,36,1,52,0
ipython,f0bcc52a73d4efcc498e9c6d180552188af2359d,1418841655,Thomas Kluyver,1,1,1,1,1,1,62,0,0,0
ipython,25165b0adfbd65c72e0d7fc11d2a8f8cb398a0d0,1418089020,Min RK,3,0,74,50,0,0,0,0,0,0
ipython,98c44962b515ae25934a3faab1126f49f1b559ca,1418618474,Scott Sanderson,1,1,1,0,1,1,43,0,0,0
ipython,fd3aee4fcbde21e71b3fff524ca1394e92156701,1418618517,Scott Sanderson,1,1,3,0,3,2,71,0,0,1
ipython,ce197ddbaf611d98822a4897c7f1c534f7510b28,1418619215,Scott Sanderson,1,1,1,1,1,1,27,0,0,0
ipython,8eeb0d73bc96bcbefe7580ee7e745f046a301774,1418620255,Scott Sanderson,1,0,4,1,0,0,0,0,0,0
ipython,b48737015f760af3b0dd7f32e45e090dfa2347df,1418665338,Scott Sanderson,1,0,22,0,0,0,0,0,0,0
ipython,5564f41a3d9eadd615cf6f45f2155dc6ac94f689,1418666470,Scott Sanderson,1,0,7,3,0,0,0,0,0,0
ipython,6341c3f5093e968993200350cb71816d5ecb5429,1418670029,Min RK,1,0,43,44,0,0,0,0,0,0
ipython,25e1217678d5bdf763dcc3f54b2e17d536617f0f,1418673818,Scott Sanderson,1,0,43,34,0,0,0,0,0,0
ipython,da26c010fa3f5a3c745e5dc60ac3fc016245be47,1418681597,Scott Sanderson,1,0,13,7,0,0,0,0,0,0
ipython,a657ecfdccb3ace9612cb597bdaf58725bcf5962,1418696664,Scott Sanderson,1,0,0,2,0,0,0,0,0,0
ipython,8285d61c5bdc4e49af7cc861d9000ffc09720d9f,1418707423,Scott Sanderson,1,0,4,2,0,0,0,0,0,0
ipython,4dc3bd5e355461042402e55f6242e17a07cb4e2d,1418757795,Scott Sanderson,1,0,1,1,0,0,0,0,0,0
ipython,27c5646eb3f924fc845c2e6688933c55f7c671e1,1418757824,Scott Sanderson,1,0,2,2,0,0,0,0,0,0
ipython,ec022ae1a121c0081ecd24b9c10b7c5bd73d2d75,1418757853,Scott Sanderson,1,0,22,2,0,0,0,0,0,0
ipython,f0c1ccd93540012881b521aafeae351c827df4bd,1418762907,Scott Sanderson,1,0,1,1,0,0,0,0,0,0
ipython,02270a3f4c1cf8c6eb1c6e9aa779c5583b473813,1411845261,Jason Goad,1,1,4,0,4,4,153,0,0,0
ipython,827311cf3788c0d659634d30ca7b6c20f81cda99,1411848462,Jason Goad,4,7,17,5,17,17,735,0,0,0
ipython,fcd151068cee83716457f5d20a62206ad00dd8a5,1418849224,Thomas Kluyver,1,1,1,1,1,1,57,0,0,0
ipython,9604d26faa5ce1e8bdcb3416e6cd12bfe9fa3e05,1418849276,Thomas Kluyver,1,1,2,2,2,2,91,0,0,0
ipython,8d378a70768c518508bf440b7161dbb9fb1ea432,1418853951,Dustin Rodriguez,1,1,0,1,0,0,0,0,0,0
ipython,0dbcfac83a3af3ca576dd8bf6b88aec7ec64f93e,1418706633,Min RK,4,15,157,25,100,91,3300,1,20,8
ipython,c2ddffd0c56f1edfa108eabd79c309ee981acfb5,1418708329,Min RK,2,5,36,32,16,16,753,0,0,0
ipython,83ce0978144c7b6805f2b74afd01e001d3e49c1a,1418712348,Min RK,1,0,2,0,0,0,0,0,0,0
ipython,6075fc103875306c59d4a23e8832189335c21bb8,1418767275,Min RK,2,3,6,3,5,5,285,0,0,0
ipython,0e76a04660a6c11e66b36b7e445e56ebbcd0bc5a,1418860207,Thomas Kluyver,3,29,106,25,80,60,2424,5,217,15
ipython,dfc0f749c63a0d75e0df713bfee2a2c444afd051,1418768556,Scott Sanderson,1,13,50,32,50,50,1817,0,0,0
ipython,2d729e6eff0eadd504bfb137a0f46c07cfdba30d,1418885208,Scott Sanderson,1,7,15,7,15,13,430,1,65,1
ipython,dadbe131f2b70c9b1f8e4e14804bc2a2c5f21ebf,1418885295,Scott Sanderson,1,3,1,2,1,1,42,0,0,0
ipython,6cbb122deafe7487102274e70ebd59dddff338df,1418885518,Scott Sanderson,1,3,3,1,3,3,100,0,0,0
ipython,29a0008498d7c238e973ece55cd336fe837287c9,1418928581,Thomas Kluyver,1,0,0,4,0,0,0,0,0,0
ipython,db49b76559084b95ee320a3faf41c256c9671d45,1418378576,Björn Linse,3,10,235,183,235,186,6811,6,279,43
ipython,61393beecb107ac9b61a26612bca5620e8b94528,1418942859,Björn Linse,1,1,1,0,1,1,38,0,0,0
ipython,0cc52fe64a6166816c21f0168eb47f774e3357ee,1418968341,Scott Sanderson,1,5,4,8,4,4,129,0,0,0
ipython,ab4e20eaca043c92bbeffceae7b89bc279c0dc46,1419020776,Min RK,1,0,4,2,0,0,0,0,0,0
ipython,ca3ae79469454435c261835dc3be84a0c6647e9f,1419021748,Min RK,4,8,13,33,12,10,446,2,64,0
ipython,93fda48c1dca72c7cb2ab2ff151542979867188f,1419023447,Min RK,1,1,8,1,8,7,250,1,62,0
ipython,2344bb6dbb65b26fbb8e2da41a136676c4258ff5,1419201672,Min RK,1,10,35,6,35,33,1093,0,0,2
ipython,3541307366f1b247b5498753857f5e018ef787bf,1419202795,Min RK,1,0,7,4,0,0,0,0,0,0
ipython,22fa279b940b789ed594e12e6a327050f500ba75,1419346683,Thomas Kluyver,1,4,6,8,6,6,242,0,0,0
ipython,58aba2f03b5b3eab158f1ced4f43939ac96d8f8c,1419523209,Matthias Bussonnier,1,0,2,2,0,0,0,0,0,0
ipython,eda7fe48c04787e631a97693835cb5b09c90e324,1419531430,Scott Sanderson,2,3,13,21,13,11,437,0,0,2
ipython,068a99d82d0bd3f4963fdd429df36d813c03bdf8,1419591202,Matthias Bussonnier,1,0,2,0,0,0,0,0,0,0
ipython,3b4527893d92ad8e9815d11cbce3f9826e12c81c,1419608759,Yaroslav Halchenko,1,5,7,0,7,6,194,0,0,1
ipython,974ebd4a436cba32b1631826452e7ae3f5800e01,1419657020,Scott Sanderson,3,28,389,261,380,300,12584,12,458,68
ipython,d23751b88f47a606b0a473c74ae2886afca5aa9d,1419659337,Scott Sanderson,1,1,2,2,2,2,132,0,0,0
ipython,17742741bcb6de742351c9df635d9e6e48a8a6bf,1419663423,Min RK,1,1,5,1,5,5,252,0,0,0
ipython,5e33a8cca25873c463bd945984a0f13c73934abf,1419663961,Min RK,1,5,12,3,12,11,541,1,44,0
ipython,f9465d7f29040e8954d6f0e7cb0b34ded6cecbae,1419668188,Min RK,2,13,43,8,43,35,1441,2,120,6
ipython,94fe1b5afcc89a0f7fa3a957d4d44db46547c6b9,1419671470,Min RK,2,4,36,1,36,33,937,1,43,2
ipython,0b197911bbf06ff5c2d239326dd0a39a1fc73ea3,1419710395,Min RK,1,7,20,27,20,19,992,0,0,1
ipython,5324d4a03fe154562101664097008f1d7a210b34,1419710413,Min RK,1,2,2,6,2,2,125,0,0,0
ipython,1c2ea7b681321d2daf1e59f90c4fca0684ee15a6,1419711204,Min RK,1,1,1,3,1,1,84,0,0,0
ipython,7c74a0d38bee1d5dd21e1cf3ed1b49e9becb9a28,1419680658,Matthias Bussonnier,5,10,14,24,13,12,271,0,0,1
ipython,33c1e16cde380a43277b8e891bb4623219bf5b43,1419719029,Min RK,1,1,1,1,1,1,67,0,0,0
ipython,5bcd54d313af1be6856e50a830a3f6c713d3576d,1419721384,Min RK,2,4,12,3,12,9,387,0,0,3
ipython,4b18662645e165a24294cbaeb9b65e946a2945c4,1419845995,Scott Sanderson,2,29,161,146,161,132,5054,1,51,28
ipython,56502ce0aa1a6760fbf150b7a7b3a685df07d064,1419854499,Scott Sanderson,1,0,27,1,0,0,0,0,0,0
ipython,2252812d75ccc993c5b6d40f22bf871b1d5b43b3,1419869300,Jonathan Frederic,2,4,2,13,2,2,87,0,0,0
ipython,3490c9ce2916e984c5181fea94fa570858a101fb,1419672223,Min RK,1,2,2,2,2,2,141,0,0,0
ipython,353f680b209d88576fdade60e4462558ddc0a52d,1419674359,Min RK,1,0,1,1,0,0,0,0,0,0
ipython,296805ccba3ce66e322bce4fe19383d9f1574b21,1420163375,Scott Sanderson,1,2,0,3,0,0,0,0,0,0
ipython,fbec70b898ac859216728873a2f0267931602efe,1420163293,Scott Sanderson,4,29,203,104,152,133,6014,6,257,13
ipython,1ec19a2ad12b717ce808a11d45388cfdb01f57e3,1420192237,mbyt,2,1,16,1,2,2,118,0,0,0
ipython,485c81a0904f8eed097558595f3f1d0c34da01f5,1420401499,Min RK,1,1,4,1,4,4,143,0,0,0
ipython,cecead08162f466343bb3ad0ad1fbba044382fd7,1420457980,Doug Blank,1,2,2,2,2,2,152,0,0,0
ipython,2c766c85958e664249974a16ed086e445abbc9ae,1420484820,Min RK,1,0,45,0,0,0,0,0,0,0
ipython,00ef7ccad1a696472797990dbc32b11f068d78d0,1420484997,Min RK,1,0,6,23,0,0,0,0,0,0
ipython,b4dc2ce6a408f4031ac20744e765063ed077a47f,1420500723,Min RK,1,1,1,1,1,1,71,0,0,0
ipython,17ebfc54fdde5ce8e53f96c60c9f9e5d7fb27215,1420571715,Min RK,2,21,46,59,46,40,1894,4,248,2
ipython,f587966f6a4130eb810aa166ef24954441f1bdde,1420572539,Scott Sanderson,2,5,21,15,21,21,698,0,0,0
ipython,c18323bd8ecf807c87b03250ad8d47801955be27,1420606771,Scott Sanderson,2,2,119,0,40,35,1054,0,0,5
ipython,f5aef843ad38cd682878a6977fc9d40646f03be7,1420665222,Scott Sanderson,2,2,0,119,0,0,0,0,0,0
ipython,adba75fe40d2bd8dedd0b98cfb5a4da6cb2772ee,1420683038,Scott Sanderson,3,15,148,76,126,104,4533,10,429,12
ipython,cb55df8b8385b0d9ac39fd923848ae9103a26146,1418028095,Matthias Bussonnier,1,0,3,6,0,0,0,0,0,0
ipython,dfd3d3f41bf43193dcd36b54b63c5acb00c8ecd0,1420741478,Jason Grout,1,1,1,1,1,1,55,0,0,0
ipython,fc0e8d19d02c3d2f9566b642b8098860e12419df,1420742618,Jason Grout,1,1,1,1,1,1,61,0,0,0
ipython,4cce9bcf15119477b7b504187fdd62db0cc39752,1420742998,Scott Sanderson,6,15,494,445,484,382,15342,18,697,84
ipython,6ab8853b13a03dffc9e163f5d9e6098c75d7c2fb,1420746106,Scott Sanderson,7,27,54,43,39,38,2015,0,0,1
ipython,82dcba3ba9ffa3ee3193602e2d5df3ef3c3de106,1420754453,Scott Sanderson,2,9,41,28,41,36,1496,0,0,5
ipython,554d8058e9093a1aa06a2927fe8efa7b1c6820dc,1420829228,Min RK,2,0,9,2,0,0,0,0,0,0
ipython,a78564e174f1badbd968919ef37c4c26fbc265cf,1420838166,Jessica B. Hamrick,1,0,1,2,0,0,0,0,0,0
ipython,01a6d2384331e07a7e8249d75f4baa49aa85069c,1420840959,Min RK,2,2,6,10,3,3,143,0,0,0
ipython,8239237f4757f1991217b94f26381b794c12f4c8,1420501106,Min RK,3,19,132,56,88,76,3609,4,152,8
ipython,bf94c2c9305303deb6305c84158d5210d0e262e7,1420841504,Min RK,1,12,16,16,16,16,1064,0,0,0
ipython,fbd4f42a43a6f81bcc9c83477f9b753844e136b8,1420841719,Min RK,1,4,8,7,8,8,315,0,0,0
ipython,8133195296ed44303410bbbf913adb732dc68c00,1420841911,Min RK,1,2,2,2,2,2,134,0,0,0
ipython,31b4e8191356aba2fc2604dd0c80f6ff900331e2,1420846893,Carlos Cordoba,1,5,5,4,5,5,420,0,0,0
ipython,320617824cb3a4c7df33e8f1b5f8dd3eb3ae02bc,1420912841,Carlos Cordoba,1,5,5,5,5,5,440,0,0,0
ipython,9c5bd69391ad1dad03b58371ee24fcea00b58220,1421089276,Min RK,1,0,5,19,0,0,0,0,0,0
ipython,1b66a386ce9ef68861f13723ca3f9ddb1025ad38,1421104943,Thomas Kluyver,1,0,5,2,0,0,0,0,0,0
ipython,f428602d764fd79ea6879e15e97d86ee3cfcf0ef,1421105621,Thomas Kluyver,1,0,1,1,0,0,0,0,0,0
ipython,1710f8a815c9781c76d42d94b5b43596e0fdbb87,1421206694,Nicholas Bollweg,2,5,16,3,16,15,583,0,0,1
ipython,94dab043eb0764e998fedc9ee1ce453747db73e6,1421207138,Nicholas Bollweg,1,1,0,1,0,0,0,0,0,0
ipython,919be61b1ebe416d9a7894f0d978341386165bbc,1421260184,Thomas Kluyver,1,4,3,7,3,2,75,1,61,0
ipython,b7ba30aded1814ef0154ec30ecbf73602da3003a,1421265026,Min RK,1,3,2,11,2,1,182,1,41,0
ipython,b854a32e284e54369b7cdd7200a0afa284be922a,1421265080,Johannes Feist,1,0,9,0,0,0,0,0,0,0
ipython,502dbfa8f9b13084b6aefcf6567a8f5220b7232f,1421265972,Min RK,1,2,3,3,3,3,206,0,0,0
ipython,f3d604d86088fcd6aa7b09a691edc0fde26e5573,1421271009,Min RK,1,4,5,5,5,5,169,0,0,0
ipython,ccb1b7583b463118867228de31c2f26e9a9a61f0,1421271869,Min RK,2,5,26,19,9,6,199,3,125,0
ipython,b1c89c4a626498954453348f14eb2fbff8180727,1421282392,Min RK,2,5,37,19,6,6,282,0,0,0
ipython,8488a166a4803ffa1f1c6f1cc125ff264b7a2a28,1421295841,Min RK,1,1,3,1,3,3,161,0,0,0
ipython,db18421ff4afebb262efa1b648ff9c025dc9dabb,1421344995,Min RK,1,1,3,1,3,3,67,0,0,0
ipython,7f200257762ab9730cee6f02be579f8ce70cdb43,1421374893,Thomas Kluyver,1,1,1,0,1,1,91,0,0,0
ipython,52bc0c38fda6a4ff90ff661395c518fb146222f5,1421434440,Thomas Kluyver,1,1,4,0,4,2,72,2,94,0
ipython,558749bb0a84d8c28a90bb0f9adb65a58707e5d8,1421365568,Min RK,1,2,2,0,2,2,65,0,0,0
ipython,c42828d18d8642d407fe7bf79e6a20c3ca3ecbbf,1421456902,Min RK,1,4,4,4,4,4,163,0,0,0
ipython,63f574738379226e5e57399d1cd9e399ef0ce6b6,1421457267,Min RK,1,1,1,1,1,1,55,0,0,0
ipython,515b791b6b3e0def1a74b816316356669f52c7f6,1421464005,Min RK,1,1,7,0,7,4,202,0,0,3
ipython,74310904da65a565b07872bbd713ae61ff66a16b,1421464102,Min RK,1,1,2,1,2,2,138,0,0,0
ipython,73b7a330035c4c1a7233a6858d36889d1213e84f,1419423354,Juergen Hasch,3,6,30,4,12,10,617,0,0,2
ipython,8c21be58adfb69e54d362541718dc34102953b54,1421515838,Juergen Hasch,3,5,10,13,5,5,349,0,0,0
ipython,19b061c4daabfd35a9f56cfadeb321df7a3cdabe,1421623615,Min RK,1,9,37,18,37,29,1096,3,139,5
ipython,8c0e6e373748b0f05f736c2fbe7bc512678589a9,1421627755,Min RK,1,3,9,3,9,5,254,3,103,1
ipython,7bb32b4246f368bd9010c42484b835c0d67081bc,1421645539,Johan Forsberg,1,2,82,1,82,73,2782,1,58,8
ipython,e315d027838bc90e841ad5c8bd1524bd8995e080,1421694836,Thomas Kluyver,1,1,1,1,1,1,65,0,0,0
ipython,14b6870bed3ffc6ef4fd51f5a50415452d9bb2e1,1421696468,Steven Silvester,1,2,8,3,8,7,356,0,0,1
ipython,9ab7103d9d6a37916429467c343209d3b53737f9,1421701623,Min RK,1,3,13,2,13,10,421,2,90,1
ipython,d92b646390a41a5e8b498cea7fc86a3bc199b71a,1421712078,Min RK,1,2,2,1,2,2,79,0,0,0
ipython,bc4c3538cc3174534d305786777ef6d91e1af896,1421713024,Min RK,1,0,8,1,0,0,0,0,0,0
ipython,9977ca17f05a0e35e666438e19459a3af81685c5,1421713572,Min RK,1,2,3,7,3,3,215,0,0,0
ipython,ac465d77c7731f8297896fefc6c7de9b62a7832b,1421699339,Lev Abalkin,1,1,1,1,1,1,39,0,0,0
ipython,0fa8a28fc5f91ddb656d2d7a37a75edf1e76f9b9,1421786017,Thomas Kluyver,2,1,15,0,6,2,72,3,198,1
ipython,985f5343625ac26b624a27c9d4a113f2873e483e,1421805064,Torsten Bittner,1,4,57,4,57,46,1803,2,71,9
ipython,aedda40b0351cbb62f19e0457c7375628ff16d60,1421868439,Jonathan Frederic,1,5,19,2,19,17,797,0,0,2
ipython,be7c06aeaae525b160b9a8911f11ab2538aec879,1421871928,Torsten Bittner,1,5,23,7,23,20,832,1,84,2
ipython,a69f66016564cc8f73d045d31f08b80207692baf,1421872408,Jonathan Frederic,1,1,0,1,0,0,0,0,0,0
ipython,0492dfe782e380edc07ade0cdf2fbc3103c3ac3f,1421951019,Jason Grout,1,9,21,8,21,20,1140,1,28,0
ipython,59f28a7f331ef3aedfb9f811e8ea378fb08b3a5f,1421951657,Jonathan Frederic,1,2,17,5,17,13,766,2,117,2
ipython,d13272cc41b822b1f1b9ac6dbdc1e803cd73f7f9,1421951891,Jonathan Frederic,1,3,3,2,3,3,141,0,0,0
ipython,301488d86b395545b42d115e5c2a42bec52f846f,1421954143,Jonathan Frederic,1,1,1,2,1,1,76,0,0,0
ipython,1a12d9ddb9cd88b967b476753b2a11f545b8916b,1421957123,Min RK,2,16,74,23,74,58,2523,3,166,13
ipython,ea195635bc667b27e5973cd9ea0bcd461b2cd5ad,1421957774,Min RK,2,5,55,4,17,16,732,0,0,1
ipython,ac56ffc693663fec31a037b8b2aacc1815d3610d,1421959287,Jason Grout,1,1,2,2,2,2,109,0,0,0
ipython,b7fe62ea7fcdf0273a140a03ef73f78339376d37,1421959602,Jason Grout,1,1,1,0,1,1,75,0,0,0
ipython,6b5ad2f24ba8f2ce54dccad94a129bced625af7c,1421959630,Jason Grout,1,1,4,2,4,4,117,0,0,0
ipython,52d92404e82187f28070af7c21c3520c2f254868,1421959791,Jason Grout,1,1,3,1,3,1,61,2,123,0
ipython,5b74b3cd85b5453f8a62dc2920d9ea2f4179ae7f,1421959972,Sylvain Corlay,1,1,3,1,3,3,129,0,0,0
ipython,36d9f7908ead91859847dd49178a86f402047fbd,1421961489,Jason Grout,1,3,19,16,19,17,783,0,0,2
ipython,be4b827556b456d7f84d502fcb0c14eda256a597,1421961792,Jason Grout,1,4,16,4,16,13,638,0,0,3
ipython,1c0c635f8b31f57afd8e88edbc61f8288d483e85,1421963373,Jason Grout,1,0,15,4,0,0,0,0,0,0
ipython,496ff5a33dd1c8fadaf2e7afcbe3057be66a5bac,1421966025,Jason Grout,1,0,1,1,0,0,0,0,0,0
ipython,7c78090cec3f7f34828a1073569020a0c232ced2,1421967978,Jason Grout,1,0,1,1,0,0,0,0,0,0
ipython,513f4ea17774b1f6253d34f57767943f3d3aa6ca,1422043713,Lev Abalkin,1,0,35,0,0,0,0,0,0,0
ipython,1c1d0eea5719c592146abd1bff493cb6584893a4,1422044921,Jonathan Frederic,1,2,5,1,5,4,157,0,0,1
ipython,f66ea76cf7884384640c424720d8031eccd035d8,1422044952,Jonathan Frederic,1,4,24,19,24,22,782,1,57,1
ipython,56c3c3fdcc64c6aeb7a3399f2b338a6b17004bb6,1422046926,Lev Abalkin,2,1,22,0,4,2,119,2,123,0
ipython,c947c7c90248a781e4eb1c3085894bb540046e92,1422051044,Lev Abalkin,2,2,28,2,2,2,117,0,0,0
ipython,913dc1736210c731614da0aac7ecea7bcf63e10b,1422055688,Min RK,1,1,2,1,2,2,113,0,0,0
ipython,1fa88012f1c56bdee4109ae474b710b59b174dd5,1422060740,Lev Abalkin,1,0,8,1,0,0,0,0,0,0
ipython,681b9d6fbfc39e2af519c15cfc1f7c2353b0a58d,1422067054,Lev Abalkin,2,1,10,0,1,1,71,0,0,0
ipython,73c2656da480161383c6c1cc52945d68abeabd65,1422068422,Lev Abalkin,2,1,8,5,2,2,128,0,0,0
ipython,eb87be73153ab0e2cb409bd28ec966cd87d7ffca,1422069952,Lev Abalkin,2,1,11,0,2,2,116,0,0,0
ipython,edbca228e8e26965c2a19213da9d32480a937d7c,1422070715,Lev Abalkin,1,1,1,1,1,1,63,0,0,0
ipython,70eb7fa2f7deb7a930fe1c38f8ff61d62cbf64e7,1422072555,Lev Abalkin,2,1,9,0,1,1,87,0,0,0
ipython,3b0b4dede1c77be710676382111c517dc514debc,1422042418,Min RK,1,0,9,3,0,0,0,0,0,0
ipython,e2450ea772c549cdb2e1d7bd0483c3019511ea25,1422132375,Min RK,2,2,31,6,10,9,449,0,0,1
ipython,cfc41c0692f4a85685fa7b4539f4b9c3e6c47769,1422206533,Lev Abalkin,1,1,1,1,1,1,68,0,0,0
ipython,5bf694c980b8b274f08774bf9a693676fc24ad1b,1422207984,Lev Abalkin,1,1,1,0,1,1,73,0,0,0
ipython,09a21620b1873f9b38dffaf3ecfed111e373800c,1422208847,Lev Abalkin,2,1,21,1,1,1,68,0,0,0
ipython,467d252b2b3df66a45e91b1aa5acc05e6088003b,1422282125,Jason Grout,1,1,1,4,1,1,31,0,0,0
ipython,08a21510093bd1f51598d6a129118f8e7659669c,1422299473,Min RK,1,2,7,0,7,6,236,1,36,0
ipython,4e4a826d9debb88b40f3567391061e8f66767f69,1422300773,Min RK,1,0,39,0,0,0,0,0,0,0
ipython,821805a6885562cd9e1a16040d41f82e932433c2,1421259316,Min RK,1,4,5,1,5,5,178,0,0,0
ipython,e00dd9ac0fb8d58f60d29de578de452749fbb0fb,1421795108,Min RK,1,3,3,3,3,3,121,0,0,0
ipython,671fdfd7425cb075b755a0f60e247a38e58a0725,1421795874,Min RK,1,3,3,3,3,3,101,0,0,0
ipython,8535fdd78844857083f1539a0e97d5a8688e97c6,1422322401,Jonathan Frederic,1,1,1,0,1,1,39,0,0,0
ipython,145ab11abf8f5a19f09d09278413d84e3976bb02,1422383973,Min RK,1,2,4,1,4,3,183,1,41,0
ipython,6ef7d21c32a23489b96d5e883c38376ab0c25716,1422383990,Min RK,1,2,5,0,5,4,132,0,0,1
ipython,a173b6a256961130770f8ccd31b01e7257cfa4c3,1422384693,Min RK,1,1,1,1,1,1,51,0,0,0
ipython,31800d40603db96f2cec51f636e542943fe0eff5,1422386315,Jason Grout,2,18,94,80,58,53,2940,2,59,3
ipython,6d60c6f92cedd47056b5898e7803471c8e375202,1422388323,Jason Grout,1,1,1,1,1,1,48,0,0,0
ipython,8b953b558b0ab1b53fa1871e1bc39aeb1c149bba,1422388351,Jason Grout,1,1,3,1,3,3,205,0,0,0
ipython,ab4efc08a31a6680a7f5e97eb28d75ea26637fd2,1422388503,Jason Grout,1,2,2,2,2,2,119,0,0,0
ipython,499c8162a20a229a20fc5cbe4f4790990926f526,1422388515,Jason Grout,1,1,0,2,0,0,0,0,0,0
ipython,2368f9ab49eafe3709c12daf5ba4d3eb8f856a3f,1422314589,Jonathan Frederic,2,9,29,10,29,27,1071,0,0,2
ipython,acefbeaeb16d21c68abd78bec5d86ae78a7becca,1422391727,Sylvain Corlay,2,10,20,14,20,20,1122,0,0,0
ipython,94d3502555b09f143cbe8a4565854aad095a3c16,1422393761,Jason Grout,1,1,1,0,1,1,51,0,0,0
ipython,403a37ac3c767bce03b1a285e76ea13aad3656bc,1422394729,Min RK,3,4,16,17,3,3,111,0,0,0
ipython,e92d77f8106373f6da5f58d4714abbbc58d91b0c,1422394857,Min RK,1,1,1,1,1,1,40,0,0,0
ipython,79b63be3b2a10007995818b309c26091c0d4928a,1422322540,Jonathan Frederic,2,3,43,37,34,28,1279,2,117,4
ipython,e5220e228270f859938432c58c3740d5fa99cbde,1422489264,Jason Grout,2,1,17,1,1,1,52,0,0,0
ipython,8a81fbe45c66bf3339e13b1b7553a00e9ce78879,1422578855,Min RK,1,0,4,5,0,0,0,0,0,0
ipython,f78dee6f917274aff9afadacfc50e15eb04552f9,1422578875,Min RK,1,0,3,0,0,0,0,0,0,0
ipython,bebab4715cbd85ab826b5913d2ab5c25260eae13,1422646718,Min RK,1,0,1,0,0,0,0,0,0,0
ipython,654803650779d5a6c24d346a693f9c3929f5eee1,1422646840,Min RK,1,0,24,16,0,0,0,0,0,0
ipython,5a85bc78407f0b51fb55d01d09482885016b8a39,1422646939,Min RK,1,0,1,0,0,0,0,0,0,0
ipython,a019b70383917a91829ef98fc6dc27943ddb48ed,1422654159,Min RK,0,0,0,95,0,0,0,0,0,0
ipython,6ceb4492a1a8da5dc62bce841ae51ca09206c315,1422654244,Min RK,5,0,27,23,0,0,0,0,0,0
ipython,38089833111094922ece68b3e43bf69140612d23,1422656365,Min RK,1,3,6,2,6,6,304,0,0,0
ipython,ee6223ab74eb4005630c64dba0b79d8031e46aba,1422656387,Min RK,1,1,1,1,1,1,21,0,0,0
ipython,056c1dfe8da7c0a8f8427b6bbd55ec304f230e2e,1422656494,Min RK,1,1,1,1,1,1,22,0,0,0
ipython,d5a872e7f7eb03fef812ebcaf3de303476b99cbe,1422657627,Min RK,2,0,3,7,0,0,0,0,0,0
ipython,de111108ef73e43d522ae908adac5945590c07b9,1422658392,Min RK,1,0,1,1,0,0,0,0,0,0
ipython,e8dddcc1a92759af1f59447cbee6edb5ba6f896d,1422583531,Nicholas Bollweg,4,25,168,46,106,93,4338,2,111,11
ipython,fbfccdd5c89c833c587076d8b8def92dfeb473f6,1422667971,Sylvain Corlay,1,5,6,6,6,6,307,0,0,0
ipython,0803629045bf770bb4dd2e89f9bf57596eb8339e,1422919449,Sylvain Corlay,1,0,7,0,0,0,0,0,0,0
ipython,233aefaf683521bced1e0a0f72cd548a188e1ca2,1422925268,Min RK,3,10,18,8,18,16,669,1,31,1
ipython,d5648dc27229ac88679c19ffd63a140dedb609dc,1422926064,Min RK,1,0,1,1,0,0,0,0,0,0
ipython,b68acbb253f52470735d020364d090d5286d5298,1422989786,Min RK,1,2,3,1,3,3,279,0,0,0
ipython,6169fbb851b4f827309ddb48656c853889a2821e,1422991983,Sylvain Corlay,1,3,3,1,3,2,106,0,0,1
ipython,f1ebed454285db157385ce1e912187ae72b691df,1423001565,Thomas Kluyver,1,2,2,2,2,2,96,0,0,0
ipython,6f85cbff6f76c11ba1154664ec838a813101e649,1423091858,Min RK,1,3,6,2,6,3,118,2,99,1
ipython,f7361239e5d04da9df5ebb409c082b9afc7262ba,1423159696,Thomas Kluyver,1,1,5,9,5,5,311,0,0,0
ipython,f614c3cdfaeadaa77d06d3975788bffaf73878ae,1423160583,Min RK,1,1,2,0,2,0,0,2,94,0
ipython,4b151608ae9a77aba51615cc2ddfb8f7a1ef14e6,1423174579,Min RK,5,8,14,46,8,2,76,6,246,0
ipython,1eded4515156b2d0f92e0abd4fd30f915a1248a9,1423174755,Thomas Kluyver,1,1,2,2,2,2,62,0,0,0
ipython,1ebc968a3c8cac45d81a61bc769c82b84d86f360,1423242123,Jonathan Frederic,3,7,55,71,47,41,1627,2,117,4
ipython,babd93f7aa1c2e73c21139de161f4798fe25d557,1421884230,Eric Galloway,1,1,0,1,0,0,0,0,0,0
ipython,f18f5551d80d83f5a6cfbcedb281bbe0b8e6cef7,1423264449,Min RK,1,4,8,1,8,6,335,1,72,1
ipython,de3bb45ded5ec031f8190b342ee3883c52e2208f,1423353519,Sylvain Corlay,1,0,24,23,0,0,0,0,0,0
ipython,f6e7ede83cbf660d2c6c7680329221d7a5ba07a3,1423600508,Min RK,1,2,8,3,8,4,165,4,222,0
ipython,ae55f08db3d4d5cd34626c7773b066e910818320,1423622210,Sylvain Corlay,2,5,17,2,17,17,619,0,0,0
ipython,f65a5c755067a1ab628c245bef08da58cb37785e,1423680326,Min RK,1,1,5,0,5,3,125,2,85,0
ipython,37db54fb7b5f417f9792d4a18fb58b07aad3884e,1423686944,Matthias Bussonnier,1,1,1,1,1,1,63,0,0,0
ipython,a7540ce3ddecd8f67a71a69cba71cbc2c84a7ca1,1423744148,Sylvain Corlay,1,1,2,2,2,2,94,0,0,0
ipython,2ee8763bea789283b655237c0e8ee5c270815dfb,1423746729,Sylvain Corlay,1,1,8,0,8,7,300,0,0,1
ipython,2a0d60f4ed0a1ca1db2bc4036cfb75f31a2c0a31,1423771440,Sylvain Corlay,1,0,13,0,0,0,0,0,0,0
ipython,8c89a8252c807581661d729282c94744040dceb3,1423760292,Jan Schulz,1,1,4,0,4,3,72,0,0,1
ipython,0c84b0dcf67fd07ef89c0254b254bb9b3dc0e5c3,1423786850,Min RK,1,1,13,0,13,7,299,4,210,2
ipython,6631fad79091a1d77791f4d152c019d05e3872c0,1423786896,Min RK,1,3,5,3,5,4,159,0,0,1
ipython,f94771c55b7c815c4efa8509767dadc71a273e0c,1423854071,Min RK,2,2,2,0,2,2,53,0,0,0
ipython,68e17b02bedf0b26a32c34c6c33383eb35625263,1423858648,Min RK,1,0,1,0,0,0,0,0,0,0
ipython,a7fe535e462069acfbfa7d14ca411c62f9503255,1423864752,Min RK,1,1,1,1,1,1,22,0,0,0
ipython,18f0eb2e6e1c706e8b4a7ac84578665f322f1dbc,1423864858,Min RK,1,1,1,1,1,1,22,0,0,0
ipython,9e1db3ce0762f0554a075b4d1d007f3e38c809cb,1423865298,Min RK,1,0,1,1,0,0,0,0,0,0
ipython,eeaea1de5b06195b4de46fe1a7342ebd3e580c97,1423981196,Sylvain Corlay,1,3,8,1,8,7,473,0,0,1
ipython,07ec4b54fe3180279b7a3c39d0f4581f77357406,1423984858,Sylvain Corlay,1,1,1,0,1,1,38,0,0,0
ipython,d4b39a336f91ccef496eccd86b14a774a6110231,1424116410,Jason Grout,1,1,5,2,5,4,204,1,37,0
ipython,97ac7fb1ac9632e2355185cd045f7b045e71ba38,1424120555,Jason Grout,1,3,4,3,4,3,191,1,66,0
ipython,f28fdf32d19b09196cea851aa7e909de693fb1d9,1424123606,Jason Grout,1,1,2,0,2,1,44,1,59,0
ipython,f1398d6c26033727e950e70099ad05ca1f8bfa9c,1424124749,Jason Grout,1,0,2,2,0,0,0,0,0,0
ipython,4ea52194dbd33ff993598c15eb4f457bd58f02a3,1424131702,Sylvain Corlay,2,2,17,1,4,3,95,0,0,1
ipython,4abb13b9154d18aaef2ff438a61147d6dd02d2b7,1424191948,Jason Grout,1,2,3,2,3,3,91,0,0,0
ipython,240eef90ab769a25100eb9f2c4247d775e6c160c,1424376765,Min RK,2,4,29,3,12,10,376,1,56,1
ipython,ffae03e3806abb4b5389571457a35493f0c6f76d,1423347902,Sylvain Corlay,2,10,16,18,10,10,687,0,0,0
ipython,cbdbaf57f94f6e8054feb70c843caa4cae5f1c33,1423347953,Sylvain Corlay,3,4,8,8,4,4,246,0,0,0
ipython,a0f882002db32903c640d7d6fc00f3dffae959b8,1423533516,Sylvain Corlay,1,0,4,4,0,0,0,0,0,0
ipython,7f8a27ed4a2c3cd4f110bc45b38433c38b6611fb,1423546731,Sylvain Corlay,1,5,5,5,5,5,211,0,0,0
ipython,7b4850761a1e9c704b40fdd1184885ed7852342e,1424476389,Sylvain Corlay,7,13,14,18,14,14,734,0,0,0
ipython,54ea57400290d71935ec3699bbc3da92cbf791fc,1424702234,Min RK,1,2,2,2,2,1,24,1,27,0
ipython,fe14d5147c12daa4763d9f832a12708ceaadaa6a,1424800692,Min RK,2,8,19,18,19,13,459,4,162,2
ipython,6404bf4e656acef57a35f6c17d33eebd4b281c85,1424809556,Min RK,1,5,8,15,8,1,26,3,115,4
ipython,3a8ace0070d6df76cbadc2abbd0feceb1668cb77,1424810720,Jason Grout,1,1,1,1,1,1,83,0,0,0
ipython,fb6299ba986ef2b9dded118b0bb780eff4877a1e,1424811565,Min RK,1,1,1,1,1,1,39,0,0,0
ipython,7af02b7c2d0db1124e9c3d15746fddfec049b70e,1424812065,Min RK,1,0,20,0,0,0,0,0,0,0
ipython,86a2891d5297676558bfa10b1eaecd7e99ab6345,1424816184,Min RK,1,1,1,1,1,1,89,0,0,0
ipython,1d4099c830a9e3d5ebc01c31ee89686d4e476e83,1424818574,Thomas Kluyver,2,2,2,2,2,2,106,0,0,0
ipython,3a3101e6d172ec959aedd8d0641f63bcc5dc2514,1424825998,Min RK,1,0,17,9,0,0,0,0,0,0
ipython,77605a9f321f3c4815f21431a66038566b2ae09d,1424903065,Thomas Kluyver,2,4,9,9,9,9,531,0,0,0
ipython,ec44c5b75d92a76ad7b3bddbc78ece49bad3f5f5,1424903107,Thomas Kluyver,1,11,12,12,12,6,395,6,246,0
ipython,11aa1a7768d06e35036833e447c9343232f1209a,1424903803,Thomas Kluyver,1,0,5,8,0,0,0,0,0,0
ipython,fab910523e1dff8f7d519fe5e4f061c617fd80ea,1424904482,Jonathan Frederic,1,1,1,1,1,1,53,0,0,0
ipython,8a9b24db72a0ddc55ac9cd2d611b15fc90892bed,1424895610,Sylvain Corlay,1,1,1,1,1,1,33,0,0,0
ipython,8ae013dc5ee0902cadf073bfaa9b732a43e7a687,1422316928,Sylvain Corlay,1,2,4,1,4,4,232,0,0,0
ipython,d197be2e9f293b3a0d4e4a044e0eaadbf186e996,1422372696,Sylvain Corlay,1,1,1,1,1,1,64,0,0,0
ipython,ead9b008eb1ce1d3c41c7ab397b65eec22b2adf7,1422458614,Sylvain Corlay,2,2,3,34,3,3,102,0,0,0
ipython,27405bfbda4e0e4fc490d87f04e5e87e5967f03c,1423020529,Sylvain Corlay,1,1,2,2,2,2,125,0,0,0
ipython,b23a83d9b92a9f3ee01f8fdf7981d5849a3dd4de,1424927084,Sylvain Corlay,1,0,30,52,0,0,0,0,0,0
ipython,c89e76f66b7923bac385013410452c8c34af94a7,1424980204,Jessica B. Hamrick,1,3,7,1,7,6,228,0,0,1
ipython,deca666f06ad2af7da910907b90432f6439894b3,1424980625,Min RK,1,3,11,5,11,8,339,1,30,2
ipython,17a88b56ce7060960eacffdced12c2e3cbfa459b,1424982658,Jessica B. Hamrick,1,0,15,1,0,0,0,0,0,0
ipython,791b7c2582bc879b3c830151927821e5644868fc,1424983443,Jessica B. Hamrick,1,2,1,6,1,1,39,0,0,0
ipython,0d8585ddcdd9d8b58067a2f8ac66d435548fb41b,1424983513,Jessica B. Hamrick,1,2,2,2,2,1,49,0,0,1
ipython,f75fda4dee1b9ed5e734548180c2bdb6067a9ac8,1425080777,Thomas Kluyver,1,1,1,1,1,1,55,0,0,0
ipython,5f9d376ac074b90f217c6dd50ab430b78dafad42,1425080862,Thomas Kluyver,1,2,2,2,2,1,18,1,57,0
ipython,cf9c39fa84f560334fe543f6514f051fe324339e,1425141805,Adal Chiriliuc,1,1,1,1,1,1,46,0,0,0
ipython,6c0d1fbf8863040d3d9f25bd5954c1ded7825bcb,1425150257,Thomas Kluyver,2,5,57,52,57,40,2023,6,175,11
ipython,dae991a8903d45b57d230cc5330cf5e7df1aa3db,1425150452,Thomas Kluyver,1,2,2,1,2,2,90,0,0,0
ipython,37b75af5b098b7d35909e362f52ee8c95817768e,1424594550,Min RK,6,11,24,27,11,10,431,0,0,1
ipython,4241b100e71f60f762ef36dad943f4475eea8bf7,1424594844,Min RK,1,1,2,0,2,2,108,0,0,0
ipython,973cef5f139e336bf2658d0b12434c84b0081935,1424699269,Min RK,4,6,17,23,10,5,237,3,131,2
ipython,5bd261c6db6cedde97b4960556f15ad6d6ea258a,1425152133,Min RK,1,1,1,1,1,1,101,0,0,0
ipython,7211fc10a6daae942c8e9037be88fd8c03a23ff1,1425153163,Min RK,1,0,3,0,0,0,0,0,0,0
ipython,94822b0c23d37e23191be2fc1e515b7fd7f880d2,1425158492,Thomas Kluyver,2,0,3,2,0,0,0,0,0,0
ipython,0030d932e26eb6069d2e8cbcf27a47aae3df5ad5,1425159361,Thomas Kluyver,1,0,1,1,0,0,0,0,0,0
ipython,e79db069e8ca8c688da0af4d1ef568a212962173,1425167438,Jessica B. Hamrick,1,0,22,0,0,0,0,0,0,0
ipython,53d89fc91440d6ab4ad999681b1784ebbfde36c5,1425167176,Jessica B. Hamrick,1,4,13,2,13,12,624,0,0,1
ipython,6a6a685e718d88ee41d3c9c0bf22941587333d25,1425169392,Jessica B. Hamrick,2,2,21,6,9,9,406,0,0,0
ipython,29a1e1b29b65de042c147dcd090de23708440bf6,1425235829,Min RK,1,1,3,0,3,1,58,2,93,0
ipython,db18142fd6bc1b634c11604b12fe31e0f955301e,1425173346,Jessica B. Hamrick,2,3,48,1,13,10,546,1,44,2
ipython,b92b5a8c05e6b0146f452e5476b73499f5401296,1423852365,Min RK,1,1,13,0,13,12,365,0,0,1
ipython,7f084e6b1a8b837138f679b75a63a276f40a7afc,1425270103,Min RK,1,1,2,1,2,2,124,0,0,0
ipython,ac706d2d5080772e9992c20c483bd8e227a01836,1425271261,Min RK,1,0,4,4,0,0,0,0,0,0
ipython,d60760f1fe9d9ca7b78876921c425d84f5a54a56,1425325984,Thomas Kluyver,1,1,1,1,1,1,55,0,0,0
ipython,1bbd9b71c77d58181c297c84da0e39b58a821980,1425347271,Thomas Kluyver,1,1,1,1,1,1,52,0,0,0
ipython,66b1a2525c654058487ed7f5fd90b8d3971dc4eb,1425351194,Jessica B. Hamrick,3,5,82,4,13,11,587,1,41,1
ipython,d26228cdf4dfb85363daf528be4a63fb122dbbe5,1425421938,Min RK,2,9,128,106,128,95,3709,4,204,29
ipython,857d102dbf1e8f14da95f96348182fb2a813749b,1425424009,Thomas Kluyver,6,5,521,512,516,332,13715,91,3889,93
ipython,bb3a32f68f77a5f78d9ce0201b7bbb4b56e3b5ac,1425430647,Min RK,1,4,4,19,4,2,91,2,99,0
ipython,e6afcc98e34a417bde650b1efbacf9ef8439d1b6,1425431947,Thomas Kluyver,1,1,1,1,1,1,39,0,0,0
ipython,6d19e081eecaf4355154995bd76b9c7629407741,1425440427,Peter Parente,1,1,1,1,1,1,56,0,0,0
ipython,d294ff12ced2622769d599532bd2ccb4a86294ca,1423669666,Scott Sanderson,1,3,11,1,11,9,309,0,0,2
ipython,f915f198e1e530e10f9f3832ff3a3f9a2e5efca1,1424128482,Scott Sanderson,2,5,11,3,11,10,432,0,0,1
ipython,af18c6c7b521100820e1e8e46b6c8653013a7c7e,1425532463,Jessica B. Hamrick,2,2,6,2,4,3,155,0,0,1
ipython,858d9c053e991526f303ae9f5e8c1600e653b924,1425533681,Jessica B. Hamrick,1,0,17,0,0,0,0,0,0,0
ipython,f86bb4e79b0ba36e34abea899f3338db37063858,1425533710,Jessica B. Hamrick,1,1,3,1,3,3,105,0,0,0
ipython,fbe6a44e50f89ffb3c3843e8ae267cccb0d926fd,1425543473,Scott Sanderson,1,2,8,0,8,6,194,1,55,1
ipython,2e67c042461c736c420a041b2ecb075a8459570a,1425602560,Min RK,3,4,49,4,12,9,378,0,0,3
ipython,c835a493689c6850516e5811658f58d32ad87ea2,1425645703,Zoltán Vörös,1,1,2,2,2,2,36,0,0,0
ipython,b456589360447471a18daf2ea234418bd365bc40,1425651713,Lorena,1,1,1,1,1,1,34,0,0,0
ipython,4080dc66c020aa0ec33845735c9873555a411c37,1425685639,Min RK,1,0,17,3,0,0,0,0,0,0
ipython,0aedb2429689aa7ed26457926c8ab2256543f095,1425919215,Min RK,1,2,2,2,2,2,107,0,0,0
ipython,0fb6730a1e0ac5aaeaaf6fcc55eaee7516cde401,1425942007,Min RK,1,1,1,0,1,1,35,0,0,0
ipython,1ca3a4ad0a06be00c836a2bbcf74724303d2e930,1425942696,Min RK,1,0,9,0,0,0,0,0,0,0
ipython,ce977c93a47eb54eeba45a389910b30a9a139c9c,1426051355,Min RK,1,4,8,6,8,8,324,0,0,0
ipython,6b6f3c4198e2b7f44d19a833b11fc7f366c4395c,1426183298,Min RK,2,3,16,6,4,4,201,0,0,0
ipython,14c612af5bd74fcc2b00dd36f04991d696b84623,1426188443,Matthias Bussonnier,2,1,7,1,2,2,96,0,0,0
ipython,55bc07a3b8b64f3790484291426a38979da8eb5b,1426183307,Matthias Bussonnier,2,1,2,2,1,1,62,0,0,0
ipython,697c500cc44dfaa7306c16dfa80b4dcc886e8acf,1426274587,Min RK,1,1,2,1,2,1,35,1,28,0
ipython,4d2c248bf298933c9e43c7f53784200b90291bd9,1426274981,Thomas Kluyver,1,1,6,2,6,5,227,0,0,1
ipython,dac90a51673bf1f1c344bc656e61524313ccd508,1426275912,Thomas Kluyver,1,0,9,1,0,0,0,0,0,0
ipython,543fb18da202494f1655d8d22a0ac1902ecce337,1426279377,Min RK,2,2,22,3,15,12,474,3,91,0
ipython,b116ab1477ad985fd26e18b176839b239cb3840f,1426280650,Matthias Bussonnier,1,1,1,3,1,1,60,0,0,0
ipython,1a383a9b185fe4e5b7b456437101a8471a85e060,1426286268,Matthias Bussonnier,1,2,2,2,2,2,151,0,0,0
ipython,e9641c49f8cec214ccdbd2f50db6b5883234dc71,1426300638,Ryan Nelson,1,2,10,2,10,8,491,0,0,2
ipython,9af34ecf2ecd3a03e27d3677028ceef371577ffc,1426444264,Yuval Langer,1,1,1,1,1,1,44,0,0,0
ipython,870bf8c1be939cc423243514c108693977f63309,1426553612,Nicholas Bollweg,1,0,28,4,0,0,0,0,0,0
ipython,d83dd9133ca3395d04eabc33fa1174745904ac25,1426553678,Nicholas Bollweg,1,2,2,2,2,2,99,0,0,0
ipython,73b93fe7d89303020f8f7496f696a292976c3220,1426565440,Nicholas Bollweg,1,4,7,3,7,6,314,0,0,1
ipython,9f2c7c15cd7b3b0dcffb1a92490ce976f8011294,1426566015,Nicholas Bollweg,1,0,13,3,0,0,0,0,0,0
ipython,b375a3ea017316482e1ed37ec7ef8c668649f3de,1426636111,Matthias Bussonnier,3,3,6,3,6,5,288,0,0,1
ipython,f9738aa819769d0730fdb3be6e27a28b2169b9f5,1426636728,Matthias Bussonnier,1,2,2,2,2,2,154,0,0,0
ipython,7512090f6e7dac3decef59395389e3549bd24fd2,1426637523,Matthias Bussonnier,1,1,1,1,1,1,116,0,0,0
ipython,6961b28fb3665e856e9215d7178e09f1ddfc6b40,1426707249,Thomas Kluyver,1,0,1,1,0,0,0,0,0,0
ipython,2c54959f5908d509bb37b8050c6ccf91853f0566,1426712590,Naveen Nathan,1,1,8,1,8,8,528,0,0,0
ipython,2eae26343740aac6fa10c49daa24122a3ba64221,1426716277,Thomas Kluyver,1,2,8,11,8,7,195,1,38,0
ipython,d5e6ad2effad8afa21afe9780c9d6a9e3ceb4374,1426727870,Min RK,3,0,3,52,0,0,0,0,0,0
ipython,dfee7e1c89df879f187921752485153fd6214445,1426773719,Giuseppe Venturini,1,1,2,2,2,2,172,0,0,0
ipython,82d9724f7c791108a9a92d456cecc84dd808fd56,1426788859,Thomas Kluyver,1,1,2,0,2,1,76,1,59,0
ipython,5b4caf86a70af4cef4073d36843e6b11ca1c20f4,1426720979,Min RK,1,1,1,1,1,1,189,0,0,0
ipython,f2906386d6ba764c1f79e5d5445c3a3d90a2b1bb,1426803188,Scott Sanderson,1,0,34,36,0,0,0,0,0,0
ipython,63bdea3e8cf549aaa277c352ec2e7e532bda3d4f,1426804502,Scott Sanderson,1,0,0,1,0,0,0,0,0,0
ipython,757b540fa4000d73df6ba3148042d47739657f88,1426620807,Jessica B. Hamrick,1,6,111,44,111,78,4052,9,403,24
ipython,b48f077ee5412a060266c8ed963071e7e717b29e,1424986382,Jessica B. Hamrick,1,7,33,9,33,29,986,0,0,4
ipython,f702ff098abc29305a73b19a4ba6429aff0e9767,1424986403,Jessica B. Hamrick,1,0,49,36,0,0,0,0,0,0
ipython,7927122d11082c98962b87714e212f8090b75ddc,1424986975,Jessica B. Hamrick,1,0,12,0,0,0,0,0,0,0
ipython,4508da5407e1781777469a415d2956cf0c031574,1426813248,Jessica B. Hamrick,1,0,3,1,0,0,0,0,0,0
ipython,bfac3779407227a813e65544fb491c0b562650d1,1426814416,Matthias Bussonnier,1,2,3,1,3,3,201,0,0,0
ipython,f9a5cdcbc24177a530bb94d7eb3cb17f961cd7ea,1426727651,Min RK,1,0,17,0,0,0,0,0,0,0
ipython,3771c9db328bec6259a311dd4ca6ecade20d9d58,1424098959,Sylvain Corlay,1,6,53,1,53,45,2050,0,0,8
ipython,c5b12fac66f7a60fa3028b2eec79196d2e512243,1424099044,Sylvain Corlay,1,0,13,0,0,0,0,0,0,0
ipython,a0da473ae03b838f07dbda0b0c28d0d25934ef75,1423746095,Sylvain Corlay,1,1,7,0,7,6,272,0,0,1
ipython,f5c403df21075f9d11dac3d852e6652b6e0fb81a,1426871082,Min RK,1,1,7,2,7,6,199,1,72,0
ipython,9860401a5d33d50646ea18ce0c49c0a6153914c2,1426876774,Min RK,1,2,0,3,0,0,0,0,0,0
ipython,83be35133043207fae444a96b5db008c005a8cdf,1426876861,Min RK,1,5,14,15,14,6,220,3,176,5
ipython,c4c8e49e40fa2e66d2d8cc4fcce497c56c1beca5,1426898562,Scott Sanderson,1,0,29,1,0,0,0,0,0,0
ipython,ffe9ef65ea3e11daab1d413f7f5c55899a070cd7,1426900328,Scott Sanderson,1,0,7,3,0,0,0,0,0,0
ipython,151ffad414565f40d9393d922105756d67d37047,1423792642,Sylvain Corlay,1,12,16,14,16,15,516,0,0,1
ipython,9c4f8895f7aa3ca9c0b3668889886fabcc15ec17,1423796076,Sylvain Corlay,1,3,9,7,9,7,258,1,47,1
ipython,99abc348337d5f56346c4f263d983ca837e1100c,1423797126,Sylvain Corlay,1,6,9,23,9,7,291,1,47,1
ipython,ccddb03dd706280c9a056732b98ae67a1ac5ea0c,1424471268,Sylvain Corlay,1,18,18,23,18,16,554,0,0,2
ipython,4da327169f9b05811496c135966af1b6e61ebcac,1426882492,Sylvain Corlay,1,22,42,28,42,38,1683,0,0,4
ipython,0f522b7f3225e508675ce229a6302121495a26fd,1426909538,Min RK,1,1,1,4,1,1,55,0,0,0
ipython,da7e333d07cc88ae95adfba4797e71fc71a49a54,1424481978,Sylvain Corlay,2,9,55,12,31,19,2673,0,0,12
ipython,c53158b4d9bb156655ddd7d6fc371ffef1b54019,1424482513,Sylvain Corlay,3,8,10,10,10,10,630,0,0,0
ipython,37e32ddc58ebccc081e0f946465ae0d7d6cecdc6,1426914301,Sylvain Corlay,8,7,58,30,37,22,2660,6,283,9
ipython,889ef3f2e7abbdb412c506c20f91eb355eb63107,1426963528,Sylvain Corlay,2,11,12,18,12,10,448,0,0,2
ipython,77042f3485a9218c46497c6999ba6bf0427533c6,1426981438,Jessica B. Hamrick,1,1,1,1,1,1,80,0,0,0
ipython,5eae0bd4ba2b75b8f710a9e68b45537de8f76555,1426997603,Jessica B. Hamrick,1,0,1,0,0,0,0,0,0,0
ipython,8d5ab2809be8ec4e9766a8d33c074815888ec700,1427064417,Min RK,1,2,11,3,11,3,130,5,202,3
ipython,54beabc89abb49620527617c5e1a0d53811244b6,1427068034,Min RK,2,1,69,2,25,19,801,1,31,5
ipython,c22bf333be51cdd0e58e86e5edf33cd682caeda0,1427068060,Min RK,1,1,14,11,14,7,390,6,363,1
ipython,c81fc6d54480080b13019e1730185c791a09e7d8,1427070423,Min RK,1,1,6,1,6,2,115,4,178,0
ipython,734b787848b2ed1054f8594d6dda41a07827febb,1427085364,Min RK,2,3,3,3,3,3,129,0,0,0
ipython,618708b5abc3bf89fd2ed9c84534855cd28a0a11,1427085768,Min RK,1,0,28,0,0,0,0,0,0,0
ipython,479b174671dcc676191a0e2337907a79e3b7ab1e,1412722545,MinRK,3,10,9,1296,6,5,227,0,0,1
ipython,040c707a91dc45823c2071c1adaa1b060da9e3c8,1412722796,MinRK,3,3,329,388,329,251,8450,11,439,67
ipython,f9aaf4946c34924027233a7b1a31eb9e3bc0802b,1412723159,MinRK,14,10,14,246,10,10,310,0,0,0
ipython,8cb791279216bc7e3f82bd27d085d9616af02b00,1412723398,MinRK,4,16,31,202,30,27,995,2,99,1
ipython,6b5847f205a4a15454d400b203a0098c7a171c6b,1412723580,MinRK,6,3,11,2141,3,3,181,0,0,0
ipython,fc7d8a365a33f0de01b1b19b8a2a8ecd42f61f83,1412724561,MinRK,3,4,4,131,3,3,112,0,0,0
ipython,d5e41d1676f196ebdae4868e77bfc3779aa6532e,1412813459,MinRK,2,1,19,218,17,17,435,0,0,0
ipython,92460c4fd394e6ded06b160318faa53559dfdce5,1427135515,Min RK,2,3,87,79,87,79,2898,1,40,7
ipython,3f877b6153563c7824183965ef630bdc8aa60f91,1424991729,Sylvain Corlay,2,4,15,3,15,12,419,0,0,3
ipython,6f33f760ba34dc93bcd9f80168d950471720d291,1425340053,Sylvain Corlay,1,1,1,0,1,1,82,0,0,0
ipython,803750050888c2364691b950c0b1da7b505ca6e6,1427138965,Jason Grout,1,1,1,1,1,1,81,0,0,0
ipython,475b8ac39388c3170215eab943385c7bc9821164,1427139546,Min RK,1,0,1,1,0,0,0,0,0,0
ipython,14815cf0edb38dfe0db0eea12355c2e41ed79257,1427140700,Jonathan Frederic,2,2,13,0,13,11,551,0,0,2
ipython,08ff7191fd26a43c798139af27d43bcc5e97d84c,1427151554,Scott Sanderson,1,0,24,0,0,0,0,0,0,0
ipython,0b3b28de3139720113088ad4e8dcf87f19b63cea,1427155259,Thomas Kluyver,1,3,7,0,7,5,136,1,49,1
ipython,d467b8c567c9508dbea7c9bd90aa4c8eae4e55c4,1424192609,Jason Grout,3,22,91,36,91,79,3060,3,119,9
ipython,7e040ddbbe4f84fefa79f7e20294e5bbd9b66d6f,1427217444,Scott Sanderson,1,0,4,1,0,0,0,0,0,0
ipython,04fb013cb8457d3203f73ccba59b67a024518b67,1427222923,Min RK,1,2,7,1,7,7,248,0,0,0
ipython,17975bf8c2cfb6b46a7b16609e9e422c1aaec210,1426884992,Min RK,2,2,3,330,2,1,37,0,0,1
ipython,b079746d46ad75301671de82beabef10fe99ad5a,1427229867,Min RK,1,0,1,1,0,0,0,0,0,0
ipython,849943d9a8b511e277088ed8b5939847de47f593,1427235616,Thomas Kluyver,30,26,8756,8756,8389,6063,260626,975,49540,1351
ipython,38991ca3beea0b2dc2eb7bcf6535fd8a3bcb688a,1427235657,Thomas Kluyver,3,5,74,51,74,37,1225,24,1199,13
ipython,5105f02df27456cc54867dfbe4cef60d91021f92,1427214036,Jonathan Frederic,1,0,52,0,0,0,0,0,0,0
ipython,82fd1e92c8a42c082d17ee9260915200ee98ed29,1427237253,Thomas Kluyver,1,2,0,6,0,0,0,0,0,0
ipython,330bfc5678eef925d4b90790d0169910d04aaded,1427239040,Min RK,43,32,16456,16436,13089,9715,395845,1021,44735,2353
ipython,5f42d500faa8912fe4db6fbf95324390af4bbb4b,1427243441,Min RK,2,6,6,21,6,3,107,3,148,0
ipython,c3b763dbf4c7dcfe77b8637d677ecf52a1489502,1427246036,Min RK,32,51,100,100,70,70,4224,0,0,0
ipython,aaeb2423954b82f44f0267a7adaad0d6aaf6dbcf,1427246079,Min RK,1,0,6,1,0,0,0,0,0,0
ipython,f84c26a249cfe41d0666a6d6376ff0244505199d,1427302433,Thomas Kluyver,1,1,0,1,0,0,0,0,0,0
ipython,432981e3f0589c7b603d45b3acf66c75da159037,1427232331,Min RK,2,8,13,17,13,10,377,0,0,3
ipython,37c9b0c37bd60af27ddd7ee0e3026a6ea16a717a,1427234480,Min RK,3,9,40,44,40,31,1406,3,133,6
ipython,cde5f2930d7c5fbcd34c17ada74297130e7081ff,1427234567,Min RK,2,3,3,3,3,3,179,0,0,0
ipython,cbe6a036eedd92c15728475bf57d0a6773673d48,1427234883,Min RK,4,4,5,76,4,4,300,0,0,0
ipython,197d61cc4149cafb1af3dcd6e1ca23818fe52fad,1427304527,Min RK,9,6,1138,1118,933,676,28894,105,4843,152
ipython,19807a85522b338608a64cf64ab740de4352fc19,1427305215,Min RK,1,2,3,0,3,3,108,0,0,0
ipython,5296876da512d948177cd88e4a7661d30ad47fde,1427306784,Min RK,1,0,1,1,0,0,0,0,0,0
ipython,79c740c8935cfd8561784840c90a35ce9b445e14,1427312341,Thomas Adriaan Hellinger,1,1,2,2,2,1,60,0,0,1
ipython,d9ef4cb930fbf204b2135f5d450a1665eea1896a,1415947787,Min RK,1,4,0,10,0,0,0,0,0,0
ipython,3a98b55af51d48a318ce6ca6765c5aa0ffc2da38,1415948567,Min RK,4,19,17,57,17,10,419,5,256,2
ipython,7eaca3cc232fd56959236b4e7cb145dc53ad6a43,1415995605,Min RK,1,1,1,0,1,1,45,0,0,0
ipython,2ce953dc1ffd2462b55f79957ae57231dd35a1e5,1427328924,Thomas Kluyver,55,30,5451,5451,3607,2669,99205,252,13001,686
ipython,49552ffed976feae15132d6445b2565a225085b9,1427329814,Thomas Kluyver,5,4,30,17,29,13,472,10,353,6
ipython,ca280409e5a0f184c881638bc53df2a917642474,1427379905,Thomas Adriaan Hellinger,1,0,10,1,0,0,0,0,0,0
ipython,3d0defaa34930d66ee1376a61aef50e5fd46896e,1427384889,Thomas Adriaan Hellinger,2,1,6,2,4,2,74,0,0,2
ipython,afaf3ad0a667f74c48c8e207ee4255729f0155a6,1427386860,Thomas Adriaan Hellinger,1,0,13,1,0,0,0,0,0,0
ipython,e99390bf48dae18c14a63ada3286c8931177004b,1427389371,Thomas Adriaan Hellinger,1,0,1,1,0,0,0,0,0,0
ipython,1514403487f6e8b0a52fcb690005824d44b975c9,1427390161,Thomas Adriaan Hellinger,1,2,5,6,5,3,91,1,31,1
ipython,0898346162fc68af0d5448ffebcd79bc78aca139,1427391014,Thomas Adriaan Hellinger,1,2,5,5,5,3,121,1,31,1
ipython,57e30142c3063042f8f43fc94fb338273a532887,1427391833,Thomas Adriaan Hellinger,1,0,2,2,0,0,0,0,0,0
ipython,1a805ad1ceb120379df6f38ae496c30e12a36c71,1427307794,Min RK,91,49,7478,7458,4226,2863,112490,517,25229,846
ipython,03685e1956b052e912b4bf4fc2ee93837658030d,1427307802,Min RK,1,2,14,11,14,0,0,13,462,1
ipython,0063cd5eb9b56158d57c5d98735b0dd9bfbe2b66,1427307884,Min RK,17,15,33,33,27,27,2055,0,0,0
ipython,47a3474079124b1d37d92771db5bf9576f08f249,1427308738,Min RK,1,0,4,7,0,0,0,0,0,0
ipython,3688e687a4a45166d4f71afded7a6c794817ca2c,1427396573,Thomas Kluyver,1,2,0,2,0,0,0,0,0,0
ipython,ae2cf7c15c31736e1a7aac9d2c0e04e28d62b8a9,1427415354,Min RK,1,0,1,1,0,0,0,0,0,0
ipython,87111c7d11e27f19956c8f86b8dc6bd78592279a,1427420466,Thomas Kluyver,1,1,1,1,1,1,53,0,0,0
ipython,aa948c5516ca99741cd217116df2b3573796fa57,1427424853,Scott Sanderson,2,1,9,0,3,3,103,0,0,0
ipython,e4158c31f6152da8e3f0317ffd0364f0ecdb138f,1427469148,Jason Grout,1,3,3,7,3,3,140,0,0,0
ipython,194794421494679818268515ce9f7237223e2b40,1427470658,Jason Grout,1,2,1,17,1,1,96,0,0,0
ipython,0a1b20d22c87579b438f6905d68269c518190faa,1427470669,Jason Grout,1,1,0,2,0,0,0,0,0,0
ipython,a1dba7fe1e60302b757ea8668fc222a4470c778e,1427490192,Jason Grout,2,10,33,39,33,29,1022,0,0,4
ipython,4c8e425982d7fef687b69022ae4bacbee9542930,1426969415,Sylvain Corlay,46,81,148,134,131,130,8542,0,0,1
ipython,537197b9e1d878cc214c4711a1017c72ff4a6f75,1427482953,Sylvain Corlay,1,2,3,3,3,3,160,0,0,0
ipython,63a645a63d1a9070c4b9f88941bebd49cb3f47e4,1427499957,Sylvain Corlay,5,7,7,7,7,7,392,0,0,0
ipython,f44a18511347cc17819398ca162235569086f5e0,1427500847,Sylvain Corlay,8,9,9,9,9,9,354,0,0,0
ipython,6cd8d5cfe9d56a062a0aec99d4711348b3b4333f,1427500962,Sylvain Corlay,1,1,1,1,1,1,47,0,0,0
ipython,e4060ed8fe73941cd04c146719e3177b47d4fd2d,1427501328,Sylvain Corlay,4,4,4,4,4,4,242,0,0,0
ipython,ff008b7009ac4e71331c821208606c3e332520ae,1427502381,Sylvain Corlay,2,2,2,2,2,2,136,0,0,0
ipython,73db01821882d62cb27311a16df5dec38db92ab5,1427392811,Min RK,30,22,5705,5716,4571,3385,131753,316,15211,870
ipython,b7a08c61bae6baa435f611400c7881b79f4422fb,1427479207,Sylvain Corlay,3,26,115,87,115,96,4076,5,209,14
ipython,706daf3859b77d209580cbe16dfb77abf540cac0,1427394029,Min RK,23,23,36,39,24,24,1255,0,0,0
ipython,b422c1fd9590f73f9ab9c5c429840499b09fd252,1427396302,Min RK,1,1,67,0,67,48,1359,8,406,11
ipython,cffab5c69bc7c82a64201902ead3ce0473b60ea3,1427396126,Min RK,1,2,5,3,5,4,136,0,0,1
ipython,925061af4e3d35b8c06a43baa995e56a1b2663f5,1427396142,Min RK,2,4,6,4,6,3,71,1,36,2
ipython,c71dcbcdea3b8612d374da76db4d7b62d766c51f,1427415049,Min RK,57,49,7522,6051,6007,4261,172800,651,32281,1095
ipython,ad9f42c53232b2754428c8d1d1262fe344baacfe,1427415127,Min RK,5,12,247,56,245,167,6585,33,1652,45
ipython,16fd1e32e89a94930ed4e92e006cbf594bfe7819,1427415897,Min RK,28,35,3999,4008,3543,2495,101364,426,21473,622
ipython,8aead6535226414188ae38f2fddcd6a2efcfe10e,1427417375,Min RK,2,3,3,3,3,2,75,1,38,0
ipython,bed0a8706bd086fc080f3a38b85f08b1bd533ab9,1427418464,Min RK,2,2,2,2,2,2,112,0,0,0
ipython,57b9656a05d8cd031e5fb206402ead1e1c230df4,1427503824,Min RK,1,1,1,1,1,1,59,0,0,0
ipython,2add91613fa58381897dd8cca9df4c31ded5275c,1427511209,Sylvain Corlay,2,5,6,5,6,6,334,0,0,0
ipython,cd5834f5b086da3ce8547931bb777d4b7bbecae6,1427518085,Sylvain Corlay,1,0,1,1,0,0,0,0,0,0
ipython,1b63bdc93d608bb153cd30c6f6faf53c6b30ce3a,1427521271,Sylvain Corlay,1,1,1,0,1,1,30,0,0,0
ipython,a36c8480683d1e2832057c003b4e334e34de3ca2,1427574128,Brian Drawert,1,2,4,0,4,3,80,1,46,0
ipython,1c8ebbc41c6f7895ccb5b13c36d1632ff24b6a20,1427602321,Sylvain Corlay,2,3,21,3,2,2,73,0,0,0
ipython,775fc5af200aa94a2da6660134abf3efb73884c6,1427659419,Min RK,2,3,8,9,8,8,456,0,0,0
ipython,15cca289f159924b30432af8cc246df5d347c2c2,1427491928,Min RK,2,6,24,3,22,22,887,0,0,0
ipython,233a2e54676899ceb8776cce615abe168848ba27,1427659868,Min RK,8,21,74,28,74,62,2595,1,40,11
ipython,152a462a3b85669261bd8af20c3c3ef0f09ac164,1427661894,Min RK,1,3,7,27,7,6,187,0,0,1
ipython,f963f957e9869ab6be74c213e18433bf9a74d9c9,1427662829,Min RK,1,2,4,1,4,3,134,1,14,0
ipython,744e5836196d0de6300bf32bdb4d0981855a1e65,1427571113,Min RK,8,5,2931,2931,1935,1380,54499,209,9687,346
ipython,4bd0e489208a243465033fd37927b38cb8ba3c74,1427571133,Min RK,3,2,3509,3508,1875,1409,56185,85,3948,381
ipython,4aaca19e74159175b44fbb4c94fbe09304cb1d1b,1427571365,Min RK,2,2,19,0,19,10,398,4,221,5
ipython,5509f541cf43462bcaf731a83e08660a89331be8,1427574794,Min RK,9,14,29,25,18,15,844,2,112,1
ipython,49d114d3487859964393e7b7d504f8a132085548,1427664227,Min RK,1,0,1,4,0,0,0,0,0,0
ipython,d744cc224c6fb40eac199b680c97538b39413d3c,1427665327,Min RK,1,0,4,1,0,0,0,0,0,0
ipython,6bd35b180e8f67d127b929c7ee2f4d5d17479701,1427665519,Min RK,1,0,1,1,0,0,0,0,0,0
ipython,82fbfee858d71aa5575792ba7f48225aa9533248,1427665620,Min RK,1,1,3,1,3,2,61,0,0,1
ipython,ca553ec3053f0b55cbfbedd1ddb16adf15f1355d,1427710120,Scott Sanderson,2,4,12,0,12,10,404,0,0,2
ipython,327a1c7c092afe07b05b792ce67c1845ec0be868,1427750798,Thomas Kluyver,4,5,43,38,43,34,1421,3,163,6
ipython,3b9727ee7214e04c5f780a925d848db86cd74959,1427752356,Min RK,2,6,337,324,337,243,10542,36,1783,58
ipython,c8b1080af79057dc1a9375b02b5089b2069aa4b0,1427752481,Min RK,1,2,6,6,6,4,182,0,0,2
ipython,fac62c1e3857817fced254fc21c6686bebc36330,1427754416,Min RK,5,33,95,604,26,20,839,1,41,5
ipython,e1fb536634017c90ff0fd57ed8e9b272de607d24,1427797690,Volker Braun,1,1,4,1,4,4,113,0,0,0
ipython,12b3b676ba788629c2a6d47871c7149a4c9d2652,1427821780,Volker Braun,1,1,2,1,2,1,57,1,60,0
ipython,5b38bd7e6e60a594055274f0f88d7f94a2f18591,1427828456,Min RK,1,0,18,0,0,0,0,0,0,0
ipython,9bad8dead2ed3717308f401c7a4069819f9af9bc,1427827671,Thomas Kluyver,2,8,5,46,5,4,130,0,0,1
ipython,eb1ece7be134bbc6684b4bfd17358294fff4f4e4,1427828386,Thomas Kluyver,2,15,173,127,173,137,5826,9,457,27
ipython,58803c7b0f2dd60ca60ae391576dc86d169701cf,1427836739,Thomas Kluyver,2,0,247,175,0,0,0,0,0,0
ipython,9d81bd0e8966b73d494ae4ae226971899c055911,1427837697,Thomas Kluyver,1,1,1,1,1,1,36,0,0,0
ipython,2ef458877bba541eda753ab34ef7f67765e66430,1427676468,Matthias Bussonnier,1,1,16,1,16,11,383,0,0,5
ipython,126806194b3c1166a6b3547966764f5e145f55d4,1427841354,Matthias Bussonnier,4,7,31,15,31,21,695,3,121,7
ipython,1fcaaf97be40bc264382c8d17ea7c5d38bdb58a5,1427845762,Min RK,2,1,143,226,78,49,1713,5,165,24
ipython,f0eb063f9e6665120e645dc283348fab66d63060,1427845919,Min RK,3,14,10,200,10,9,526,1,41,0
ipython,b06650fcbc75658fb1cab6d66e22763a29b2f88a,1427846858,Min RK,1,2,0,5,0,0,0,0,0,0
ipython,22c0dc4711ed115f67ceec94979246a0da51789a,1427848159,Min RK,1,3,16,1,16,14,636,0,0,2
ipython,734e4a33d927e881225a86976660685b4b809785,1427848228,Min RK,2,2,2,0,2,2,122,0,0,0
ipython,49467df9ceb844930a29ac2063af2186811fa571,1427848255,Min RK,2,2,6,4,2,2,117,0,0,0
ipython,5810ecc30e8b700accb119a0db85dbe09b26f074,1427848671,Min RK,1,0,10,0,0,0,0,0,0,0
ipython,c1206b845c8085bf0524582207c1e8b3347c2635,1427849315,Min RK,2,1,5,2,1,1,49,0,0,0
ipython,837beae04a2bb6d2a7b0a62f9feea78b24900331,1427850180,Min RK,1,2,1,2,1,1,52,0,0,0
ipython,46a9ff8b5d5cf824da0aa112f6d19cdd1ee5bb2c,1427908956,Min RK,2,5,50,6,23,19,810,1,19,3
ipython,1b8c55ddf0ccb50f440414e05da688c6e245d202,1427915930,Thomas Kluyver,1,0,246,246,0,0,0,0,0,0
ipython,9eb0d298b1b3e01e0e7d3d01670c94388502cbe1,1427925824,Thomas Kluyver,3,2,2,40,0,0,0,0,0,0
ipython,16af183ca733ea39147bd20a4792529c8ab6188e,1427909247,Min RK,2,4,12,14,12,12,563,0,0,0
ipython,e08a1f483c81a6158fe9301034186b4378473323,1427998506,Min RK,0,0,0,883,0,0,0,0,0,0
ipython,6ecc625c0614a09fcca4a2a273c20aefeafd4648,1427998085,Min RK,3,2,522,522,460,331,10706,35,1609,94
ipython,12df2232a32187cd580d8e2b0e867bb7101ce26a,1427999121,Min RK,1,1,5,0,5,3,135,0,0,2
ipython,1fdd9cb121eed6e7fc383c3c1a82b61e30cfc349,1427998687,Min RK,9,9,19,13,15,12,542,1,5,2
ipython,fcf9d3052829a56f7ffdef4aca57173f7ab7ead1,1427999358,Min RK,2,1,390,390,239,161,5593,34,1665,44
ipython,4780025661f0e339d4446b708fa81b018fa33570,1427999404,Min RK,1,1,5,0,5,3,129,0,0,2
ipython,ff373955113a37714c1ddf20ba48980cd5c83af0,1427999649,Min RK,16,14,17,17,14,14,772,0,0,0
ipython,a160d671debdde0d0050f08d6d3efafcdd89f68e,1428000660,Min RK,0,0,0,80,0,0,0,0,0,0
ipython,717ade06c5bad13f03ee4dee20cd83fe824f000d,1428001636,Min RK,1,0,18,2,0,0,0,0,0,0
ipython,2098e1d4a7c0620becaa6d401332d3c35bb5a561,1428002758,Min RK,7,8,54,18,54,30,1018,6,297,18
ipython,5940945e0376c95399a1cffda14e86e998a9dedd,1428004263,Min RK,2,5,3,42,3,1,57,2,99,0
ipython,5104f42ce2e54b2207293bedfc4603a838f98c54,1428005155,Min RK,11,49,60,137,60,25,999,15,647,20
ipython,4d111bce6a358737d31502d916d09bc473fe9927,1428001884,Min RK,1,1,25,25,25,17,511,2,99,6
ipython,13de4d6a9c4191867f62661e31e061a09077b6a8,1428001935,Min RK,1,1,7,0,7,4,142,0,0,3
ipython,cde27d90e67541c31f1d8d1285a0bf22ba457cc4,1428002083,Min RK,2,3,3,3,3,3,144,0,0,0
ipython,4fcc05c33f865eff2d263b1777a3e588f791fc37,1428012091,Min RK,2,4,43,2,29,21,743,1,43,7
ipython,d03ce177db55505f68f39b1afcdbaa2be358f50a,1428012341,Min RK,1,1,26,26,26,16,478,6,325,4
ipython,5c672627b68bab32d829eded901d9a3244eb1c6d,1428012624,Min RK,1,1,4,0,4,3,154,0,0,1
ipython,d827f36b256b11753c0382b27e4483e64e07a53e,1428012893,Min RK,1,1,26,26,26,16,478,6,325,4
ipython,627790e4c8180416b8cfc9a7bc5eb2724a6f87ed,1428012960,Min RK,1,3,2,2,2,2,54,0,0,0
ipython,b080053bec4eb8c1b53e4507687bb98671bb5d04,1428013256,Min RK,2,3,4,144,3,3,120,0,0,0
ipython,e3cf4ba158ba44105406f799ddff17b30a5dbdaa,1428013885,Min RK,1,2,0,3,0,0,0,0,0,0
ipython,fedd2bd6f9404185e6b504494213f9c7c7490467,1428014037,Min RK,2,1,293,293,278,202,6684,24,1272,52
ipython,b7b33eadefdbe648282882d4578626510af3c58c,1428014348,Min RK,5,7,9,19,8,6,249,2,99,0
ipython,c9147225674c1b732d37084c9fa856019fd0b60c,1427928740,Matthias Bussonnier,3,8,109,6,104,77,2964,6,221,21
ipython,3abb325f9cbe66a57f38b9daf38d5efc93001909,1428018647,Min RK,2,3,144,4,143,103,3911,12,603,28
ipython,b9e59565c83c85bcc4ad8c19c8fcb0f1b1f6f1a8,1428019429,Matthias Bussonnier,2,3,101,63,62,45,1485,5,198,12
ipython,87b8ee5c816b7ff21917413455ad9b5c35e6e191,1428023527,Min RK,5,12,96,79,46,28,966,8,360,10
ipython,3408aef4bfb03e9684e5ebd764348fc40182816e,1428023550,Min RK,1,3,5,3,5,4,149,0,0,1
ipython,348b29305437bbaa75a8c930b04b62a793530da1,1428024307,Min RK,4,4,220,197,88,63,2341,8,403,17
ipython,289b396c7b0453929619bcbca3739149ee94862f,1428032446,Min RK,0,0,0,20,0,0,0,0,0,0
ipython,0ef44790bde586cba3d8fdfb902762e5244fc221,1428083812,Min RK,5,0,38,41,0,0,0,0,0,0
ipython,b9af482028eb1039afb3a6f3c1e9605fcec8a4c6,1428083881,Min RK,1,6,2,15,2,1,54,1,41,0
ipython,d0310092aaa85bc810f0a15fb7c89740f3f3492f,1421176471,Min RK,1,4,69,0,69,44,1518,15,810,10
ipython,f42c9edb152ac392caa39fe9e50373ef0ec42a55,1428085457,Min RK,3,12,22,68,14,11,503,2,99,1
ipython,237186ef70cc7af028c19328eda76edb04c849d8,1428089814,Thomas Kluyver,1,0,1,1,0,0,0,0,0,0
ipython,e760051546735ead7652009061b8c30641b698c7,1428091518,Min RK,1,0,1,1,0,0,0,0,0,0
ipython,bd94d26440317cdaa60ee1e79085ce8907771af2,1428098418,Min RK,1,1,5,0,5,3,150,0,0,2
ipython,729e77b543ca2a34bc55e82c6d572c04aaa2e315,1428101264,Min RK,1,0,11,7,0,0,0,0,0,0
ipython,02234da0d461f5ddee142d51952dc10a86b8074e,1428101821,Min RK,15,38,0,42,0,0,0,0,0,0
ipython,c9b9256ba34cfc0f0c539e135a080274e9161a1c,1428174218,Sylvain Corlay,2,14,19,25,13,13,851,0,0,0
ipython,5e30947697c3f78e79b08cec63bf3bb6cc34cb48,1428180863,Sylvain Corlay,2,8,13,12,12,11,484,0,0,1
ipython,d6b77b108cc2eb19a6c2bf5ef1f96e345818532b,1428181921,Sylvain Corlay,1,6,27,29,27,21,1011,5,209,1
ipython,7489246f9926350f7e14549b6efe38d1386cd786,1428104626,Min RK,1,1,2,0,2,2,66,0,0,0
ipython,f22a39c415f8468812fa97434f76e5f1f592aad6,1428104649,Min RK,1,0,40,0,0,0,0,0,0,0
ipython,785b4adf40ab12b163b664a7041226a272e984f6,1428185113,Min RK,1,1,4,0,4,2,100,0,0,2
ipython,76a328dabc26b8b65d22edee1d6c0ccf8c227687,1428105964,Min RK,5,0,21,69,0,0,0,0,0,0
ipython,90ae0a41a9b83e756d041e6095956df6ff6632e1,1428106005,Min RK,1,0,13,3,0,0,0,0,0,0
ipython,333d256dbfaac112f6c313d021c0d4dfd600f8cc,1428184359,Min RK,2,0,32,32,0,0,0,0,0,0
ipython,4a4a94e19faee45ff6f61cc0268dbc6761ce3c64,1428184371,Min RK,1,0,0,1,0,0,0,0,0,0
ipython,cc83a8d419056d594c48a1b5212ba956faf97844,1428185029,Min RK,3,0,25,22,0,0,0,0,0,0
ipython,1e74cfe8dcd0633c45bcacb4c6a67ac9822115b4,1428186951,Min RK,3,5,17,12,7,7,274,0,0,0
ipython,8a89d6f0b09b3b9df37ce0429145f613e21e88ea,1428187864,Min RK,1,8,16,25,16,15,586,0,0,1
ipython,b49a994e3a265473158d71a56f58950007aedb68,1428188107,Min RK,2,5,30,2,30,22,544,4,197,4
ipython,3afdea41911bfffeb6c4ae8536f6db58d1d08b9d,1428172982,Sylvain Corlay,3,4,29,27,29,24,889,0,0,5
ipython,704527aacd3a7ec29b57a8bdc86ecb83e5e3f1bf,1428341721,Min RK,1,2,3,1,3,3,170,0,0,0
ipython,edbea40353106c2d7af992971090c262e76f74fb,1428424773,Jessica B. Hamrick,1,1,2,0,2,2,69,0,0,0
ipython,55eb34f5e0e34b92d588234a1560397a6543c941,1428096734,Min RK,2,3,300,300,300,236,11748,1,47,63
ipython,10680fd92401bdc26738545e679e7387efa78344,1428096775,Min RK,1,1,7,0,7,4,157,0,0,3
ipython,b7bb6be201f44253a0c3b35741f272d7b399e485,1428429786,Min RK,6,6,410,409,345,269,13202,1,47,75
ipython,c490535c3211dd520f7e2edab3a9a5ff0d158731,1428435049,Min RK,2,7,27,9,19,14,564,1,41,4
ipython,40f50cd7d74507109c45c59b8832290314dba212,1428435611,Min RK,2,7,8,11,8,7,379,0,0,1
ipython,20796f209b2f42ebf6cf629ffb485b822b4d33db,1428439775,Sylvain Corlay,2,2,2,2,2,2,84,0,0,0
ipython,d9a9516827d1f28fe163a26f8a56dad701c19681,1428440132,Min RK,5,7,43,5,43,30,1134,3,116,10
ipython,3850233f2339ffd397fffcd6f5765c1437f387e4,1428447426,Sylvain Corlay,1,0,19,1,0,0,0,0,0,0
ipython,ea0991120f06104b8a6965fe8db645faa2ac4d33,1428511120,Min RK,9,6,1533,0,1344,960,33678,122,6341,262
ipython,be3644dcded5a09337e1ce566a802fb60962c3a5,1428511643,Min RK,1,0,369,0,0,0,0,0,0,0
ipython,14d93b30ed1dbe3d5ba5271cc22fbd2ce21e4252,1428511891,Min RK,1,0,8,35,0,0,0,0,0,0
ipython,9f3f966fb8480d2c29c45d3d7e3e4c08f4314d6e,1428532232,Min RK,2,2,87,87,87,79,2898,1,40,7
ipython,8462f3c416d971fbf53f1fc5eb2f32b4f3de0051,1428533236,Min RK,0,0,0,1875,0,0,0,0,0,0
ipython,f719651c8ef4cd3503af772483b56941b8173b35,1428535700,Min RK,0,0,0,6520,0,0,0,0,0,0
ipython,73aeb56706c63a2df0b11ed83d56dca3754df032,1428535752,Min RK,1,0,1,0,0,0,0,0,0,0
ipython,9ef0d5ef5e7d6aa7380afe0deb34e950be7ee62d,1428545666,Min RK,2,0,2,5464,0,0,0,0,0,0
ipython,fd7167e675820d23401c9b138bf862160836905a,1428546956,Min RK,1,1,1,1,1,1,47,0,0,0
ipython,e65db1aa9317b21d8c9e8a51ff04f24cda96e843,1428521161,Min RK,78,57,13077,13077,9283,7007,288358,592,28133,1684
ipython,633a65e02321041e2f21a77ee77417a69a12e906,1428521331,Min RK,1,1,17,0,17,10,361,2,99,5
ipython,30ffff928684082dc662625821fa8b78d726b8be,1428521533,Min RK,1,5,54,54,54,2,174,52,2187,0
ipython,a4d2c4fd0b8285fdaea4bc01b0758129a44e0f5d,1428522009,Min RK,1,1,3,0,3,3,106,0,0,0
ipython,244bf60303d0c65d906e07488ea570181ff1f35b,1428522026,Min RK,32,21,51,51,22,21,1183,1,65,0
ipython,fd8ef9bff11503aeae2e518fd338d40507211be1,1428522118,Min RK,1,0,1,0,0,0,0,0,0,0
ipython,6e6b727978c6e1af2f444432c776efbfefc0767d,1428564975,Min RK,0,0,0,99,0,0,0,0,0,0
ipython,2605d8e6704cbcbf802d0ade97030c2c77d6d77d,1428559981,Min RK,0,0,0,6445,0,0,0,0,0,0
ipython,2eb41eebbd59342fff5fc2999ff4a89844b5e26b,1428601476,Min RK,1,1,4,0,4,3,115,1,67,0
ipython,de3b64cdab8b3d078e77dc4c1f2b40549ce1741a,1428607055,Min RK,1,0,1,17,0,0,0,0,0,0
ipython,dc3dae38e4ba6719d055bca7f2681b9a3d230b90,1428610356,Min RK,0,0,0,7280,0,0,0,0,0,0
ipython,03a320fbd315d48e65166796a9000c07ac835243,1428614736,Min RK,5,1,3,19437,0,0,0,0,0,0
ipython,273c64095a2347c52a41a6fac878aa24d1c14e30,1428616877,Min RK,1,0,2,1104,0,0,0,0,0,0
ipython,80c619a1ec3e54084d05f1ee4d9669b5ab7df007,1428621145,Min RK,3,0,2,8766,0,0,0,0,0,0
ipython,d9347d5b4e8107c814d5789205bd3b1a8e88197c,1428633564,Min RK,1,0,3,1,0,0,0,0,0,0
ipython,77e5eee4d1782f97e6f54a9e853d2f4e24f2a7a0,1428638545,Min RK,1,0,131,0,0,0,0,0,0,0
ipython,01e9bda258335c84ab10bea5e1f7cd651633aa9c,1428638690,Min RK,2,0,7,14,0,0,0,0,0,0
ipython,baa011b0f66c4bba76171353f43987e37c6a16c1,1428634383,Min RK,2,1,1,7600,0,0,0,0,0,0
ipython,10a376e04c5ed29a0fb2feb61d33f6ee3bb40f57,1428687424,Ian Barfield,1,1,1,1,1,1,38,0,0,0
ipython,ac8edf39be960f098f027c5bfb5894ade85b50da,1428647635,Min RK,0,0,0,13081,0,0,0,0,0,0
ipython,e91b921880db914ccd6692a4a1ec23283cb2f3c3,1428710733,Min RK,2,0,3,215,0,0,0,0,0,0
ipython,6dfce97226eb6a14b0749ad9c8bd380609ec4d2f,1428711670,Min RK,1,0,1,20,0,0,0,0,0,0
ipython,016fac79c27bb490d21da9835aa0b837f661a828,1428711944,Min RK,1,0,1,17,0,0,0,0,0,0
ipython,1f2abd8a2a1a2fc815689ac09c95659395b4ae39,1428714015,Min RK,2,8,7,355,1,1,20,0,0,0
ipython,d163089c222c3e89c1d45a2f9aa36428575f4822,1428713965,Min RK,1,1,4,1,4,4,123,0,0,0
ipython,329ebac5b3d6e59068ab47b05b0d11e924fa2e10,1428714243,Min RK,4,0,14,19,0,0,0,0,0,0
ipython,ff3b995adc30d1efaac89be695c2782e3bccac99,1428722096,Min RK,45,80,113,144,99,99,5381,0,0,0
ipython,0b927c08609d992a6abbe17416498941a8f9f628,1428933110,Omer Katz,1,3,6,1,6,5,220,0,0,1
ipython,1f186991fe70f679f2929ef7eb35ce7d3afa8887,1428949875,Matthias Bussonnier,2,2,10,2,10,8,263,2,46,0
ipython,aeb226a24878a428b5c52c9d774c0616c80a06f7,1428956015,Matthias Bussonnier,1,1,6,7,6,4,82,1,23,1
ipython,a668cf3e7ec6d06389bef5d64303991f2c015dca,1428967075,Daniel Rocco,1,1,0,33,0,0,0,0,0,0
ipython,34162933282634c35f5f23a7219f6f871e384b72,1429124024,Matthias Bussonnier,1,1,1,1,1,1,29,0,0,0
ipython,b072562a471675a614af02a986cc882827ce9076,1428941422,sukisuki,1,3,3,2,3,3,124,0,0,0
ipython,752eb4326a22565b36a36200981d90d738f0d599,1428943382,sukisuki,1,1,1,1,1,1,60,0,0,0
ipython,0ca23b4f7d1943fa63e4bf2096307735afefc854,1429095373,sukisuki,1,0,10,1,0,0,0,0,0,0
ipython,ca2483b4eff294a0e5e3031ce1f699daf31cbade,1429460299,Thomas Kluyver,1,1,1,1,1,1,80,0,0,0
ipython,3249e15fa5e42fe2bf02575eedd3d87934a6b0aa,1429555109,Thomas Kluyver,1,0,5,4,0,0,0,0,0,0
ipython,538f8e3382e274402f2f71ba79439fae0828b3cf,1429563453,Jonathan Frederic,1,2,3,1,3,3,186,0,0,0
ipython,2c298f383f7155d3e3be3be1e6ef268f15d88fc7,1429567457,Thomas Kluyver,1,0,0,14,0,0,0,0,0,0
ipython,e59ac9036101c929fc78c151c480d621f417153f,1429614277,patter001,1,2,0,19,0,0,0,0,0,0
ipython,389f8c49ccad182cc59cd5dbf44c486b009708a9,1429633393,Jonathan Frederic,2,3,17,3,17,11,451,2,99,4
ipython,e1ced0b331f898664b33180b6a334869f8c87f37,1429649340,Thomas Kluyver,1,1,0,9,0,0,0,0,0,0
ipython,23cd8cd1564b0cf342bfb14e2e60c2f858b2cbed,1429651091,Thomas Kluyver,1,0,1,23,0,0,0,0,0,0
ipython,abda2e2350bbc01118256e4c848c0a49bcf38227,1428725683,Jeff Hussmann,2,3,10,4,5,4,258,0,0,1
ipython,5889e66085588246ef03b06792aa2a482e25fa8d,1429665334,Thomas Kluyver,1,1,2,1,2,2,71,0,0,0
ipython,3800dd18deab4c930d43ef405baf6c1caea16392,1429739185,Matthias Bussonnier,4,5,2,4,2,2,57,0,0,0
ipython,9661a4b4891ba8d133977892edbe55ca19e8b77c,1429741991,Matthias Bussonnier,1,2,2,1,2,1,25,0,0,1
ipython,c03b2b69dcfc193f39fbf88a6e834b98fd101e49,1429894839,Min RK,1,2,5,17,5,4,226,0,0,1
ipython,bdf75320e0f1bd833e84ec09d0af8c0530a8345f,1430254838,Min RK,1,2,3,3,3,2,91,0,0,1
ipython,22fe0a87e78df902d4f6d3bb9b615e57b1062839,1430263869,Min RK,1,1,12,0,12,10,331,0,0,2
ipython,cfb070166076ffb2d2a331d7f95014a45e4b83cb,1430263928,Min RK,1,3,6,2,6,4,138,1,17,1
ipython,ca0589182bfa0b864180b3e49d451522fca3ad9e,1430264268,Thomas Kluyver,1,0,1,0,0,0,0,0,0,0
ipython,1c38474413b76fb65cce6908e8083665d579fba0,1430264587,Thomas Kluyver,1,0,1,0,0,0,0,0,0,0
ipython,d509000e607eeca9a1813a9e3ecd02bd33562a71,1430264860,Thomas Kluyver,1,0,1,1,0,0,0,0,0,0
ipython,306e3c2b9bc30123552e43b874e19daeae2b842d,1430265074,Matthias Bussonnier,1,0,3,2,0,0,0,0,0,0
ipython,c5b822062ac0e0b9f3f6eb6fc3db0f9d267e0d85,1430774413,Min RK,5,4,9,9,7,7,423,0,0,0
ipython,99b6be181fadf0625bbcf6233982fbd4208bbea8,1430796613,Thomas A Caswell,1,2,1,1,1,1,74,0,0,0
ipython,480fa7c85f8937456cbe209b50f1399a9217493e,1430933473,Thomas Kluyver,1,0,63,59,0,0,0,0,0,0
ipython,d67581783eaf32c8466c17d7ffb3926c5143ac05,1430935143,Thomas Kluyver,1,0,52,98,0,0,0,0,0,0
ipython,b51e6ae7a0431bdd3ce71da48647253f304cce16,1430935396,Thomas Kluyver,1,0,5,5,0,0,0,0,0,0
ipython,66b0aaeb19040b9b1e35d67313591d7fa03ab175,1430935734,Thomas Kluyver,1,0,1,1,0,0,0,0,0,0
ipython,03608cd1ee462b4b82e087cd437cb3917bcd2017,1431110318,Min RK,13,21,24,24,21,21,1093,0,0,0
ipython,2094b99c8ae0dcc01559e93653e979eec058fc39,1431110388,Min RK,3,3,4,4,3,3,197,0,0,0
ipython,655d49793ed0b710214ea84de5bad259508f8352,1431110523,Min RK,4,3,6,6,5,5,286,0,0,0
ipython,e549d87b4a4b6e0716664d3a2d52db2afdc42e8b,1431123351,Min RK,8,5,10,10,5,5,221,0,0,0
ipython,88bc745df6c262f906a085057f0177c60f74d287,1431129405,Erik Hvatum,1,1,1,1,1,1,68,0,0,0
ipython,f93972d994ebe9e5ce507afcf81abb8af9409362,1431409124,Matthias Bussonnier,1,0,14,12,0,0,0,0,0,0
ipython,0fbbb0cae08a3ab4556a2b8d11653bba72cd5ed2,1431409322,Matthias Bussonnier,1,1,1,1,1,1,56,0,0,0
ipython,571e85ef226bc3df19588323f92c4eb30a2837e9,1431409449,Matthias Bussonnier,1,0,2,1,0,0,0,0,0,0
ipython,a975fa29256bcf7f3df58208196f656fe89a5b6f,1431439969,Antonio Russo,1,2,8,1,8,7,277,0,0,1
ipython,2758d2a80eb4516b1fc9e0958c7721f8350b1d34,1431456689,Antonio Russo,1,1,1,1,1,1,56,0,0,0
ipython,04c5d358c7ab74d3ddab4f7662e539393d8604c6,1431537163,Lucretiel,1,2,7,6,7,7,267,0,0,0
ipython,8e65f9c645e3e68dbdf43a172fc233c31843cc04,1431627986,Thomas Kluyver,4,6,10,10,9,9,523,0,0,0
ipython,4228454ad2115775248dc02d1f73b66aecbf1004,1431628694,Thomas Kluyver,1,2,2,2,2,2,109,0,0,0
ipython,11ed7eae5e131dbcdff8393caf39394c3a6c836f,1431630027,Min RK,1,1,3,1,3,3,207,0,0,0
ipython,5d4f256b54e3645db7df4de3cd053806970ca61f,1432100554,Koen van Besien,1,3,10,2,10,8,442,0,0,2
ipython,ef2eae528e4e1bb9a1e6bbce2d728db610f2f82f,1432321568,Min RK,1,0,0,17,0,0,0,0,0,0
ipython,7032d0548f578e6246ccbc2d9608f6948e3eeb76,1432321473,Min RK,2,1,22,86,0,0,0,0,0,0
ipython,34d98b660cb798ec2e815ac7cd0d231ee32a3049,1432322769,Min RK,2,1,0,22,0,0,0,0,0,0
ipython,533e8c3a63af025fa1ffede2c3e67ae77a276c78,1432344502,Frazer McLean,2,1,133,0,45,39,1187,0,0,6
ipython,a1cc866c25a8ab7b79a837bc5eb746fb79f15ffb,1432387576,Frazer McLean,1,8,29,59,29,29,983,0,0,0
ipython,cf133197cc3ed3d72a726909fc0538a3b7564f73,1432508114,Thomas Kluyver,1,1,2,1,2,2,123,0,0,0
ipython,8927031afe358f7455b5ab9e9cf1a008dc1b6210,1432662982,Frazer McLean,1,2,2,2,2,2,70,0,0,0
ipython,8361063526906efaf628a0a93fd4e990b68736d9,1432672405,Matthias Bussonnier,1,0,8,1,0,0,0,0,0,0
ipython,53847590637f818a5bbafab5c54ea474920002a8,1432675661,Thomas Kluyver,1,0,3,1,0,0,0,0,0,0
ipython,1478e0d7c7152dfcbe3c1c3d9ba58255f62fa2b7,1432749045,Matthias Bussonnier,1,3,14,0,14,11,548,0,0,3
ipython,a4980283bcca551b373f936ef4fa7aed6edc1729,1432749750,Matthias Bussonnier,1,0,17,0,0,0,0,0,0,0
ipython,4763214a42c979b36adda901811a4b8688f180a5,1432751047,Matthias Bussonnier,1,0,24,0,0,0,0,0,0,0
ipython,453f768fc98b1e402ce1bfb36c05ef8bf9c3356c,1432768247,Victor Ramirez,1,2,23,0,23,20,755,1,61,2
ipython,fb7adcb90c1a63f0235d91a2f6e87b8d0f5038a5,1432779015,Matthias Bussonnier,1,2,3,4,3,3,263,0,0,0
ipython,916e70316a6124cbfb7293e9e31e42424d4d405e,1432839664,Thomas Kluyver,1,0,7,51,0,0,0,0,0,0
ipython,e1b98ee4a9f1fbc48c6f711a56cda7e126cba92e,1432840136,Matthias Bussonnier,1,2,1,3,1,1,56,0,0,0
ipython,e54e44b9bced8a9df0eed4fef77bf678e599cf82,1432867459,Koen van Besien,1,4,8,4,8,8,427,0,0,0
ipython,ec2ff45690cb3e686f1923acaf9277649a6195e2,1432933436,Matthias Bussonnier,4,7,22,5,22,17,954,0,0,5
ipython,ba8af4d6beedab3aa499bb739c0a69ea38c5a139,1433077655,Tianhui Michael Li,1,4,9,6,9,9,502,0,0,0
ipython,1ea4357e3f18fbadbceaa8fcba04d22c8fc50b22,1433109379,Tianhui Michael Li,1,1,2,0,2,2,61,0,0,0
ipython,b259affc210da9a1c6a395bc7b55e58db035a27d,1433109415,Tianhui Michael Li,1,3,3,3,3,3,191,0,0,0
ipython,64e63ff5e5d48937f0335c42672444cf6afd0502,1433109448,Tianhui Michael Li,1,2,9,5,9,8,350,0,0,1
ipython,ab59d42f3ec812e6b4bc1ae6d16213eddd8819f3,1428962594,nottaanibot,1,0,1,0,0,0,0,0,0,0
ipython,be0a8e6a964a1d1e3742a1f01a94f1ed08fca557,1428966468,nottaanibot,1,0,19,1,0,0,0,0,0,0
ipython,ecd438130638c5e5bcc96f0013fc86ddfa358bc6,1429022570,nottaanibot,1,0,6,4,0,0,0,0,0,0
ipython,eaf200b8953889ad0895d35e4b2348cda0ce981d,1432393633,thethomask,1,2,13,6,13,11,441,0,0,2
ipython,fe67899d9f2772ce01689ebff59ab43b0280474e,1432436065,thethomask,1,2,13,9,13,10,349,1,41,2
ipython,b61d88a990d7923e4a74df003dc70c4667186ee7,1433354610,Matthias Bussonnier,1,6,7,7,7,5,211,0,0,2
ipython,d823445d551ab1d86422a88e0ee746f1eade8fe2,1433355451,Matthias Bussonnier,1,0,4,4,0,0,0,0,0,0
ipython,56fbc14c2b290a9afb5e897096598383b0d6d4ae,1433357337,Matthias Bussonnier,2,5,17,15,16,13,537,0,0,3
ipython,41b8f2f0aa24a93a4e2acf5ea04428be34ba2ed3,1433373806,Matthias Bussonnier,1,1,1,1,1,1,66,0,0,0
ipython,2e032c2187d1b4f95d2f87c013cfc7c974e7f735,1433785777,Thomas Kluyver,1,1,1,1,1,1,64,0,0,0
ipython,e2b4f66ce3882f14a9d4e80c51e0986f9ea58925,1433814364,chebee7i,1,7,31,2,31,22,1195,5,214,4
ipython,a33a0632c00b604683aab8454983716823550407,1433894120,Matthias Bussonnier,3,6,2,25,2,2,94,0,0,0
ipython,786c612bffa6eca905518660729350b364d5d8db,1434051993,Thomas Kluyver,1,0,2,7,0,0,0,0,0,0
ipython,353f7f0df7bfbcc6c07a6b766e1c10cfc1913154,1434052829,Thomas Kluyver,1,0,1,1,0,0,0,0,0,0
ipython,e2f48fa8a437b4e1e871dce69f02da5a3af68ea9,1434220588,Sylvain Corlay,1,2,6,2,6,4,192,0,0,2
ipython,3842205376d101147f3605b0e8ea238f884b21f8,1434653107,Matthias Bussonnier,3,14,11,861,11,8,388,0,0,3
ipython,318f416b569ae625d4cf139c2d2fdc5b56199414,1434915111,Matthias Bussonnier,1,1,0,14,0,0,0,0,0,0
ipython,7faa1fb9e3adc752d7a173b9e7b0651a57750b06,1434916877,Matthias Bussonnier,1,0,0,27,0,0,0,0,0,0
ipython,454a419c35d4dad24a448587fe74478b42aa8763,1434924844,Matthias Bussonnier,1,1,2,2,2,2,133,0,0,0
ipython,d2f74cd655129a16ba4fe4270c9df8b8030f2419,1434974102,Matthias Bussonnier,1,1,1,1,1,1,70,0,0,0
ipython,e97b7e68a3bb2f4871ff75b63bb9ef3923907173,1435135465,jc,1,1,1,1,1,1,59,0,0,0
ipython,b0100c6f1e7d44b55edd36ed30d80686d3deb3d9,1435182743,Thomas Kluyver,1,0,1,0,0,0,0,0,0,0
ipython,36683fff1590318007336830401deaf2797f5fa1,1435354354,Thomas Kluyver,1,1,1,1,1,1,54,0,0,0
ipython,f4ed417c7afe77961e6ee6d7adf32f657cd5a845,1435539175,Min RK,2,4,11,10,9,8,264,0,0,1
ipython,9e713c799e70f419f61c034826f8c9222e34b6b2,1435690973,Min RK,1,0,2,0,0,0,0,0,0,0
ipython,702159755d89990092d0ae303d88ef4f164c4b33,1435850441,Matthias Bussonnier,1,2,3,0,3,3,155,0,0,0
ipython,2c9013e4690c119b08394a19fca8cc82b6da101b,1435861373,Min RK,11,22,44,28,29,27,1691,0,0,2
ipython,cda41d92ff2e2642038e5d200632ade709c4e6c4,1436364697,Sebastiaan Mathot,1,8,9,8,9,2,81,0,0,7
ipython,48aac09dd0a5a94ce135deb1adcf12f9d8b57907,1436451339,Thomas Kluyver,1,0,13,0,0,0,0,0,0,0
ipython,8ea23f363ada424cc34f00b8fc7df8d5409f6dfc,1436451361,Thomas Kluyver,1,1,2,0,2,2,98,0,0,0
ipython,8137f8f0dfd0183450b535b362c4d537f2e4aa9a,1436644841,Min RK,1,1,1,1,1,1,21,0,0,0
ipython,3dcf94a47dcd54529b7e4d5cca8dbd8fac4ed7e2,1436645045,Min RK,1,1,1,1,1,1,22,0,0,0
ipython,6ea81c9640afa25712c6dd2f2a39337000cf2fc4,1436880004,Andrew Murray,1,0,1,1,0,0,0,0,0,0
ipython,a08029261ca835a534dbfa9e76239d3a6c6d006d,1437423177,Jason Grout,5,10,10,10,10,10,382,0,0,0
ipython,5b9cee89e038fd28cadeb5065fc5d4aad699cbd7,1437645966,Frazer McLean,1,1,1,1,1,1,62,0,0,0
ipython,059ea261ce5a1c088e08c153d783b8e6ea33249f,1437673751,Jason Grout,1,1,1,1,1,1,44,0,0,0
ipython,20d56660bb155da29a927b94f3bdb15648bda36f,1437766627,Marin Gilles,2,12,25,21,12,2,66,0,0,10
ipython,55c0cb15b8543a0079017e8f554538fda6037063,1437770537,Marin Gilles,2,12,21,25,11,1,28,0,0,10
ipython,172b830d38724417942a5ac405e5bde756cafedf,1437770770,Marin Gilles,2,2,6,2,2,2,66,0,0,0
ipython,d3fde8121a0bedf15f613750105d80d62c66f2ad,1437774782,Marin Gilles,1,0,1,3,0,0,0,0,0,0
ipython,b37201e3f2d25a1d94c92bc049116bdafb7c97fb,1437843800,Marin Gilles,1,0,1,1,0,0,0,0,0,0
ipython,310c41723bd24cbbdd55abfe07264c8eb8832b41,1437844169,Marin Gilles,1,0,1,1,0,0,0,0,0,0
ipython,14dd04c0fa9e27c40b72d8593bf6193858fd3543,1437845371,Marin Gilles,1,0,1,0,0,0,0,0,0,0
ipython,a38307b204663ccc98bf26b4aee1fcf3883fc5de,1437845526,Marin Gilles,1,0,1,0,0,0,0,0,0,0
ipython,6525f3bb574917afd42ceef44dd41c882a2f2d3f,1438014168,Thomas Kluyver,1,0,3,0,0,0,0,0,0,0
ipython,1d9ef76249a2a4dd9351f0df14f91f5915e37c8f,1438014663,Thomas Kluyver,1,0,3,2,0,0,0,0,0,0
ipython,1059cf4772f993a804d1b05a66a94fafee379692,1438187094,Drekin,1,1,1,1,1,1,78,0,0,0
ipython,1a63c2f9742ee5d612437d3404041dab1b0b042a,1438233576,Joel Nothman,1,1,4,1,4,4,179,0,0,0
ipython,37ff5bd21eddebdabf72dc69d7ad27041d206a19,1438712182,Thomas Kluyver,1,4,4,29,4,4,187,0,0,0
ipython,05339cadbe17fef2590be26c9063c2f909554660,1438877352,Thomas Kluyver,2,1,16,23,2,2,52,0,0,0
ipython,adb5ba0359897279c0a7d492825028abf0975c97,1438878620,Thomas Kluyver,3,3,4,4,3,3,180,0,0,0
ipython,c588a3a27e691603e91bcc3b25c78ba9e2c94f25,1439137655,Ivan Pozdeev,1,3,3,2,3,3,197,0,0,0
ipython,97449e5b02ff12b4add2f962c4575d95a9e4bb34,1439316188,Min RK,1,0,8,1,0,0,0,0,0,0
ipython,1b9c89e1df83678ba9a22297f9cea16441dd1021,1439324392,Min RK,3,0,25,11,0,0,0,0,0,0
ipython,3792978be1adcd7398e0211d87965626fdbdb035,1439322895,Min RK,1,0,4,1,0,0,0,0,0,0
ipython,f534027be34cba199285c7768a41d4f53217b924,1439340759,Min RK,1,2,2,2,2,1,55,1,24,0
ipython,6dc238d1f4c10c08f5df95ef0b32c054096eae5c,1439341466,Min RK,1,3,3,3,3,2,40,1,57,0
ipython,9e57dd2967fc8e91eddfac6333e37be6fb9d22c5,1439687719,Matthias Bussonnier,1,7,5,229,5,5,185,0,0,0
ipython,8e996f80a452a7e5b1dfd85187dec8f5e7451aeb,1439746531,Aaron Meurer,2,2,31,4,9,8,358,0,0,1
ipython,1da5de91e359b46ee0db3e5672720b7cb291c546,1439755636,Aaron Meurer,1,0,1,1,0,0,0,0,0,0
ipython,259842bf31ca05d14f1866a1c12d8aedec9fc48c,1439755791,Aaron Meurer,1,1,2,2,2,2,126,0,0,0
ipython,fa0c8cb13f7013186348b022893c28c1907cf2fa,1439886147,Matthias Bussonnier,1,1,1,1,1,1,117,0,0,0
ipython,1a273e45ce7f77678699f66775c2696695ba6da0,1439996050,Alexandre Avanian,1,1,1,1,1,1,62,0,0,0
ipython,7ab783188852174dacd8d28115752ab6a6c79099,1440028771,naught101,1,17,46,31,46,45,2196,0,0,1
ipython,6b3ae1b146bc0e83dcfea62bd74b0c6797b41ac9,1440057595,naught101,1,2,2,2,2,2,136,0,0,0
ipython,19e214e7706628fa4c38b4b9adf7aa55e8254712,1440060156,naught101,1,0,39,23,0,0,0,0,0,0
ipython,cafd7d46f9f85e85c4843d68ec88ab075edfb008,1440063210,naught101,1,2,2,2,2,2,188,0,0,0
ipython,89f92058b5da3c5a1dac89ec7c784b7ad43148cd,1440063580,naught101,1,8,12,12,12,12,573,0,0,0
ipython,804d6ec37e0ef21ff494f3376206d58099de9628,1440201198,naught101,2,2,12,1,3,3,172,0,0,0
ipython,a1286777c99ef52ed28ff1866addb0d86b4f2d70,1440206441,Yuri Numerov,2,3,3,3,3,3,192,0,0,0
ipython,79d72d935d8eef67ead0b108b9688244dbdab69d,1440794369,Sylvain Corlay,1,2,2,2,2,2,77,0,0,0
ipython,ec0fabd0cccb8ba1fd7e5cd19ea8d5784aa0a439,1441273189,Min RK,1,0,1,0,0,0,0,0,0,0
ipython,d1ce07b275b92459fe0362ddeb336d8e6be1f16d,1441024500,Min RK,0,0,0,0,0,0,0,0,0,0
ipython,444c223ac4dcc902b9095366b643f3a9280215c2,1441684526,Thomas A Caswell,1,4,10,6,10,10,468,0,0,0
ipython,2ad3e258884d242ec2861244733ac51ed98200ed,1441685881,Thomas A Caswell,1,4,12,8,12,10,278,0,0,2
ipython,0f812f21a0d2735c23c2908f192c51e59961336f,1441717967,Min RK,1,0,3,2,0,0,0,0,0,0
ipython,8a95d9adc56c2e90a32eb901d4891da373da50e5,1441727237,Thomas A Caswell,1,2,15,14,15,13,599,0,0,2
ipython,82652ec29d624d6f6476c3d8e167cb690cdfe6b9,1441880044,Min RK,1,0,13,2,0,0,0,0,0,0
ipython,764d4f4cd11a020ae9e316279ed70e7ba9007135,1442104502,Matthias Bussonnier,2,1,14,2,1,1,58,0,0,0
ipython,b4baa4bf518e4a2596f486976cb806f6438b88cd,1442230654,Min RK,1,0,10,1,0,0,0,0,0,0
ipython,e3427ad0de1337366726d727e022c886912aedd4,1442878612,Antony Lee,2,4,823,812,823,570,23895,101,3927,152
ipython,b748b6a5634fcc6f6efa5580f2c4a5728b707bb1,1443041105,Zachary Pincus,1,4,14,12,14,13,623,0,0,1
ipython,d6765653cb16adf0fda050d3bb6d915fe67557c9,1443041772,Zachary Pincus,3,3,87,87,87,65,2275,5,208,17
ipython,f78385fc86bbddeb61819e59a642d94e1b6c6832,1443042027,Zachary Pincus,1,1,1,1,1,1,57,0,0,0
ipython,91d98a491ab3b4452d4adea58691884093f5df3e,1443106299,Zachary Pincus,2,5,9,5,9,4,130,5,263,0
ipython,00fa53921015c7705aa1a8df1563a819dff4d246,1443135095,Zachary Pincus,1,4,5,9,5,4,163,1,45,0
ipython,f5d4ff5cbde381e84243ce64055ea11ece98452e,1443135107,Zachary Pincus,3,3,87,87,87,65,2285,5,208,17
ipython,6b10008b2398a1f61bafb9a8ee1c739c8130de86,1443135868,Zachary Pincus,1,5,10,4,10,3,91,7,442,0
ipython,d4ecd4658fb21001ef502732fe73f836f92de328,1443179172,lingxz,1,1,1,1,1,1,79,0,0,0
ipython,0015c7801e08309729960f48821174dc72a6d4b3,1443197410,Zachary Pincus,2,8,31,27,31,29,1194,2,123,0
ipython,468d5d4707a42b59350eee698a61b44409343f27,1443198049,Zachary Pincus,1,2,2,3,2,2,139,0,0,0
ipython,7768d4753a209dc723793235daddbf979d1e6e79,1443198290,Zachary Pincus,1,1,1,1,1,1,39,0,0,0
ipython,d7602375e8678f494eb9c526adefbec8306a9131,1443366281,Gábor Luk,1,6,8,3,8,5,258,1,16,2
ipython,eb4dc1334ef8e1df43ab96e902349ee618fe99ad,1443370084,Min RK,2,2,12,2,1,1,69,0,0,0
ipython,46f0fc3d9db8f5dac74022267ff73d1dc45b2ecd,1443425981,Gábor Luk,1,1,1,1,1,1,104,0,0,0
ipython,e3c0dab8a050d7e2190f18864f1de48fe5ee2a10,1443462419,Min RK,1,2,8,2,8,6,255,0,0,2
ipython,5bd36f6be58e8a4d54b4f6e5738203a715045bd1,1443640924,Ivan Timokhin,2,2,10,3,5,3,106,0,0,2
ipython,a85e1dcd48157003872dcc411478dba75a88bf0b,1443794896,Min RK,2,5,34,8,15,11,501,1,37,3
ipython,6b20414704e735bc128984923fed611d9d9c3f6a,1443845933,Arthur Loder,1,1,1,1,1,1,68,0,0,0
ipython,c345005d01cb55c880d8abbd132425cf1cdd4219,1443954700,Min RK,1,0,1,1,0,0,0,0,0,0
ipython,382bc868cfb9bf0dcf8b2d780ee42fbe4dff545c,1444211047,Min RK,1,1,1,0,1,1,52,0,0,0
ipython,9a0ddd53777190d4e8c82b6d6e6e5652e4c5e13c,1444222033,Min RK,2,0,2,2,0,0,0,0,0,0
ipython,9a747ac9a5b89fbbd6208c7904c34e664ffa06d7,1444223454,Min RK,2,1,9,0,1,1,73,0,0,0
ipython,04453eeb2bb1e7cda3134bba61babb932a7d8550,1444236889,Matthias Bussonnier,1,0,1,0,0,0,0,0,0,0
ipython,e4c2b5daf5bae8d335167806c210439295c189f8,1444263112,Scott Sanderson,1,7,79,1,79,59,2551,12,696,8
ipython,e0e6487f6e44bbb44357563d9ad771fa13ee770b,1444263765,Scott Sanderson,1,1,1,1,1,0,0,1,78,0
ipython,20b1243b013c743bfd5d0d520cec43677d28b337,1444310810,Min RK,2,2,2,1,2,2,149,0,0,0
ipython,6406b964dd2e48448b58d1ddec3150dc5cefffc6,1444311711,Min RK,1,0,19,1,0,0,0,0,0,0
ipython,afa5d937e85b109b3eae43204b1b2b2b7af0bdb3,1444317153,Scott Sanderson,1,0,25,0,0,0,0,0,0,0
ipython,2ac47388b712e9610c8b3814bb3480193a52e1bb,1444334456,John Kirkham,1,0,2,2,0,0,0,0,0,0
ipython,f14d4ad2b3b16e4b6e5520df28b3ec93f2cee6be,1444390571,John Kirkham,1,0,4,4,0,0,0,0,0,0
ipython,3b221ffcc239a6b23180d6d3a9949718a9f9d5b9,1444391470,John Kirkham,1,1,7,0,7,6,179,0,0,1
ipython,c6dfae7d246ab39dab54889c7127b98b5e3e66fb,1444392635,John Kirkham,1,1,1,1,1,1,65,0,0,0
ipython,60afb1cd24376035e1f27f4720a0b86f703e7e59,1444393973,John Kirkham,1,1,6,2,6,6,245,0,0,0
ipython,38e5960aaaf0cfcff4b509fb3f1ac028807eb0d0,1444396187,Min RK,1,4,1,7,1,1,52,0,0,0
ipython,fd6e72da7a4dcf73083264d2596c78fa570ee38d,1444396856,Min RK,1,3,4,4,4,4,229,0,0,0
ipython,b25c517a534bf3a11ebf58f581111be1c83dada7,1444405952,John Kirkham,1,1,2,6,2,2,107,0,0,0
ipython,1e9de0aece09411e2076534ab527681f13fd2c98,1444405961,John Kirkham,1,1,1,1,1,1,34,0,0,0
ipython,f525815451ab0831de3a54cae2e1aa985fcfcc68,1444405968,John Kirkham,1,1,0,7,0,0,0,0,0,0
ipython,90d33e3e9a908e8db93ee271af24bb3e503bb994,1444405977,John Kirkham,1,0,4,4,0,0,0,0,0,0
ipython,5c5bf7051b9d2fa2706ae66a24a872f91d8dbf1c,1444405994,John Kirkham,1,0,2,2,0,0,0,0,0,0
ipython,f77f0f00719b900c081ffed957cdba89da4d5d28,1444407355,Jonathan Frederic,1,1,4,1,4,3,185,0,0,1
ipython,fe056c79d5ada1a3b8f8550ed60a7b084a5fcda4,1444503649,memeplex,1,3,4,6,4,3,125,1,59,0
ipython,03d10411b11133a8f371fb94b4dc4476373190a8,1444505397,Jonathan Frederic,1,1,3,1,3,3,194,0,0,0
ipython,a066121588684e4ab128eb36fb2eca7c15f75cb4,1444759650,Min RK,1,0,1,1,0,0,0,0,0,0
ipython,c962d136426ba24eeac9c78978b1d27bb3eb5350,1444943948,Hoyt Koepke,1,2,2,1,2,1,45,0,0,1
ipython,9914f27fa28891636201c6549de089f36dd6c31f,1445268672,Wouter Bolsterlee,1,3,5,4,5,3,162,2,126,0
ipython,012a2a5ac7ca50b19bd3e972aa4367c41cbe51fc,1445787592,Lilian Besson,1,3,12,4,12,12,757,0,0,0
ipython,e02ea14a00195e2f3d8061fb8ced5033b3e65102,1445460520,Jan Schulz,2,2,31,4,11,6,337,4,233,1
ipython,1404412dba9a3ca4a3482e531ed9a1aa39493049,1444696945,Fairly,2,3,9,8,9,9,443,0,0,0
ipython,b5b3ea78c75fa283d490611676e1516ac78f5bfa,1445890445,Min RK,1,1,2,1,2,2,139,0,0,0
ipython,5b318cae7d3c425d9bf56d1e1299f043b5a3c14a,1445959987,John Kirkham,1,2,2,0,2,2,43,0,0,0
ipython,3c0a00d069a6e472ac8a9c44059c328e794cf421,1446023911,Min RK,1,0,3,22,0,0,0,0,0,0
ipython,9f6faaada10b23e778279cb82ee5122b1da7564b,1446541388,Min RK,2,4,7,4,4,4,132,0,0,0
ipython,d4f36332d1679b6131de894d5601fa985fc5054a,1446666360,John Bohannon,1,1,4,1,4,4,229,0,0,0
ipython,b1854f1ba2b05c193e289366b4ac375aa71320d0,1446882307,Matthias Bussonnier,2,5,5,23,5,5,246,0,0,0
ipython,1f9b9cb8bda778f0e5a737211dafe9590c5e5f0a,1446884892,Matthias Bussonnier,2,3,15,3,13,9,326,1,68,3
ipython,6c39ad1e586157c74846d604573a5013c631ef46,1446961429,Matthias Bussonnier,3,9,31,44,31,24,1455,0,0,7
ipython,f25b5ec7bda7f06cf06d43e494e7ef35024e24c3,1447005848,Rémy Léone,1,1,1,1,1,1,20,0,0,0
ipython,e3b7b1693f868c633ac174b40a9b790e7331b8f4,1447005933,Rémy Léone,2,2,2,2,2,2,80,0,0,0
ipython,d14df7365ff98dfd49c3ec329a36b6239f17a813,1447006090,Rémy Léone,2,1,7,10,4,4,246,0,0,0
ipython,19dfad4ea27bf7e5a528f3f1d2d2e8ba2f69febe,1447006251,Rémy Léone,2,2,2,2,2,2,86,0,0,0
ipython,dc0326bdb6d39cd09479835709cb2f690c158e14,1447292775,Matthias Bussonnier,1,0,8,0,0,0,0,0,0,0
ipython,978a79692a76e454a5d68820df5793629b281656,1447301803,Matthias Bussonnier,2,3,51,46,2,2,124,0,0,0
ipython,a1162f017e4a3339e9ae2234db3d594e5c0b840c,1447303281,Matthias Bussonnier,1,0,40,39,0,0,0,0,0,0
ipython,a30aee84b12751fafaa16c5180845dd028ba28a9,1447350573,Matthias Bussonnier,1,0,1,1,0,0,0,0,0,0
ipython,f6ad88b978920009806e7531aeeb201fe69621f2,1447350621,Matthias Bussonnier,1,0,1,1,0,0,0,0,0,0
ipython,f06a50447a8787d464e223428757aa6496ad8d64,1447287562,Matthias Bussonnier,3,0,19,14,0,0,0,0,0,0
ipython,d5a459d5bc63c7f6f07410e37f6ff4f6404df121,1447408268,Min RK,1,1,1,3,1,1,51,0,0,0
ipython,15ae458f7cf1a8257967b2b3b0ceb812547c4766,1447285564,Matthias Bussonnier,1,0,49,5,0,0,0,0,0,0
ipython,95c4d0b1ad6690920597d41401cdee880ce3193c,1447468298,Scott Sanderson,4,3,96,4,14,10,337,2,101,2
ipython,4b403b00259b855feb6676ed8dc7620d9d31e95c,1447006183,Rémy Léone,4,1,15,15,1,1,34,0,0,0
ipython,62850ab870c76969087fdca7a86629801a22d260,1447741265,Matthias Bussonnier,1,1,0,7,0,0,0,0,0,0
ipython,80b0ce1ea6d844ffa9ea9c4825171b8aa7f45001,1448159529,Christopher Roach,2,1,9,0,4,2,37,2,102,0
ipython,b96b6b9e54fb27a1d18474f1801b407e8d60857f,1448362508,Min RK,1,2,22,12,22,16,601,4,131,2
ipython,1c75e559c3f320b4ad20f3b7cbc50a0d291f2dbe,1448401518,Tayfun Sen,1,9,12,9,12,12,713,0,0,0
ipython,e028189779d9d67c2545976321727a1407bc7a97,1448404825,Tayfun Sen,1,29,29,29,29,1,76,1,55,27
ipython,dc1d1d4e8168715d4948b4e47ad4148eb7884f92,1448579144,Min RK,1,1,0,5,0,0,0,0,0,0
ipython,f7c53fd6f64a703e170a6f80315d4f5492ed5692,1448816969,Matthias Bussonnier,2,9,28,26,28,27,1179,0,0,1
ipython,d874b00892e6541f0dc280969d96fefce56dd02d,1448817571,Matthias Bussonnier,1,0,1,1,0,0,0,0,0,0
ipython,8179581687444018e6aad211eef9cf9882d8acf1,1448817592,Matthias Bussonnier,1,0,3,4,0,0,0,0,0,0
ipython,f72cfeee148294c75365bddb08b7f6d52eae2919,1448961300,Min RK,2,1,5,14,1,1,73,0,0,0
ipython,51ca6ff8b21d12814528e4725a984c1179407c30,1449324634,Matthias Bussonnier,1,1,5,2,5,5,193,0,0,0
ipython,5f82378290041d392e953e2d45c387b0d1b97f9a,1450100628,Thomas Kluyver,3,20,205,219,205,137,6310,36,1687,32
ipython,1370018ac3f96a5a04d119afa95d482a7504119e,1450319879,Anthony Sottile,1,1,1,1,1,1,11,0,0,0
ipython,14c3e28572e29029bf3a977c94a13c24d87d0955,1450375913,Matthias Bussonnier,1,0,27,0,0,0,0,0,0,0
ipython,17a695ee0f3b86d29f00dc3a3fc2d756462253ca,1450432063,Matthias Bussonnier,1,2,0,3,0,0,0,0,0,0
ipython,cd785306103d0d100daf8e96374004129ef68b9c,1450448116,Matthias Bussonnier,1,5,3,6,3,3,108,0,0,0
ipython,a85099ae323dae1a5e7f0769682dfd405864d860,1450457579,Thomas Ballinger,1,1,1,1,1,1,86,0,0,0
ipython,af40089bfa6a3c4b9363af4f03571f7bd98cb8d1,1450488102,Thomas Ballinger,1,2,2,2,2,0,0,2,132,0
ipython,5bd7642ecfc0b4e16c1787fd467a37ebf9f4a942,1450488147,Thomas Ballinger,1,2,2,2,2,2,153,0,0,0
ipython,beb2d24f8019b7eee4851fa7adf6f6455a521696,1450646408,Ben Kasel,1,2,4,0,4,4,167,0,0,0
ipython,2247f3474cc92ffc18b84a4d326be30aa9f55275,1450695188,Ben Kasel,1,3,5,1,5,3,216,0,0,2
ipython,d095aa8941d3c2cb2e0f0ce8145d1952ac5a0aee,1450695749,Ben Kasel,1,1,1,1,1,1,97,0,0,0
ipython,0b860b23d49c16dc486be118d6d99adf4c892fd1,1450697835,Matthias Bussonnier,1,0,19,0,0,0,0,0,0,0
ipython,a48716ad007352d7e79511e91450569811107910,1450700033,Ben Kasel,1,1,8,2,8,8,290,0,0,0
ipython,431b7bddb6d7339c97181ab84837bd4145744bc0,1450700764,Matthias Bussonnier,1,0,1,1,0,0,0,0,0,0
ipython,8472f0dd9d801c2732a55ee27f1cf6ab16cc6b99,1450700974,Matthias Bussonnier,1,0,1,1,0,0,0,0,0,0
ipython,9d793c5db4eba8f06ce163aea3be2f4122a0b3ec,1450705257,Matthias Bussonnier,1,3,7,3,7,6,213,0,0,1
ipython,f682059bde4346b8949cad647ce17a2a349348cb,1450709131,Matthias Bussonnier,1,2,2,2,2,2,35,0,0,0
ipython,7d05f26957a155ecc7f6e567125c13b9269fb3ef,1450805300,Thomas Kluyver,1,0,6,0,0,0,0,0,0,0
ipython,3ffdf6f927afe3be9cff685bebb1a5ad1ff9a5bd,1450820271,Michael Droettboom,4,2,12,3,5,4,182,0,0,1
ipython,ef9aecb737893cd6eeaca7e38b8af9318d0cde31,1450819003,JamshedVesuna,1,11,54,10,54,50,2078,0,0,4
ipython,7af3c64e34056ba4e107b0ba0a2280ce4253216b,1450988174,jferrara,1,0,0,1,0,0,0,0,0,0
ipython,6cf65baf7120e1c0248a6cff21a82a9c18afc646,1451266757,Jan-Philip Gehrcke,1,1,5,5,5,5,330,0,0,0
ipython,13fbe3ad29d29a8256f6b70527b3cbd5205ed5c3,1452007584,Pierre Gerold,1,1,1,1,1,1,36,0,0,0
ipython,9a7ea611c359f98095dd99aaf3c2a20db9b57220,1452007821,Pierre Gerold,1,0,16,0,0,0,0,0,0,0
ipython,5fa2eb281c741bd2c6f190d3fdbaf10f4217f54f,1452008825,Pierre Gerold,1,6,5,6,5,5,335,0,0,0
ipython,e149c2e43d89bf2054bf7ea17f0e0a4939ff20de,1452009015,Pierre Gerold,3,13,13,13,13,13,976,0,0,0
ipython,0cb1da813d92c3153f4760a58b9f47ff1b67b569,1450451125,Matthias Bussonnier,14,24,36,42,31,27,2370,0,0,4
ipython,abd031405fd7db3f19db0641232b94f936ca729d,1452011364,Matthias Bussonnier,1,1,1,1,1,1,47,0,0,0
ipython,bd4fcf7960d341430c782bbb046f51cb41c3ba76,1452011796,Min RK,1,1,3,1,3,1,31,0,0,2
ipython,3c45efca15c0d447a4cfd78239e6347a4a1a9da0,1452164485,Min RK,1,2,12,0,12,10,365,1,36,1
ipython,53d80d4c0420ffb72c32ef567c7bb48527714c3b,1452423035,Guillaume DOUMENC,1,2,3,1,3,3,214,0,0,0
ipython,de68bf5d79f4df17dd8989e0b1a85ed3af6ef330,1452458538,Jacob Niehus,1,2,2,2,2,2,210,0,0,0
ipython,6addf4a763148174820f15f1fb3d289c4b4279d1,1452445288,Thomas Kluyver,1,2,13,1,13,11,425,1,68,1
ipython,e8feaa8d3a82da14cfb54a0000d3cfa1c1958ea4,1452512497,Thomas Kluyver,1,0,25,0,0,0,0,0,0,0
ipython,85bfacfd2213705f64c57a06d36ab9759b710c34,1450805458,Thomas Kluyver,1,1,64,0,64,50,1953,0,0,14
ipython,a9b0c6ca598179c4c07291f3cc4111a021d92078,1450889083,Thomas Kluyver,1,4,24,24,24,20,1044,0,0,4
ipython,f52460428307785b7c5440cb62100f85fd022269,1450889161,Thomas Kluyver,1,1,1,1,1,1,64,0,0,0
ipython,239389ae8394bc72f4ee3131880d8318729b343c,1452258338,Thomas Kluyver,1,3,13,1,13,10,481,2,101,1
ipython,e870f74a0ccace04051f0687767c3758b3274b39,1452259119,Thomas Kluyver,1,2,13,3,13,11,433,0,0,2
ipython,db2ff6f587b9d7ee1036832c68205df20c7ff9cc,1452262097,Thomas Kluyver,1,4,18,1,18,15,716,0,0,3
ipython,ba5734e80ca6c629ee5a6b90f275acaf04edd59d,1452262834,Thomas Kluyver,1,9,26,30,26,23,800,2,97,1
ipython,fbb4e634fed001b43a71d76d38012def5ee1a1c7,1452264890,Thomas Kluyver,1,4,10,1,10,9,353,0,0,1
ipython,342b17513a11fe906ff0a25b39ce7dee8beb0c64,1452521338,Thomas Kluyver,1,1,1,0,1,1,51,0,0,0
ipython,e778cbacc703f6204637c45748340a5ce093e7f8,1452607179,Thomas Kluyver,1,1,2,0,2,1,23,0,0,1
ipython,55845333e1d253107321299801fc055b9a46e885,1452607593,Thomas Kluyver,1,2,1,1,1,1,43,0,0,0
ipython,4a9dcfdc275f54b18cb0a361857117f7b8a5e09c,1452608769,Thomas Kluyver,1,1,3,0,3,2,63,0,0,1
ipython,535e24011597ff5c9c15cc423415bf259d759fbd,1452613553,Thomas Kluyver,1,2,5,1,5,4,236,1,28,0
ipython,904d56ef88ea9d98dff4bc43149527792f5a3b8b,1452613934,Thomas Kluyver,1,1,1,0,1,1,55,0,0,0
ipython,3d5a073dae0e0976c49131d0d51ce28900b1e3d5,1452616221,Thomas Kluyver,1,1,2,1,2,2,76,0,0,0
ipython,e9ee3ec0000a5331a264337a30e5f02cea9c2723,1452794167,Thomas Kluyver,1,5,13,2,13,12,597,0,0,1
ipython,cde57a32a66a50637361122a0e190d7c65544058,1452795463,Thomas Kluyver,1,5,24,6,24,22,919,0,0,2
ipython,0cb9e90494c27bb2aee1ff046348a0f2eeeb44c3,1452795979,Thomas Kluyver,1,4,6,2,6,5,289,0,0,1
ipython,995b7940fcf75078804b44fdd9feef5c44abac6a,1452941739,Thomas Kluyver,1,2,6,0,6,5,211,0,0,1
ipython,c0fffd17e4392b1d2434182406d5245a7dc65c99,1452965294,Thomas Kluyver,6,11,202,4,202,109,3691,64,3607,29
ipython,826a334fb097552d0114fa5d865f0bdffca3ac47,1452976791,Thomas Kluyver,1,4,12,10,12,9,365,2,107,1
ipython,c83a80eaa6215b5508bd9bbd605b8736cd760e8b,1453077284,Matthias Bussonnier,1,1,1,1,1,1,113,0,0,0
ipython,a9ca5b1b43881bbdc1d4cb4686f66617667cee9e,1453115217,Thomas Kluyver,1,2,6,0,6,3,149,3,193,0
ipython,48013ca5e8b0f7cf853e2b76b74b448169834f97,1453127068,Thomas Kluyver,3,3,150,1,150,103,3645,28,1342,19
ipython,1f47f59a7d4518e750009aedce596a150ad0a865,1453127558,Thomas Kluyver,1,1,68,0,68,42,1274,19,882,7
ipython,24fa5b78c0f9e963a899c2e0c94f8f61be6428f8,1453128442,Thomas Kluyver,2,1,142,1,141,79,2605,43,2055,19
ipython,f34eb22e490f0876aeb269ca823b81e7cfee85ad,1453128843,Thomas Kluyver,1,0,2,2,0,0,0,0,0,0
ipython,cbc0479504a73b15a48641c9a8d254f614b8c777,1453130368,Thomas Kluyver,1,0,2,0,0,0,0,0,0,0
ipython,ae59e6e44bfde48d33dd37d46f093a93788a903e,1453130693,Thomas Kluyver,1,1,3,0,3,1,22,1,62,1
ipython,7da2783b15a56a229ebe76d0edf874ca5c95494f,1453131471,Thomas Kluyver,1,3,9,1,9,6,251,0,0,3
ipython,0a16e9d0e624a99578587eaa288ab1b6a3836a98,1453212047,Thomas Kluyver,1,2,16,0,16,9,266,3,171,4
ipython,091b646deb992f37462a9da3d47d8ab07d129135,1453228932,Matthias Bussonnier,1,2,5,5,5,5,277,0,0,0
ipython,edb71aab9a9786c31c8785069ee239a38a7dfc7f,1453236197,Matthias Bussonnier,1,1,1,1,1,1,78,0,0,0
ipython,8cb3dd9709c154c9669b72dee93379872d3fc477,1453236503,Thomas Kluyver,3,6,37,6,23,17,651,4,200,2
ipython,8b766e65c15d3f07e05ee6228d60256a5451df0d,1453237337,Thomas Kluyver,1,3,4,10,4,4,148,0,0,0
ipython,3aa20a32a79a57c645db34b8a3afab191f86267a,1453239221,Matthias Bussonnier,1,0,2,1,0,0,0,0,0,0
ipython,120de1c9b0ae2b5e94f976adcba4764d064d9af3,1453242782,Matthias Bussonnier,1,1,1,1,1,1,22,0,0,0
ipython,b78738c3bfc4ada2c46dad559e8c35bd3e0b1887,1453251467,Matthias Bussonnier,1,4,39,0,39,31,1563,0,0,8
ipython,05b80920ea3c603c24ecbe92b6c1ae409cdc34e7,1453251754,Matthias Bussonnier,1,4,32,28,32,28,1544,0,0,4
ipython,65fc22562f511c9daf8d6c379a80b6134947294f,1436503239,Min RK,1,3,16,1,16,12,398,0,0,4
ipython,57baac0b9f636ad5b0d5814b9972bcc81dc72cd8,1453225834,Matthias Bussonnier,1,2,10,0,10,7,260,0,0,3
ipython,e9155c4362ae280c8c1b5622caa6f1af00e2c9c3,1453378338,Thomas Kluyver,1,0,1,0,0,0,0,0,0,0
ipython,730093369725dbc19112e01c909bde40620aa999,1453380747,Thomas Kluyver,1,2,5,0,5,4,186,0,0,1
ipython,06f7830ca3a06056d10bec2347811ea317568294,1453400364,Matthias Bussonnier,1,0,12,7,0,0,0,0,0,0
ipython,c6f33a6704165c3380029753756ad6e8dead855c,1453418480,Matthias Bussonnier,1,0,3,5,0,0,0,0,0,0
ipython,160d347208f90432f9ac928132186e010328da87,1453578678,Matthias Bussonnier,1,0,4,0,0,0,0,0,0,0
ipython,2db2f3778c02083efe89979711e926cfa296019e,1453741223,Thomas Kluyver,2,17,283,145,213,140,5856,50,2383,23
ipython,d42ed570a6b17866dd7b90a9e505dff1e881590d,1453754553,Jonathan Frederic,1,0,5,5,0,0,0,0,0,0
ipython,d7f0db73d29dfb46e2f8fed72940f0d5a50c9be9,1453754958,Jonathan Frederic,1,0,24,11,0,0,0,0,0,0
ipython,bcced3ca44eb2a6ccb0a9f8d6e3bd42d4925a526,1453500016,Matthias Bussonnier,2,2,10,3,2,2,70,0,0,0
ipython,6dd95701b8e750b8024154b4c03afa4ea7986992,1453765121,Matthias Bussonnier,1,1,13,35,13,10,467,0,0,3
ipython,14e61a50e22a21b07e77a2e43b1756a206116208,1453769862,Matthias Bussonnier,2,4,18,9,9,6,378,1,42,2
ipython,f0d27b8ca714487621c0df03473e6ad34870e188,1453769930,Matthias Bussonnier,1,0,0,10,0,0,0,0,0,0
ipython,39ce2053aeb43223a110a9e4bc8f3c47ea7bd98d,1453811070,Thomas Kluyver,1,1,3,1,3,2,65,1,72,0
ipython,8a1aee298716dd71165eb66f7d297ec4b5b151a3,1453814007,Peter Waller,1,1,3,0,3,2,100,0,0,1
ipython,39c534a7283b3f2d02493521302cda05f0a50daa,1453815233,Thomas Kluyver,1,1,1,1,1,1,103,0,0,0
ipython,872bf4950923ced272bfcf8164157789f1a39d8a,1453830036,Matthias Bussonnier,1,2,4,5,4,4,344,0,0,0
ipython,fce837c72d812c25449624da78aefdddc0b95310,1453836895,Matthias Bussonnier,1,1,1,1,1,1,22,0,0,0
ipython,f34c720041dfba9c50bf8f586b257064dcf3146c,1453838478,Fernando Perez,1,1,1,1,1,0,0,1,23,0
ipython,0fe95653b2e0091f97364b62d4fb83d58dd3a3be,1453911565,Thomas Kluyver,1,2,2,2,2,2,143,0,0,0
ipython,b40a2dd0e08895c827eb936da6c8e8f5997cd51d,1453912711,Thomas Kluyver,1,2,4,2,4,4,250,0,0,0
ipython,1b35b82fb32bd3f5e5bb96d4ea5a7822aefdd374,1453853604,Matthias Bussonnier,2,3,7,5,4,2,70,1,11,1
ipython,f3b08f3896e4e33e2ca8e925f9f935c9f7de39e4,1453913939,Pierre Gerold,1,0,7,0,0,0,0,0,0,0
ipython,efef6d6135fbf956bb54e308ac20f62cc31a8fd1,1453867890,Matthias Bussonnier,2,0,2,3,0,0,0,0,0,0
ipython,0afa956dcdc1c4cf60e904bee88514eb646da36e,1454003012,Matthias Bussonnier,1,0,0,1,0,0,0,0,0,0
ipython,f55cccf5b15f0ddedf2f38f9cf76fcc709787f96,1454007072,Matthias Bussonnier,1,0,2,2,0,0,0,0,0,0
ipython,e4ac2edff151e27b8fec51f31e570c775d2e1104,1454054221,Min RK,1,0,1,1,0,0,0,0,0,0
ipython,f3b50686512973288029d3ac9cc0dc3de4c2048f,1454070763,Thomas Kluyver,1,0,0,3,0,0,0,0,0,0
ipython,5d4a78146c3f116a608bc08e39f30c22c23c24fb,1454008611,Matthias Bussonnier,2,4,2,5,2,2,102,0,0,0
ipython,892b1c4967af3986abb952ef51d938a79000056d,1454105244,Matthias Bussonnier,1,0,5,1,0,0,0,0,0,0
ipython,e3227929c9e30f3651798d240654c3348c37dbf1,1454107926,Matthias Bussonnier,1,0,3,1,0,0,0,0,0,0
ipython,1f5cea7dec9d385e5b6816547d071ec56d94845c,1454109062,Matthias Bussonnier,1,1,1,1,1,1,22,0,0,0
ipython,aafdf482f8b9f949b9bd74f19ccbd3ebc082d038,1454109249,Matthias Bussonnier,1,1,1,1,1,0,0,1,24,0
ipython,22d6258fe3dc28668d0d8cb99ae627a6676484a3,1454339127,Min RK,1,0,3,4,0,0,0,0,0,0
ipython,9c77db54f12381f85da223b7b9df3ea3a298bb31,1454339279,Min RK,1,0,1,1,0,0,0,0,0,0
ipython,607cdcdd71572a53806d328b965e0c45ac6634dd,1454374103,Carlos Cordoba,1,2,10,5,10,9,198,0,0,1
ipython,9cbb747586ca0e9b62d52531062aa36437ae317e,1454461384,Matthias Bussonnier,1,1,1,1,1,1,55,0,0,0
ipython,b302f1ea566f21bb7f88829a6cb276a123983048,1454461515,Matthias Bussonnier,1,2,2,2,2,1,18,1,57,0
ipython,90e30a8f28cc55e870c9a40a5e64a5238b143474,1454502677,Thomas Kluyver,1,1,10,0,10,7,212,2,95,1
ipython,e9384160dd1e213ed690cecffa11224dfcbe0037,1454502847,Thomas Kluyver,1,2,5,0,5,4,159,0,0,1
ipython,46f9e03d1c015a9d894bf33397f42e170614fa13,1454513448,Thomas Kluyver,1,1,2,3,2,2,179,0,0,0
ipython,fd93c6ac2f68113246fd1880cca8556c7557f996,1454515791,Thomas Kluyver,1,1,2,2,2,2,36,0,0,0
ipython,45f6813353f21ef963d8d3548f2a9bd1544bdb81,1454520911,Thomas Kluyver,1,0,1,1,0,0,0,0,0,0
ipython,3b61f32870c696fd6540e91a93c7676f46e04e4a,1454521012,Thomas Kluyver,1,0,0,9,0,0,0,0,0,0
ipython,58b87f43ac27b3c8fb3b496ec926d3e6087e205d,1455274845,Min RK,2,2,2,1,2,1,25,1,36,0
ipython,e697dfcf32df11132f4a17fba7302e3980f4c00f,1455274871,Min RK,1,2,4,1,4,4,138,0,0,0
ipython,6346e89b1203362fc1e85cffee3884c0c9c352ac,1440350276,Yuri Numerov,1,1,0,29,0,0,0,0,0,0
ipython,23b082fe0a89d5431633426fff1db958195b93cb,1455419986,Carlos Cordoba,1,4,4,3,4,3,149,0,0,1
ipython,6f1f1ae4f35943d6f5b895481b9d078048747241,1455457509,Sebastian Bank,2,1,8,1,1,1,97,0,0,0
ipython,baf168537044cebecd2097cd9ac62128e0e28863,1455472265,Carlos Cordoba,1,2,0,216,0,0,0,0,0,0
ipython,58ddb7de8e3e6030074f41d7db356f4a2644b3be,1455597665,Matthias Bussonnier,2,1,4,1,1,1,53,0,0,0
ipython,a4b702559c86ec4b86e25f967c5d2d416f5cf1e1,1455598436,Matthias Bussonnier,1,1,0,1,0,0,0,0,0,0
ipython,d169e44478dcaf1cbe28c9addcc74ebc077eb524,1455599042,Matthias Bussonnier,2,5,14,21,14,10,371,0,0,4
ipython,133a2aa4d2dc7f37d722ca93c6af5e339bc47d3e,1455548541,Thomas Kluyver,1,3,0,8,0,0,0,0,0,0
ipython,dca04a24257f7ccded1551dfb2a2169030ef9180,1455717864,Thomas Kluyver,1,1,0,1,0,0,0,0,0,0
ipython,c03585df74fce99b154f87ec908116af31c07a26,1455727193,Pierre Gerold,1,3,5,2,5,3,254,0,0,2
ipython,c4935968de2bb87203a16b59846e840c03495834,1455728761,Pierre Gerold,18,19,23,22,22,22,556,0,0,0
ipython,c8b055b8e835da7d3dd54fb01a8430a16fe52ef5,1455729055,Pierre Gerold,1,3,3,3,3,3,263,0,0,0
ipython,2d89b93a284331a346117f0ae18158ffafc56e67,1455807748,Thomas Kluyver,1,2,7,2,7,4,174,3,142,0
ipython,3a2d9350c6ebed884e0d08bdc6150ddfbe8fdff5,1455821730,Matthias Bussonnier,1,4,11,3,11,10,385,0,0,1
ipython,18bbd7487c520918849bc8ff91269276a046679e,1455827986,Pierre Gerold,5,5,5,0,5,5,190,0,0,0
ipython,62d11a71592cc5b273bf1e9e330cc59944639b06,1456008940,Dmitry Zotikov,1,1,7,0,7,5,138,0,0,2
ipython,9553793de9b338c783726f885d3892096b397ce5,1456010681,Dmitry Zotikov,1,1,4,4,4,4,127,0,0,0
ipython,fffd0e3d53a6a27fa038d6e2bce6d919f3f9ba25,1456047557,Dmitry Zotikov,1,1,2,5,2,2,96,0,0,0
ipython,164d1459141ace26b746232a4d7903d30b0880f0,1456135136,Min RK,1,1,7,0,7,4,143,1,23,2
ipython,ac0799c5812a9daaed1438311a1d75c7723399bf,1456160372,Thomas Kluyver,1,1,3,1,3,0,0,3,127,0
ipython,67d7c405d3ee45570b44d4c37a5c23b5f21068d8,1456160561,Thomas Kluyver,2,1,2,3,1,1,67,0,0,0
ipython,7505eae52c463ab83b0b9ce6744af1fb837e3c05,1456162039,Thomas Kluyver,2,5,20,6,16,12,509,2,129,2
ipython,93d4f03a44f23a259f1c20f4252dd6751d1251af,1455837966,Matthias Bussonnier,4,16,47,9,47,30,1357,6,348,11
ipython,d9bbe522ef5d49bab6bed8e6e542cdae39734f93,1456176224,Thomas Kluyver,2,4,4,4,4,4,215,0,0,0
ipython,caa35a40d9ff995f45c53b3958792e06404a9db1,1456218731,Min RK,2,9,36,10,24,18,719,1,38,5
ipython,ab815d8e0cb3ed9e8c3b7929f0c6d03a8ac24224,1456238342,Min RK,2,13,45,20,30,25,1359,1,37,4
ipython,a711787105924c157c5423a9fabf1d269fcaef89,1456249684,Thomas Kluyver,1,4,22,0,22,18,479,0,0,4
ipython,be9226c6c9a6c5c8656cd1b5e3d169eab50f812f,1456269668,Thomas Kluyver,2,1,2,4,1,1,81,0,0,0
ipython,f18a60ebd11e385eff17b451c22c3237b107151f,1456275905,Matthias Bussonnier,1,1,1,1,1,1,58,0,0,0
ipython,d09db506bbb6dc2c267f9f70f027da7a856fa99f,1456305287,Min RK,1,4,18,0,18,14,526,1,39,3
ipython,209d4a1697714139583187d15d6c086a5e7f2b5d,1456312625,Thomas Kluyver,1,0,1,0,0,0,0,0,0,0
ipython,5ab597c31e5d86c3e37db9ddbe3125bfed6e9e7f,1456313649,Thomas Kluyver,1,3,19,1,19,10,433,5,239,4
ipython,750f3c66306f3cffc65375998e117d5a779c18ad,1456320565,Thomas Kluyver,1,0,4,3,0,0,0,0,0,0
ipython,5ddb9d5f2d218f1d65dfa2baa88691a0ec014a2d,1456332169,Thomas Kluyver,2,1,15,7,3,1,78,2,109,0
ipython,ea96ced4d3cacb503c26a2873a5bae041f5d17e1,1456480885,Thomas Kluyver,1,0,1,0,0,0,0,0,0,0
ipython,8e53e7ba8a4f415165e30bf5c3c75d5d61cc4913,1456783742,Thomas Kluyver,1,2,16,1,16,13,639,1,15,2
ipython,2a2b90ed3fe7e0cf2e56bd6c1bb798758b6f4d4b,1456885741,Thomas A Caswell,1,1,1,1,1,1,51,0,0,0
ipython,e05a5b61c59a5c1e8a5aa549db89c800bcb84e94,1456921384,Thomas Kluyver,2,3,35,2,19,12,592,4,184,3
ipython,b32efbdf76fe08004c1ba47d0d701ff5fb943de8,1456937609,Thomas Kluyver,2,1,3,3,2,2,124,0,0,0
ipython,9bf4fac39258adc331d864c5f04030accd642719,1457010693,Thomas Kluyver,4,11,44,56,44,32,1093,3,153,9
ipython,7e110f3b6c5247df3bdd0e759ec982fc126d1912,1457181450,Vincent Woo,3,7,11,39,10,10,676,0,0,0
ipython,6fa1c178e1ec26062812db8e71c18458fe30897c,1457227584,Thomas A Caswell,1,1,2,0,2,2,44,0,0,0
ipython,ca5c92338360cacecc7e7fd9e4a39eb461bf0153,1457436291,Thomas Kluyver,1,0,6,2,0,0,0,0,0,0
ipython,11696ddc15765ca35fd15c5874520249ad6780b4,1457624133,Min RK,2,2,105,0,105,77,3200,4,185,24
ipython,a59bda821aca72b80af774d72bb211da0eed70f8,1457627874,Min RK,1,8,22,5,22,20,638,0,0,2
ipython,64919366f54860542a60ad9ec5396879821362e7,1457628685,Min RK,1,8,15,3,15,4,153,2,77,9
ipython,024df253247717b59d7b285ad973b7d2bb4b491a,1457646036,Thomas Kluyver,1,1,1,1,1,1,87,0,0,0
ipython,ad9c12c37b4de9eef412a4a285f6a0f01fec1daf,1457733277,Paul Ivanov,1,1,2,6,2,2,134,0,0,0
ipython,45dcaa60191027438edf5ae832da7c98ab956035,1457734517,Paul Ivanov,1,1,1,1,1,1,77,0,0,0
ipython,f33a826b135f3c259a8691c581fd5035544ed037,1457981556,Min RK,1,1,1,1,1,1,53,0,0,0
ipython,dad5f65facc5bf44dc3dab3ceae165a6c7e90d27,1458233468,Thomas Kluyver,1,2,1,7,1,1,35,0,0,0
ipython,446a6eddf43d3bf8e62858d9418dead92d7be3b7,1458293934,Min RK,2,5,32,24,13,9,320,2,57,2
ipython,27db08e7343ed8173c134f63ba3d413f31aa53dd,1458481600,Thomas Kluyver,1,2,4,2,4,4,218,0,0,0
ipython,1bafcb71dd74d3219a099fc9dcb871ea926d2c8a,1458553999,Min RK,1,4,5,4,5,3,96,1,25,1
ipython,238ed9b8a473e6dbb0f515b8da7787bb7d0543f5,1458554073,Min RK,1,0,2,1,0,0,0,0,0,0
ipython,f892472971a197a0e953a751e90385b79865451a,1458754288,Thomas Kluyver,1,2,2,2,2,2,108,0,0,0
ipython,9dc4583254891bfa580aba7ada35255ce0718b25,1458856306,Trevor Bekolay,1,0,23,0,0,0,0,0,0,0
ipython,ce499a7d3e3016216bda1e91bcdeea93747e41d8,1459040553,Thomas Kluyver,1,3,9,2,9,9,458,0,0,0
ipython,bcd13d71f7e3cbd6c0adba8bd32e2ace3fde9c9a,1459206416,Thomas Kluyver,1,1,1,1,1,1,54,0,0,0
ipython,f9a281d8fa066976849b0a9845e280dd4e0c5f57,1459297485,Thomas Kluyver,13,57,81,90,73,71,3336,0,0,2
ipython,8b3df6bb068db44c815747adee99b760eaee4a74,1459532982,Jonathan Slenders,1,2,7,0,7,5,234,0,0,2
ipython,ccd17de55762933e90992e15a583bf8975eb774b,1459533274,Jonathan Slenders,1,0,1,1,0,0,0,0,0,0
ipython,ca62107d0ceff5eb3765405fad2a399bd21ff668,1459533538,Jonathan Slenders,1,1,1,0,1,1,53,0,0,0
ipython,535591906b08c5a6ed94a33f954e5778b24e10cc,1459534326,Jonathan Slenders,1,4,19,2,19,15,624,0,0,4
ipython,9b5a293025d16868b88ad558070af349f3d9e841,1459763528,Jonas Rauber,1,1,1,1,1,1,75,0,0,0
ipython,93f7b42ab5feddb3e00743722d3a66274eef276b,1459791573,Thomas Kluyver,2,6,70,0,70,55,2066,6,267,9
ipython,1932dc8078323a2793d2d9e5c3a4bc7af80747e3,1459792817,Thomas Kluyver,1,2,1,4,1,1,49,0,0,0
ipython,7844f106d9d72e3418ac63a964cd00207382c55f,1459803879,Matthias Bussonnier,1,0,2,5,0,0,0,0,0,0
ipython,e0b3f110803ba16d9bacc1e37659f2e2a8f24ebd,1459974698,Jonathan Slenders,1,4,18,1,18,10,493,5,261,3
ipython,31bf5e8bb3faf93b88df1022383e50bceb8fc100,1460077849,Thomas Kluyver,1,4,8,2,8,6,281,0,0,2
ipython,bc7757eddf330ea94703f54064934f83c9752c13,1460119238,Justin Zymbaluk,1,2,5,5,5,5,268,0,0,0
ipython,9529e8ddd805d4cbb34814d163b5ba408f09c8f3,1460143098,Thomas Kluyver,1,0,1,1,0,0,0,0,0,0
ipython,92a216e798f83d1c3e4cd318bc8e61876980c4d7,1460538095,Min RK,1,1,8,1,8,8,352,0,0,0
ipython,a8c7f0578f8dd9a410c9785543d1fd1efb9be8e7,1460555864,Matthias Bussonnier,1,0,7,0,0,0,0,0,0,0
ipython,8398a36f13660a041234e7f25c46e2065edfea0a,1460644263,Thomas Kluyver,1,1,5,0,5,1,40,2,89,2
ipython,1b13f699344cbb6c979f284b3bec8f05e30ef378,1460650510,Gil Forsyth,1,2,8,1,8,7,332,0,0,1
ipython,d9cf8f3a47f0ba26f713ec04513f75092299572e,1460710976,Matthias Bussonnier,1,18,13,21,13,13,846,0,0,0
ipython,bea40ef5d21467a86df9380c0059ee040e9962ac,1460714627,Matthias Bussonnier,1,1,1,1,1,1,96,0,0,0
ipython,c1b830295e66fcc673f5250b7ceb479c297d18ad,1460715176,Matthias Bussonnier,2,2,7,1,2,2,91,0,0,0
ipython,65475b72cd9215b9dfbb6f0bc150ee7b3197e68a,1460724523,Min RK,1,0,1,1,0,0,0,0,0,0
ipython,cf3101a4f0da338b5fbce61c0bf02dec8539be0f,1461060728,Min RK,3,5,15,7,7,6,234,1,19,0
ipython,a0adb30b87d51c967c8a90b3d51ded2a47b808a9,1461066531,Thomas Kluyver,1,1,1,1,1,1,64,0,0,0
ipython,9c6b377ab0ef7ffd5afd1289f4719cb3602ba999,1461067022,Min RK,1,0,1,1,0,0,0,0,0,0
ipython,48a882d6b54b0df7f6f82020455133e2aa0a9273,1461165238,Pierre Gerold,1,2,3,3,3,3,159,0,0,0
ipython,422d42ee9639107fdc11ec9f5864ae63e1858b5f,1461179012,Pierre Gerold,1,2,2,2,2,2,141,0,0,0
ipython,7cd4bd7a430bdd8cb550c11da61e31e5e9bd4798,1461241501,Min RK,1,8,7,15,7,4,228,2,99,1
ipython,05edbcc6dc9f9052f1f7255df83a6794ee4d582c,1461324653,Min RK,2,3,9,13,8,5,226,3,125,0
ipython,ac8365ce6fc9071527b16cd1404d05b6c4db2e32,1461335419,Min RK,1,0,15,0,0,0,0,0,0,0
ipython,71c18b6854bbff6bb41b8c6c239f24afaeba0f88,1461335570,Min RK,1,6,6,6,6,6,356,0,0,0
ipython,1706eb849d470a83a7e0d39b5af73efbfc820f5b,1461328332,Min RK,1,6,27,10,27,20,1058,6,270,1
ipython,05e6b192ad81a88625bb243738ad94e5ea1c0962,1461337192,Min RK,1,3,24,10,24,15,753,7,332,2
ipython,fc23da03ce99e5c250e606f0fc9e4de6066e5028,1461401741,Pierre Gerold,1,1,1,1,1,1,78,0,0,0
ipython,4dc72dc6d01c31512e7b8d6ae9427f55913b8409,1461854767,Matthias Bussonnier,1,3,5,2,5,4,300,0,0,1
ipython,3aa7df64b1fedb5693c322877623984a3543b569,1461860398,Matthias Bussonnier,1,9,55,23,55,47,2248,0,0,8
ipython,0e2d09b143c034ed0f82d653857949912e731a6a,1461861382,Matthias Bussonnier,1,1,2,2,2,2,162,0,0,0
ipython,0b3951cba45b5767c27ce39ddcd75e30f82d2fa1,1461884737,Matthias Bussonnier,1,2,2,2,2,2,58,0,0,0
ipython,5a6a38375486fd10444a6b1062d56eb351f8fc16,1461887631,Matthias Bussonnier,1,1,2,2,2,2,182,0,0,0
ipython,acaa21368f704a1fb09e95cdfcda4ade27e27b1b,1461965036,Matthias Bussonnier,1,1,3,0,3,2,44,0,0,1
ipython,c69d93ae55b19f421c255134dfc7919f1685103e,1461972654,Matthias Bussonnier,1,1,1,1,1,1,33,0,0,0
ipython,7243b34e4110128051d0a9f3d6cbbf7da3790289,1462105254,Thomas Kluyver,1,1,2,2,2,2,80,0,0,0
ipython,ad08d53e531c41b9252fc928a2035553c338f8f4,1462219474,Matthias Bussonnier,1,0,5,5,0,0,0,0,0,0
ipython,f8225dae558653f4d04a55283493757e9bcbf297,1459810299,Kelly Liu,4,24,114,45,83,59,2658,10,427,14
ipython,57f4bce64e78558e3ca44524d462d013961e1217,1462230966,Matthias Bussonnier,1,6,22,5,22,18,982,0,0,4
ipython,74c08c9cf3d8b61b88a32a98ce622fb621fd546b,1462460826,Jonathan Slenders,2,6,10,8,9,8,508,0,0,1
ipython,b67379d754695af5a7d0d21fcf2eff391675824e,1462464614,Matthias Bussonnier,1,0,1,1,0,0,0,0,0,0
ipython,77528f4f29d2406c95c058b84a925e299d7c502b,1462468734,Thomas Kluyver,1,2,3,3,3,3,187,0,0,0
ipython,df2541f86a98f14c36092c7dac8e3b6789d03b77,1462469137,Jonathan Slenders,1,3,6,1,6,4,207,0,0,2
ipython,bd25cb0cc66c5ff23fa7cc66cf0893513ac4b2bc,1462481569,Matthias Bussonnier,2,2,7,4,6,6,298,0,0,0
ipython,af70652321c64a743b856f8f5e7da2cc2ee8198b,1462488279,Matthias Bussonnier,1,0,1,1,0,0,0,0,0,0
ipython,ad6971090fae56c8584c97e7cf86f98f61685dad,1462548915,Jonathan Frederic,1,5,13,8,13,7,306,0,0,6
ipython,b51ccffc66ceb05fe21e2e4aa9880fb3e565a02a,1462558205,Matthias Bussonnier,1,1,4,1,4,3,90,0,0,1
ipython,85820d34555eef610d3a08e3b3b1d32c53804dcd,1462825989,Antony Lee,1,1,11,0,11,7,357,3,125,1
ipython,7b8ae1d31a805ebc7bb0f9a6ac6803a9535088fb,1462893864,Antony Lee,1,1,1,1,1,1,26,0,0,0
ipython,01b33dc418e455832b2352be22a024fd6e0c91db,1462895180,Thomas A Caswell,1,2,1,3,1,1,71,0,0,0
ipython,68860ee51dbd7504abae05c4031eed5146a677e5,1462926312,Craig Citro,2,1,23,1,1,1,45,0,0,0
ipython,970a08d5acd69882873c3b6d0462261701cd098b,1463056594,Thomas Kluyver,1,2,4,2,4,3,169,0,0,1
ipython,3c4b9cd08d8a3471e66a974219331b15085fde87,1463067293,Adrian,1,1,1,1,1,1,29,0,0,0
ipython,cbab6e8863b09fde88f43dc2bb0265e8b2e575eb,1463410550,Thomas Kluyver,1,4,4,14,4,4,149,0,0,0
ipython,2567fbb7e7832a3014d0990e1d7ec26ed308ff38,1463415744,Matthias Bussonnier,1,6,10,8,10,9,473,0,0,1
ipython,4fa9a27efe6bc6466f1ded18d0b88f7ee442d136,1463417192,Matthias Bussonnier,1,3,4,4,4,4,215,0,0,0
ipython,45354c1f3d405dd4a5692af4490ab5e072ba2569,1463418752,Matthias Bussonnier,1,7,7,7,7,7,222,0,0,0
ipython,b2876b642a34c904392d8c859ad74a737ec0bf78,1463447546,Matthias Bussonnier,1,16,15,17,15,15,701,0,0,0
ipython,1cb3dbb25871e6ba4af1195723fc4190af489ee6,1463447827,Matthias Bussonnier,1,14,13,14,13,13,611,0,0,0
ipython,ed6c2203f55c974dc687ae4e5a2adfc282afa510,1463448099,Matthias Bussonnier,1,5,5,5,5,5,225,0,0,0
ipython,12d304f48296a2566dbe711472707824baccd22e,1463448299,Matthias Bussonnier,1,12,13,12,13,13,717,0,0,0
ipython,58799824be6629568ffe2983ff89b2fa4c0a2c75,1463501887,Matthias Bussonnier,2,6,21,16,21,20,773,0,0,1
ipython,507bdb38daa337cbf74513b0076335921c82b5dd,1463502381,Matthias Bussonnier,2,16,23,20,23,23,911,0,0,0
ipython,04d48146a88457646da14da547e1efa0fc5e497d,1463152985,Min RK,16,198,304,325,304,281,9858,9,458,14
ipython,12620da9920b4834e7ce09d3c54d35b97d1190d2,1463507566,Matthias Bussonnier,2,7,13,7,13,11,397,0,0,2
ipython,d07581c7b23a85b9339690a8b82edebbe7311d61,1463508050,Matthias Bussonnier,1,0,0,9,0,0,0,0,0,0
ipython,74837a32d76b7eab5085c08d199a6ff013c79d65,1463508328,Matthias Bussonnier,1,4,4,4,4,4,104,0,0,0
ipython,fd8a728e6adb819bb9aa2b163f055195e2922652,1463520059,Matthias Bussonnier,1,1,3,2,3,2,74,0,0,1
ipython,777642ebe5c7a94c440c0c9b61215246b467c19d,1463520368,Matthias Bussonnier,1,1,0,1,0,0,0,0,0,0
ipython,f0e1cb1b7e072a342e5e4971716038007ffc8a53,1463590992,Matthias Bussonnier,1,1,1,2,1,1,90,0,0,0
ipython,c4587c2140e36d42124964c1d74941e19bd243d7,1463591870,Matthias Bussonnier,3,4,4,73,1,1,45,0,0,0
ipython,5d76f1110a5d8d535bf0531210fdc305b1afbc97,1463691542,Matthias Bussonnier,3,7,8,14,7,6,262,0,0,1
ipython,fe2ef50e00d836e4596ed19ea9c4d5db1e3a521b,1463749954,Thomas Kluyver,1,1,6,1,6,4,146,2,100,0
ipython,55866283e89acbf2f9e1ea047e98e16fad5e732c,1463690957,Matthias Bussonnier,4,15,9,70,9,8,351,0,0,1
ipython,f1b674736af0cad9b5445515bca3644f74bf6572,1463598801,Matthias Bussonnier,1,6,28,1,28,23,1429,0,0,5
ipython,208d0c1c0db2b1056678898dd300eb38c7625f9e,1463770301,Matthias Bussonnier,2,0,8,0,0,0,0,0,0,0
ipython,7c920975924cc5c8bec30c80996398df415e3f02,1463778853,Matthias Bussonnier,1,1,1,1,1,1,38,0,0,0
ipython,80a92a58bd9e9980152924be7b4740e93d1e730d,1464113268,Matthias Bussonnier,1,7,9,9,9,9,821,0,0,0
ipython,fff0bd6f8b0b5e2424734d4587c4d69c040417bb,1464163441,Jonathan Slenders,1,4,13,2,13,9,622,2,118,2
ipython,0b9d90e683ab6a361e7e2f4fb6e3c89481c23368,1464255456,Thomas Kluyver,1,1,1,1,1,1,44,0,0,0
ipython,6aabd66239f40f9916761704f6716ffe0a0d2958,1464297796,Matthias Bussonnier,7,0,34,27,0,0,0,0,0,0
ipython,3c803f0e177cabd033274de57f0c4ef57427e0bc,1463688560,Matthias Bussonnier,1,2,42,7,42,34,1340,0,0,8
ipython,5fe78218ecaf78ca376504d778223f919382cb6c,1463748556,Thomas Kluyver,1,2,7,0,7,3,145,2,110,2
ipython,f3051aeb1cce2ad60cbef73ad994fd5bfaa88562,1463748823,Thomas Kluyver,1,2,4,18,4,4,167,0,0,0
ipython,2359cacf45936b74fc2f8932ff29403f30b3511a,1463749261,Thomas Kluyver,1,1,1,1,1,1,46,0,0,0
ipython,448fa1fa93afc0c05a9d23d6a6060fc369c43252,1463915375,Thomas Kluyver,2,3,6,1,6,5,274,0,0,1
ipython,b4462efe5e04a983cf48e30535ae79e42c3670df,1463916412,Thomas Kluyver,4,14,79,60,79,55,2573,11,516,13
ipython,f09ebf2e5eeb1bcaf3adccfd4938a60738b7ef6d,1463940535,Matthias Bussonnier,1,10,15,14,15,13,739,0,0,2
ipython,9c62a249daf861203169e7e0d8534e5a27d26e75,1463955462,Matthias Bussonnier,1,9,37,18,37,30,1508,0,0,7
ipython,2c8483069f9b07e76c65706e992d68dd91ba3eb2,1464013293,Thomas Kluyver,5,14,86,86,86,74,3386,0,0,12
ipython,94631e5d2302862af5002cba6f3c968e41527f85,1464013380,Thomas Kluyver,1,1,0,3,0,0,0,0,0,0
ipython,7b89b5af27a291d7c91c21b0f58ebf4bdfd06543,1464354832,nvdv,1,2,2,2,2,2,135,0,0,0
ipython,65bad830fd5b4cf710dcca696a163760a2541c5e,1464298213,Matthias Bussonnier,1,1,0,15,0,0,0,0,0,0
ipython,30b75a2b0ecff6ef550de27bd2abcd203577cb27,1464298588,Matthias Bussonnier,1,1,0,19,0,0,0,0,0,0
ipython,3a5e9b7b7d091a5accb6a488dba53f671b1b4df4,1464298723,Matthias Bussonnier,1,1,0,14,0,0,0,0,0,0
ipython,6f69404fdffe83ed9f0c19f37b7309cef3d37323,1464299186,Matthias Bussonnier,1,1,0,48,0,0,0,0,0,0
ipython,ef5c26c448eb0600a9879b940de9b8d08315a178,1464299213,Matthias Bussonnier,2,3,3,4,3,3,412,0,0,0
ipython,cf807220b3514121263038a09002d512140d72e5,1464299501,Matthias Bussonnier,1,2,2,4,2,2,267,0,0,0
ipython,bfccb45ebba52ea291bf1382b29ee783218db5c6,1464300042,Matthias Bussonnier,2,4,5,5,5,2,281,3,147,0
ipython,412b95c5a3ab449947ef9bb6f458630e7e211bff,1464300372,Matthias Bussonnier,1,1,0,11,0,0,0,0,0,0
ipython,f5309065f011eda3b43499c04862ed55885f13d9,1464300407,Matthias Bussonnier,1,3,5,3,5,5,377,0,0,0
ipython,c7755fb9b53e2f6928c1532a04ae1f4bc9ced4ff,1464300724,Matthias Bussonnier,1,1,0,1,0,0,0,0,0,0
ipython,919ab3ed90cd174c53136d1dc340c819f43c508f,1464301414,Matthias Bussonnier,1,1,1,1,1,1,63,0,0,0
ipython,94e7434af7670eeadeaeeb0db78d31282fb88b60,1464301440,Matthias Bussonnier,1,1,0,8,0,0,0,0,0,0
ipython,03f53a74ac2d3f69c468c9d460bd7fc37a7e41d5,1464642782,Pavol Juhas,1,2,2,0,2,2,69,0,0,0
ipython,ab23885fd4eb61acab89dfea0c3700950d1df452,1464706874,Pavol Juhas,1,1,8,2,8,6,263,2,115,0
ipython,49c798c18d45baf197a3db36f85528448d2148f8,1464370671,Matthias Bussonnier,2,4,19,1,19,14,833,0,0,5
ipython,b9ee4853d38f873709fd0d246eebed31d27393e5,1464727329,Matthias Bussonnier,1,2,9,1,9,7,238,0,0,2
ipython,e19fec2d40a263b9d4cbf084aa733e2f76420659,1463105515,Antony Lee,9,21,52,64,20,18,905,0,0,2
ipython,4d2184138e4ad630f2149b16e53f903185aa2d8f,1464773465,Thomas Kluyver,1,2,3,8,3,3,97,0,0,0
ipython,06ee4de05f4bfd56fc3eb31bad67520cc91c58b9,1463492180,Thomas Kluyver,1,2,2,2,2,0,0,2,95,0
ipython,ecdc51a4be9100f63dee156a0fac273c6c7f647c,1463578867,Thomas Kluyver,3,9,60,24,60,49,1751,1,69,10
ipython,36dbc76a97d1a1cc2f75e0abedc17187e2951e6c,1463579588,Thomas Kluyver,3,6,22,3,22,18,770,0,0,4
ipython,366c5a40575d5271b42435d6d30b98e3f9f9394f,1463580042,Thomas Kluyver,2,4,7,2,7,5,213,1,73,1
ipython,b9c504fb7c49e9aa26c319d2868c40dfa1d9b741,1463580578,Thomas Kluyver,6,13,2,32,2,2,127,0,0,0
ipython,566cfa8349748a97e8dfa590fe7a7c6d981b5b2b,1463580860,Thomas Kluyver,2,3,4,482,3,3,54,0,0,0
ipython,94cfb0eb919e49916ce81ece3dc6979bf4aa73ee,1463581652,Thomas Kluyver,1,2,0,2,0,0,0,0,0,0
ipython,6a2667e1b4c5a6b565a703f68400e8f4eaf1bcad,1463582354,Thomas Kluyver,2,0,5,13,0,0,0,0,0,0
ipython,e01d4ada54f2068ad360190aa12b055642b0f92e,1463582976,Thomas Kluyver,1,1,3,0,3,2,77,0,0,1
ipython,99b9f151d4940c6873216e099362bd20475c61a7,1463585127,Thomas Kluyver,4,7,42,2,42,30,982,3,149,9
ipython,95ed0855ae23e55c10b46903db911265aa1cdd58,1464722660,Matthias Bussonnier,1,0,26,0,0,0,0,0,0,0
ipython,0021167631bbadb1b4e82deb4420e99c3cbb6cb8,1464733714,Matthias Bussonnier,1,3,6,2,6,6,313,0,0,0
ipython,bfe8da61676f6293bcee49c1be286e4452b9ba1b,1464734143,Matthias Bussonnier,1,0,15,0,0,0,0,0,0,0
ipython,780fdb8820fe743c4ea53f2a054b6efbd1bb1833,1464806010,Matthias Bussonnier,1,0,1,1,0,0,0,0,0,0
ipython,e14fb804dd2bee43505580450c0b28f786a218fb,1460649330,Thomas Kluyver,4,11,247,983,239,191,8140,6,264,42
ipython,54671e0844e44c951e95aa25e4b48d7b039b9571,1464870103,Antony Lee,2,3,5,2,5,4,232,0,0,1
ipython,7aff37ddd845c353a28f5d247aa72a3d00ad0f7b,1464888160,Matthias Bussonnier,1,2,3,1,3,3,122,0,0,0
ipython,2acc44a5b9c92768691e282198e3a705383d990f,1464888561,Matthias Bussonnier,1,2,4,1,4,3,255,0,0,1
ipython,7ff24d006dfac05d327d5d78bd11e4b249859580,1464902250,Thomas Kluyver,1,1,4,0,4,2,45,1,63,1
ipython,ca22cbd663019b688799995e1e5e84e8bdb2aefb,1464893742,Matthias Bussonnier,6,15,44,37,21,14,1349,6,222,1
ipython,a55f1f68ee2fac03b6402a244af88b839c6c4644,1464805155,Matthias Bussonnier,1,6,11,1,11,8,585,0,0,3
ipython,171a542f269aac28483a639b34ee56938f87577f,1464980296,Matthias Bussonnier,2,1,2,3,1,1,21,0,0,0
ipython,1da789b5bdec1d39a7dc6befe32dc13248f57381,1464988166,Matthias Bussonnier,1,1,1,1,1,0,0,1,23,0
ipython,0a253274fc5b658d4ddc99be3d7e681fe86da204,1464993056,Matthias Bussonnier,1,1,8,1,8,5,232,0,0,3
ipython,aa2e250d80b93783eacd71bb64b7bdede864ab8b,1465237003,Matthias Bussonnier,1,0,2,1,0,0,0,0,0,0
ipython,9e0c0aadc95919f34ec573239b87a5aaa0fc54c6,1465247979,Antony Lee,2,3,20,29,6,6,327,0,0,0
ipython,4de715d00076238e701781723a3e693c0b4f721e,1457398774,Sylvain Corlay,2,5,20,3,20,14,455,1,26,5
ipython,9edc98d4009e698ffee885ed359c2b1626726e62,1459747361,Sylvain Corlay,3,32,124,82,122,98,4936,3,114,21
ipython,9ba6f4878534de6b698fe499f2cb0eaeacc5bbd3,1459808428,Sylvain Corlay,1,2,6,5,6,6,221,0,0,0
ipython,3c1ce318117e6b2630f7c5d2379e6d269f98a124,1459821675,Sylvain Corlay,1,2,3,0,3,3,141,0,0,0
ipython,df192f12d281893d5a9c75e17f3df52bf75c3654,1459822799,Sylvain Corlay,1,2,5,3,5,5,128,0,0,0
ipython,3f12bc050392d3b07c7c77d573d30f3ce7264a96,1460141124,Matthias Bussonnier,1,0,2,1,0,0,0,0,0,0
ipython,0395ccf9181e544c35c64027c88dba49be875953,1460142993,Matthias Bussonnier,1,2,2,4,2,2,114,0,0,0
ipython,9412553b1d12e84ea7155044e775432bbee164b7,1460146463,Matthias Bussonnier,1,1,2,1,2,2,153,0,0,0
ipython,cdc3d09f1ea44e97bf5818d34e7a0d0239d1b796,1460146896,Matthias Bussonnier,1,1,1,1,1,1,19,0,0,0
ipython,d73ed524b737ffc767119ddcf77558ae07b84969,1460147575,Matthias Bussonnier,1,1,2,1,2,2,161,0,0,0
ipython,f9eac25d456c03280efa8c1edf9ebbda7476fd74,1460720219,Matthias Bussonnier,1,3,9,2,9,7,298,0,0,2
ipython,365c6105229872598636a032978af0f9c9b6dfa3,1465241556,Matthias Bussonnier,1,1,6,0,6,4,148,0,0,2
ipython,d95a1efb3d2768e3c434b97b61feaa7aa110484d,1464814617,Matthias Bussonnier,1,2,3,2,3,2,112,0,0,1
ipython,14d40a4db875797e82959327f25ad58e21829427,1465274321,Sylvain Corlay,2,15,29,14,29,22,941,2,76,5
ipython,b399422796c9bc9193d7a2f8e30777cb2ae8841b,1465310195,klonuo,1,0,1,2,0,0,0,0,0,0
ipython,32cc988e81bbbecf09f7e7a801e92c6cfc281e75,1465312239,klonuo,1,0,0,7,0,0,0,0,0,0
ipython,fc6d290de2af9aa17a52bc3136120d31a9cf920e,1465315562,klonuo,2,2,2,2,2,2,24,0,0,0
ipython,62ba7e4b9d642054591e61309ae99ef206c1f3aa,1465327124,Matthias Bussonnier,2,4,9,8,9,7,330,0,0,2
ipython,4989935f46d0825ec09680849009de28ac924740,1465330220,Matthias Bussonnier,1,2,0,2,0,0,0,0,0,0
ipython,7874c2c8e865e1eb6857081f58858577e3702ac6,1465331027,Matthias Bussonnier,1,5,21,0,21,13,601,0,0,8
ipython,03e6b0c099d27d6ab139a593d0ab101a9227374b,1465331377,Matthias Bussonnier,1,0,1,0,0,0,0,0,0,0
ipython,78b1453c926791fa227080266600381ce5ab1fa3,1465331402,Matthias Bussonnier,1,4,4,2,4,4,253,0,0,0
ipython,4da4b40e380d0f62f2ef46731932ff901fb812d5,1465339263,Matthias Bussonnier,1,2,9,1,9,6,244,3,184,0
ipython,97bd1ea3260774ffe438a5f850c7873e903e6e3f,1465340661,Matthias Bussonnier,1,1,1,1,1,1,21,0,0,0
ipython,73e6bc54a18209d133dfccf2c695b1dfe7c40622,1465340853,Matthias Bussonnier,1,1,1,1,1,0,0,1,23,0
ipython,a29ac5524df06305614bee0350d4f57575a3d51c,1465379228,Min RK,1,1,1,1,1,1,110,0,0,0
ipython,be7114821f3aece0b24962c86638e715fea6fc04,1465379584,Min RK,2,1,14,0,8,6,322,0,0,2
ipython,6a99f90f441a267dc74d8bf1496e1d89119d49b9,1465405598,Matthias Bussonnier,1,2,2,2,2,2,50,0,0,0
ipython,b0f81c6a2fbe111a96e297d1d1c03894d9acbce6,1465411193,Matthias Bussonnier,1,1,3,2,3,3,120,0,0,0
ipython,9be1a3b3c8a47455a48c75e95da3b7b7603ab68d,1465413503,Jonathan Slenders,1,3,29,7,29,23,994,0,0,6
ipython,b6b21215ac6848fb69b6fd223a4d49cada5c2394,1465413840,Matthias Bussonnier,1,2,12,5,12,8,399,0,0,4
ipython,cb6a75d855c203e0c17b25ef8136de0b1d6a817c,1465477794,klonuo,1,0,6,2,0,0,0,0,0,0
ipython,5f2390588213c6def555804695d122aa0268c121,1465493457,Matthias Bussonnier,1,2,18,3,18,14,806,0,0,4
ipython,7f5f1ce798670efd23ced7c5650afa84d07efd90,1465508907,Matthias Bussonnier,1,1,1,1,1,1,21,0,0,0
ipython,b80aa920178589e1f03c80328f2bda674b35f6d1,1465509160,Matthias Bussonnier,1,1,1,1,1,0,0,1,23,0
ipython,e6a041f3851513f1c8a993f2318d05205fa19e44,1465517795,Matthias Bussonnier,1,1,2,0,2,2,62,0,0,0
ipython,1440e81e369bfd3910e25f9a4a69e62578ba4333,1465521193,Chris,1,2,4,1,4,2,62,1,43,1
ipython,98b23995b0964ecbd071f88c710ead40b051e945,1465522296,Chris,2,2,1,5,1,1,78,0,0,0
ipython,b46f60a6ebfec7dd1fb0b5a594c96f2aea205657,1465562081,Min RK,2,1,10,0,5,3,167,1,35,1
ipython,51210a7eebac6ea92dfca3a73134e255009548b4,1465752354,Matthias Bussonnier,1,1,1,1,1,1,49,0,0,0
ipython,589822493192889f8d6902f3461ae63e0040ff5f,1465917700,Thomas Kluyver,1,2,20,1,20,19,884,0,0,1
ipython,c6b6dd132dd6cdf304792a309cb7ece809d3e158,1465940327,Matthias Bussonnier,1,0,3,3,0,0,0,0,0,0
ipython,f7eb09d9b857de0bcfa3bd2fd9d9662d912aebee,1465943840,Matthias Bussonnier,1,19,46,28,46,38,2174,0,0,8
ipython,d50b7c0ba4fd72f668ba1d8cc8328d0efce88991,1465988111,Min RK,2,3,29,3,10,7,267,2,95,1
ipython,b3314be794c59c77da38017980d13e8fb456974d,1466009745,Thomas Kluyver,1,1,1,1,1,1,77,0,0,0
ipython,6651c22cf224081120b7cbc43661713e133502a5,1466011395,klonuo,2,2,4,1,3,2,70,0,0,1
ipython,b24b774f48906c35aa27e5e15e1dd310d6933694,1466014133,Antony Lee,1,1,9,1,9,4,274,5,274,0
ipython,fe24e6698904c6f3b069513d1d5659f971a6860e,1466024720,Matthias Bussonnier,1,0,1,1,0,0,0,0,0,0
ipython,2436f9bd9d44d2b772aca672249013a04eda11db,1465377205,Min RK,4,13,571,593,571,439,19527,31,1499,101
ipython,a3332387eea89daaecd9400c5555657132a2cd9c,1466026067,Matthias Bussonnier,1,1,8,0,8,6,288,0,0,2
ipython,0668587b74996a0c1bb043687902c5d0738e177a,1466030850,Matthias Bussonnier,1,6,24,4,24,19,1319,0,0,5
ipython,0b33ac681ee28f5d48cdd3d548567dbe88fbf621,1466094167,Matthias Bussonnier,1,1,1,1,1,1,53,0,0,0
ipython,3bf3dfdddf4343fcdc1ead5a1a2627774088c722,1466094042,Matthias Bussonnier,1,2,2,1,2,1,42,1,66,0
ipython,1b487f7af0d2da10a1fca1d0425c86b32b077a9c,1466115959,Matthias Bussonnier,1,1,1,1,1,1,21,0,0,0
ipython,d87397a56c5e3b3fcb898b9171b16ff79a814cd2,1466116390,Matthias Bussonnier,1,1,1,1,1,0,0,1,23,0
ipython,365c8ac6da9630c8ad0a306a989bc9ce2d0923d3,1466118461,Matthias Bussonnier,1,4,10,2,10,7,590,0,0,3
ipython,581727bb5329f227cd6750a47bae92eedc1b0c00,1466182896,Antony Lee,1,0,30,30,0,0,0,0,0,0
ipython,2277b4aee6f35bcca599e5e5c9888555e0c16cd1,1466201588,Matthias Bussonnier,1,0,48,1,0,0,0,0,0,0
ipython,aa6cf81c86f166e640438b86c8bff1574f1f6e70,1466541434,Matthias Bussonnier,1,0,1,1,0,0,0,0,0,0
ipython,4042f2a040d7d5e242ab552946f9a41d9e6aa5f4,1466542652,Matthias Bussonnier,1,0,1,0,0,0,0,0,0,0
ipython,b7d03ed6b16013973b82c4725c79c30ac0a84903,1466543443,Matthias Bussonnier,2,7,14,68,14,11,640,0,0,3
ipython,ad10d99e200e57c0276cd274b2a3cec654530ad7,1466707692,Matthias Bussonnier,2,7,62,21,62,49,1833,3,193,10
ipython,e36267046e6a380861a055dde4c93feafc2d2362,1466540834,Matthias Bussonnier,1,1,1,0,1,1,35,0,0,0
ipython,f8cc22a2667435df0e7b0db096b062b4d102d3eb,1466803515,Min RK,2,2,28,1,4,2,66,2,90,0
ipython,d7fe797d612ebde3ef511efb5ecfec8d73713e21,1466811537,Adam Greenhall,1,1,0,1,0,0,0,0,0,0
ipython,5b905f8fef97d150c837c638376abe9a855bc003,1466811955,Matthias Bussonnier,1,0,5,1,0,0,0,0,0,0
ipython,46995271c20ee698f836458eb7a225639cfa2f9f,1466813406,Matthias Bussonnier,1,0,11,2,0,0,0,0,0,0
ipython,c64b5204c31c4d74599415e2ca533f87a3fea570,1466842487,klonuo,1,0,83,0,0,0,0,0,0,0
ipython,eb59cfd7e98d1fbfabe8abd1e6e5d110f91cf15b,1466904612,klonuo,1,0,2,2,0,0,0,0,0,0
ipython,31d9e5ff2c691a2323bcf3f2c4f8d4c6e0aa35ad,1467047079,Carol Willing,1,0,2,2,0,0,0,0,0,0
ipython,1798d32430d0b3353fdfaac0e89085e70119192a,1467049504,Carol Willing,1,0,3,1,0,0,0,0,0,0
ipython,387a17c1b61e86fff75ce7ff10fd746b3a3fb5db,1467063422,Matthias Bussonnier,1,0,6,6,0,0,0,0,0,0
ipython,7b70143b6f1567e2b45c059daa696a1ff1c09f42,1467124959,Thomas Kluyver,1,6,6,5,6,6,283,0,0,0
ipython,7b3d1e9ae99dc2c06866392d9e760a700a369fca,1467132103,Thomas Kluyver,1,1,4,0,4,2,40,1,30,1
ipython,69d2a89c417c09277f6b0f3858c901936d85b6a5,1467132311,Thomas Kluyver,3,4,6,32,6,5,134,1,25,0
ipython,78907568be7d3eed934e8dd13005d963ab252835,1467147079,Matthias Bussonnier,9,16,83,15,82,62,2530,5,223,15
ipython,07fa0f4acc63be63be8784cffbfe81e3791e4f8f,1467205701,Thomas Kluyver,1,1,1,1,1,1,74,0,0,0
ipython,b7f74ca86c4d699c87e14310441fbfaf09e9bf2f,1467209424,Thomas Kluyver,1,3,10,1,10,7,282,0,0,3
ipython,3d83950a1ea602e3fbdd9292f0281f6bc28ba186,1467213387,Thomas Kluyver,1,0,3,2,0,0,0,0,0,0
ipython,12e05563fce19803bd8b146a57505a7120150bb4,1467280548,Thomas Kluyver,3,2,32,4,2,2,108,0,0,0
ipython,6a6ea02b22d270a5e45904f9fe0459dd9d9a2b31,1467307880,Matthias Bussonnier,1,9,17,4,17,13,331,0,0,4
ipython,53ba3de01cf119ee59c8613b05b0c37faa318520,1467312423,Matthias Bussonnier,1,0,6,6,0,0,0,0,0,0
ipython,3bd0bd55cc094a831ee6b2a1cd6e35f6847fd600,1467313039,Matthias Bussonnier,1,0,4,2,0,0,0,0,0,0
ipython,a18858802b09d1cd2b24d3b1acb7dc5e078a35b9,1467323715,Matthias Bussonnier,4,12,10,159,8,8,443,0,0,0
ipython,05331d1aecacf5bc72cbd5747791db9e08253bde,1467324425,Matthias Bussonnier,5,15,48,71,48,39,1780,6,216,3
ipython,ece4cd07115392ccef152b11d56e76709dc1e16c,1467325624,Matthias Bussonnier,1,2,10,1,10,6,173,0,0,4
ipython,f4c87c4c70913a2340e617816bb78b7eec67ff6d,1467321512,Matthias Bussonnier,1,3,41,0,41,26,1182,3,185,12
ipython,18d1281cd709ef1b636226a20f2db6321650345e,1467389328,Matthias Bussonnier,2,2,3,2,3,3,226,0,0,0
ipython,54686d709fa13893043486dfc2a790cf64b78eb5,1467391247,Matthias Bussonnier,1,1,3,0,3,2,154,0,0,1
ipython,f2af3b381dc097bd35d1139463c90eee0042c772,1467732204,Thomas Kluyver,2,9,170,129,170,128,5510,3,70,39
ipython,6ef113e4197bf8aab76bbb95b059b49459576214,1467733327,Matthias Bussonnier,2,3,5,4,5,4,231,0,0,1
ipython,4f93c0fdb5f8024d924bd2d5386b1095d6fddc41,1467734176,Matthias Bussonnier,2,5,2,5,0,0,0,0,0,0
ipython,192b3e4c7a290ce87932965ab2d36343eea6dd19,1467736048,Matthias Bussonnier,1,1,1,1,1,1,22,0,0,0
ipython,74b03690fe78a04e28a5003988c81033af9d8771,1467736229,Matthias Bussonnier,1,1,1,1,1,0,0,1,24,0
ipython,e9301c9b52a1ebd4f72527098da896097f46c5fa,1467800400,Thomas Kluyver,1,2,18,4,18,13,458,4,194,1
ipython,b9b42998e692e3c14ae35b918a55964c51909ce4,1467803110,Min RK,1,2,2,2,2,2,65,0,0,0
ipython,3e9f8b2bf454137534d74450647088647a68cbfb,1467819801,Matthias Bussonnier,1,0,1,1,0,0,0,0,0,0
ipython,57b41e8403fa66179975cfd14f00a52fa6eb481c,1467830993,Matthias Bussonnier,2,45,110,37,110,87,5269,0,0,23
ipython,d5110016729e53791d7b82669b4ab8baa0fd7499,1467842235,Matthias Bussonnier,2,1,5,3,5,2,144,0,0,3
ipython,f03f4a93eb64cdd09f33588f038c6cb4e5a88dbc,1467938641,Fernando Perez,1,2,3,1,3,2,52,0,0,1
ipython,83f65acb3ea14a6a0e67b8e7e83a11403fbc1259,1467941906,Fernando Perez,1,0,9,7,0,0,0,0,0,0
ipython,1ba246d740cd242e377d722630a909d85433c313,1467945675,Fernando Perez,1,2,2,2,2,1,55,1,24,0
ipython,985d00cb76664cc72922fce0a3c9b1bd9dbd2e16,1467947689,Fernando Perez,1,3,3,3,3,2,41,1,56,0
ipython,5eefa70fb2b9bb35e250a06744d4e47cbc0bff43,1468279213,Jacob Niehus,1,3,11,2,11,10,599,0,0,1
ipython,462ff49623222f1f87c81c8db86d5d9e1771cdda,1468322057,Thomas Kluyver,1,1,0,10,0,0,0,0,0,0
ipython,ec2d023d00896bbf498bfc7201b12b1c0572953e,1468107311,Antony Lee,2,10,26,3,26,23,955,0,0,3
ipython,1193160ed46bf0c9d103b2af1f1dca122517b157,1468442491,Thomas Kluyver,1,1,1,1,1,1,73,0,0,0
ipython,7cda39691852c19d516f30c4e59e161be05a7b33,1468588211,Thomas Kluyver,1,1,4,0,4,1,46,2,117,1
ipython,0d8a7856409870b743eb87c5ca401ff555cf79b7,1468683972,Gil Forsyth,1,2,18,0,18,16,635,0,0,2
ipython,e2c6424486f4d3320a36401966ea3d3397d10677,1468771739,Gil Forsyth,1,1,1,1,1,1,79,0,0,0
ipython,594cb8deb77384576df8cb2b293a96d5ff7e49bd,1468935227,Thomas Kluyver,1,3,25,3,25,18,876,1,48,6
ipython,be4e027b27000a1614b0dbc5aa5dd9ed2e41a1ea,1468938310,Thomas Kluyver,2,2,40,1,31,22,705,3,129,6
ipython,bb3df98fa66bab945f4dfce7e4b1abff44054b7c,1468948594,Thomas Kluyver,1,0,1,1,0,0,0,0,0,0
ipython,c01f0ac4c8d8ddfeb10e6b875c62c4470c15fab3,1469053333,Matthias Bussonnier,1,2,6,2,6,5,222,0,0,1
ipython,3a42b33124d6036dacee85867e484cb25d32a903,1469104593,Thomas Kluyver,1,3,6,1,6,3,81,2,96,1
ipython,23f7b81b64c29888a3d6dd699456c149a730ef19,1469445435,Thomas Kluyver,1,1,5,0,5,3,101,1,63,1
ipython,a132e73220e1da44aec39c5c452b8b07f87cdd91,1469478636,michaelpacer,1,1,6,1,6,6,377,0,0,0
ipython,7b12b9f60276a186950d0dfb61667f1a0516448c,1469468249,Matthias Bussonnier,1,2,5,1,5,5,253,0,0,0
ipython,21c81f10f8856e718862c734579abc4f7984447e,1469486028,Matthias Bussonnier,2,4,18,3,18,13,397,0,0,5
ipython,1909d9109282528ef77882d76881a9b27fd2e06a,1469488702,michaelpacer,1,1,3,3,3,3,235,0,0,0
ipython,4ad62816be4945325c6a3d8f1d956f79f023ba3c,1469547998,Thomas Kluyver,1,1,1,1,1,1,58,0,0,0
ipython,57522575ad2a69eaa7a931f98221b758d787fd74,1469563824,The-Penultimate-Defenestrator,1,14,15,13,15,2,94,0,0,13
ipython,ac64b2b32aa6baa775f895a60276dcebb2b9ddaa,1469703948,Thomas Kluyver,1,1,1,1,1,1,60,0,0,0
ipython,37863a8bd6c07cecbcca4b244dd80ff4139169fb,1469745316,Matthias Bussonnier,1,2,8,0,8,6,160,0,0,2
ipython,a9028681dcedb03bf64d263d8f1168545335b0e9,1469793676,Min RK,14,21,63,67,42,29,1250,12,702,1
ipython,3e84f5a2a05e57c7b8a186ccc36fd8d47093df2d,1469808602,Thomas Kluyver,1,3,4,2,4,3,51,0,0,1
ipython,af4f9b0fec39cfb612fc988e86581daf40078660,1469828421,tmr232,1,2,9,2,9,8,267,0,0,1
ipython,ca9e56dd0158cd7dd732c656ded88e1449342ad1,1469755575,Danilo J. S. Bellini,1,1,4,1,4,2,127,2,129,0
ipython,e9d44372cb5fcfe69cab56aa94c77699ed58a65f,1469768280,Danilo J. S. Bellini,2,3,52,3,5,5,190,0,0,0
ipython,fce2225fda05f7d2f2cc2edf5d405cd846b35777,1469780790,Danilo J. S. Bellini,2,1,51,2,1,1,76,0,0,0
ipython,4518b9af3aa1f8d605609d70731d8542a62091a5,1469783348,Danilo J. S. Bellini,3,1,6,3,1,1,50,0,0,0
ipython,b6a880d39ff8afe4af7960a86349b62670a87c56,1469788199,Danilo J. S. Bellini,2,2,10,4,6,6,270,0,0,0
ipython,6142c8e633d4eb3d575c2333afdbe31796dcc61b,1469799862,Danilo J. S. Bellini,1,1,4,2,4,1,79,3,191,0
ipython,eb42678a5d2e36e64e72e2b8aba2d1cac4030c57,1470124798,Danilo J. S. Bellini,2,3,3,2,3,3,134,0,0,0
ipython,3e16cbc4bf3305f26ec7a7db53931d6c87ea2213,1470216955,Min RK,1,2,10,4,10,6,207,4,117,0
ipython,7b7d560822d4e9b6ab486393e22e305c502ff6d1,1470320660,Thomas Kluyver,1,1,9,1,9,2,71,6,416,1
ipython,c7baf6184b487ce7dfbbbe369cb48e1defc3df04,1470326733,Thomas Kluyver,1,0,9,4,0,0,0,0,0,0
ipython,53320003433f3d9fdc47cd9eaedd2b9444ab86de,1470384656,Min RK,1,2,1,3,1,1,32,0,0,0
ipython,497963c9e69824ff62fb3a3b0eb172d462b51442,1470404833,Min RK,2,2,7,3,7,6,195,0,0,1
ipython,8e65bf09c3be5e6b7d43e4145f129c7f66f6af2f,1470590806,memeplex,1,9,14,9,14,14,826,0,0,0
ipython,e96f4e58e4b5f24bc2f5badb5870ca822a41924e,1470650148,Min RK,1,3,5,1,5,4,236,0,0,1
ipython,c275249c5dfb3be8269b149ff22e770a58e48ef8,1470650529,Min RK,2,4,18,6,18,13,521,2,99,3
ipython,c17ff28cb1220a91d94fc0dc4b85ccee561fb68f,1470669434,Min RK,1,0,2,0,0,0,0,0,0,0
ipython,e8beebb967e46fb00e8eb3449c009e9aea5ec455,1470740542,Min RK,1,5,4,5,4,4,185,0,0,0
ipython,c5bee47512792b84b2a9e973a63a248ce44f9d69,1470748284,Thomas Kluyver,2,4,19,1,19,16,695,0,0,3
ipython,e975cd7294c909e33b4ae154a49895e7c9f7d29a,1470828693,Min RK,1,5,11,1,11,6,157,4,169,1
ipython,0508cde1ec1078604d6c54e9b75c9d651875bdc3,1470945641,Matthias Bussonnier,1,0,4,4,0,0,0,0,0,0
ipython,19e942b48009bec7231a9ecddbe59c33600bdc27,1470955722,Matthias Bussonnier,0,0,0,135,0,0,0,0,0,0
ipython,4ad1eea41d602ec8546eca6f9beeec21f9f884da,1470982361,anantkaushik89,1,2,3,35,3,2,143,0,0,1
ipython,c6bcb2b93f1bea2349088b31b570fdfb78bf219f,1471046333,Hassan Kibirige,1,1,1,3,1,1,17,0,0,0
ipython,49a2b8e7c1d84684b959d75896b3d76858a6bc90,1471091557,Thomas Kluyver,1,0,2,1,0,0,0,0,0,0
ipython,5c9c918bc0a11057184ec143da13b68994f59666,1471092858,Thomas Kluyver,1,1,1,1,1,1,55,0,0,0
ipython,de84d5a44feb7cddfada8b1c5b5003d6453695f6,1471092940,Thomas Kluyver,1,2,2,2,2,1,18,1,57,0
ipython,3074aa87ac68e5a7e367e6823e20d1f4c5727c9a,1471172186,Thomas Kluyver,1,2,2,4,2,2,36,0,0,0
ipython,6fabe0bae574495cf18c4a716858b5d665cda2b0,1471196677,Thomas Kluyver,1,4,20,20,20,18,791,0,0,2
ipython,85dcb365dfc514e5d755cb8806310cecb0f9cbf0,1471260487,Thomas Kluyver,1,1,0,1,0,0,0,0,0,0
ipython,01562d6cc5bcee64a34b0a1eb7c58aff4419b041,1471262832,Thomas Kluyver,3,1,6,6,2,2,87,0,0,0
ipython,2546c926fad6f5dd1678bdad44a5b59e2ec49d16,1471334226,anantkaushik89,1,1,2,6,2,2,75,0,0,0
ipython,6ef2911494eeab5d7b3967cdf23e2822d48f68dd,1471434565,Kenneth Hoste,1,0,1,1,0,0,0,0,0,0
ipython,2ed56dd7602d8b631188bf64442d8a6b45362445,1471529920,Denis S. Tereshchenko,3,3,0,44,0,0,0,0,0,0
ipython,8be861cfd8ca27010c51e0d41925772750b339f6,1471632741,Chilaka Ramakrishna,0,0,0,65,0,0,0,0,0,0
ipython,f95a8ef28bb05dfb1f7fc94ddbfc0934359bf0c4,1471815013,pietvo,1,1,1,1,1,1,63,0,0,0
ipython,e29b23ddebd6de36be7734b6a12e2cd84a245410,1471975750,Matthias Bussonnier,2,3,24,9,12,9,374,0,0,3
ipython,d4db511f1a81563a64700082f0a042e07d15658e,1472062231,Matthias Bussonnier,1,0,16,5,0,0,0,0,0,0
ipython,e1c9375c1b50e563bd0aff899cca862190f01814,1472286312,Matteo,1,2,3,0,3,3,71,0,0,0
ipython,a676d8eaf02dabaa76a9b584090c9733eb9e8f84,1472397470,kaushikanant,1,1,1,1,1,1,48,0,0,0
ipython,a4a1ec72e9d06070a927a9a1f3b1d6ee675ce50e,1472465907,Matteo,1,2,2,2,2,2,136,0,0,0
ipython,dc52f7ed5e733e4a8b322ca0e2f3092658b24014,1440579866,Yuri Numerov,1,2,8,12,8,7,420,0,0,1
ipython,840693c92d92b23355e0a47544249ba6a16a0739,1472151230,Matthias Bussonnier,1,3,15,8,15,10,559,0,0,5
ipython,d78f6ae7e939d8c1be62ab93f11b5d7932effaba,1472583457,Matthias Bussonnier,4,0,6,70,0,0,0,0,0,0
ipython,138b3a4aa3279ffaa570630a8e5355bf860f1bc6,1469820115,Matthias Bussonnier,2,4,47,7,20,14,616,4,203,2
ipython,579c3b55dcddf62def08971732836de15ede0037,1472646177,Thomas Kluyver,3,4,0,52,0,0,0,0,0,0
ipython,1ca71ed13aca783f801f50c47f4a6dc7b17a8e8f,1472667490,Matthias Bussonnier,1,0,9,6,0,0,0,0,0,0
ipython,403739a63aecbf87a9d96ebd84cb1870f3015f2c,1472730191,Thomas Kluyver,1,0,1,1,0,0,0,0,0,0
ipython,1b8eae7488aa4e2bfe7e27a4b01543add6468692,1472814263,Carl Smith,1,2,7,1,7,6,274,0,0,1
ipython,ee66c768060d6e1f81d52f67d18adcce6f5c1593,1473274990,Bibo Hao,1,4,6,6,6,3,198,0,0,3
ipython,65c8ea84a32d7c403cd3238d2d038c9b062501fb,1473432687,Chilaka Ramakrishna,1,1,3,0,3,2,74,0,0,1
ipython,7ec9c16d8e0ef8c0ecbe09a4598ce307b3fc1c4b,1473621565,mbyt,1,1,5,0,5,4,79,0,0,1
ipython,5d4209a6b177db17288842b20599d607f27af9af,1473634633,Jamshed Vesuna,1,4,4,3,4,3,157,0,0,1
ipython,190ffa3cae4da1c2d13d746914551a12f4278500,1473760649,Thomas Kluyver,2,1,7,1,5,2,56,2,110,1
ipython,ba43c3fe3fc6a0778a9411780f1cfdd0b136b882,1473842710,tillahoffmann,1,1,11,0,11,8,217,0,0,3
ipython,99b5ad4cec4f80b39777a45aca6c4c00ee60d716,1473854784,tillahoffmann,1,1,8,9,8,7,175,0,0,1
ipython,908750a6c0a95c775b109eac373f55d626defa88,1473922971,tillahoffmann,1,1,1,2,1,1,52,0,0,0
ipython,9b36b69645414cf38e83d9f693f73bb8d8369872,1473924613,tillahoffmann,1,2,10,2,10,7,211,0,0,3
ipython,35b84f7737441c98a5c785627ad2b3fc707d2642,1474019420,Thomas Kluyver,1,1,4,0,4,3,104,1,51,0
ipython,4b53350acfa604aebb097203c9feb568a08d00f5,1474048567,Chilaka Ramakrishna,1,1,1,1,1,1,59,0,0,0
ipython,d6299bc6ebb90fdea8de85acbe02d279b7854175,1473971213,mbyt,1,2,6,0,6,2,94,4,225,0
ipython,168364a781fb5b779848a3b46d8e740fd06c244d,1474144422,Thomas Kluyver,1,1,6,0,6,3,128,3,167,0
ipython,45830139ec7f4ad2108e7098e980fa6a191f57d7,1474251225,Matthias Bussonnier,2,0,8,0,0,0,0,0,0,0
ipython,3e812afa6e1f917695b517fc077ae54e5dab6c79,1474300982,mbyt,1,1,1,1,1,0,0,1,61,0
ipython,b817f5e219785654cb4cbda0a1bd9f81b5f717b8,1474304809,mbyt,1,1,1,1,1,0,0,1,56,0
ipython,82fd2b341574766013866cffaa96c12b7c04e099,1474571954,mbyt,1,2,4,0,4,2,95,2,104,0
ipython,4335860f8de8f9abdc0b418a932e0c3c4cd47d5f,1475256292,Matthias Bussonnier,8,20,54,112,34,31,1373,0,0,3
ipython,da5a98f891dfc1ae03c5dda449d83f8f8999dc2a,1475509905,Thomas Kluyver,4,15,32,18,32,21,835,8,392,3
ipython,3a5b79fca755449c28d6373e4a699e8fd91ee998,1475564036,Matthias Bussonnier,1,9,8,9,8,8,705,0,0,0
ipython,509d8539c555ede6222d13cf1693388429213853,1475691639,Pablo Galindo,2,38,129,119,64,46,2732,2,96,16
ipython,8be2bc9d5ce59aa63e2f8eb3f3b624ff12cd2231,1475691696,Pablo Galindo,1,1,0,1,0,0,0,0,0,0
ipython,1c446a83d75a9532577031d082ecc753bd8f1eb7,1475702644,Pablo Galindo,2,18,79,79,20,6,379,2,99,12
ipython,e7913fac8d11b6ca3827e03caf88b7a757097183,1475704082,Pablo Galindo,1,8,37,37,37,31,1442,0,0,6
ipython,395b333769016ff8ab2446212c88e4b17442acb9,1475704191,Pablo Galindo,1,0,1,1,0,0,0,0,0,0
ipython,8504424ef1a9cf80706a00e6ed8f624a83f9b52e,1475705298,Pablo Galindo,1,3,3,9,3,3,193,0,0,0
ipython,2424f7c9aac544c700e5ccd70a02aed760c22be6,1475705431,Pablo Galindo,1,1,1,1,1,1,94,0,0,0
ipython,f259765c84be512aafbf9e5e0dd76f48ee106129,1475705595,Tamir Bahar,1,3,22,3,22,14,493,3,148,5
ipython,95ae1d86c59e930b90fb434b239d4abc2879cf51,1475706142,Pablo Galindo,1,4,14,6,14,12,632,0,0,2
ipython,c2e366c77343da01806d43e276eaf0317681940b,1475706443,Pablo Galindo,1,1,4,10,4,4,297,0,0,0
ipython,bc6c5bfa7fe92008d6788801d80bf37a4006b22b,1475782063,Tamir Bahar,1,1,1,1,1,1,57,0,0,0
ipython,181f693e103e44b0c1f95b6092490de9c92d34e5,1475851435,Thomas Kluyver,1,1,2,1,2,2,122,0,0,0
ipython,4036b3d91cc3be0281cbee7612fff6732437b326,1476032538,Thomas Kluyver,4,7,6,89,6,6,263,0,0,0
ipython,a0aad12e53e84208c5793cc5369548d7a4020182,1476033072,Thomas Kluyver,1,1,0,3,0,0,0,0,0,0
ipython,711ae16a70bbe2d0c94b01df62dec0e5c11d7ee6,1476036080,Thomas Kluyver,1,1,1,1,1,1,100,0,0,0
ipython,508d364b316015b819ee716f01a8acf8d46a9a8f,1476100047,Moez Bouhlel,1,3,3,4,3,3,152,0,0,0
ipython,7bc96b9f63a94cb18336199fb9c6d0b74a606029,1476100218,Moez Bouhlel,1,11,63,16,63,50,2617,7,373,6
ipython,cb8151e113a8f4781893058982726b397b23092b,1476100637,Moez Bouhlel,1,1,40,0,40,37,1757,0,0,3
ipython,3e97b06ac96c78cdaf6f6b775232ee7bd3610ccf,1475795079,Matthias Bussonnier,3,15,18,21,18,18,1233,0,0,0
ipython,2184193645869a926e80a77af04f8fb64a0d0c54,1476234824,Thomas A Caswell,1,5,8,7,8,7,283,0,0,1
ipython,7bca3522e82ed5558e42826746ab6ffe666c8c8e,1476234901,Thomas A Caswell,1,1,7,0,7,6,116,1,34,0
ipython,fa81a65ccedfc872bc6bc98f47e0684882a95d84,1476236466,Adam Eury,2,22,67,33,47,27,1113,0,0,20
ipython,97685c5a1fe90afdd6b288cf3489ecf53f75fdf0,1476566163,Matthias Bussonnier,1,1,0,6,0,0,0,0,0,0
ipython,d30f199783d9d959c129b6a2b6affb714173505f,1476708341,Diego Garcia,9,15,22,11,15,14,570,0,0,1
ipython,3754470fe52520c495e8b4b55908dad75f60b067,1476718950,Diego Garcia,1,1,0,3,0,0,0,0,0,0
ipython,7851f8a3cd8dfcfe38e0f87bb279d5998bc87404,1477096026,Paul Ivanov,13,9,651,1193,605,498,21160,28,1211,79
ipython,cf0d493023cfcea7e1c603338269ecc6e46e4acc,1477097295,Paul Ivanov,6,7,7,169,4,4,130,0,0,0
ipython,64f6d323f13d9099528b738d1c7f27b76d224810,1477098244,Paul Ivanov,1,2,61,0,61,47,1614,1,68,13
ipython,c05c1799b0d9b752e0010710be1e9b7ebdb270b0,1477098747,Paul Ivanov,1,0,0,60,0,0,0,0,0,0
ipython,2961b531f0e7d137128e61ed6250074cc50a023a,1477100900,Paul Ivanov,121,71,3,158,0,0,0,0,0,0
ipython,637800272b4ec198cc889f385e64049bb1235009,1477101885,Paul Ivanov,1,0,1,1,0,0,0,0,0,0
ipython,741aad1b69fc2205271dd23600847f40a8f7997c,1477102268,Paul Ivanov,1,0,0,1,0,0,0,0,0,0
ipython,0bc738e8c835088e05827fb88b565f4590c7b466,1477151044,Thomas Kluyver,1,0,0,3,0,0,0,0,0,0
ipython,04b94ede4b406f548532746c74d1a71dd8da846b,1477151208,Thomas Kluyver,1,0,1,6,0,0,0,0,0,0
ipython,8a895b387c5dfe984e6caa235d67a88b7b5205ce,1477172755,Srinivas Reddy Thatiparthy,1,0,20,20,0,0,0,0,0,0
ipython,4b3870ed0de13dc23b985d2db0bb2a121f12b46f,1477171756,Srinivas Reddy Thatiparthy,1,1,1,1,1,1,45,0,0,0
ipython,915ad0964d41b8a22b49179a9deeb1cffa024144,1477214744,Thomas Kluyver,2,1,3,28,1,1,56,0,0,0
ipython,543193ee4f0a479d98b9fc8e9daff6f23343b7e3,1477356191,Paul Ivanov,1,0,2,1,0,0,0,0,0,0
ipython,636eea871c3f8ac6ebb20ca4428e4e5c7f8ccaa0,1477356686,Paul Ivanov,1,9,6,9,6,6,138,0,0,0
ipython,34c03aea9fbdee5ab1c1739b8165e249f0f8e896,1477357484,Paul Ivanov,1,0,1,0,0,0,0,0,0,0
ipython,37da714595ca7613b9987deee2da81747156a52a,1477357885,Paul Ivanov,2,0,11,10,0,0,0,0,0,0
ipython,8ff77044825ccbcf3d013a9e5dd38e10e68cd802,1477358413,Paul Ivanov,1,0,1,1,0,0,0,0,0,0
ipython,73152367d689753191fc17b69c7202a0c8655273,1477358569,Paul Ivanov,1,2,7,12,7,7,501,0,0,0
ipython,11b3db255dfde46c4a9e68f93f96e133abd3eb08,1477398802,Thomas Kluyver,2,0,30,14,0,0,0,0,0,0
ipython,6b1960d811d25e8f754324259a5b4fd59f8f8162,1477398999,Thomas Kluyver,1,1,5,0,5,2,64,2,139,1
ipython,8a8b9dc60a511e09a815850d69598c61664d911d,1477420887,Srinivas Reddy Thatiparthy,1,4,11,3,11,7,391,1,33,3
ipython,cca2704559260c0cfbe558711d60e5fdc7238010,1477623372,Matthias Bussonnier,1,0,12,8,0,0,0,0,0,0
ipython,115d6ef8cd4dd1c93a20a571e49febf3d2e5cc27,1477623564,Matthias Bussonnier,1,0,5,0,0,0,0,0,0,0
ipython,1d0295e9445265ed84e91b5c38ce2797f00be164,1477623791,Matthias Bussonnier,1,0,5,5,0,0,0,0,0,0
ipython,3628f16a373cdf4243e21f2785f4872abc80154e,1477624066,Matthias Bussonnier,2,2,6,1,3,2,128,0,0,1
ipython,df7d9e4016065b51988f40acf022688684736452,1477624199,Matthias Bussonnier,2,1,4,1,2,2,151,0,0,0
ipython,f3dbdf16e810c05927f2b1b808bac2430c3c22bb,1477624323,Matthias Bussonnier,1,3,3,3,3,3,147,0,0,0
ipython,75f2e70e82b8b5355e45e6bca6b8cc2d7016c7a7,1478116811,Paul Ivanov,0,0,0,301,0,0,0,0,0,0
ipython,872de8af1f3761d4737672dab2f50a225ab0423e,1478543066,Paul Ivanov,1,1,3,0,3,2,78,0,0,1
ipython,a3a2e60b3fff6b054cb9f2e6da593beb629ec3cf,1478586129,Min RK,2,9,31,9,31,29,1335,0,0,2
ipython,2f7c1a47bc0a84692e4101f3fa7255816002a0c6,1478645717,Matthias Bussonnier,1,3,3,3,3,3,115,0,0,0
ipython,25f7d28508713d4f1d361bcb3266f36d1b93c9af,1478712422,Thomas Kluyver,1,2,1,20,1,1,18,0,0,0
ipython,5b25880e6ed4f1b4adad681a9d6d4f290829bc93,1479463858,Min RK,1,3,12,4,12,6,216,3,157,3
ipython,c9f4fe82464baab643c5423d2d7e8a75daa9d66d,1479463957,Min RK,1,7,23,11,23,20,766,0,0,3
ipython,c168107a7fdc3862367a535dfdd8effb2cac6dbd,1479477465,Min RK,1,10,67,6,67,51,1868,0,0,16
ipython,bb5906a9fa1b0430c21df1d9b3f3c1428b143938,1479479704,Min RK,1,0,114,0,0,0,0,0,0,0
ipython,36ee11eabe40fca1b090d20d8730fa21215d36da,1479486404,Min RK,2,5,12,2,12,9,517,3,138,0
ipython,6b080697e4ea6bb18912a33c5bf2dd080c7dd2bc,1471549000,Jens Hedegaard Nielsen,1,1,3,1,3,3,119,0,0,0
ipython,f330fe7fc64e685f65f6e7417fdf99562826999a,1471555550,Jens Hedegaard Nielsen,1,1,2,2,2,2,127,0,0,0
ipython,21d14a32f7c18a14cd72dffed708a1fd966c8f65,1479996239,Min RK,4,7,13,835,9,9,471,0,0,0
ipython,ebedbe275bb7c89098114f9f44ab0f44b92d102a,1480598517,Min RK,2,1,27,4,1,1,51,0,0,0
ipython,c740d0fa5258cc7e2e9c46e6e0fdd212d24f41af,1480928674,anatoly techtonik,1,8,15,20,15,15,941,0,0,0
ipython,5c403740c17e8ffbaff06a5eeebccc0daa3c43be,1480934168,anatoly techtonik,1,3,6,7,6,6,425,0,0,0
ipython,8ceaebab09a0460bb3e6f36bf121b80a5085e3b6,1481914783,Srinivas Reddy Thatiparthy,1,1,1,0,1,1,22,0,0,0
ipython,7b9e56d177b4652de7f31d5f25e6315046b87759,1482320588,Thomas Kluyver,1,0,0,5,0,0,0,0,0,0
ipython,1b0e50c6448ffb01b39dc544a858ae0446f6a227,1482338251,Thomas Kluyver,1,0,1,1,0,0,0,0,0,0
ipython,25b6e941177bcc775c002c2516d6b6920d3a60c6,1482370696,sachet-mittal,1,1,1,0,1,1,23,0,0,0
ipython,5dd70876b9ddd3f07fae6d50885aa5690ca40b55,1482338987,Srinivas Reddy Thatiparthy,10,13,16,15,16,14,1143,1,44,1
ipython,33ccc29ce8b9c9238c585e1888594cf353a65d18,1482519846,Srinivas Reddy Thatiparthy,2,4,5,82,5,5,260,0,0,0
ipython,a35d0f99f1c00edfb38a25c23cbdb68308cf0662,1482592222,Srinivas Reddy Thatiparthy,9,24,21,27,21,21,1164,0,0,0
ipython,9ff5c5626ef9b2d191235f74d2659b0e645408f6,1482599235,Srinivas Reddy Thatiparthy,27,58,63,70,55,55,2371,0,0,0
ipython,27bf210adf88d8bbccd539415122934d6b1e0bf3,1482602321,Srinivas Reddy Thatiparthy,4,5,6,8,4,4,240,0,0,0
ipython,e54183d96ef3b4797577c6dd2f755ab0e233e2c1,1482603170,Srinivas Reddy Thatiparthy,4,4,3,5,2,2,45,0,0,0
ipython,c41b90ba16a043a88486cc5350940238406b1275,1482696347,Matthias Bussonnier,1,1,2,2,2,2,161,0,0,0
ipython,572c5dd76b4e77c795a092da4f2160d38675de17,1482709713,Srinivas Reddy Thatiparthy,1,2,10,2,10,10,288,0,0,0
ipython,7e78dda8f685157def351815fd03e7e3c916cb09,1482781397,Srinivas Reddy Thatiparthy,13,21,24,34,18,18,696,0,0,0
ipython,1c24cd61772142edd54475cba80d1637557c05ca,1482805534,Srinivas Reddy Thatiparthy,17,21,31,31,21,21,781,0,0,0
ipython,74bb4505272b89d2499d140c6861e968166ea2c4,1482806163,Srinivas Reddy Thatiparthy,2,3,5,5,3,3,105,0,0,0
ipython,b8dd405e644d3017388d37a9e5e8e3af5e4f1e0d,1482947349,Matthias Bussonnier,1,1,1,1,1,1,94,0,0,0
ipython,07d6d5757f69afb6f954020cb7f5320e875d084c,1483469942,Srinivas Reddy Thatiparthy,1,3,2,7,2,2,70,0,0,0
ipython,2326529262fd27318fbd95bbbae1a74dca134a22,1483502496,Srinivas Reddy Thatiparthy,2,0,14,14,0,0,0,0,0,0
ipython,284b94e599e11b8cfb85dcf783780b24e4d7e08f,1483549143,Srinivas Reddy Thatiparthy,1,1,1,1,1,1,31,0,0,0
ipython,2fb521c3341c73b36f2ba55555671618b88663fe,1483626789,Srinivas Reddy Thatiparthy,1,0,2,4,0,0,0,0,0,0
ipython,bda4ba81e9292cffb9852ef22c918d4e48bc5f64,1483626961,Srinivas Reddy Thatiparthy,1,2,3,6,3,2,132,0,0,1
ipython,b0f7c22fe03fbfe93fffa52a527c3b704f499f37,1483629563,Srinivas Reddy Thatiparthy,1,2,2,6,2,2,87,0,0,0
ipython,e47cb3c54dce4c74fcbe6a24805a5c1750e5e2ba,1483630337,Srinivas Reddy Thatiparthy,1,0,1,5,0,0,0,0,0,0
ipython,0820403eadf5744dd313eb0a4d4487dd10bba14b,1483637795,Srinivas Reddy Thatiparthy,3,2,3,15,1,1,30,0,0,0
ipython,8a3911fbd1853e42f11be786d75213c05b44a15c,1483638183,Srinivas Reddy Thatiparthy,5,0,7,28,0,0,0,0,0,0
ipython,a54bf00feb5182fa821bd5457897b3b30a313436,1483700889,Srinivas Reddy Thatiparthy,1,1,1,2,1,1,87,0,0,0
ipython,f56235c1731d2b1927144a8aa6661059b3690778,1483701073,Srinivas Reddy Thatiparthy,1,1,1,1,1,1,64,0,0,0
ipython,5a1dcf3973e173be9c7c331be233cc6eda59c48f,1483701148,Srinivas Reddy Thatiparthy,1,1,1,4,1,0,0,0,0,1
ipython,df31e4f8eba02221cc03f2ffa7a91fc5831e9616,1483701224,Srinivas Reddy Thatiparthy,1,1,0,1,0,0,0,0,0,0
ipython,64e876e2de62cfbff376c6bf33f3ca3bf1cef255,1483701290,Srinivas Reddy Thatiparthy,1,0,0,1,0,0,0,0,0,0
ipython,e5c5bac12d25d48a79803d4f4f9ece3d166f36ba,1483709221,Thomas Kluyver,3,6,5,8,5,5,223,0,0,0
ipython,8dcbe27ab0f961253897d2fde612c62443397804,1483556412,Srinivas Reddy Thatiparthy,1,4,7,132,7,6,229,1,23,0
ipython,eaf4c4dc64d805836828ab07bd9ffed493c87b9a,1483773427,Srinivas Reddy Thatiparthy,1,1,0,3,0,0,0,0,0,0
ipython,108df85c082f61d3158765b84d4ed159f97d8367,1483774113,Srinivas Reddy Thatiparthy,4,4,8,18,8,5,237,2,34,1
ipython,7d3a463efa1f64dd87addfd2d53163b762fc638d,1483798940,Srinivas Reddy Thatiparthy,1,0,1,6,0,0,0,0,0,0
ipython,96d4241000fe4a35d50d1cac4b4515e28cd575ba,1483798810,Srinivas Reddy Thatiparthy,1,2,2,10,2,2,75,0,0,0
ipython,93049df8b246583c25b97f296474102703ea1247,1483798405,Srinivas Reddy Thatiparthy,2,0,8,17,0,0,0,0,0,0
ipython,90df6f4817a07f6720557bb8b1e11f7dddb5643d,1483798259,Srinivas Reddy Thatiparthy,1,0,2,10,0,0,0,0,0,0
ipython,07fde03e97e5f57223c49ad70e8a05cab2d14126,1483798148,Srinivas Reddy Thatiparthy,1,0,1,6,0,0,0,0,0,0
ipython,f977a2bd542309997c7cd1a458415a96c6d28bb3,1483798003,Srinivas Reddy Thatiparthy,1,2,1,6,1,1,14,0,0,0
ipython,59d12cd8cca4fe2e384fafdc1263859245b974c4,1483797862,Srinivas Reddy Thatiparthy,1,2,2,5,2,2,94,0,0,0
ipython,5510d1724eb50ab6f628ff9a03c7193f9154f12b,1483792261,Srinivas Reddy Thatiparthy,1,2,2,2,2,2,86,0,0,0
ipython,4d9d5a3e4b9ff64273650c9581bad0329aecf000,1483792437,Srinivas Reddy Thatiparthy,1,3,1,8,1,0,0,0,0,1
ipython,291039257ed72d3fa0e143f88d881c4c894bccd6,1483795311,Srinivas Reddy Thatiparthy,1,2,6,18,6,5,256,0,0,1
ipython,065300d41d3812a2a653f9df19772c523955ac84,1483795495,Srinivas Reddy Thatiparthy,1,1,1,1,1,1,71,0,0,0
ipython,a2d8523e3427d14f8352224184bbdb1c40f162c9,1483795626,Srinivas Reddy Thatiparthy,1,2,1,7,1,1,23,0,0,0
ipython,4e37a5809d5be0b8c02a8e9eb3665b7e7407fa9f,1483796010,Srinivas Reddy Thatiparthy,1,0,1,1,0,0,0,0,0,0
ipython,73e0b6d43d81e507be4cdfa441b98f2c25306e8c,1483796390,Srinivas Reddy Thatiparthy,1,0,8,15,0,0,0,0,0,0
ipython,15127bc846cc5717dec29861600d31482d957132,1483796563,Srinivas Reddy Thatiparthy,1,0,2,6,0,0,0,0,0,0
ipython,5bd02b78fb584fb340a5dd309bb65aebd3ecda64,1483796674,Srinivas Reddy Thatiparthy,1,0,1,9,0,0,0,0,0,0
ipython,d40effda573e46c73549a8e7efaa918d19e93623,1483796947,Srinivas Reddy Thatiparthy,1,0,1,1,0,0,0,0,0,0
ipython,0d3cd5ef7e29f2e8fc64ba64addd0d3bf227e1c4,1483797148,Srinivas Reddy Thatiparthy,2,0,2,3,0,0,0,0,0,0
ipython,ebf9e7f1193fcda96ffb2b6438b648c24a425931,1483797272,Srinivas Reddy Thatiparthy,1,0,0,9,0,0,0,0,0,0
ipython,0a44287ceb72de1d2b2008cdee89143f34a0b50a,1483797713,Srinivas Reddy Thatiparthy,1,1,1,20,1,1,36,0,0,0
ipython,aed2fb9f2c055cae897b5471a184ec8d5410bfb4,1483800352,Srinivas Reddy Thatiparthy,1,1,2,21,2,2,140,0,0,0
ipython,8f7b6b36f1d37fecf1c299fd27add68cd6760bab,1483800696,Srinivas Reddy Thatiparthy,1,2,1,5,1,1,16,0,0,0
ipython,57e830d56872ad47811c98ca50fc533c73520e89,1483800946,Srinivas Reddy Thatiparthy,1,2,1,12,1,0,0,0,0,1
ipython,aecff1f8efccbbec614a745e373b5f7b84d6da1f,1483801402,Srinivas Reddy Thatiparthy,1,1,1,1,1,1,39,0,0,0
ipython,f3efaea3e2ddf3ad2b8b8274400052428756479e,1483801988,Srinivas Reddy Thatiparthy,1,1,0,8,0,0,0,0,0,0
ipython,eb524b5c008508c2ddd9b3cd567117eb63ff9152,1483786851,Srinivas Reddy Thatiparthy,5,9,11,33,8,8,290,0,0,0
ipython,7d1b49302f0eb57caadb917ebc49f9edcd954c77,1483790867,Srinivas Reddy Thatiparthy,1,3,7,35,7,6,257,1,75,0
ipython,435e26420df927bc72aa2612a38c2b6c3d7845e3,1483791088,Srinivas Reddy Thatiparthy,1,2,1,7,1,1,23,0,0,0
ipython,8a30dfb14e22dcc67de0113b92d3d9851191da74,1483791258,Srinivas Reddy Thatiparthy,1,1,1,7,1,1,23,0,0,0
ipython,e09e9adc24dfbd228ee1f885bab141294b5e8c66,1483791346,Srinivas Reddy Thatiparthy,1,1,1,1,1,1,28,0,0,0
ipython,234974cfa23418ea1bda64ccf020501b9b8dfb7d,1483791473,Srinivas Reddy Thatiparthy,1,3,1,6,1,1,23,0,0,0
ipython,2dc276d06eed21e86c73492f195194e42062b824,1483791597,Srinivas Reddy Thatiparthy,1,1,0,3,0,0,0,0,0,0
ipython,1359c0f05103df9bce5991a3693880e6fcfb9093,1483791760,Srinivas Reddy Thatiparthy,1,2,11,13,11,11,543,0,0,0
ipython,ab745a6521046ae5b32be5c4d82264d8e1851092,1483896717,Srinivas Reddy Thatiparthy,1,4,4,3,4,4,154,0,0,0
ipython,ac74cd36c63f47955d07acf5055ba953e277a3c7,1483896834,Srinivas Reddy Thatiparthy,1,5,4,5,4,4,272,0,0,0
ipython,ae916c1ee52941bb5a1ccf87abe2a9758897bd08,1483897708,Srinivas Reddy Thatiparthy,1,3,9,0,9,8,296,0,0,1
ipython,5b09c5d19177c4c62af67ad7dc473247dfa9b9d4,1483898443,Srinivas Reddy Thatiparthy,1,2,2,5,2,2,54,0,0,0
ipython,04009ce7c8134e598c21937b2326ac17c4478d98,1483898543,Srinivas Reddy Thatiparthy,1,3,2,3,2,2,46,0,0,0
ipython,4e46ea52fe3f55568280e0c5afc151545a58dbc5,1483915411,Matthias Bussonnier,1,0,3,1,0,0,0,0,0,0
ipython,81d5575c375284a3360f11287b142f24be9c6f05,1483968803,Thomas Kluyver,8,16,15,38,13,11,463,2,99,0
ipython,6593097d6c60462905ab04dca3d91aca6e012930,1483970997,Thomas Kluyver,1,2,7,1,7,7,288,0,0,0
ipython,4c6e63d08b2dff0eaeb8c357108644989f5b290c,1483976721,Thomas Kluyver,1,2,7,3,7,3,144,3,156,1
ipython,83d273e24b28b9c06f0fa4f5bf90581db7c29be8,1484057427,Thomas Kluyver,1,3,4,2,4,3,158,0,0,1
ipython,fd32adbcfa084c0217d5ff7ecd0fea44dce8bdd1,1484234173,Thomas Kluyver,1,4,55,8,55,41,1396,4,142,10
ipython,53c132361f3ba145f93b9836fa26d328e6f7136e,1484234951,Thomas Kluyver,2,21,43,13,43,38,1824,1,49,4
ipython,1f6e727f131dac7c68123cb257e2b437be8c1972,1484239331,Thomas Kluyver,1,2,2,0,2,2,48,0,0,0
ipython,260e98849d27ffd980628cce322e809352b6ea89,1484255210,Matthias Bussonnier,1,1,0,6,0,0,0,0,0,0
ipython,ca208955aa09c6c98a298c41d5063c0c0ace7a76,1484314313,Thomas Kluyver,1,1,8,4,8,5,260,3,155,0
ipython,f312a95c8755de6da3c2696349ad7b70ac9c8c64,1484316550,Thomas Kluyver,1,1,1,1,1,1,27,0,0,0
ipython,998707ac20c5caa9683542f6f9a969a94adc79c3,1484317045,Thomas Kluyver,1,1,5,0,5,2,63,2,102,1
ipython,a83ee08ff1fc6244f8b1d183706203b3f000cdf4,1484320453,Min RK,1,0,1,1,0,0,0,0,0,0
ipython,2195765010036e0387dad52969f7dfcb53fd8ede,1484323684,Thomas Kluyver,1,0,5,0,0,0,0,0,0,0
ipython,888166c820614c573270b501fb5f55f83492ca0e,1484324029,Thomas Kluyver,1,7,11,18,11,8,260,0,0,3
ipython,c248bd954bdb80a92f701cee7d38076b4debe661,1484649979,Thomas Kluyver,1,0,3,1,0,0,0,0,0,0
ipython,e7e5adb4ba1df65564147664b5438271aebcf8ed,1484650842,Thomas Kluyver,1,0,0,1,0,0,0,0,0,0
ipython,237904bd05d753824634df3bdebc9a0542ddc1d8,1484711113,Srinivas Reddy Thatiparthy,2,1,2,2,1,0,0,1,16,0
ipython,06ecadf6c36844f52e5a796891abdc7b207a3bd9,1484756165,Thomas Kluyver,2,3,1,49,0,0,0,0,0,0
ipython,e39a9f5419dafe37b6af8a57ccd4c21b33fd9244,1484757245,Thomas Kluyver,1,1,3,2,3,3,180,0,0,0
ipython,6f0b6f17ef24cb76d24c05b970ff90bba501045a,1484765999,Srinivas Reddy Thatiparthy,4,3,8,8,3,3,143,0,0,0
ipython,b62d051e317818ff8a0210c8ef8981616932fdde,1484767767,Matthias Bussonnier,2,1,14,1,6,5,156,0,0,1
ipython,a0373a3a7be5e8748d3c0a34aa218653be19393a,1484820149,Thomas Kluyver,1,1,2,2,2,2,145,0,0,0
ipython,4f9bd43d9b060b6024ec2552400edb7e100364f3,1484823660,Thomas Kluyver,2,2,3,2,3,3,111,0,0,0
ipython,c9e886059914bda09a247a0603dca62b04490978,1484840712,Thomas Kluyver,1,6,13,11,13,11,458,1,76,1
ipython,fa069ce5e8f8e6dfc690a4988b0ddade76bf9e4e,1484943397,Christopher Welborn,2,1,20,2,6,6,170,0,0,0
ipython,5835a76e1eb6c528c0d7ffba0ee808036ad064ac,1485194868,Srinivas Reddy Thatiparthy,4,6,15,15,12,12,313,0,0,0
ipython,8970389fbc7a64279ffb9b62fcb0ad176f4084f0,1485285743,Matthias Bussonnier,1,1,7,0,7,6,332,0,0,1
ipython,697500a9c6103d3ca7cfee4264afd3eca31c9ea1,1485580908,Srinivas Reddy Thatiparthy,1,1,1,5,1,1,58,0,0,0
ipython,b882a145abb99a083e2f132964d3128583987f2d,1485539937,Matthias Bussonnier,1,17,95,26,95,81,4147,4,159,10
ipython,3dfd9ea34fd9634a4b81b81d9d52350c9fb035d2,1470997656,Jeroen Demeyer,1,1,8,2,8,4,200,4,185,0
ipython,f1cebeb5de8984c11b1ada2ab4ed2f4e094910a0,1485725821,Thomas Kluyver,1,1,1,0,1,1,20,0,0,0
ipython,0f79628c9f59d210eae1fb2ba431250d457ff536,1485863382,Thomas Kluyver,3,7,14,4,14,12,652,0,0,2
ipython,4b0f13384d0fbfc94f776c668aa2550f11052030,1485887911,Antony Lee,1,2,5,1,5,4,216,0,0,1
ipython,3ff1be2ea8ef180a6f17a6a03a3f8452303b9abe,1484774295,Matthias Bussonnier,8,64,699,108,590,434,19884,27,1146,129
ipython,0724d578e22e4028385379ef5286d5665af2fb79,1485301298,Matthias Bussonnier,1,0,4,1,0,0,0,0,0,0
ipython,a12910798763d418f2f14d159d4b79e97dad789d,1485940637,Srinivas Reddy Thatiparthy,1,2,1,91,1,1,39,0,0,0
ipython,9f33068a9011d502d29f81afcd3e987970be7696,1485950911,Srinivas Reddy Thatiparthy,1,1,6,0,6,4,262,0,0,2
ipython,093cb7e6059c8d53cb2b99c338cfaa99ae372c7d,1485954408,Thomas Kluyver,1,2,8,1,8,5,248,3,159,0
ipython,90fd8c383c43de11f0886b008b5b18829bd1e9c5,1485974601,Matthias Bussonnier,1,1,1,1,1,1,57,0,0,0
ipython,459ecdd34a65fd2208d74055cadde4e7bc925e35,1485987131,Thomas Kluyver,1,1,6,1,6,4,160,2,78,0
ipython,7e3493b74aa1cda85faa10c49e97046129b283f5,1486122276,Segev Finer,2,1,2,1,1,1,28,0,0,0
ipython,8f628d8d4dea69d0af3b22d3fc199e74d77d60f9,1486154572,Matthias Bussonnier,1,0,1,1,0,0,0,0,0,0
ipython,2cfc6bcf87ddd565c11b51af9685c5c9fdb3a327,1486405239,Min RK,2,1,32,6,2,1,72,1,29,0
ipython,d674da263c5edce8b2dfeb0623b9074ee69585a1,1486407674,Matthias Bussonnier,1,4,39,2,39,29,1629,0,0,10
ipython,c382fdf634df8844679fbe45b3a724325ebeb691,1486466166,Min RK,1,0,6,0,0,0,0,0,0,0
ipython,37615ef691e494e557ecfe73519516d114a96290,1486491279,Grant Nestor,1,2,20,1,20,16,498,0,0,4
ipython,d6f7f1a3b358128949d502ed420eaf862dd72860,1486495840,Matthias Bussonnier,1,6,25,9,25,23,1261,0,0,2
ipython,2936a83c9f0cf6a437f0b0dfedf78ed7415a3bb5,1486497972,Matthias Bussonnier,1,1,1,1,1,1,80,0,0,0
ipython,baeb642e7ae88847e9107fb27f195a0e6b22f0e6,1486560065,Segev Finer,2,3,17,0,17,10,427,6,399,1
ipython,a46e14d68c4e383b7a3c235f1cfa01fb6deaae92,1486562878,Thomas Kluyver,1,6,13,1,13,11,529,0,0,2
ipython,cd2b9a8f13033f95f63169ad9ce5688a0c0878b9,1486591409,Matthias Bussonnier,1,2,7,1,7,7,265,0,0,0
ipython,0549000fef990bc521b445e64f5a6ed694a63e29,1486598563,Matthias Bussonnier,2,3,45,6,22,18,803,0,0,4
ipython,0457ce5b61ae768366dc470aede0417d67bacece,1486600065,Matthias Bussonnier,1,2,7,5,7,7,339,0,0,0
ipython,01636b53a8ef9e068d466a984c179fa1a3c57dcb,1486645883,Steven Maude,1,1,1,1,1,1,24,0,0,0
ipython,43e06341d23207f66e01aee3178fbab34b185b25,1486646560,Steven Maude,1,1,1,1,1,1,15,0,0,0
ipython,9c58353f825111baa8e9dd37ac367dde36a1e118,1486646620,Steven Maude,1,1,1,1,1,1,61,0,0,0
ipython,f1d1b091e6477d9c1b693648d4a65a437fc6e12c,1486659562,Thomas Kluyver,2,5,137,5,113,86,3240,11,479,16
ipython,45406f0271409c62cfcdbe643bc59ecc40a24ab4,1486659708,Thomas Kluyver,1,1,0,45,0,0,0,0,0,0
ipython,ccf44ed36d8409fb558e7fe1257378ef1a0953b4,1486659788,Thomas Kluyver,1,1,1,0,1,0,0,1,72,0
ipython,f34f3f1b88ea31e74c295d9dcd8deb8ed0400102,1486612867,Matthias Bussonnier,1,7,45,1,45,31,1429,2,99,12
ipython,2d4c3f998c6a386b5735f0bd44fb37c14121a187,1486601769,Matthias Bussonnier,1,5,29,3,29,21,1371,0,0,8
ipython,497097e07a5ef26c195f86b498d2eb50eb5b6fa3,1486668337,Matthias Bussonnier,1,3,5,2,5,4,165,0,0,1
ipython,de29b969b454f38e5ef5d328208ff1d48c8a1584,1486668600,Matthias Bussonnier,1,0,1,1,0,0,0,0,0,0
ipython,b5e59f5d54ca44039bc833d702c49d4431cad012,1486669249,Matthias Bussonnier,2,1,4,1,1,1,85,0,0,0
ipython,d4cbf9be3c4a794abee10828fdf7637cc872834b,1486674117,Matthias Bussonnier,1,1,3,1,3,3,181,0,0,0
ipython,477d99723a3aa2f918242f51e81e05cb894791ed,1486675276,Thomas Kluyver,1,3,5,22,5,5,375,0,0,0
ipython,198deb97e0d76fb9dc3c51e4437e3fdb03ca6a46,1486765911,Matthias Bussonnier,1,1,20,0,20,13,597,4,203,3
ipython,cd7ef695778b07a413efa6d324b5aa80e7efadae,1486762393,Matthias Bussonnier,3,8,73,18,54,41,1806,0,0,13
ipython,67d13007dc654babfba4c0585f46a6e46370b49c,1486675268,Matthias Bussonnier,1,6,24,5,24,19,1049,0,0,5
ipython,76f8d4f3430219b81002cd7d3725fa9cd6dca700,1487372961,Matthias Bussonnier,2,4,5,5,5,5,222,0,0,0
ipython,c1bfa9c70a972008ff6a713154c4238805c6d21d,1487455944,Thomas A Caswell,1,3,8,3,8,5,232,2,111,1
ipython,08f1a5a02dfbd2e6f047c5743aca1722e83683b2,1487604071,Utkarsh Upadhyay,1,4,7,6,7,5,169,0,0,2
ipython,8a92903a3b528925b72cfb09b9ef0eaa8334a36a,1487608266,Thomas Kluyver,1,5,16,3,16,15,966,0,0,1
ipython,3e0a1c9c8a7db75808c7a78d0b98b193089efe97,1487618654,Srinivas Reddy Thatiparthy,1,1,1,5,1,1,22,0,0,0
ipython,49a54d64704312ed1fe7979a0fe8d76cf785570d,1487689103,Utkarsh Upadhyay,1,0,4,0,0,0,0,0,0,0
ipython,d7591229cb32f0dc19d0da288df37b93fc89ccc6,1486496887,Matthias Bussonnier,1,4,7,29,7,7,293,0,0,0
ipython,aaaedbde7a565244e40fe0fe59f38e8eefffce4b,1487709113,Matthias Bussonnier,1,4,9,1,9,4,74,3,201,2
ipython,871cfc08beb069a126315a0ed317bfb20c946801,1487712216,Matthias Bussonnier,1,3,0,238,0,0,0,0,0,0
ipython,9eb7dc20acafdb478b8df5279fe8f52dd467ae91,1487714510,Grant Nestor,1,2,4,1,4,4,247,0,0,0
ipython,9a8fef8382a0ca03e79e51d15a4114a9ad846747,1487719683,Matthias Bussonnier,1,2,2,2,2,2,98,0,0,0
ipython,59e44e2844e3ca44298f374161a8b751f3305874,1487720445,Matthias Bussonnier,1,2,2,2,2,2,110,0,0,0
ipython,ca28d074e0337b4c0b0e1bd72395f6eed99af3fa,1487706743,Matthias Bussonnier,2,2,28,1,2,2,58,0,0,0
ipython,f33ca7427e1a19a6bfe8c8ff44f2fb85c7ff380a,1486501037,Matthias Bussonnier,9,9,9,9,9,9,689,0,0,0
ipython,867c82d9acdb128122e664e6811cb51d5f6c7e79,1487804706,Grant Nestor,1,4,49,2,49,43,1856,1,76,5
ipython,b3f1f179e8463cde79defeb0cfb8faa7be7b6927,1487810371,Matthias Bussonnier,1,8,5,17,5,4,202,0,0,1
ipython,8144712f6630464b1a766393cb30ccc9b139681c,1487816479,Matthias Bussonnier,1,0,22,0,0,0,0,0,0,0
ipython,f4e5708a1afac78603c8b98c836c060aef37cb1d,1487816941,Matthias Bussonnier,1,1,31,0,31,25,1071,0,0,6
ipython,3b67379613f4d56f5b7cf7cc80515718a9fa1e9e,1487849984,Thomas Kluyver,2,3,9,6,9,8,400,0,0,1
ipython,4ff21b8efb57b2993b68abe156762174a9d45156,1487867770,Grant Nestor,1,0,1,1,0,0,0,0,0,0
ipython,e5684eba59bccb39ec298fe227ae563af3ff66d3,1487889796,michaelpacer,2,3,5,4,5,5,230,0,0,0
ipython,9275bb8a5c8c5af62f5d328b69e343f86f44bdce,1487948274,Thomas Kluyver,2,2,2,2,2,2,101,0,0,0
ipython,55fffc3eb3aa5ac6f89446b6cc6455a3ad16bc31,1487955165,Thomas Kluyver,1,1,0,3,0,0,0,0,0,0
ipython,6a92f0515dca599a6f72a20fba5be343d37e9b5b,1487812671,Matthias Bussonnier,1,10,11,14,11,11,550,0,0,0
ipython,95f1dccee2e804adfd69a975b1511ef2eae0bfc0,1488240392,Matthias Bussonnier,1,2,18,10,18,15,938,1,41,2
ipython,ce704d44c2c39277b5f9141ef6069296d7514043,1488286869,Thomas Kluyver,1,1,1,1,1,1,102,0,0,0
ipython,03ebd7562e4ff82b308c4444d63856f688205abf,1488288467,Thomas Kluyver,1,1,4,4,4,4,270,0,0,0
ipython,1a941f6c8c21e9e9c0812cbd78cfa7173470f8fd,1488314974,Matthias Bussonnier,2,2,22,24,22,19,1161,0,0,3
ipython,c39010d6a4dc596274ea476f80eb5305e7c1c8f3,1488475995,Ian Rose,1,4,12,11,12,11,676,1,55,0
ipython,305ffc1d5e522604b270611a3e14377fb09042d1,1488497100,Matthias Bussonnier,1,0,1,0,0,0,0,0,0,0
ipython,1002abe3171a1690816d66a6a9b323db496fb9a2,1488497458,Matthias Bussonnier,2,4,6,5,6,6,135,0,0,0
ipython,ca19ba90d0a8e0fe616d5e778eb19bab14b719ca,1488234712,Matthias Bussonnier,1,3,24,2,24,17,675,0,0,7
ipython,cb05107898b823f17461480a911f24caae1118e8,1488732455,Srinivas Reddy Thatiparthy,1,1,1,4,1,1,58,0,0,0
ipython,4ea70ce254cd8163b083a9ae35982e10dce23283,1488841127,Matthias Bussonnier,1,1,54,0,54,32,1362,0,0,22
ipython,880c3524f377b5325e281730f17195022cc05560,1489077589,Matthias Bussonnier,1,1,2,0,2,1,85,0,0,1
ipython,88d8a3d6e0f31bfd7c393809de5e87087dccfbb3,1489081151,Matthias Bussonnier,1,0,3,0,0,0,0,0,0,0
ipython,df4f86237c5ab71dc4fd31b9c4cccda2e1336dde,1489082826,Matthias Bussonnier,4,5,11,13,11,10,641,0,0,1
ipython,8a07da1d2e155cccb060aaa26d4e6f00c900a426,1489583813,Thomas Kluyver,1,5,14,19,14,8,267,3,137,3
ipython,21b02972adfb2220075b8b4c01924c9976654597,1489590468,Thomas Kluyver,1,2,6,0,6,5,183,0,0,1
ipython,8be6204d5d8c091d657427a7db889245bea5a03b,1488453775,chillaranand,2,4,53,19,9,6,318,1,13,2
ipython,6bdf956e79a04155ea487f78e10cbd66651c1265,1490048289,Matthias Bussonnier,2,6,18,14,14,14,767,0,0,0
ipython,01961502524f1d77ae1e25d31223ad1fb44ba090,1490120508,Matthias Bussonnier,2,3,13,5,9,9,367,0,0,0
ipython,87d2966cf9942cc592519d503936bfbaab5318b0,1490211712,Grant Nestor,1,12,11,42,11,10,438,0,0,1
ipython,0020e25322baed7e5292e4094e3a9fcb4029e25f,1490213754,Grant Nestor,1,0,1,1,0,0,0,0,0,0
ipython,8cd7f83aa9c123cc245e95e517465e30093c019a,1490220526,Grant Nestor,2,3,5,3,4,4,204,0,0,0
ipython,fe20cbe55da9b762a589e64b895e16a0eaaf8cd1,1488481667,Matthias Bussonnier,1,3,9,2,9,7,408,0,0,2
ipython,8f8b15f0bc497e5dee162b4db848be78dca55c1b,1490381009,Matthias Bussonnier,1,1,2,1,2,2,197,0,0,0
ipython,13ec701a76e167311b0bcb62e42657aa7fe5b07d,1490381580,Matthias Bussonnier,1,1,1,1,1,1,91,0,0,0
ipython,a75cb90de2967688aac1b5b7abcddde831a6ba6f,1490386341,Leo Singer,1,3,8,0,8,8,215,0,0,0
ipython,5c2c219dde11d964d7e1ad489370d8cd8d6d2a98,1490399620,Matthias Bussonnier,1,1,3,7,3,3,289,0,0,0
ipython,8f4bc0b05bf3443b20b73151bc64043100b0cac5,1490615797,Min RK,2,3,3,3,3,3,139,0,0,0
ipython,1f019470106e324145c05d2612828682aa62756a,1491323205,Matthias Bussonnier,1,1,1,1,1,1,95,0,0,0
ipython,916e4c031de07ab4f7012b6aaa6356f7d5a27ca3,1491417266,Matthias Bussonnier,1,1,1,1,1,1,87,0,0,0
ipython,f89fa25579c9ea645df0e18427e804368dad1911,1491484900,Jeroen Demeyer,1,1,1,1,1,1,29,0,0,0
ipython,b026725ca8f3ae836f880cc231d316c2bf115301,1491859204,Matthias Bussonnier,1,7,7,7,7,7,264,0,0,0
ipython,eae27b5afb523565fc18f9641ecb5ffadf52744c,1491860883,Matthias Bussonnier,2,1,2,2,1,1,22,0,0,0
ipython,3f24f197990fc0779f661cef69b808fb77e0e3d7,1491861407,Matthias Bussonnier,1,1,1,1,1,0,0,1,24,0
ipython,bf2283b730eb851c2c9e9c087ee3fe844c4ad1cf,1491936431,Matthias Bussonnier,1,0,15,3,0,0,0,0,0,0
ipython,e14aede7d655bfe89bb7aec48dd1531279762366,1491986063,Thomas Kluyver,1,0,4,6,0,0,0,0,0,0
ipython,338de0da7bebffe0e7753a2d2fe73a982175bb80,1491986191,Thomas Kluyver,1,0,0,21,0,0,0,0,0,0
ipython,d91ac02d8dbc17aa97dbc326731d55b0ea2c492d,1491986395,Thomas Kluyver,1,0,4,12,0,0,0,0,0,0
ipython,035d64301ddc65a3a38b379fd4b5383368b322da,1491986548,Thomas Kluyver,1,0,1,154,0,0,0,0,0,0
ipython,38799bba13a0f0c8b306035b9296b133deb96308,1491986986,Thomas Kluyver,1,0,3,0,0,0,0,0,0,0
ipython,f05a0963729db47956f4f3b619f4b9f22a7e1def,1492301405,Matthias Bussonnier,1,1,1,1,1,1,35,0,0,0
ipython,51ce9d73b29b9782d7f8a2f5d3d2af64a7ff37a0,1492637210,Matthias Bussonnier,1,1,1,1,1,1,55,0,0,0
ipython,44d4253fc5750fd78922b7c8a6e86081cb7d0934,1492637486,Matthias Bussonnier,1,2,2,2,2,1,18,1,57,0
ipython,b26790f449e952c89de6011ea4490db9023e9558,1492906457,memeplex,2,3,3,2,3,3,149,0,0,0
ipython,d8a723e23c3fa405aeec71206ef0869e7b7059d4,1493074572,Matthias Bussonnier,1,0,2,5,0,0,0,0,0,0
ipython,96727fe2bf9c5840eeff09e736c9250fcbd72a82,1493202810,Thomas Kluyver,1,1,7,2,7,5,203,2,121,0
ipython,db6b540cec25fb048ef73ff0aacdd178d3790a03,1493715072,Min RK,2,9,102,6,50,35,1640,2,85,13
ipython,920ce1fb178f98506e637dc7513c891efb1fb79a,1493763228,Ignat Shining,1,1,8,1,8,5,182,1,66,2
ipython,eb72c200ebef2028750265c82dfda87728c751b5,1493911458,Thomas Kluyver,2,4,16,2,16,14,586,0,0,2
ipython,982d4bb240e9abb8dafa8f6d99524dbd044dbe54,1494005987,Ignat Shining,1,1,1,1,1,1,30,0,0,0
ipython,c64ca435c0cc7c9d89036a42870c1fac146534c1,1494029394,Matthias Bussonnier,2,2,15,1,5,5,286,0,0,0
ipython,dadd6f96c22e1e12dfdb181da31d205433f05ce1,1494133074,Matthias Bussonnier,1,5,8,13,8,8,249,0,0,0
ipython,d40cf3345c41c9b975465c7486f1a404b0d3dd7b,1494134911,Matthias Bussonnier,1,2,5,7,5,5,251,0,0,0
ipython,9ed177fcad48dbc8d60977128ccfc33675afc811,1494260759,Matthias Bussonnier,1,1,1,1,1,1,55,0,0,0
ipython,4de754aa096fee82c4db3e03a8b340c1f8cfbfb5,1494365172,Luke Pfister,1,1,2,2,2,1,76,1,51,0
ipython,3f115e379d6607eea674093d6f66fc2915e28369,1494509469,Ming Zhang,1,1,2,2,2,2,150,0,0,0
ipython,df2d43eb596bf45ff7a7fa335ab1f472f0a06155,1494514209,Sang Min Park,1,2,12,2,12,10,608,0,0,2
ipython,d43cb06fe4615ce2b7134c433482baad7f6abcaf,1494518184,Ming Zhang,1,1,1,1,1,1,51,0,0,0
ipython,7c44e109089d8d429532ca22ea2b1ca9583b9fc5,1494525175,Piotr Zielinski,2,7,40,8,13,9,584,1,87,3
ipython,4c229ca4b334c26d75da538ca5a89c4f69031dd6,1494526430,Matthias Bussonnier,2,8,37,8,21,17,912,0,0,4
ipython,9d022aaee13f528080ed92ef026eea9fb48a555c,1494526638,Christopher C. Aycock,2,4,38,6,7,5,289,2,116,0
ipython,f780c7917815fb9662f29f9a2d8f8d67770f44c5,1494524965,sagnak,2,1,17,0,9,8,450,0,0,1
ipython,09994903225d7cfd22f10a7847d0de21901ad5c5,1494527493,sagnak,1,2,2,2,2,2,126,0,0,0
ipython,acbb0ba1957fed082cbf9a589659b236dc6e4f46,1494525013,Sang Min Park,2,1,21,2,3,3,225,0,0,0
ipython,8a26bcf1e8cd336cf525b10bbe1ef63f66e46cdd,1494526430,Matthias Bussonnier,2,2,32,3,30,24,898,2,66,4
ipython,81fa5b3bd38b8c7f9d93650c5f5b8e2d659b840b,1494531946,ICanWaitAndFishAllDay,2,2,5,3,2,2,184,0,0,0
ipython,239ab4c57181e7f1013639d9b22eec5447f09f8e,1494531742,Jarrod Janssen,2,2,39,1,15,11,476,3,133,1
ipython,eec4268040a378a5bafa4e98df4e030b289d4f7e,1494535585,Steve Bartz,2,3,21,2,7,7,407,0,0,0
ipython,5567e00e33d8834ef2811472e9d30af2fea4791b,1494528230,Tory Haavik,2,4,8,3,8,7,448,0,0,1
ipython,6a51158f4ce22c0319b2443dbde225d5beec71f5,1494515285,Joshua Storck,3,9,55,7,21,19,667,0,0,2
ipython,c78cb18c80b048874a74229a71e84a1031231b2e,1494525022,ryan thielke,1,3,5,8,5,5,214,0,0,0
ipython,0a183e6be31eafff30221f52a22e11d1fce1e111,1494536498,Nick Weseman,3,14,38,9,30,26,1348,0,0,4
ipython,6c24cad22958dcd13379c0d16e6c07a7cbe2e931,1494620866,Sang Min Park,2,3,68,1,39,28,1494,6,247,5
ipython,6019f47074187b74703830702b34d819a1484c88,1494529145,Alex Alekseyev,2,3,27,18,9,5,301,3,113,1
ipython,f7d480e59dbe72139786b734f6da4d68abfe5513,1494685874,Thomas Kluyver,1,1,6,7,6,6,230,0,0,0
ipython,fee8c7d38d72df564852a593822fe04687e1a415,1494686718,Thomas Kluyver,1,0,4,1,0,0,0,0,0,0
ipython,ccacc9a6ae2367568fdfee9083fba7dddba83d16,1494715817,Matti Remes,1,1,5,0,5,4,137,0,0,1
ipython,13ade0ce9ef9fa6de2dda8e113d25af7de25a892,1494779588,ryan thielke,1,0,25,0,0,0,0,0,0,0
ipython,ffaa1475b4a000b5b2fcfb0e83690154738ddeed,1495092197,Srinivas Reddy Thatiparthy,1,2,0,18,0,0,0,0,0,0
ipython,e84c06c6e047eef61442a3ffbc24ae8f0eb50144,1495093474,Srinivas Reddy Thatiparthy,6,12,9,24,9,9,302,0,0,0
ipython,10821c63329b6ca997cbd074fe00e3e3e8cfe44f,1495130498,Srinivas Reddy Thatiparthy,7,36,29,39,29,28,1408,0,0,1
ipython,b0d4cc7a89834f05ca94fd02e612baf59c1a510f,1495435493,Srinivas Reddy Thatiparthy,1,7,9,5,9,8,567,0,0,1
ipython,9d3086370accb3c10efae0d7e4e6312aab40e266,1494110479,Matthias Bussonnier,2,12,57,23,57,50,1702,1,60,6
ipython,149fec5baf011d2a03f191765184f49b89b870f5,1494460174,Matthias Bussonnier,2,1,26,6,1,1,38,0,0,0
ipython,a2d5071a97e033fbda1782bad322e13f6eab81a3,1495599610,Matthias Bussonnier,2,12,20,34,18,18,972,0,0,0
ipython,c207357c2d7e62fb61ff9c33bf971f0488e26ace,1494703391,Sang Min Park,2,8,50,11,26,22,1035,1,22,3
ipython,bc3311abef161e2f94baf4c793dc5464dd82e37f,1495649217,Matthias Bussonnier,1,5,5,5,5,5,238,0,0,0
ipython,9bcecc2dc56d7a3c9b6f51239f9d5d01f14ca7a0,1495644596,Matthias Bussonnier,1,2,1,6,1,1,69,0,0,0
ipython,adf10a5ad2206ae7703913396b39bbeb4137ab23,1495602755,Srinivas Reddy Thatiparthy,14,16,1,20,1,1,40,0,0,0
ipython,8e864e7cccdb6151ce2645170c181d12f21eae17,1495610872,Srinivas Reddy Thatiparthy,3,7,3,13,3,2,48,0,0,1
ipython,bf225856d3a0d77a7cad7f778490c014fa923da8,1495616757,Srinivas Reddy Thatiparthy,8,12,10,20,9,4,172,3,76,2
ipython,d7af1ed20f833007310a7eef63d8b1fa73dd390a,1495740643,Matthias Bussonnier,2,2,0,7,0,0,0,0,0,0
ipython,f6cd7c62eb89e5fa2ab0579d1c5be4df2aa38260,1495750601,Ximin Luo,1,2,9,2,9,9,501,0,0,0
ipython,43a79e634ecc4f6ad2cb4c9a26997b5755ebb279,1495751664,Ximin Luo,1,1,2,2,2,2,186,0,0,0
ipython,c390ce47a33936dd2763ad97a4026dddf4651b30,1495758276,Matthias Bussonnier,2,0,45,40,0,0,0,0,0,0
ipython,7c6751e0e0b33cbed69332be300b4fb529590a8a,1495775268,Matthias Bussonnier,1,1,1,1,1,1,59,0,0,0
ipython,10be44cf0cc589d64c67f168ab1e47b07ad8cfdd,1496021645,Matthias Bussonnier,1,0,20,0,0,0,0,0,0,0
ipython,e063f115860d6d513116e092d23c82b295366e8d,1495648119,Matthias Bussonnier,2,7,98,3,98,74,2846,0,0,24
ipython,1dc063dbc79d60a0ebd96ee6b4fa4ed537540f13,1496022986,Matthias Bussonnier,1,12,28,13,28,22,1045,0,0,6
ipython,86afc59f476df2f5a2588b1fe359b6287bba232b,1496195199,Aditya Sathe,1,2,0,8,0,0,0,0,0,0
ipython,717478ef4d9a0c0e04ee22b8cb227af766cd27d1,1496199485,ryan thielke,2,1,9,2,2,2,72,0,0,0
ipython,a137755891640dc88d5a503970cd476201094e65,1495653460,Matthias Bussonnier,2,8,86,10,38,35,1898,0,0,3
ipython,d86648c5decf384cf7182b7214d01429cf9e6047,1496270182,Matthias Bussonnier,1,1,1,1,1,1,55,0,0,0
ipython,5921317a483f3bbe17e59d136b6cc1d4b7444b40,1496270240,Matthias Bussonnier,1,2,2,2,2,1,18,1,57,0
ipython,08c3ab2a7464f612043342ab4d09a37ac319ecab,1496348052,Mradul Dubey,1,2,7,2,7,4,140,1,25,2
ipython,bac5a80961b515effa9b1d08896d020e3b0850cf,1496348803,Mradul Dubey,1,1,1,1,1,1,42,0,0,0
ipython,4883c32a14686942376c06e7d5f1943d146a2ffc,1496362642,M Pacer,2,12,33,7,31,26,1048,0,0,5
ipython,4692abe0e0bf2abefde6060d8252123a07b12076,1496407653,Thomas Kluyver,2,1,11,0,7,2,136,4,222,1
ipython,e87bf3c85da6e1ea2de60f066494dffc3b968ce0,1496549565,adityausathe,3,6,17,8,17,14,842,3,225,0
ipython,c8dacdd3a48d001a1abd15ea56a39606e79a9d40,1496551623,adityausathe,1,4,7,4,7,6,408,1,75,0
ipython,ab17345d7bdca65da95e14238cb6d7b3968f2c6a,1496629895,adityausathe,3,0,40,40,0,0,0,0,0,0
ipython,e8c3f90d00a145f8609b1fb46ad3e1de3b4f5b4e,1494027520,Matthias Bussonnier,4,23,98,20,85,65,2900,1,23,19
ipython,c997a27fd03cf0b050d2d6e20c75261ecdd92cdc,1496753593,adityausathe,2,4,14,4,13,9,444,3,212,1
ipython,60c58508261eb5312237401a0e7684ff881a99a9,1496754599,adityausathe,1,0,1,1,0,0,0,0,0,0
ipython,853757dfd0dd75ce92c76e479aab6e34dabb2813,1496846788,Min RK,1,2,9,0,9,5,222,1,59,3
ipython,4e7bf8daa9ab3271ff7df0b5c88eb8e555a9fba4,1496846850,Min RK,1,4,8,4,8,8,448,0,0,0
ipython,4ba9dc2c8c19f4abe120427e6eaf008e755ecb64,1496884049,jus1tin,1,1,1,1,1,1,80,0,0,0
ipython,3befebeba8412948de52f72453a02f997219c647,1496938335,adityausathe,5,6,68,72,7,6,325,0,0,1
ipython,1370a79a44d9b8d72ad4918740fb05ddf75952ab,1497020011,Srinivas Reddy Thatiparthy,1,1,0,7,0,0,0,0,0,0
ipython,6d2b31146a00a1fbe8a36a8609daa0e9a8b13018,1497073125,adityausathe,1,3,17,2,17,13,493,2,125,2
ipython,3e6da664ad546aa8e962e39e83c764c2202fcf40,1498028900,jfbu,1,1,7,1,7,5,143,2,118,0
ipython,1a6d0237b76ad70a4dcfb3976f20edd4a08bfd8c,1498039819,jfbu,1,1,1,7,1,1,42,0,0,0
ipython,4515e2f5ddd3ada8ae13d13893b6ab990e4beda5,1498468180,Min RK,1,1,4,6,4,4,122,0,0,0
ipython,247482b8ab0a044eaae656b5d34b85de16c61791,1498492377,jlstevens,1,2,0,5,0,0,0,0,0,0
ipython,3a2b58416d426d052775cff8da6b726a32ac0b82,1499089051,Thomas Kluyver,1,0,1,1,0,0,0,0,0,0
ipython,93aa9ad9297fae10893bcb62ce9a24a1f6c96d99,1499830381,Srinath,1,1,1,1,1,1,64,0,0,0
ipython,5017bbe2664125b43c868431abbf935f9b5b55df,1499939449,Ritesh Kadmawala,2,1,13,2,1,1,30,0,0,0
ipython,0e61d1c35af1c24b43fe2ae35730ae201aee77b6,1500331012,Sudarshan Raghunathan,2,4,16,3,5,4,414,0,0,1
ipython,24cff0f18bb20a5d40db35bb7fe417f353492682,1500473146,Jean Cruypenynck,3,5,5,5,5,3,227,2,127,0
ipython,ed986febf864c484994388e0c95e5e8e97eaa814,1500475939,Sudarshan Raghunathan,1,1,4,0,4,2,105,1,53,1
ipython,db0dd204724fd966b73ef5ba1a41052a30266bde,1500481388,Sudarshan Raghunathan,1,4,10,3,10,8,389,1,29,1
ipython,2c1e55b78229ea7ee5e65c00bf1021cc0e53b160,1500544704,Jean Cruypenynck,1,1,1,1,1,0,0,1,57,0
ipython,206018ec81027ceac6b1267725a15d0167ab7e7d,1500568887,Matthias Bussonnier,1,2,5,3,5,3,177,0,0,2
ipython,767f2a91b8fa7be52a65e66cc8e8895a7e6f135e,1501114036,Grant Nestor,1,16,43,10,43,36,1535,3,124,4
ipython,32535b46b2f917f5f3b13ce362461063906b4dbd,1501166562,Grant Nestor,1,2,2,2,2,2,120,0,0,0
ipython,996d741468768800e0b2350d7e642b5f0dbe6cd6,1501170577,Grant Nestor,2,5,23,2,23,16,620,0,0,7
ipython,6411d636b1eb5ee45df74a9356856aa60b5c209e,1501170590,Grant Nestor,1,4,4,7,4,4,175,0,0,0
ipython,1c4243dc417e887b407f4cba75204112ff8334e7,1501194004,Grant Nestor,1,0,2,2,0,0,0,0,0,0
ipython,6292760f1c02d09572112126e1984a9cb5e06366,1501293859,Antony Lee,1,1,2,1,2,2,65,0,0,0
ipython,9fc4e1feac096be37903d080d476de1fc8cc8828,1501298032,Grant Nestor,1,3,7,5,7,6,253,0,0,1
ipython,99ba8a6afee2ed06023c9c0a281bb85c7a424bd6,1501298065,Grant Nestor,1,0,2,2,0,0,0,0,0,0
ipython,d1de76c231ea0645b31ffe404bff83b513471013,1501356463,Segev Finer,1,1,19,0,19,18,779,0,0,1
ipython,53225d548c3bac543f27a2131185f370ca8c2ee6,1501492704,Thomas Kluyver,2,1,10,4,8,5,194,2,98,1
ipython,2563ff8facbc2bac29500f5e49b4d41517fbc77a,1501615240,Erich Spaker,1,0,22,0,0,0,0,0,0,0
ipython,cc93d67a134a0fe4bbad77dd96fdb28c43fd3c26,1501619780,Erich Spaker,1,0,2,2,0,0,0,0,0,0
ipython,51ae2f6821d60a481290ba7893b615c6e8e52ee3,1501697397,Erich Spaker,1,0,22,22,0,0,0,0,0,0
ipython,fcf4c9c226f8226ef10994095e41eeb882a858b0,1501857005,Thomas Kluyver,3,0,77,1,0,0,0,0,0,0
ipython,83c29e759df43d279c682c6723b06d4edad2e21a,1501858242,Thomas Kluyver,1,0,37,3,0,0,0,0,0,0
ipython,951b3c7f4e201ec8f08e6987000a53052101a36f,1502117769,Min RK,2,2,31,2,2,2,116,0,0,0
ipython,1b9c2c8b08858cc20a070a61bc72725414aab2e3,1502209886,Min RK,1,5,5,9,5,5,220,0,0,0
ipython,f0474411559622555df0814be3741da9bcfd4d15,1502289965,Min RK,1,1,11,2,11,4,121,7,318,0
ipython,4189eb77e029845303f85ec19b4af73ad4f69eeb,1502400131,Matthias Bussonnier,1,1,4,0,4,1,26,2,125,1
ipython,907316f18d17f054762448e84e5eb87f29129ac3,1502722387,Thomas Kluyver,1,5,10,6,10,8,460,2,110,0
ipython,c78c51a790aeba360ca09df20d07097ef06aec1f,1502796109,ormung,1,1,1,1,1,1,97,0,0,0
ipython,a03020c537a48be28af2c20e8eb7a5c8b0991e5b,1503060437,Min RK,4,23,49,90,39,29,1239,0,0,10
ipython,5110222c1d06c2b9c04864fecf8ec25f79749f7e,1503061032,Min RK,1,1,2,1,2,2,67,0,0,0
ipython,9c9909fd3feeaa8c79f480b9ea47e269124b43bb,1503757095,Marius van Niekerk,1,2,33,1,33,27,900,0,0,6
ipython,bc48368ad57a8b70ac2d28e5eb7d42cf5419565c,1503757585,Marius van Niekerk,1,0,6,0,0,0,0,0,0,0
ipython,097d306ffe5533d9913e914cbc7c47b4f594429b,1503757993,Marius van Niekerk,1,1,1,1,1,1,33,0,0,0
ipython,2fb8f6a559aeaa9e6e45d468e76f5b8d5d86994a,1503758003,Thomas A Caswell,1,1,2,1,2,2,67,0,0,0
ipython,127b45b9866f2b9dcf0a1f880eebcf554a79ee5c,1503758047,Thomas A Caswell,1,2,1,1,1,1,27,0,0,0
ipython,68d3047f79b6ed554fc22e8afa2f8de0f788258e,1503759684,Marius van Niekerk,1,2,5,4,5,5,284,0,0,0
ipython,a05208da42dbf6980a5d7cf8bbc0a5184b739006,1503760529,Marius van Niekerk,2,3,15,4,14,13,546,0,0,1
ipython,08e33ce9170e7c0901b9fe351ee080d35946e7ea,1503760836,Marius van Niekerk,1,0,3,1,0,0,0,0,0,0
ipython,c67a2cbcee33abb69d5ff6bba1ef322c09b29cab,1503761162,Thomas A Caswell,1,1,3,0,3,3,73,0,0,0
ipython,813a6dc7d5d7b39b3e689c8ac7b0658f01d79c6b,1504187244,Jeroen Demeyer,1,4,19,11,19,18,538,0,0,1
ipython,c6f6e7d723d0146671fcceb4232959cec67cf2b4,1504192650,Steven Maude,1,1,1,1,1,1,71,0,0,0
ipython,d89b9daafdad8b20ebfecec799fa2254fbb3c0f4,1504364858,pepie34,1,1,1,1,1,1,37,0,0,0
ipython,ad36ec9d714d88c5d06dcb44068a12182afb5615,1505123457,Thomas Kluyver,1,0,1,0,0,0,0,0,0,0
ipython,5a613e02854f73d1aab6c918b3395368dff59fb3,1505170646,Matthias Bussonnier,2,3,36,4,18,12,468,3,130,3
ipython,f1001769dbe9b0ab711e9b075d29965bc3dc3893,1505172801,Matthias Bussonnier,1,0,3,2,0,0,0,0,0,0
ipython,1ad6a29546a92684f724ffdd1597476eb06998b8,1505246004,Matthias Bussonnier,1,1,10,5,10,10,398,0,0,0
ipython,1ce57fed5113a195dab05a3022f8b887c43ed512,1505240299,Fabio Niephaus,3,3,67,1,47,39,1251,0,0,8
ipython,d58a6ec24c39c9f5b500a348f60eaf598dc52f35,1505316480,Matthias Bussonnier,1,1,6,0,6,6,210,0,0,0
ipython,daa2af3d5f8fb2cd7eba7c239da56fe30aad2431,1505471378,Thomas Kluyver,2,8,10,10,10,10,302,0,0,0
ipython,34c78690a90ee2eec1d0e8c2149851327d1c45f1,1505471500,Thomas Kluyver,1,1,2,0,2,2,82,0,0,0
ipython,80cec70fcc5e78102f72e20846a7daedeb16e363,1505497457,Matthias Bussonnier,1,1,1,1,1,1,55,0,0,0
ipython,3440f2683d77d7fda9135bef5a005d76bc41a7c2,1505497593,Matthias Bussonnier,1,1,1,1,1,0,0,1,56,0
ipython,84bcdc3499c6cd3b8ccbf1ea5ed9a74be7b6205d,1505743062,Henry Fredrick Schreiner,2,1,21,1,13,11,345,0,0,2
ipython,4a4b2a0ce9be8d7dd7a4904f461f967a5c62eb61,1505898737,Thomas Kluyver,1,2,2,2,2,2,70,0,0,0
ipython,1284ba39b709cc5d55f52befe0009995eedb818b,1506107289,Matthias Bussonnier,1,1,1,2,1,1,23,0,0,0
ipython,791c97ac682fb7a204434246a1ee3a7fbf8c73b5,1506117420,rs2,1,2,2,2,2,2,98,0,0,0
ipython,3354940e0dc2df481fe16500539e9684df2a9e07,1506326853,Gergely Nagy,2,1,4,3,3,3,162,0,0,0
ipython,f20ea35fd76591bd9d1310edce943e59d062b147,1506365439,Matthias Bussonnier,1,1,1,1,1,1,51,0,0,0
ipython,4a26161aab654f8ffbbdf2907add45c43c60081b,1506457717,Ismael Venegas Castelló,1,1,1,0,1,1,20,0,0,0
ipython,3aff1e365ab5d0b38cee1f50a5281d76c7f3302d,1506524793,Thomas Kluyver,2,1,7,1,1,1,36,0,0,0
ipython,f4e744063a902b33ca3d778a5ba018850e66a111,1506528824,Matthias Bussonnier,1,1,0,1,0,0,0,0,0,0
ipython,b40ef46ef7c407f2041b46476a8d907630d61101,1506038813,Henry Fredrick Schreiner,1,0,7,5,0,0,0,0,0,0
ipython,73897c47fba334cd146d57ee0a81821d1afd50f5,1506530373,Henry Fredrick Schreiner,1,3,3,3,3,1,89,0,0,2
ipython,8a2041e7736cb2198eb7a50c9e154d5ce6d415b2,1506593440,Thomas Kluyver,2,1,13,2,5,2,63,3,154,0
ipython,13328af1d520ee5c3e9a472a20d62f8497ecdeb3,1506625248,Craig Citro,1,0,20,8,0,0,0,0,0,0
ipython,d73e5f74142b758267bee822059db92513a611e2,1506653771,Henry Fredrick Schreiner,2,26,34,30,34,11,589,0,0,23
ipython,0fdcb43a9b4fa4282cd6ae8bb4186b6d80d5a01b,1506572488,Craig Citro,2,3,33,2,7,2,59,5,260,0
ipython,36f05a33a86b4f0d756ca5ef7eedbf9395824296,1507190973,Fabio Niephaus,4,16,82,45,59,52,2142,3,143,4
ipython,8ed324e798273346ff1d7b0f317cd271f7c0b939,1507192259,Fabio Niephaus,1,3,3,2,3,2,97,1,57,0
ipython,f80e9d17a17d3e99b8c12a4627f74cbaedb695b2,1507742021,Hugo,1,1,5,0,5,5,243,0,0,0
ipython,6201d1f12df75af6b375985b1e83d616bad70a94,1507799601,Thomas Kluyver,1,2,3,1,3,1,77,2,133,0
ipython,33c017a87fa0b40bf9ff7b652a24fb0d51d9ee3d,1507799940,Thomas Kluyver,1,1,1,1,1,1,45,0,0,0
ipython,2c81acc259111c09654ee2047844ba8aee862e82,1507810789,Fabio Niephaus,5,20,85,50,71,56,2659,1,47,14
ipython,7de483b5fdaa99fa289b418ce0efc5102287ba64,1508317609,Fabio Niephaus,4,22,40,66,34,30,1532,1,65,3
ipython,fe198808e5d3221f7541edcb5ff33d31230927fd,1508496379,Hugo,1,1,1,5,1,1,50,0,0,0
ipython,68ce5deaeefe4d8b8c4672ce5424a8d5dfd4c91c,1508713750,Antony Lee,1,2,3,10,3,3,124,0,0,0
ipython,7775e29e7d6cde23684d1404a772008614a2163e,1508724465,Thomas A Caswell,1,1,5,2,5,5,187,0,0,0
ipython,d3b4ee4cda45c5c4ac122e136ddfc18fb2a19ac1,1508841720,Thomas Kluyver,1,1,2,2,2,2,10,0,0,0
ipython,77b36a9fd110b91db24557b7648ab4d325fde014,1508937262,Hugo,26,24,133,245,116,94,3644,6,258,16
ipython,9db6129411de0f306991893351bcb5d124c2f3c0,1508937641,Hugo,1,4,7,4,7,3,131,0,0,4
ipython,8dea3f6f0f38b7bddef91a2db9238837b0513ce3,1508802661,Thomas A Caswell,1,0,13,1,0,0,0,0,0,0
ipython,3abd0c29098fdfbf50687c3561eec7adde55bf26,1508802767,Thomas A Caswell,1,0,4,2,0,0,0,0,0,0
ipython,92dac38f02551a6b08b0acb644701a17609e92ff,1509649115,madhu94,3,2,36,11,6,6,180,0,0,0
ipython,32a928338b12d0bcf6b911d96849b9585dd946df,1509708070,Thomas Kluyver,1,0,3,3,0,0,0,0,0,0
ipython,b027fd81d6f6ac42d6f11cbc3c9c343d13fd4e33,1509712612,Rastislav Barlik,2,2,4,4,2,2,120,0,0,0
ipython,1bcd59262611a573234ec5aeddbeba99ed82a2b5,1509897718,Rastislav Barlik,2,1,8,2,7,4,149,2,27,1
ipython,d3244b06725d06bc0ffbe8fd5c225260678adf0d,1510572417,Thomas Kluyver,1,1,3,2,3,3,184,0,0,0
ipython,9a8bdb911852f39b808bfd8cd8f1f52a6b5ae9c7,1510581943,Thomas Kluyver,2,2,12,2,2,2,96,0,0,0
ipython,237965d21fe0aaf5984bad7eed56a1904e7f0aa4,1510660492,Thomas Kluyver,1,3,0,4,0,0,0,0,0,0
ipython,693ddad68ced6b905b289d89fbc11ddc80fac7b2,1510660540,Thomas Kluyver,3,8,48,43,16,11,449,4,272,1
ipython,32736b07d3aa4c8499160bc376fe57be42048311,1510666011,Thomas Kluyver,1,10,28,13,28,18,775,2,76,8
ipython,4b27fd6b08b409aa24b24e87429c5ebf0759ccae,1510738262,Thomas Kluyver,1,1,6,4,6,0,0,6,347,0
ipython,a9c22a6dbac29e3303671ca564b4321bc702b01c,1510738488,Thomas Kluyver,1,1,5,0,5,1,47,3,192,1
ipython,c89cf7669ea8ec977e8c60a7ee7cef461bcf011a,1510905900,Joris Van den Bossche,1,1,0,8,0,0,0,0,0,0
ipython,6667a88e3a763e5db728d2c15b8cbd7d5a1376fa,1511207368,Doug Latornell,1,1,1,0,1,0,0,0,0,1
ipython,fcbe9bad8ba3372ffc3fd9cda495c84c57631a23,1511214827,Doug Latornell,1,0,7,7,0,0,0,0,0,0
ipython,d40fd8cee4f0d8e3b2748c305cd0ea45ad75d86e,1510850318,David Straub,2,4,33,4,5,4,162,0,0,1
ipython,59ac827b77c7fa2bb213c38543b765a53cbce4b3,1511287476,Olesya Baranova,1,0,1,0,0,0,0,0,0,0
ipython,2392b55ff943beec1d5b72d3bb6fa068d009064e,1512075828,Ivan Gonzalez,1,1,1,1,1,1,113,0,0,0
ipython,8b5c5dedeae27ae718410d1873fa9255300ddffc,1512076664,Ivan Gonzalez,1,1,2,2,2,2,190,0,0,0
ipython,25e5bb5081b412a50c4fa4b622987bddb73602c5,1512136307,luzpaz,22,21,29,29,21,13,858,8,444,0
ipython,2ef752bdab801d21ac6b2ef88596889563b68004,1512750464,Corey McCandless,1,4,9,1,9,5,222,0,0,4
ipython,2e1b50068f18f50136cc40aba3ccab32e91e20f7,1513095744,Corey McCandless,1,2,3,1,3,1,43,0,0,2
ipython,e6cf2eb4b8cb6db20aa1f3ba234a05aa63b91550,1513095771,Corey McCandless,1,1,0,2,0,0,0,0,0,0
ipython,87a6c2de3ff6467728bfd2d269aad9a29dfaef18,1513217343,Roshan Rao,1,1,1,1,1,1,82,0,0,0
ipython,db35a8bde3ecd728fd1071c4fd883cc106431ae5,1513627455,Peter Williams,2,2,2,2,2,2,165,0,0,0
ipython,1af5a3278653bba2d2cc80f369caf57aaf7f8f7d,1513769766,Thomas Kluyver,1,2,3,3,3,2,79,1,14,0
ipython,89e72e56416d8356bacd941f8ae444f116c15917,1513774344,Thomas Kluyver,1,3,10,3,10,5,238,3,158,2
ipython,324eddd415640132c8d599479dddc5bb5768099d,1513856788,Thomas Kluyver,1,2,4,1,4,3,152,1,72,0
ipython,9fbb32b9dc7fc7075aae6b7be7c1b0642abbb8f0,1513862684,Thomas Kluyver,2,1,19,1,4,3,186,0,0,1
ipython,0ff4a21cf9ed442f97b59117b7d6fe491a27bce1,1513863113,Thomas Kluyver,2,9,15,24,9,9,492,0,0,0
ipython,febe9ec4f633201b68855f3a39e0eaeafec16a3f,1513863888,Thomas Kluyver,1,1,3,1,3,1,44,2,140,0
ipython,98c4cb9b8f6ec1c5a2e73d0adb2619a9acdafdf9,1513865707,Thomas Kluyver,1,0,1,1,0,0,0,0,0,0
ipython,2578fa7b4193cfb5a021ee7af5c6d2811659b0b0,1514028401,Sjoerd de Vries,1,4,16,4,16,14,511,0,0,2
ipython,db899f4885a5ee9b4e0fc71a0010e4b698c57343,1514675187,Antony Lee,1,5,20,2,20,15,617,3,144,2
ipython,f2d2c3e3a92910c9d43e4fcf92d894be4dc22f82,1514995455,Thomas Kluyver,1,2,2,2,2,2,126,0,0,0
ipython,c69e0c2aecf37ef9e672a88dc870ffd62c789775,1514995459,Thomas Kluyver,1,1,14,7,14,14,416,0,0,0
ipython,f8442810c60f5bb376b63b851485c4dc956e2eb6,1515001234,Thomas Kluyver,3,5,41,25,14,11,305,1,44,2
ipython,a1097c7e0731928d275a262ad14a422346d1fd91,1515687421,Thomas Kluyver,2,3,35,2,31,26,1197,0,0,5
ipython,902faaab19b96018fbf13a0816672550fbefd722,1515688729,Thomas Kluyver,1,1,17,0,17,15,534,0,0,2
ipython,ddfa1ba012793927a1380e6d0fdbb5291b850b62,1516135677,luz.paz,16,11,18,18,11,7,435,4,207,0
ipython,68287914e3613ded25f30c2ff501623fe52005b9,1516273208,Thomas Kluyver,1,1,3,0,3,2,47,0,0,1
ipython,3db817966086e36b05022f77d70e4983420573d9,1516800389,Min RK,2,5,16,5,7,6,227,0,0,1
ipython,b45d30f8ec71bfdfc11d84470830395c82a34706,1516806698,Min RK,1,0,2,0,0,0,0,0,0,0
ipython,2903df30ec5ce51ac0abcdf12a90ce5d5fb380c1,1517751067,David Cottrell,1,1,1,0,1,1,53,0,0,0
ipython,f61b571741165844cbadf0716450bc2511f1fbae,1518446007,Min RK,1,6,5,11,5,5,211,0,0,0
ipython,61a08c53e22b203fd5d4ff50d8126a1e43808f15,1518980126,Shailyn javier Ortiz jimenez,1,2,5,3,5,5,274,0,0,0
ipython,8f9be5ca73d2595606d52df0d7ac8e1f40970989,1519085016,Sourav Singh,1,1,1,1,1,1,99,0,0,0
ipython,333a6a8051b83983e8b4236abea32c7ae4dcc811,1519096008,Shailyn javier Ortiz jimenez,1,2,5,5,5,4,210,0,0,1
ipython,95586c29063d0c37cf5284a98757388c1909b7cb,1519622198,Matthew R. Scott,1,1,1,1,1,1,61,0,0,0
ipython,699187347348687055edcce746d1e4c701f8e864,1520417137,Thomas Kluyver,1,1,1,1,1,1,85,0,0,0
ipython,e5cc858b6d54bbfe1bc8df0b60d4e71a2c16eb63,1520794362,Samuel Lelièvre,1,1,4,1,4,4,288,0,0,0
ipython,b359deb7b7e3e9c4e895522f9b2b4d4195873d51,1520844303,Thomas Kluyver,1,1,20,0,20,17,639,0,0,3
ipython,2b7413d59cd532bc4beb36446aba8a3668e5f24f,1520867366,Samuel Lelièvre,1,2,11,4,11,10,589,0,0,1
ipython,d6481f4ff993f5ec0bfe8a0340516c07839f9530,1520950140,Samuel Lelièvre,1,1,9,9,9,9,591,0,0,0
ipython,716617c10fa1e29c1faddb389f8db30ae595e6e9,1520682158,Thomas Kluyver,1,1,203,0,203,160,6187,7,273,36
ipython,b03685d46e77a6bd0dcdc9a1998c38c6d2ba6667,1520682991,Thomas Kluyver,1,0,37,0,0,0,0,0,0,0
ipython,0bfa62d5f18f06b915b3c5b1588e60606756c6df,1520684441,Thomas Kluyver,2,2,76,7,53,43,1854,1,48,9
ipython,cd9d840db7a3b1326e01d78ab68c37df6212e6be,1520686214,Thomas Kluyver,2,7,37,28,31,26,1305,0,0,5
ipython,ebf5f9380b2bc4f2282faa175aa484d2c96fb7be,1520687593,Thomas Kluyver,1,1,10,0,10,9,275,0,0,1
ipython,d6906bd80e379003a9e2bf8bf40b54e940ba8f12,1520689598,Thomas Kluyver,2,1,137,0,115,87,3726,8,519,20
ipython,85e2ce617226b984655f1e486d968dfc4d2fc255,1520693264,Thomas Kluyver,1,0,41,0,0,0,0,0,0,0
ipython,119ffdc3a56b7f48ffe6639e848cd58dbc4116a0,1520698782,Thomas Kluyver,2,17,196,89,93,72,2997,6,340,15
ipython,c973467a8d2a2144ce1c7d01a5ad4d1134becc75,1520705479,Thomas Kluyver,3,2,28,7,5,5,216,0,0,0
ipython,abcad473a4d714cfd582df78fa005d0597eea887,1520706206,Thomas Kluyver,1,0,69,2,0,0,0,0,0,0
ipython,155f88eccc2a6dfdd19f0246953f9e9b7fa05de6,1520708149,Thomas Kluyver,3,11,31,40,25,23,911,2,70,0
ipython,5c926f4453a699903852e300a8193f78ecf71324,1520711673,Thomas Kluyver,2,7,105,3,96,73,2844,8,465,15
ipython,e682b1b8d988f9d7d235bf2eda59768d54aa6657,1520713703,Thomas Kluyver,2,2,17,13,9,6,214,1,81,2
ipython,cb75e300d8208e6185b5879fec1a88884cb1b64a,1520714680,Thomas Kluyver,2,4,12,9,6,5,260,1,23,0
ipython,f0f462a4f9d78683a21694d51ade3ce923f0815d,1520714912,Thomas Kluyver,1,1,1,1,1,1,41,0,0,0
ipython,37c2ce6ac2774de438af531f99ef88322d7eb7cb,1520718695,Thomas Kluyver,1,1,1,0,1,1,21,0,0,0
ipython,7d0b7d7b1922a7880ef8576d5d9bcb90f0ea33e3,1520718706,Thomas Kluyver,1,0,6,12,0,0,0,0,0,0
ipython,410357a14ed7f2c537e11b0f9f6ccf5f3e440063,1520723478,Thomas Kluyver,3,6,6,6,6,6,484,0,0,0
ipython,f82fbccc91724dcadf97ba516dab81078d05a815,1520723539,Thomas Kluyver,1,1,0,1,0,0,0,0,0,0
ipython,6f9a2c4b37011248e45946ed1e3789b85ef28921,1520724051,Thomas Kluyver,2,5,7,6,7,7,395,0,0,0
ipython,d4835dcfa62afc6d4179b68299f22b3ff29043a4,1520724228,Thomas Kluyver,1,1,0,1,0,0,0,0,0,0
ipython,25fe7da270300ce142379f43fd902ef0c3daabe5,1520724483,Thomas Kluyver,4,4,4,4,4,4,224,0,0,0
ipython,990fa8fc0e019a74bf8d5b66050d6785cdc38133,1520758132,Thomas Kluyver,3,3,15,2,15,8,498,2,99,5
ipython,c49759dc68c583b4ec97bada12f06c40ee10b4e0,1520761615,Thomas Kluyver,1,12,34,15,34,28,1340,5,355,1
ipython,d3f53eb70fedeb09becf85a95fc27d566e36dbb6,1520762047,Thomas Kluyver,2,11,12,602,12,12,626,0,0,0
ipython,19e1c8efd8bbf1f171f5c3660d03a7b8e24d64e2,1520762913,Thomas Kluyver,4,8,6,8,6,6,352,0,0,0
ipython,994129b7702a687e44d1b2cd825cccc70f602f86,1520805406,Thomas Kluyver,1,2,4,1,4,4,187,0,0,0
ipython,67ef47820e1d6ee9f7f996b24d14e3523ac4096c,1521529169,Craig Citro,1,1,1,1,1,1,13,0,0,0
ipython,23236d0e72325372d415a39aa17e28be9ce08e70,1521788606,teddyrendahl,1,1,1,1,1,1,40,0,0,0
ipython,707258ee4770c89406386682e1fbe7a8e5efde96,1522177563,Cristian Ciupitu,1,2,2,2,2,2,68,0,0,0
ipython,164e1b2e45e58652fc3aa18e60358f957637581f,1522180388,Cristian Ciupitu,1,0,8,0,0,0,0,0,0,0
ipython,4fbe14d8643d586a9ea81c992d8a7917ed309c00,1522232719,Cristian Ciupitu,1,3,4,2,4,4,217,0,0,0
ipython,609f248e7ee650c984cdad48c2f33c6b032404ae,1522295860,luz.paz,2,3,3,3,3,2,83,1,49,0
ipython,a7c1dc6f2fdc9e796cc5e0bf6bd5e139f1a3711c,1522344276,luz.paz,1,1,1,1,1,1,13,0,0,0
ipython,f569b76de35d61556d2f56bdc6ab72fa443844de,1522493654,Thomas Kluyver,1,2,1,2,1,1,82,0,0,0
ipython,86b889049ef1ee1c896e4ab44185fc54ef87a2c0,1522608972,Matthias Bussonnier,1,1,2,2,2,2,157,0,0,0
ipython,d3db636b4c00893c857d228b91a28d7c85c4e7b4,1522660668,Thomas Kluyver,1,1,1,1,1,1,76,0,0,0
ipython,099ef36b029a8e1aac7eebcf949aaaa0ebe103bf,1522664128,Thomas Kluyver,1,0,1,1,0,0,0,0,0,0
ipython,d0523f894552351f03b9dc5fc399a99c65549bd7,1522665107,Thomas Kluyver,1,0,1,1,0,0,0,0,0,0
ipython,c6262119cb6d47550193306850e1d63b5f385782,1522665127,Thomas Kluyver,1,2,2,2,2,2,73,0,0,0
ipython,5fbd6ea5d638271bb9c78d535a30f4b4dad8ecd2,1522665177,Thomas Kluyver,1,2,2,2,2,1,18,1,57,0
ipython,9a78826ab4b22f3ff300aa15400e5d14cf29dd0c,1522665495,Thomas Kluyver,1,1,2,2,2,2,36,0,0,0
ipython,006688b54d093e382beafc3efb0c4977af363bef,1506429988,Thomas Kluyver,2,3,6,8,3,3,114,0,0,0
ipython,568c746fecc3d3f8aa9a61d2e02bf7b1521ec5c3,1506430453,Thomas Kluyver,2,1,2,10,1,1,24,0,0,0
ipython,3d62c224c5282d6d0a5a8c154b278fa8af35e70f,1506432916,Thomas Kluyver,1,0,2,2,0,0,0,0,0,0
ipython,1b7d82f1fb3ef43fc67c0d9755704b10ee394c10,1508761809,Hugo,4,2,5,55,0,0,0,0,0,0
ipython,c73130885aa2b64e7e7c95c6951fe88823f1323b,1522666710,Thomas Kluyver,2,2,4,4,2,2,86,0,0,0
ipython,69a22c2c6b1bf77b25e698f14a65e40b0fe2f40a,1522712312,Matthias Bussonnier,9,5,19,38,2,2,77,0,0,0
ipython,8a5380dd37f826db7486d56ad282039da695d190,1522774188,Matthias Bussonnier,1,1,0,15,0,0,0,0,0,0
ipython,03b8e9f9f745f77800b0dc41b51a80f41a040b88,1522775298,Matthias Bussonnier,1,8,10,11,10,10,705,0,0,0
ipython,859b4eb5db50cbac06f4d987bc7292d68660ae18,1522947648,Thomas Kluyver,1,1,1,1,1,1,40,0,0,0
ipython,7a0f0a8b5212c93f588262dbbc62f42db05a3ec5,1522949139,Thomas Kluyver,1,0,8,0,0,0,0,0,0,0
ipython,95a0c1e496eb97fce8766e8eb89be855de6207d7,1522949570,Thomas Kluyver,1,0,1,1,0,0,0,0,0,0
ipython,49de6e5aa8e6840d78aafd042bfc6e361018b988,1523003528,Thomas Kluyver,1,1,1,1,1,1,55,0,0,0
ipython,f0bb600dd8d5c0f01f9f8e9c6941f6ef5049e0eb,1523388720,Thomas A Caswell,2,1,9,2,3,3,65,0,0,0
ipython,9c4b47a32680bca8bf1603ea63c6b9211789f336,1523612004,Subhendu Ranjan Mishra,1,2,1,6,1,1,43,0,0,0
ipython,29ef2a0f33c49b2d5db93cebf9d7188c08697c15,1523613029,Subhendu Ranjan Mishra,1,1,1,5,1,1,63,0,0,0
ipython,bcdb55b3a0accae46f5ccdb3c002f8b08fe08770,1524005369,Matthew Seal,2,1,9,1,1,1,73,0,0,0
ipython,2723e3baca49a9429bbed6a7d517b1157f786670,1524006879,Matthew Seal,1,0,3,0,0,0,0,0,0,0
ipython,39bd53aeb46e4f17c58bece3a9352a2f5ba9d57c,1524846131,Thomas Kluyver,2,4,12,5,8,8,266,0,0,0
ipython,582e344140ab4f0dee068093404741f3c1132b16,1525199716,Thomas Kluyver,1,0,15,15,0,0,0,0,0,0
ipython,1e1a3cd0fb2bdc9d5c2e5ddbe6018326d6dbca6d,1525923520,luz.paz,3,2,3,3,2,2,156,0,0,0
ipython,50b3e0b704b287d186797dc846905436b1ef690d,1525993564,Matthias Bussonnier,2,17,47,20,47,42,1676,0,0,5
ipython,2ee4989008982f86d58d33e214a4afe9423e32f3,1525994997,Matthias Bussonnier,1,1,2,0,2,2,72,0,0,0
ipython,46837abe0255191ba48b9e542d9711381222c9cd,1525996330,Matthias Bussonnier,1,5,2,19,2,1,64,0,0,1
ipython,066c59d9478e32e54773706b49b6cf73b3cede08,1525997134,Matthias Bussonnier,4,7,5,25,5,4,191,0,0,1
ipython,4cb6a554000361c8192457818d134d2368bb2246,1525998719,Matthias Bussonnier,2,1,8,2,1,1,18,0,0,0
ipython,7e120fff27dfe7c40a48d0c5c3f55b65b941aac4,1525998789,Matthias Bussonnier,1,1,0,1,0,0,0,0,0,0
ipython,fb6bdb628bbf17a4ba1a389f0f5c160e54fe50ee,1525996564,Matthias Bussonnier,2,1,5,5,1,1,54,0,0,0
ipython,09e52292ac1fdd9ce22083892b51c25f8cb2b372,1526163465,Matthias Bussonnier,1,0,16,11,0,0,0,0,0,0
ipython,d1102636532722852ed47cab044ee4525cc16f2f,1526161599,Matthias Bussonnier,2,4,19,3,19,16,842,0,0,3
ipython,0d71ec69a79cece11325e71102e6722c2867b50d,1526304035,Jörg Dietrich,1,3,33,14,33,32,2507,0,0,1
ipython,6c61004e0b04fe3464e34c577f0b9ea2fc0d9c49,1526305038,Jörg Dietrich,1,0,47,0,0,0,0,0,0,0
ipython,4347deae2f1a20f038f3385bf8687ca8d6a5e1f1,1526527899,Matthias Bussonnier,1,11,15,15,15,14,546,0,0,1
ipython,263db0b803ec30e6c6a03c050996601eb74fed77,1526754852,Matthias Bussonnier,1,1,0,6,0,0,0,0,0,0
ipython,7b963d5b148c962988b965b03fd07690b18c9222,1527195883,Matthias Bussonnier,1,0,1,1,0,0,0,0,0,0
ipython,c58eb8212f0f942f0062c1d4377a72ffdc6da963,1527442682,Thomas Kluyver,1,3,5,3,5,4,128,1,77,0
ipython,b52ac3d430e9ecfca1db2b29e7edc4928852d99d,1527442702,Thomas Kluyver,1,3,7,1,7,4,219,1,60,2
ipython,a0376c41022f111f9e826368716fab599144b61f,1527685395,Min RK,2,7,21,5,11,6,158,2,86,3
ipython,5dbf9b157aa53224fe089456332c52cc96c3828b,1528337068,prasanth,1,1,1,1,1,1,88,0,0,0
ipython,f793944b2879206ca6690ffd8296d483026a1404,1528358380,Matthias Bussonnier,2,7,28,16,11,11,462,0,0,0
ipython,8e256bd37373f98580ba1ef1d3fcfd7976802238,1514506704,Jonathan Slenders,6,76,154,179,153,138,6939,7,257,8
ipython,9a7c64390a8b9bd01961093671f152119d71f6dd,1528402586,Thomas Kluyver,1,4,2,4,2,2,109,0,0,0
ipython,9a30dee6d4b76fc2d0e68c15700409413729cd4a,1528402769,Thomas Kluyver,1,2,1,4,1,1,73,0,0,0
ipython,aa21597830c61a717b7c5975482a14dbdad58926,1528403147,Thomas Kluyver,1,2,3,2,3,3,212,0,0,0
ipython,e5bc0bf2def2b811c5867fb66b62ae7ee756a6c4,1528403334,Thomas Kluyver,1,1,3,2,3,3,139,0,0,0
ipython,d9fd2ceef275a8d646750e004011441079b28539,1528558625,apunisal,1,0,1,1,0,0,0,0,0,0
ipython,b37b68b66e2ca3fdf1f941fb6bf9b423afe23f37,1528586329,Anatol Ulrich,1,4,9,18,9,9,387,0,0,0
ipython,a59c508996e3fce1caf8b20002c22dd3c4396dbe,1528767441,gpotter2,1,1,1,1,1,1,19,0,0,0
ipython,bf676a5f1dde1f21bcd8e276ac21f6e2b86b661b,1528797859,Gabriel Potter,1,0,9,4,0,0,0,0,0,0
ipython,a2582e6a7bb2418baa7f54e035b443baa6d56095,1528254141,Matthias Bussonnier,2,0,16,0,0,0,0,0,0,0
ipython,46698553c6ecfd37d70c0d8fccb72ed9a2044595,1528909258,Matthias Bussonnier,2,0,4,19,0,0,0,0,0,0
ipython,6bfaa35a260eb2b34eb3df1cfac60817d035d277,1529076846,Yutao Yuan,1,1,1,1,1,1,35,0,0,0
ipython,441a393002b3c659fb7f3e6536849b39c0d843ce,1529584012,Thomas Kluyver,1,4,29,13,29,19,798,4,184,6
ipython,7bc34163e75cdade0bb7a2a625ffbcf86d999e70,1529585952,Thomas Kluyver,1,0,1,1,0,0,0,0,0,0
ipython,e23379f1ae94ef9623c2e81a147b2cfe802f838d,1529588272,Thomas Kluyver,1,4,4,4,4,4,198,0,0,0
ipython,45e12e000bcaa578c7a961dbe96b3d547d256faa,1529588679,Thomas Kluyver,1,0,2,2,0,0,0,0,0,0
ipython,b6dec2e1b95794029139ea34758044a0a5306403,1529588925,Thomas Kluyver,1,0,2,2,0,0,0,0,0,0
ipython,ccb2a3410c5e3ff142b2a32013bffe823e339076,1529646585,Matthias Bussonnier,3,4,18,2,12,10,541,0,0,2
ipython,1dfcd23a68d14eea0ba4541b638a624419177cf2,1529660365,Thomas Kluyver,4,33,111,29,108,88,4586,0,0,20
ipython,253b1d6f4556e54495e0d459c3fb64739a2c52f6,1529660474,Thomas Kluyver,1,1,2,2,2,2,143,0,0,0
ipython,1880574f2d2c0831c4e8f0d473434f1c32d18f84,1529660700,Thomas Kluyver,1,1,4,0,4,3,237,0,0,1
ipython,5c4e497df0ae52ecf3de9bde5a8bf56edeecab8b,1529890896,M Pacer,1,3,9,1,9,9,427,0,0,0
ipython,abadb8a7a0a04ee70bfa9fe0404bc79dbfe66559,1530379745,alphaCTzo7G,1,2,5,4,5,5,264,0,0,0
ipython,6d579790640cb22d98f10598d996b09ddeff0060,1530440298,Dave Hirschfeld,1,3,7,2,7,7,281,0,0,0
ipython,8cb6518deb43096058ef00c93c97746d5c1f7c14,1530616651,dhirschf,1,0,25,15,0,0,0,0,0,0
ipython,2ebf3b821393558189be22c45f36de16e8f68bc0,1531548905,Wei Yen,1,0,15,1,0,0,0,0,0,0
ipython,88a6a544f6a26525e361c893f9e0fe5ef898c492,1531549187,Wei Yen,1,1,1,1,1,1,64,0,0,0
ipython,5ec4577f94a70e06b54230f09d0c9fcfc1f908d5,1531584231,Wei Yen,1,0,6,3,0,0,0,0,0,0
ipython,3deabdbded7c073e899d65d99a6c6e9dbd5da6bb,1532310381,Matthias Bussonnier,3,3,3,3,3,3,169,0,0,0
ipython,003150e56952217b268f9e2691e07f687c4d9296,1533254093,Matthias Bussonnier,3,3,3,3,3,3,228,0,0,0
ipython,a6179e397ae89a3897363d59a3a8691ba0ba0a91,1533254844,Matthias Bussonnier,6,8,8,8,8,8,366,0,0,0
ipython,29b75abae86bd186a91399518bbab6b9d36cf404,1533415342,Alyssa Whitwell,1,2,1,1,1,1,29,0,0,0
ipython,d697c122d091d53e9589e9a2dcb05b205073644f,1533254868,Matthias Bussonnier,1,1,2,1,2,2,181,0,0,0
ipython,2e9fe8cd4ac23230d9e74e2c04bad8ba65d416c2,1533423858,Alyssa Whitwell,2,9,44,118,22,22,983,0,0,0
ipython,6f33fcd449312e0df728e9ec6ed4185b103e34f2,1489113734,Matthias Bussonnier,8,36,476,34,416,323,13623,20,955,73
ipython,9f216675ddbdf3f5585800b2c183c6f6f1202b3e,1534213263,Matthias Bussonnier,1,1,1,0,1,1,21,0,0,0
ipython,4fac0cbb6a9567021351b51bc0b861d8eb7e9f91,1534270961,Matthias Bussonnier,3,8,70,62,70,52,2260,2,93,16
ipython,5ea200eb7867976b3cdc60e2a378eb83938a3fc9,1534271422,Matthias Bussonnier,1,1,3,1,3,1,35,2,103,0
ipython,ac931b8c787704b969247ae0ca4d634be8a727c4,1534435901,Grant Nestor,1,3,14,8,14,13,438,0,0,1
ipython,b6c88e498ecaadad699f899c3deb594ddf693cb4,1534444726,Matthias Bussonnier,2,3,7,8,3,3,124,0,0,0
ipython,702b9463a72045028f4173cc8556e65206b3207f,1534445804,Matthias Bussonnier,1,0,1,1,0,0,0,0,0,0
ipython,3c0b3aa8c8169544ca4f03cfa1743280d1b058cc,1534446559,Matthias Bussonnier,1,8,11,6,11,9,156,0,0,2
ipython,390bb17a74b418dac9739e8a7fde446adfc735aa,1534448065,Matthias Bussonnier,2,2,2,1,2,1,29,1,54,0
ipython,da3e46e500b162faf272889f0c988765bf657c3a,1534448802,Matthias Bussonnier,1,0,1,1,0,0,0,0,0,0
ipython,521e8e576872add1f8a7c7ec4e3add0001430ab6,1534448888,Matthias Bussonnier,1,0,22,15,0,0,0,0,0,0
ipython,05a55ad45feff731284703d0292a660ec29c7aa6,1534529928,Grant Nestor,1,3,8,7,8,8,218,0,0,0
ipython,9f6be1555e2010aac9f592fee22e6de2f479cbff,1534704049,Matthias Bussonnier,1,1,9,16,9,9,278,0,0,0
ipython,2b7f067af382024fc37371c224d3a77427b3f134,1534706539,Matthias Bussonnier,4,11,38,13,38,31,1571,1,72,6
ipython,58c1419a5e90cdb4589ed134d40eb4fafc84f588,1534713337,Matthias Bussonnier,1,1,1,1,1,1,99,0,0,0
ipython,8d38b3ce41953d8d9048092cc283eb7662a768ed,1534870483,Dale Jung,1,3,20,7,20,15,519,2,81,3
ipython,c4bf6326fe0726afb7d36bc8b67ed3a30ac09809,1535311139,Paul Ganssle,1,2,40,2,40,30,1249,2,109,8
ipython,b210342462a954e5889db88707985cf6a34764d7,1535311501,Paul Ganssle,1,0,179,1,0,0,0,0,0,0
ipython,422664acd4c9d47fb2164710afcc7489ea94e332,1535377951,Paul Ganssle,1,2,7,7,7,7,141,0,0,0
ipython,d0b14965f49473c1dee84ef121d333056938f544,1535378081,Paul Ganssle,1,0,13,16,0,0,0,0,0,0
ipython,342427e15bf118e6c208b8f774b3ab882e49b7c9,1535381471,Paul Ganssle,1,0,38,20,0,0,0,0,0,0
ipython,effc242b0625de6c2a9c4cf851b691a9da8bed8d,1535406564,Matthias Bussonnier,4,19,44,41,44,31,1422,5,295,8
ipython,7cc4940e2d6be2feaf74e3f0a7fc137b7fe7d5ef,1535408476,Matthias Bussonnier,2,0,4,1,0,0,0,0,0,0
ipython,f384e255144b97194cff1de9cb57a7dfca6f2547,1535408638,Matthias Bussonnier,1,1,1,0,1,1,22,0,0,0
ipython,b1ccee7b934426fef0f5ded9f76169457faa0713,1535411293,luz.paz,5,4,5,5,4,2,125,2,135,0
ipython,ba6166e30c397113592fa3aec51f3cc6a8f54aa5,1535411391,luz.paz,4,17,17,18,16,2,123,0,0,14
ipython,a1e70fc729d0861b9c8091352bd452ee5860149c,1535493989,Matthias Bussonnier,2,1,30,1,8,8,356,0,0,0
ipython,f9c89d8d73a3191e44c672b67d4905182f6c16fd,1535503776,Matthias Bussonnier,3,4,9,6,9,8,286,0,0,1
ipython,0f7f262484c24b9bcecb4fd7f539e8a176dde55d,1535836202,Matthias Bussonnier,1,0,2,1,0,0,0,0,0,0
ipython,468659656b0891b9cf2fb0ef993ef5e89eb756d7,1535845237,Matthias Bussonnier,2,1,3,14,0,0,0,0,0,0
ipython,c19fc23b52363fe34802c80a8e46f7af9f4e78ec,1535846196,Matthias Bussonnier,1,0,0,1,0,0,0,0,0,0
ipython,e53cc776805c9ba505f7febb6439946a73762fa8,1536135893,oscar6echo,1,2,8,1,8,7,310,0,0,1
ipython,4411772667974b04b20f994d91e62e0095f953fd,1536228788,Matthias Bussonnier,2,0,63,0,0,0,0,0,0,0
ipython,218daa3bccd9544bcb383c29e4d9df6324f97846,1536229583,Matthias Bussonnier,1,0,30,25,0,0,0,0,0,0
ipython,d96c198553b0579e9d2ba8eb196503e82e1b83d4,1536235199,Matthias Bussonnier,1,2,6,4,6,6,274,0,0,0
ipython,761e62c0032c6ae779dc6b2d1938c120975ee804,1536235427,Matthias Bussonnier,1,2,0,61,0,0,0,0,0,0
ipython,85e4bd2e1e6bf35a2c818d553667cedc6511ac08,1536257388,Matthias Bussonnier,1,1,1,1,1,1,73,0,0,0
ipython,b09fff3235e07056c9d64defa538d0fa275ededd,1536261845,oscar6echo,1,0,1,1,0,0,0,0,0,0
ipython,85db7036a93534413128e7f196635d1e99470f60,1536264297,Matthias Bussonnier,1,0,43,0,0,0,0,0,0,0
ipython,7264f10677ddea079860dc801901c5b8afbf8656,1536307398,Takafumi Arakaki,1,1,1,0,1,1,44,0,0,0
ipython,db9663979e18e2eecd276ce7139d9fea74c8201c,1515496640,Christoph,1,3,18,1,18,18,712,0,0,0
ipython,2da8381fd6b8ffec6c66ccfabeacc3d22adb95c2,1520328158,Christoph,1,1,2,3,2,2,115,0,0,0
ipython,100e00891db22e421eb46b84131bcbeb3da69a72,1520328491,Christoph,1,1,1,1,1,1,46,0,0,0
ipython,acc5655546dd6b439d8d38697e4bbad19b37137e,1520499194,Christoph,1,1,2,2,2,1,85,1,49,0
ipython,85356b9d81cf6fe36f9f0667234f906afb676678,1524831906,Christoph,1,2,5,7,5,5,320,0,0,0
ipython,23eb6b09919faf528ed7ffc94d871e7344c4c80d,1536321069,Matthias Bussonnier,2,0,6,4,0,0,0,0,0,0
ipython,64e14897ee532b995a8eaf40829cc380dc453ca3,1536319355,Min RK,1,13,45,25,45,35,1244,3,133,7
ipython,c41cb1fad76bfe59a2a7c8ae3a733362b0f45955,1536324193,Min RK,1,0,18,0,0,0,0,0,0,0
ipython,89601ae711d291fc02aba42ce80110f719eeaa8e,1536327514,Matthias Bussonnier,1,0,2,0,0,0,0,0,0,0
ipython,5b63a313e93e33a1de68d221461d8fef14b0873c,1536328378,Min RK,1,1,1,1,1,1,34,0,0,0
ipython,cae2b120220d0c544d75f55d71e62e0b35b3cdfa,1536586309,Matthias Bussonnier,1,1,0,1,0,0,0,0,0,0
ipython,2a62b70caecaac834be8b02149f6dd985b73d76c,1536614432,Paul Ivanov,1,1,1,1,1,1,21,0,0,0
ipython,73d63355447cf806a440b8cfe22e8367d3665abf,1536614578,Paul Ivanov,1,1,1,1,1,0,0,1,23,0
ipython,7af058aae8ab8fa25023130d329d1886e1b256e5,1536659000,Matthias Bussonnier,1,0,5,10,0,0,0,0,0,0
ipython,3a70733ce0734b123daa080e8e031c00ee85a4b8,1536694758,luz.paz,2,1,3,3,2,2,158,0,0,0
ipython,bebb86e9358dd01bfee47832dbfaea87bd039ef2,1527611252,Matthias Bussonnier,1,2,2,19,2,1,79,0,0,1
ipython,28a8ea639a7a37bfb03ee87d397ea5e69dcc537e,1536770047,Matthias Bussonnier,1,0,22,0,0,0,0,0,0,0
ipython,d3bd9b24fd7e4c9361ef575fd24e2a915976130f,1536770057,Matthias Bussonnier,1,5,11,1,11,11,403,0,0,0
ipython,8657acdd981ce22cad0fd6fcd9c9132a1160f701,1536770525,Matthias Bussonnier,1,1,7,6,7,7,279,0,0,0
ipython,ce22f49932fd4f071804e59f3c9d3f7042b917dd,1536930012,Matthias Bussonnier,2,0,10,6,0,0,0,0,0,0
ipython,0ec527d546cad252ca42e04619a77220ed829670,1537004999,Matthias Bussonnier,1,0,30,1,0,0,0,0,0,0
ipython,840ab76cf17579edd44ea742ba108a997fe9cc19,1537012760,Steven Silvester,1,32,37,31,37,5,210,0,0,32
ipython,67eed53264b93d265ed1d4b136c7ba18076bc1d1,1534378463,Audrey Dutcher,1,1,1,1,1,1,47,0,0,0
ipython,d198b4bd462c788e6aa9ca0e7a00279b0102e00d,1537255607,Matthias Bussonnier,2,19,87,20,87,54,2119,7,255,26
ipython,07fe08d3de70747098a39602e1b5f965abcab04f,1537515876,Matthias Bussonnier,1,1,1,1,1,1,22,0,0,0
ipython,032cc8c92986762204a801eed36c57822b4a6345,1537515953,Matthias Bussonnier,1,1,1,1,1,0,0,1,23,0
ipython,3f86a49722008fd1d85f9c5c5f0d108ed1d70c1e,1537885627,hongshaoyang,1,2,2,1,2,2,136,0,0,0
ipython,90276eba1706957dc7e2bb48fba7d952dc6d6b50,1537886431,hongshaoyang,1,1,1,1,1,1,76,0,0,0
ipython,e870179290db5ccf1ced8340c136a0ce79735d8b,1537893118,Matthias Bussonnier,1,1,5,0,5,2,41,2,123,1
ipython,6e37b96b9fa01c78cc529131038e1adc0343e606,1538060559,Matthias Bussonnier,1,1,1,1,1,1,55,0,0,0
ipython,4030de4e0eb2da391f240899acdf1a70e7dd58fe,1538060688,Matthias Bussonnier,1,2,2,2,2,1,18,1,57,0
ipython,3772d25dfddfd7abe76b602b6c636534996e0a8c,1538068041,Matthias Bussonnier,1,2,3,3,3,3,91,0,0,0
ipython,43b46e55c5de7061d09d9657126c54ec57defb14,1538068094,Matthias Bussonnier,1,2,3,3,3,2,36,1,57,0
ipython,84f64e5856817cf8923d0b02f20febda3ce646a0,1538240451,Emil Hessman,1,2,3,1,3,3,108,0,0,0
ipython,65eaef68a5a2689c60a38daf09ea4b3a7a2bc599,1538397508,Michael Penkov,2,1,13,0,5,4,303,0,0,1
ipython,b1afef3a0567cd2831a18c584973bc99a68a6244,1538401038,Michael Penkov,1,2,12,6,12,11,765,0,0,1
ipython,211ca17805a5febfbeb08abb242b523d862c568c,1538426564,Dominic Kuang,1,8,21,6,21,20,899,0,0,1
ipython,a6c064a0825fe6698eb624dbba564c2d5f3a5803,1538433278,Bart Skowron,1,1,1,1,1,1,51,0,0,0
ipython,0a42b8611675af719577fa2fa85ea9ddfa720452,1538436628,Bart Skowron,1,1,1,1,1,1,70,0,0,0
ipython,fde3f770a84f1815a47aa5f5a05c0622a7867b1a,1538439035,Bart Skowron,2,1,3,1,2,2,139,0,0,0
ipython,d0cad1f760c8e203dc4930fe6d2dffe1baeb33eb,1538439066,Bart Skowron,1,1,1,1,1,1,62,0,0,0
ipython,d4f41859f3d9080e99ac607a7f589e67c9805fd3,1538453038,Tony Fast,1,1,2,0,2,2,38,0,0,0
ipython,8b13c4b7353c3a2bdcddd27907ba3a50202baaec,1538504085,Tony Fast,1,0,10,0,0,0,0,0,0,0
ipython,5b3ce918a77bb16ec52b3097f4b3611b8847fa95,1538504097,Tony Fast,1,15,16,14,16,6,197,0,0,10
ipython,5130108723256e656cc4f242e27f3164e28719f1,1537460959,Matthias Geier,1,1,1,1,1,1,55,0,0,0
ipython,043b67794072c99746677d9431e97b01551c21ff,1538587786,Matthias Bussonnier,1,0,10,0,0,0,0,0,0,0
ipython,498f5f716d102a572cac3571e13426aa002f8454,1538605588,Bart Skowron,1,1,1,2,1,1,62,0,0,0
ipython,186524bc08716d9457d0a4c45d2d33fb58482427,1538617993,Tony Fast,1,15,32,17,32,21,884,3,169,8
ipython,51d59bbbbe086ed93bbce430190a8cccfec17630,1538624766,Tony Fast,1,1,3,0,3,2,105,0,0,1
ipython,06f2f2d39feb67e1cf92d0fe75150c3e2423562f,1538710251,Tony Fast,1,14,47,22,47,32,1386,4,175,11
ipython,246b492ec30bd240d58f03dc2f6176e3f0a1c213,1538711029,Tony Fast,1,10,13,11,13,11,584,1,67,1
ipython,0407e91d9085587b84af622d15e48d5183e62a91,1538773303,Kory Donati,2,12,84,53,84,68,2931,6,236,10
ipython,c11265e8456892eb8a2e0cf3b825127eab52c530,1538836905,Tony Fast,1,1,1,1,1,1,39,0,0,0
ipython,f7642d4ecdcf172e6bcee5e6d8f23c259f8637c1,1538840824,Tony Fast,1,1,1,0,1,1,74,0,0,0
ipython,76599aed8f53e36c0ba30bb2f77433362ec24666,1538842719,Tony Fast,1,0,2,0,0,0,0,0,0,0
ipython,bd7a4c2d4abf3e5b765cfc04eb7fde67fa6822ea,1538843564,Tony Fast,1,2,0,4,0,0,0,0,0,0
ipython,d3d01a4b038de61169c5528211b9c60a7ac98c97,1538857979,kd2718,1,10,9,10,9,9,372,0,0,0
ipython,6bc0e768a8571adc5edc5ab1ebfe9bd5925f564c,1538860479,kd2718,1,2,16,14,16,13,635,3,119,0
ipython,54f7c6e0f884877f021361490e847812aea44312,1538880046,kd2718,2,5,31,24,31,21,1007,6,249,4
ipython,3cdff565a9a98cd089d68e34c81854180b11224a,1538880568,Michael Penkov,2,1,4,1,1,1,79,0,0,0
ipython,5e391e0c816ad043a8a5dd1151eb63f525385354,1538881187,Michael Penkov,2,1,20,1,13,7,247,4,132,2
ipython,bdaec6ffae6f8f4dfa644bffeab93c1e5ad30f99,1538883664,Tony Fast,1,0,0,1,0,0,0,0,0,0
ipython,43e857d948594ec7e5a2c3f1ec865574b5fe4792,1539009076,ammarmallik,1,2,2,2,2,2,85,0,0,0
ipython,1d0e132d78ee6c66a119c1d12aaa83eca4da326e,1539019432,ammarmallik,1,2,2,2,2,1,53,1,40,0
ipython,79f4369879e11a76d4694ad099b10295d8a11e3b,1539057909,kd2718,1,2,3,1,3,2,100,0,0,1
ipython,9fe8eab4f00d6cd25e850a714d1690a629674f95,1539105585,hongshaoyang,1,2,5,3,5,4,184,0,0,1
ipython,3d766d48950ab70b3266a51f827c14e1272f39fa,1539119614,felixzhuologist,1,4,11,5,11,11,539,0,0,0
ipython,8e7c5f093ba469e6dffdff4bd9bf63abeac1ba60,1539119813,felixzhuologist,1,4,12,10,12,10,398,0,0,2
ipython,a562329af4c842d00d3e93767c4576f91849de15,1539124749,felixzhuologist,1,0,29,0,0,0,0,0,0,0
ipython,d5a746e1c0515220c3cc6672c4feaa9c5f7170a2,1539204012,Kory Donati,1,2,1,2,1,1,47,0,0,0
ipython,1b0793cf32e8a5f57ca49c6991861c66d5f8e6db,1539206860,koryd,1,1,2,1,2,2,127,0,0,0
ipython,d2a9a9d7254ea6a0402134c293ed99251e448f81,1539255454,Matthias Geier,1,1,1,0,1,1,93,0,0,0
ipython,a2a029f058577ae807b674154c370ee84b51a858,1539255511,Matthias Geier,1,1,1,1,1,1,95,0,0,0
ipython,1c7897a268b3e5ea80df669774d84835c92fd666,1539264558,ammarmallik,1,2,2,2,2,2,72,0,0,0
ipython,391ef36d08f8492c0df5a8153de59a51d8cc5e19,1539356100,Shao Yang,1,0,16,2,0,0,0,0,0,0
ipython,50c9ae6b40c2c0ebaa86d087a90982eec61a1352,1539356713,hongshaoyang,1,0,1,1,0,0,0,0,0,0
ipython,0ca8ce4b1a4e380fe4afcb48574901c36c055119,1539357578,Shao Yang,1,0,9,9,0,0,0,0,0,0
ipython,a5731aa33cd94e2441215eae55d1db1516b2474d,1539358938,Shao Yang,1,0,1,1,0,0,0,0,0,0
ipython,b73398c4a228f8e8cb6e55f0f18956d1df766590,1539362139,Matthias Bussonnier,1,4,4,4,4,4,238,0,0,0
ipython,5cc53e88f34d82c96dca26cf708d1d78f19cea82,1539385089,Matthias Bussonnier,1,0,74,0,0,0,0,0,0,0
ipython,5c6aa5ea5ad94ae0f40d8e04faa348a7003ef8cb,1539388986,Matthias Bussonnier,2,4,25,1,25,19,751,0,0,6
ipython,cb9cbcae51ea247525796a18fa7ae7cd5a6af2c0,1539392979,kd2718,2,6,5,5,5,0,0,4,252,1
ipython,dc0ceb16f92e0e943435106e863a5cfccd724a2d,1539440062,Hugo,5,8,7,12,6,4,78,2,127,0
ipython,fde1eec1668b8d3b2d1e9b6b1fc2b7c6175f0885,1539389513,Matthias Bussonnier,1,1,2,0,2,2,79,0,0,0
ipython,de447e5100faea067062cb87792ca16b7404c418,1539446392,Matthias Bussonnier,1,1,1,1,1,1,28,0,0,0
ipython,8c11a03eaee54010dc0190c61dd9302d99f4bb4d,1539532193,luciana,1,1,3,1,3,2,148,0,0,1
ipython,ba8538e5afb3c46e742f3a31e6046f936777d1a6,1539566622,Matthias Bussonnier,2,3,17,1,6,6,204,0,0,0
ipython,e5ec6eb286615660dee78a6a8cf0b1268649f880,1539638139,Massimo Santini,2,16,1095,1090,1072,1072,22103,0,0,0
ipython,73f493f520bb79e2f7e693d8116849d311177e3f,1539651882,Matthias Bussonnier,1,12,20,27,20,15,733,3,112,2
ipython,d12f0c8fdbbdf63ef8299af9f459df956d045815,1539672318,Massimo Santini,1,0,1,0,0,0,0,0,0,0
ipython,ac5788009da4123f0fa38c49c4de4e2ff1348e35,1539660742,Matthias Bussonnier,1,8,13,4,13,13,924,0,0,0
ipython,8852ac6d44c37a78b6a4084f0d60f45a8ee65c79,1539705619,Matthias Bussonnier,1,1,1,1,1,1,106,0,0,0
ipython,bdcb05ed18153efb37a843cebedd8cded79a1953,1539644301,luciana,1,0,6,2,0,0,0,0,0,0
ipython,8c9ec3ae61e0b08c0fb2daa3f64007c4321ef3df,1539821729,Matthias Bussonnier,1,1,2,1,2,2,68,0,0,0
ipython,5dd44c947c6fe89d2f3f902d4ae3375ef1fa3b33,1540050805,Nguyen Duy Hai,2,1,10,1,9,8,251,0,0,1
ipython,dd15f28f49472efd20a10805cf04d17f2d6154f9,1540057527,Matthias Bussonnier,2,7,44,8,12,11,756,0,0,1
ipython,e3c0214ffa95e3d493fc3dc3ca3078101393c6c9,1540061063,Elyashiv,1,3,8,12,8,7,251,0,0,1
ipython,3be5a191880345ce66dafdece8ec4cc850fe3fb5,1540062132,Matthias Bussonnier,1,0,1,5,0,0,0,0,0,0
ipython,a5974404b58e867478f0308f1ebab495e17b9f0d,1540068095,Nguyen Duy Hai,1,1,12,0,12,10,468,1,35,1
ipython,8832158464ea4c0df2d176d0cc0bd723e39a917d,1540065093,Matthias Bussonnier,2,1,3,1,1,1,39,0,0,0
ipython,df0f7a8f5692aa85d34155b80bb6ccac4a4a6991,1540084672,Matthias Bussonnier,1,0,2,3,0,0,0,0,0,0
ipython,e08dc1b4dd30e8d2b607134693f226e8a22100ec,1540142515,Matthias Bussonnier,1,1,9,0,9,9,409,0,0,0
ipython,176777c01f8430aa47fb9006560dfecdb84d82b3,1540153419,Nguyen Duy Hai,1,2,11,12,11,10,428,1,35,0
ipython,b15c8ed354d8460744e52677efb6e5445a9581dc,1540160316,Matthias Bussonnier,1,1,1,1,1,1,41,0,0,0
ipython,ddfb54a7622ff863bfc8c0165d461b98c30f2ec9,1540181806,Matthias Bussonnier,1,1,1,0,1,0,0,1,90,0
ipython,c6bbb09c39e8ace78d6985cb1f31f8df606fd442,1540299929,luz.paz,2,1,2,2,1,1,73,0,0,0
ipython,d8c38e54461391ed1c84a50af9c5851ff30ff81c,1540231574,Nguyen Duy Hai,1,5,10,27,10,9,407,1,61,0
ipython,708184faa3d51bd1e0d776256e7db37ae1962de4,1540424102,Matthias Bussonnier,1,1,0,1,0,0,0,0,0,0
ipython,3b1d578fb5d17c83787b07be69606c6c35666d21,1540431646,Sha Liu,1,1,2,0,2,2,121,0,0,0
ipython,f8790b897d6ed46af59429615432526f71b3ebf9,1540439354,Matthias Bussonnier,1,0,20,0,0,0,0,0,0,0
ipython,ce825e857b505b2ec84060d372172f097c0e2b47,1540612713,kory donati,1,2,6,1,6,6,326,0,0,0
ipython,70e07af22864ec9931633fddf6ad9621870a6133,1540613303,kory donati,1,2,1,1,1,1,9,0,0,0
ipython,0463813a1f2fc80a5adae63c20f8b43b3f109d0c,1540669226,Matthias Bussonnier,1,0,1,1,0,0,0,0,0,0
ipython,2cccf225af1abf0cec8932b5feaf29120a30ca43,1540670004,Matthias Bussonnier,8,8,10,10,8,8,371,0,0,0
ipython,de31a74aff8765c2b3df4a1981bec757de937362,1540672067,Matthias Bussonnier,1,1,1,1,1,1,55,0,0,0
ipython,82a79c97be582ecc7d8b504033d175c9373a6ac8,1540672103,Matthias Bussonnier,1,2,2,2,2,1,18,1,57,0
ipython,ff8ccc96840f1e2a3104db270e3347dc891a2c24,1540676344,Matthias Bussonnier,1,1,5,1,5,3,94,1,42,1
ipython,59a7834d26f553c62b35e767b8fc0482187f7218,1540702279,Matthias Bussonnier,1,2,3,3,3,3,91,0,0,0
ipython,2ae7981b48faf5701aa09a5da571a1a7501e4905,1540702356,Matthias Bussonnier,1,2,3,3,3,2,36,1,57,0
ipython,d76811778334473274701a40b1f846146d0f92d1,1540752570,Antony Lee,1,0,2,28,0,0,0,0,0,0
ipython,d6fff83741475a39c78a74c31916eb9428590d4f,1540826122,Martin Bergtholdt,1,1,1,1,1,1,30,0,0,0
ipython,d24c24f9c39c771c382f075d0eb154460b025802,1541034501,Elliott Morgan Jobson,1,4,12,5,12,10,528,0,0,2
ipython,d246c542ccc867c788e9c4d83a52ebae80ab0188,1541162335,Chris Mentzel,1,8,10,6,10,5,239,0,0,5
ipython,69c87e3bcb84b44a71ea14444fbe7db9abbc1805,1541645631,Elliott Morgan Jobson,1,4,4,3,4,4,306,0,0,0
ipython,d4a2f309ca2c5acff1a8b76efe4d0b4d2c53c612,1541646404,Elliott Morgan Jobson,1,1,1,1,1,1,154,0,0,0
ipython,d914e230a083f2d3d84ff2f7bee1798d6355a9ba,1541694440,Matthias Bussonnier,1,1,1,1,1,1,93,0,0,0
ipython,f795da9a7680eba5206ae0ac82e819269b156dbe,1541892522,Reuben Morais,2,3,25,3,6,5,233,0,0,1
ipython,77a6963866763e1cca0b1091b1b4d50d1e11e524,1541959648,Antony Lee,2,2,6,3,6,5,258,0,0,1
ipython,3e35ba3a78bc01eff7b3c3cd27b10d0c04e9575c,1542489817,Kevin Hess,1,2,6,2,6,5,195,0,0,1
ipython,525c7fe636c33471da9d94a29ba2716fc1ed2511,1542558296,Christopher Brown,1,1,1,1,1,1,43,0,0,0
ipython,dc69d50c49dc7ac7f8d10d7592c1dd1c730e7260,1542656311,Matthias Bussonnier,1,0,9,1,0,0,0,0,0,0
ipython,2c70fc6251a3bc5f3df7b956c89f9bc38ca2e2d6,1542792916,Min RK,1,1,20,3,20,16,619,2,99,2
ipython,999c7e8eb6264bab1a00d02bf6097037d5ac1c0f,1542797144,Philipp A,1,2,45,1,45,34,1180,2,110,9
ipython,a57293182be7ce223202d0822ab94055ca451f73,1542798995,Philipp A,1,2,2,2,2,2,126,0,0,0
ipython,cb6101e2a6ee5a34a1fb6fa120c3ee42f490a6f3,1542813367,Philipp A,1,6,36,39,36,31,1189,2,110,3
ipython,346a255652e2d18dab623a2584e4eacd10b0cd9f,1542813576,Philipp A,1,7,8,8,8,8,513,0,0,0
ipython,2ebf2fc67ec4301430dc1f7de5ff3deb2e8a5258,1542813694,Philipp A,1,6,36,36,36,31,1142,2,110,3
ipython,3abd11160b08976463252d7912019e6888575436,1542816465,Philipp A,1,4,5,5,5,5,293,0,0,0
ipython,04589c978a595336bd613d9c542ec4f27ab95a24,1543167541,Dan Allan,4,7,14,5,11,9,469,1,69,1
ipython,3f62ea72d56cd3af1802776241963235d00291c3,1543181616,Dan Allan,1,2,28,3,28,24,990,2,81,2
ipython,7d88f88a0bc999f898b9f18d91e60fee6eeb13f2,1543183690,Dan Allan,1,0,1,1,0,0,0,0,0,0
ipython,188d043d603db8ab36c517cf4270c28ffbb05ca2,1543183288,Dan Allan,1,0,3,0,0,0,0,0,0,0
ipython,9ea397caca0183b1e5b671e428da22907e737312,1543461203,Matthias Bussonnier,1,1,4,1,4,4,149,0,0,0
ipython,22ad14f210b3259fccb9edfc3c0b49722a402f29,1543491907,Min RK,4,17,67,11,57,42,1930,2,70,13
ipython,bece20c534e2e75d0c68bb98100bd2c65ff9f0f3,1543493674,Min RK,2,5,5,5,5,5,149,0,0,0
ipython,523ed2fe58ea5ee9971d2b21df1de33b8cdfa924,1543540389,Matthias Bussonnier,1,1,1,1,1,1,55,0,0,0
ipython,885b848b06a4e4deefde3e2c479afb4987da9da0,1543540463,Matthias Bussonnier,1,2,2,2,2,1,18,1,57,0
ipython,34c97ed57304d348084f200bb1ab322a3ac87ee2,1543683717,Laurent Gautier,1,1,1,1,1,1,31,0,0,0
ipython,b0feace4270c144e689d18ee4bc926bc8e2e85a6,1543684691,Laurent Gautier,1,0,2,2,0,0,0,0,0,0
ipython,a252070e14703c83055859d2dab5fbdf78444c50,1543685017,Laurent Gautier,1,1,1,0,1,1,33,0,0,0
ipython,02430e3a50825a70f3388cfd56813bfd572c889e,1543685265,Laurent Gautier,1,0,1,1,0,0,0,0,0,0
ipython,26283d82b387caae3c6bba9799ecfdbdea7181f7,1543695978,Jan S. (Milania1),1,3,3,3,3,3,201,0,0,0
ipython,c3c692b88b81366c916d820bd5aca6a853ce241e,1543704881,Laurent Gautier,1,0,1,1,0,0,0,0,0,0
ipython,e43ab8b6066822d972cbeb4941b648c57ab8f557,1543705127,Laurent Gautier,1,0,1,1,0,0,0,0,0,0
ipython,23fd224f565b32b1e9aa8d75b26e652afd7d64c5,1543765258,Laurent Gautier,1,0,3,3,0,0,0,0,0,0
ipython,8168be557763074214093bd2b51f668a920931df,1544073731,Jake VanderPlas,4,4,104,20,104,68,2676,16,905,20
ipython,c214f1c49a56e1a737a8b0e56cd3faf4c083b8e7,1544090245,Philipp A,2,1,34,3,3,3,114,0,0,0
ipython,442bcbd46bd793d1424a225100e7b9fe5b1a0796,1544090790,Philipp A,1,0,15,4,0,0,0,0,0,0
ipython,594d000f92425e569c602c6eb837c2885dc41e2e,1544123353,Jake VanderPlas,1,2,3,1,3,3,239,0,0,0
ipython,c14d2208de7021c76b236eba668e3f40917a49e0,1544479246,Matthias Bussonnier,1,1,1,1,1,1,66,0,0,0
ipython,05bfcf38788982320d54550b3aeb0f5853aedb7f,1544584419,Jesse Widner,3,2,18,1,8,4,204,3,161,1
ipython,e4869b6789712f3f49827f60e5d387d68e4997dd,1544638994,Tony Fast,1,1,1,1,1,1,90,0,0,0
ipython,43246e6dd85ef4647f2c70dfe3a54100aa7227af,1546627123,Matthias Bussonnier,1,2,6,1,6,5,236,0,0,1
ipython,d38770bbe722785f00860430228d9476e096a87f,1546771888,Mickaël Schoentgen,4,6,10,10,6,6,466,0,0,0
ipython,5df756a9097b1f1e99c2251841338c523329b8fb,1546774146,Mickaël Schoentgen,14,9,56,68,32,28,1181,2,66,2
ipython,1cde4dea4adc8f28a187892c82c20c30de0761ee,1547107125,Kyungdahm Yun,1,2,5,1,5,4,163,0,0,1
ipython,0ce8a35ceaa788928728e066bbc4530880a0a17f,1547107130,Kyungdahm Yun,1,1,1,0,1,1,63,0,0,0
ipython,cfcf5146861e5228191eac94f98b82ee5f052580,1547925366,Sanyam Agarwal,1,1,3,1,3,1,44,2,104,0
ipython,b69cf63d77d28f00d7ceb559639e90d3370af3b1,1548769874,luciana,1,5,18,4,18,13,674,4,178,1
ipython,2e1d49e2fa30bb3ab953fd0e236d927b633538d2,1548803876,Luciana da Costa Marques,1,4,19,9,19,10,353,7,372,2
ipython,3b7e5ccf90917c136669835b25d60f5eb2fc59bf,1549299521,memeplex,1,2,5,1,5,4,212,0,0,1
ipython,ad0ed001cbf708b10e38a0cba61c3af8032feb79,1549329479,Luciana da Costa Marques,1,3,9,11,9,8,222,1,46,0
ipython,75dc1c0bab811325814dad862b9dde1aec79aff8,1549332153,Matthias Bussonnier,1,2,4,3,4,4,193,0,0,0
ipython,27bd65405dc1397012b181c6a979eb76e7d751c0,1549390763,Matthias Bussonnier,1,3,11,3,11,8,327,2,95,1
ipython,954f683dc1bbfc9062fa164e5fe5c285c29e9794,1549507922,Matthias Bussonnier,1,0,15,0,0,0,0,0,0,0
ipython,a0dffa8ed9dd690bdda5bd039a47d2b1062c89bc,1549509144,Matthias Bussonnier,2,1,12,4,1,1,73,0,0,0
ipython,3413d5d055de1d5c337c7b0ea09925f0bb05c6d4,1549511435,Matthias Bussonnier,1,0,4,0,0,0,0,0,0,0
ipython,b8ea86bbe9ff0105ad2edcd9e926ca0bc18d3f5d,1549555116,Matthias Bussonnier,1,0,2,0,0,0,0,0,0,0
ipython,7e5406215aebaa2ed253ecf45fa21b885b93e406,1549645759,Partha P. Mukherjee,1,1,1,1,1,1,57,0,0,0
ipython,0f4235cdd2c28c8b7f95851c16476b178e6154cb,1549645978,Partha P. Mukherjee,1,0,28,0,0,0,0,0,0,0
ipython,2f6da59aa8ce0f54ec160d90e8d38e8136612e37,1549647169,Partha P. Mukherjee,1,0,2,0,0,0,0,0,0,0
ipython,357c0131414f2f403c444e7025234fba2f7d7edb,1550519729,Matthias Bussonnier,2,0,28,16,0,0,0,0,0,0
ipython,2576c3b332d734d1977929eaa88dcfb694b85533,1550526557,Matthias Bussonnier,1,0,3,2,0,0,0,0,0,0
ipython,2e1cca5bc917a19484e8ba967e8b3ae102f44bb3,1550526985,Matthias Bussonnier,1,1,1,1,1,1,55,0,0,0
ipython,29011904f9741952e31abfbad554f6908c6fbe61,1550527102,Matthias Bussonnier,1,2,2,2,2,1,18,1,57,0
ipython,c4015d3d13bd5b07e0a1b7f1249edce8b81323b7,1550528774,Matthias Bussonnier,1,2,2,2,2,2,72,0,0,0
ipython,c26684fc086ad5d80686506c3e3e216462baa463,1550529761,Matthias Bussonnier,1,3,1,4,1,1,128,0,0,0
ipython,6f40a985ebeb1a8036f0f84ccf0ddf7579141604,1550529979,Matthias Bussonnier,1,2,6,2,6,6,223,0,0,0
ipython,e487df2fc568243e0d57a13b83ec8869af4a156f,1550536922,Matthias Bussonnier,1,0,4,1,0,0,0,0,0,0
ipython,c1885ce1cf5facc5c9665131e874b2a9af46a9a1,1550543714,Matthias Bussonnier,2,1,7,1,1,1,70,0,0,0
ipython,434ac7b1c6b0735a44ffeff6d7d8fc5be92fee8d,1550696100,bnables,1,2,5,2,5,1,14,2,143,2
ipython,7b74b9aaff45fe0a60288717c38c97887646c540,1550698384,bnables,1,1,0,4,0,0,0,0,0,0
ipython,9f781b568c231a1b9401b2f66b6322a1d368ceee,1551543814,Frédéric Chapoton,1,0,0,1,0,0,0,0,0,0
ipython,319fcbca0a322e3f57b79d5e377574de88d1570d,1551998396,jsnydes,2,1,7,1,1,1,50,0,0,0
ipython,2656dd7c74ec86e5696b76555658d08b4b0fa0c7,1552002514,jsnydes,1,0,1,1,0,0,0,0,0,0
ipython,5c5f6009f0c4a1da84d0f95183d7a4331668e1ea,1552090825,Matthias Bussonnier,2,1,8,1,1,1,27,0,0,0
ipython,127b8bf62db3a159293884cb45e6b02c8d0f5ba8,1552248031,Niclas,1,3,52,0,52,34,1535,8,397,10
ipython,f7db2e18fee0ddaf053b08acadda7039bd15574c,1552582595,Matan Gover,1,5,40,29,40,31,1195,6,269,3
ipython,1fa067f13afe0d87cb0a4c7033b2f413d6092e03,1552582623,Matan Gover,1,1,1,1,1,1,86,0,0,0
ipython,708961cc59e4bfb36ce3a7e88060f62f1b2358f1,1552582693,Matan Gover,1,1,2,0,2,2,139,0,0,0
ipython,5db57947370370844c548879f4ab72cb7eaad926,1552582796,Matan Gover,1,0,10,2,0,0,0,0,0,0
ipython,80013f443ef6429a313b4fce291002999057541c,1552584561,Matan Gover,2,3,15,7,3,2,85,0,0,1
ipython,7044ff6830bcc5e68567a4dfb661f303f1273571,1552599386,Matan Gover,2,13,90,29,27,24,1543,0,0,3
ipython,f3c5ecdf9d43f46eb51d2d5d159a69bd85376625,1553029080,Matthias Bussonnier,2,3,60,2,57,42,1904,8,421,7
ipython,c94b13e2474b4a36341747786b9165024672e99e,1553087031,Wouter Overmeire,1,0,2,2,0,0,0,0,0,0
ipython,8756ac654ef3e8a2584ae0936ec0fc1638096824,1553188811,Matthias Bussonnier,1,1,1,1,1,1,55,0,0,0
ipython,92e3fd93eeb6fe778eb86209244a30099cc0bf5d,1553196973,Matthias Bussonnier,1,1,1,1,1,0,0,1,57,0
ipython,d774f565bf46f645b256a7f06da24e9d7d2abb25,1553202737,Akshay Paropkari,1,1,1,1,1,1,55,0,0,0
ipython,386ca8cdde295b91a9106e8f3ecbc4882c7e5e51,1553203009,Akshay Paropkari,1,2,2,2,2,1,18,1,57,0
ipython,560d4dce0a1a7e579ae1c7d2eb5a779e1b4e5b6c,1553306409,Nick Tallant,1,3,7,5,7,7,277,0,0,0
ipython,c841e6d78a398e81fda89bc5ddc661112297c5a0,1553306779,Nick Tallant,1,2,4,2,4,4,199,0,0,0
ipython,d05065c04115748d7aa9cbe5540970147e8c55d4,1554074027,Niclas,1,8,12,63,12,9,390,2,109,1
ipython,a062bb7bbe4d6826269e474bcd738f629876fed4,1554275384,stef-ubuntu,1,5,12,3,12,11,573,0,0,1
ipython,1810073b76c6d91b8ee8c66a251a04d6dd213b6d,1554358290,Andreas,2,9,23,3,23,15,747,2,49,6
ipython,9c03d28b60b5c7fca753fda86565407f0a0f745e,1554707330,Sebastian Witowski,1,1,1,0,1,1,68,0,0,0
ipython,64e3b8563e70b28af60f1aa6b2013420207e42d9,1555716172,Matthias Bussonnier,1,1,1,1,1,1,116,0,0,0
ipython,2b0d146378b532c432d970c64e0fd3fc12627498,1555716595,Matthias Bussonnier,1,1,1,1,1,1,71,0,0,0
ipython,6a4263bab9f4e8d08b8954ad6be10d8c08d83561,1555975801,Matthias Bussonnier,1,1,5,0,5,3,123,0,0,2
ipython,4f3b0574b572b51422aab6e9ed3d89fec31eaeab,1555977650,Matthias Bussonnier,3,3,15,6,5,5,177,0,0,0
ipython,8c47bbcb30a9a3842c8f870dc6610a69f2b06d97,1556144281,Matthias Bussonnier,1,1,1,1,1,1,55,0,0,0
ipython,f14271fe2b0f9627f64848466de944befc7c29c9,1556144340,Matthias Bussonnier,1,2,2,2,2,1,18,1,57,0
ipython,c69876f58fbdc5bec01a64c3898f1db406d084c1,1555591028,zzzz-qq,1,5,12,9,12,10,365,0,0,2
ipython,756d0ce8cdc7d7a0b22489a05495434289a0fca1,1557065822,Matthias Bussonnier,2,9,23,4,23,21,895,0,0,2
ipython,6db4fa691474c9de782bbea51a464e54bceffb53,1557069133,Matthias Bussonnier,2,7,12,4,12,11,629,0,0,1
ipython,8d2fb55d27a149516d5d7e1dc36223f1c1a806ee,1557069531,Matthias Bussonnier,1,1,1,1,1,1,105,0,0,0
ipython,f1dac1e1cdbe058f1382289de978331b1bedcc83,1557070296,Matthias Bussonnier,1,4,7,2,7,5,263,2,40,0
ipython,b2d2ca21b3514f2bd5d0bbd0f942dc77353ef2ac,1557101047,Piers Titus van der Torren,1,1,6,1,6,4,181,2,103,0
ipython,3e12a7886f1d6adbf07cdacfb9419aca38d76bf2,1557198688,Matthias Bussonnier,2,7,16,6,16,11,672,2,141,3
ipython,ded0fb172c89c4532b4d9c168b588a1a890d5d4b,1557525919,Robin Gustafsson,2,2,42,0,14,12,346,0,0,2
ipython,248128dfaabb33e922b1e36a298fd7ec0c730069,1557577160,stonebig,1,1,37,17,37,37,1110,0,0,0
ipython,3b160421894ef3495781a6d76fe0edd0fe44ea2d,1557577914,stonebig,1,1,1,1,1,1,48,0,0,0
ipython,e1b53e9ef91a43b9e275bb9e48b4253218375d87,1557677111,Matthias Bussonnier,6,2,22,11,2,2,113,0,0,0
ipython,90afb0fcbbbef663a37de09e867e15c9258c66bc,1557695270,Matthias Bussonnier,1,0,6,1,0,0,0,0,0,0
ipython,dc697639639a2f23e1416ddcb63319b50339990e,1557913096,Kevin Sheppard,1,3,7,4,7,4,190,3,122,0
ipython,8684a09d79979bdd4bdb281d193f72ea9f2ac0d1,1558304292,Thomas A Caswell,1,2,10,6,10,7,236,2,111,1
ipython,ec6e6088e7a7212ac04af42c90281a066e67a263,1558734301,Oriol Abril,1,1,1,1,1,1,73,0,0,0
ipython,4c3eafe0c10053cea8b2c8fa450c9622ef4295b5,1557292202,Pragnya Srinivasan,1,4,15,1,15,11,534,2,48,2
ipython,167e67e191308072a5716d8755b789295bc2a8a0,1558818777,Matthias Bussonnier,1,0,14,0,0,0,0,0,0,0
ipython,603b39705be5688b95b65bf32876251454bce722,1558822395,Matthias Bussonnier,1,1,1,1,1,1,79,0,0,0
ipython,8a8867b911923ed94c6a6c043fa8d5df92ae003f,1558822662,Matthias Bussonnier,1,0,1,1,0,0,0,0,0,0
ipython,335a8dc966e41a48b11ac2a3cf8cc015d7b4425a,1558901249,Matthias Bussonnier,1,2,9,1,9,6,219,2,95,1
ipython,0e068ff7d19b37fc56f23cee2774593634d35f08,1558962897,Nikita Bezdolniy,1,2,3,1,3,3,103,0,0,0
ipython,e8d8a60c21ecc89e1b4331f75076724d68ff0af7,1559062684,Miro Hrončok,3,0,16,3,0,0,0,0,0,0
ipython,d7c43b6b39814da667d780640b3bf5bd4d4a92a9,1559267879,Matthias Bussonnier,2,15,52,48,52,36,1811,14,619,2
ipython,ede2c61f625463e4e1ff69c1d7898193cbf5acd5,1559267978,Matthias Bussonnier,1,8,8,11,8,8,672,0,0,0
ipython,ffbc8d19246c74166a7dec9182c568385dfa5587,1559270819,Matthias Bussonnier,1,1,1,3,1,1,29,0,0,0
ipython,123e53b1d1500bc2805a776228232147a9989cee,1559272779,Matthias Bussonnier,2,3,12,5,12,7,323,3,122,2
ipython,6de160c0d2ace4a2abd3a34408d0a0c97cad7705,1559278808,Matthias Bussonnier,1,0,12,12,0,0,0,0,0,0
ipython,546cf5c0c4dac6d70c13ded8e2041ccd0294ab36,1559290178,Alok Singh,1,2,8,1,8,5,131,1,51,2
ipython,ec8e405ab1efafe7807085bd12974a470b9d4a2e,1559352584,Alok Singh,1,5,13,0,13,9,330,0,0,4
ipython,c57f24abbaa8e58a238a912136cb0935f6a47f08,1559426167,Luciana da Costa Marques,1,0,0,3,0,0,0,0,0,0
ipython,2b20077c5fcb5bd7582cd00083171cce68f56913,1559621256,Ed OBrien,1,0,2,2,0,0,0,0,0,0
ipython,edecbb3ca95159b9dc1ef20f1cdcc5a25be1ba69,1559829185,Daniel Hahler,1,5,14,30,14,14,416,0,0,0
ipython,1a37c55789d9e3457b8e00231be490dc6d971ac4,1560245423,Matthias Bussonnier,4,2,45,7,7,2,80,3,196,2
ipython,72306c4c0f4c274e887cac845ac4de01df3a0481,1560246053,Matthias Bussonnier,1,0,1,0,0,0,0,0,0,0
ipython,f7e055d056609377a6fa726eea1fb985b9da47ed,1560369680,Antony Lee,1,2,2,2,2,2,92,0,0,0
ipython,1ef15a57ca3f4d83e7347299904f197b0e9c8c2a,1560269529,Matthias Bussonnier,1,1,2,1,2,2,85,0,0,0
ipython,9cb1081dab0545e060220330a0013b0efc69abee,1560266185,Matthias Bussonnier,1,0,3,37,0,0,0,0,0,0
ipython,407e8b4edc739a0cb08eccd4108fa7cfa4b8dec4,1560266336,Matthias Bussonnier,1,0,1,16,0,0,0,0,0,0
ipython,df563a18a92e64994393d0e29b1cae1a9403c36c,1560267305,Matthias Bussonnier,1,0,4,13,0,0,0,0,0,0
ipython,17589e2e12054f029ac74de7617cac390c9c0787,1560452174,Matthias Bussonnier,6,0,10,10,0,0,0,0,0,0
ipython,522dc269b054580941f9f69b09d11ca0ef011227,1559913725,Maor Kleinberger,1,7,7,7,7,7,499,0,0,0
ipython,d376f5b87aa11d0970c2d01ce68746601872606b,1560824444,Matthias Bussonnier,1,0,52,3,0,0,0,0,0,0
ipython,3fd58dc8d362258288fa30979cb002088f2068fb,1560826585,Matthias Bussonnier,1,1,0,1,0,0,0,0,0,0
ipython,17c73977b3216502e3d665f8a88a994bede7ae92,1560878976,Matthias Bussonnier,1,0,3,2,0,0,0,0,0,0
ipython,59d939198cd2c51433fc3074b705c7489431d648,1560879399,Matthias Bussonnier,8,0,1,27,0,0,0,0,0,0
ipython,24314829e46a9fd6026623be07dcbe95395e5de2,1560881242,Matthias Bussonnier,2,0,5,3,0,0,0,0,0,0
ipython,7957b6e013683a021576c7debe4201c80a5f6497,1560882728,Matthias Bussonnier,1,0,877,859,0,0,0,0,0,0
ipython,40bcf3c099417f58254c70925f3e5905fa6fa6ac,1560882909,Matthias Bussonnier,1,0,12,12,0,0,0,0,0,0
ipython,59a11e2e70c0e8a555eff5e9aeba1cff760271d1,1560882946,Matthias Bussonnier,1,0,346,342,0,0,0,0,0,0
ipython,2a757b6d8094862176411c6e70d18777410ed609,1560884313,Matthias Bussonnier,1,1,6,6,6,6,239,0,0,0
ipython,7343335486704822cfc4ef545c3fc12d7bb7d538,1560891100,Matthias Bussonnier,1,0,2,1,0,0,0,0,0,0
ipython,1e9ebf139ae76eddfe8dd01290e41735e7d1011b,1560891206,Alok Singh,1,0,3,3,0,0,0,0,0,0
ipython,29618b483ccc0c95625f92b02d6da68b136456a8,1560891289,Matthias Bussonnier,1,0,19,12,0,0,0,0,0,0
ipython,7c1c99767f18af8d5f12cb7212ba757c58423197,1560892458,Matthias Bussonnier,3,1,8,10,4,4,83,0,0,0
ipython,53375cf194cdeee752ed94f1296af459ca2b46c6,1560904632,Matthias Bussonnier,2,0,53,49,0,0,0,0,0,0
ipython,90c67b40c376c477f2377068c41612c95d8af707,1560911495,Matthias Bussonnier,1,2,3,0,3,3,105,0,0,0
ipython,3ac478452ce14fd8264b70a59f793a984a95c110,1560982349,Matthias Bussonnier,6,0,25,11,0,0,0,0,0,0
ipython,b078d2569f255915e05f8a8f752c7a0c6953d854,1561135495,Matthias Bussonnier,4,0,33,38,0,0,0,0,0,0
ipython,ea4ab3aa772cb62f5641f12c8188e49fd8055e6c,1559182278,Matthias Bussonnier,8,1,87,19,1,1,58,0,0,0
ipython,5749ca682e23e0fc5d607c757f05b90344233f4b,1561603304,Brandon T. Willard,1,9,12,13,12,9,599,0,0,3
ipython,32b9294f2a195686fd21b95817bf2a4b26314935,1561610319,Brandon T. Willard,2,2,21,3,3,3,189,0,0,0
ipython,a66c22aa90045ea86fcda43106a7ab81af9fe213,1561704933,juanis2112,1,1,4,1,4,4,184,0,0,0
ipython,edbca8cd18673e5aaed71333c20ee46962fafd3f,1561764651,Matthias Bussonnier,1,1,1,1,1,1,55,0,0,0
ipython,223d17f2e85507fc0ce8be1e0bd25ce0afea1c62,1561764801,Matthias Bussonnier,1,2,2,2,2,1,18,1,57,0
ipython,fcc010a5fa585022d22946cf13236af6a7d0b6fa,1561831609,Po-Chuan Hsieh,1,1,4,1,4,4,135,0,0,0
ipython,72570a0e789d4ceff891ceca1a4875797924d548,1562092555,Matthias Bussonnier,1,0,9,0,0,0,0,0,0,0
ipython,a25c6cc93f8a8fa87f19320b39fb30fdf7b29ce9,1562096984,Matthias Bussonnier,1,3,7,8,7,7,394,0,0,0
ipython,3a0e83735e7fd5dbb6c658ab7f2e57d94e08a598,1562172141,Matthias Bussonnier,1,2,3,3,3,3,91,0,0,0
ipython,1f0807dbd528fb191edfba330ca0c7345cfe3e65,1562172261,Matthias Bussonnier,1,2,3,3,3,2,36,1,57,0
ipython,7d03acba8b4ac820bd4e9e1719b5dbe0dd7166c0,1562199471,Oriol (Prodesk),1,15,15,15,15,1,116,0,0,14
ipython,0e6cca83625ea4aa07ce0c76bebfdfb9c02763d0,1558048049,Matthias Bussonnier,1,4,15,0,15,12,458,1,61,2
ipython,e962a2b0e1032f5ac3f0c0cd1d40f9f0c177584b,1562473828,Matthias Bussonnier,2,11,48,15,48,37,1651,2,85,9
ipython,e2c2c36ea84997499403d2bbd2da01428c377422,1563724657,Min ho Kim,7,5,7,7,5,4,287,1,64,0
ipython,b63e87e42eb6b9db4711bf59114fd2c2fb7ec953,1563856347,lllf,1,1,1,1,1,1,64,0,0,0
ipython,746a8d8e423db6060605e77788c972ee9a9f67ee,1563918294,Matthias Bussonnier,1,0,25,0,0,0,0,0,0,0
ipython,3e56e52edf524b83e6e72b1a7b521b6e0c437147,1563918642,Matthias Bussonnier,1,3,3,5,3,1,65,0,0,2
ipython,741169a0094d1f18312b73a87a320a08526ac21c,1564179146,Matthias Bussonnier,1,1,1,1,1,1,55,0,0,0
ipython,1879ed27bb0ec3be5fee499ac177ad14a9ef7cfd,1564179346,Matthias Bussonnier,1,2,2,2,2,1,18,1,57,0
ipython,f91fc4e1dd915a1afd5a8913a8eba83c5024f285,1564500440,Oscar Gustafsson,2,8,34,9,10,9,452,0,0,1
ipython,978f4da6ae538a1a003a4e4b887e6b30bee8d271,1564681145,Oscar Gustafsson,2,10,49,8,24,23,1120,1,43,0
ipython,e5dc064eebf20e529bd6f2dcb1c0a6e8410ba6cf,1565372413,Matthias Bussonnier,1,2,2,2,2,2,99,0,0,0
ipython,cbfdf70d36f0ff2d5ebbedb61163f2d8859c487e,1564613713,Matthias Bussonnier,5,9,31,5,31,22,1046,0,0,9
ipython,79c601b9541fe7606030b6e85adf03d5355ab53f,1565728068,Min ho Kim,19,19,32,32,19,16,914,3,176,0
ipython,72841b001d5502cbdec41fd17fda8e57825124ce,1565817657,Tony Fast,2,6,39,27,25,17,815,2,91,6
ipython,e95b0cf4deb44ab5dd7a2779ed2086b33ac1e640,1566320485,Terry Davis,1,1,0,15,0,0,0,0,0,0
ipython,c131374a844ddf8bea50190a48d3f07488862c7a,1566321347,Terry Davis,1,2,3,3,3,2,130,1,62,0
ipython,1e60fc339a7a31054bb22028c2f97ed10273bee9,1566327952,Terry Davis,1,1,12,0,12,11,498,0,0,1
ipython,ef90f080d3cb98fba0b18e266b87fb9708d22dfd,1566328076,Terry Davis,1,1,2,0,2,1,38,0,0,1
ipython,b66b470d88fb9336ab5f3844084bb8c0077830c3,1566330368,Terry Davis,1,1,1,0,1,0,0,0,0,1
ipython,b97f9ba51941b6a832abfa3ca9090bf366833876,1566507857,Timo Kaufmann,1,1,1,1,1,1,65,0,0,0
ipython,c233c25ab8b724646b9bdc407214c3bb7294683c,1567183774,Matthias Bussonnier,1,1,1,1,1,1,55,0,0,0
ipython,91d36d325aff4990062901556aa9581d2b22c897,1567183941,Matthias Bussonnier,1,2,2,2,2,1,18,1,57,0
ipython,f634c37ee523a9ad83343a1ae2079af98d80ad66,1567525735,Hugo,1,0,1,1,0,0,0,0,0,0
ipython,3e5fef7a03182eaf4eb1f8b8676876d59fd4bd10,1567641059,Niclas,1,3,10,50,10,9,313,0,0,1
ipython,ca2480743b1047ecb42325c2fc1f94b0048c2474,1567682640,Mohammad Hossein Sekhavat,1,1,1,1,1,1,71,0,0,0
ipython,6c5d9c3e0ac601ba6c57c13ac1069f760fcb1999,1568828586,mfh92,1,1,1,1,1,1,58,0,0,0
ipython,b24a72067ebe33c3ed608e85713457fff7ae6749,1569320663,Min RK,2,1,26,1,7,5,187,1,57,1
ipython,753ddcfbf7c889aba4a26cc3701f274563d24e75,1570300538,Joris Van den Bossche,1,1,1,1,1,1,25,0,0,0
ipython,ed126381f35fbda0ed28e403c247539125c390dc,1570717833,Vidar Tonaas Fauske,1,1,7,0,7,3,68,3,139,1
ipython,1af9c258bd27cb161cea48b8288af7dfd04bf1c3,1570781798,Георгий Фролов,2,8,27,1,27,16,572,1,45,10
ipython,b732611ea58cee34d747c286a17db711f401424e,1571292715,Ben Lewis,1,2,5,5,5,2,71,3,157,0
ipython,2eec187d323fa1d1c1a645a8876a69aa3be7fba1,1572027016,Matthias Bussonnier,1,1,1,1,1,1,55,0,0,0
ipython,f273a59d0a7169acb0293dc6caf962336723f96d,1572027138,Matthias Bussonnier,1,2,2,2,2,1,19,1,57,0
ipython,a02911aacbdae6598000fdbd5a08139b24f96b43,1572198440,Gökcen Eraslan,2,12,67,47,49,40,2025,4,106,5
ipython,7411df1d3d1b52349760546e857045363701e5d2,1570795570,Paul McCarthy,1,2,57,2,57,39,1306,6,249,12
ipython,0f50c5a5e557b355d6bcf9953ca201524b1687c0,1571421339,Paul McCarthy,1,2,6,5,6,6,134,0,0,0
ipython,dae0175ce27712307a126712009566f692bc8b77,1571488416,Paul McCarthy,1,4,56,57,56,33,1025,13,739,10
ipython,73517c8eeba9b8c30a8d2affa8c9b9fd51adc121,1571488967,Paul McCarthy,1,10,82,72,82,50,1590,22,972,10
ipython,64512e81710717447f59498de6e306c3d72d470f,1571575472,Paul McCarthy,1,5,30,25,30,16,658,8,410,6
ipython,879050a347776f9818d0003fb0e8ea09b434e42a,1571575863,Paul McCarthy,1,1,3,1,3,3,190,0,0,0
ipython,96ed7a3d20543c70b300728b1eecb18acabda13e,1571576753,Paul McCarthy,1,1,3,1,3,2,121,0,0,1
ipython,c3461c7abe1b1d0de05b88dcfb64d601f4f8a1af,1572403251,Paul McCarthy,1,2,3,7,3,1,35,2,94,0
ipython,e33e98fe8de68c8af80b9158a8458a9b626a9f5b,1572598806,Gerrit Buss,1,2,1,3,1,1,75,0,0,0
ipython,467667270d4d0e4ac3885d229b8f51cef72171b5,1572753085,Matthias Bussonnier,1,2,13,1,13,5,210,7,348,1
ipython,de62a081d1d8f4f7a301026fcfa7cfb7317f96b2,1573477178,Nicholas Bollweg,2,1,6,4,2,2,128,0,0,0
ipython,93500dbe00103146a977c66d8c8afac3120c49b0,1573477994,Nicholas Bollweg,2,0,13,5,0,0,0,0,0,0
ipython,0f6d2f42f2a10eeb5f78c57314b2f8cc026aed19,1573504903,Matthias Bussonnier,2,3,8,8,3,3,122,0,0,0
ipython,390d0400cfafb2270b35bc5634f19e40b2a2e249,1573548944,Srinivas Reddy Thatiparthy,10,16,30,30,27,27,988,0,0,0
ipython,802df205b23bec291959ef495328637a1a786f2e,1574012762,Matthias Bussonnier,1,3,9,3,9,8,337,1,39,0
ipython,da7bac9111c66c1a8b9aa5bccf464c3d8dfa93b3,1574014212,Matthias Bussonnier,2,2,2,2,2,2,47,0,0,0
ipython,bf42a49afb349be18957d7b115e98f451c9c3af5,1574017788,Matthias Bussonnier,2,2,2,2,2,2,85,0,0,0
ipython,17611ad6ef7a41a6df9f0f655c92b670f01ff14b,1574022922,Matthias Bussonnier,1,8,16,30,16,9,545,0,0,7
ipython,39b518189261f3b31d59cc9740db502785c3365e,1574091463,kousik,4,5,3,25,3,3,137,0,0,0
ipython,aa324b5c104f090d0b24c4293f7488943faec66a,1574097623,kousik,4,0,269,273,0,0,0,0,0,0
ipython,747cdeb276ec8c88ad646b809882c11bd63543e9,1574226255,kousik,1,1,8,0,8,5,265,2,156,1
ipython,dffa2c33dea3ecc09256a66a6ddbc876ce0629a9,1574367493,grey275,1,2,0,8,0,0,0,0,0,0
ipython,13e486ebe73887527d34fea748233d9fce1268cc,1574444594,Matthias Bussonnier,1,0,29,0,0,0,0,0,0,0
ipython,13441028e1d087c9ecf96d9fe4349a0e82350afc,1574444702,Matthias Bussonnier,1,1,2,0,2,2,109,0,0,0
ipython,c2a5384f364ecc5dded4ad892f13527880ae8517,1557866727,Jonathan Slenders,2,6,18,3,17,13,498,2,87,2
ipython,cd9f5228dcee55d170f22e55ecea807ee79b3bbd,1574896698,Matthias Bussonnier,1,1,1,1,1,1,55,0,0,0
ipython,5bac48502c470f66db3629468dfecb52639ff357,1574900143,Matthias Bussonnier,1,2,2,2,2,1,19,1,57,0
ipython,7995e64e9d85d4e8ef8dd236d5fff97524508700,1574893237,Jonathan Slenders,2,5,21,8,20,13,581,6,297,1
ipython,a4255f1db13453f0fe7398218f3c0470400b0df5,1575123173,Jonathan Slenders,2,2,45,1,45,30,1048,2,129,13
ipython,8768212e2f10ebffd0118d79eebfcc6f8debb6b2,1575132489,Matthias Bussonnier,1,1,1,1,1,1,64,0,0,0
ipython,f52ca01cad84187a87ee0159778886b3764dbb18,1575133214,Matthias Bussonnier,1,3,18,12,18,16,710,0,0,2
ipython,33775656cb4137d918fe38a7d38a4206cceba934,1575134586,Matthias Bussonnier,1,3,4,2,4,3,233,0,0,1
ipython,ac224067d1e05be54fcc91a3036dbf07a8a4ce68,1575143281,Matthias Bussonnier,1,0,2,2,0,0,0,0,0,0
ipython,a771dadfde60a612739274c6fbc73db783621963,1575146533,Jonathan Slenders,1,1,6,3,6,6,142,0,0,0
ipython,c812a49785e55339d131017718e594f4a7d45154,1575163773,Matthias Bussonnier,1,3,4,4,4,4,143,0,0,0
ipython,b70b111b3f5a6cab3a89847eb98ce6b36f9f287d,1575165066,Matthias Bussonnier,1,4,5,6,5,5,294,0,0,0
ipython,4a42866eee1d79b2d07c3fc5472d67f19929d077,1575165792,Matthias Bussonnier,2,8,12,14,12,12,431,0,0,0
ipython,364457bf98c4335115906209ef7066ea03e142bc,1575165984,Matthias Bussonnier,1,5,5,5,5,5,611,0,0,0
ipython,8c4e8b5da7d0caa0ee88e3a11410e9b3f33551f6,1575170117,Matthias Bussonnier,1,2,4,3,4,4,125,0,0,0
ipython,595f4426a61a25c8146f9a022ef2ca66eab28aa4,1575170671,Matthias Bussonnier,2,2,7,4,3,3,113,0,0,0
ipython,0aac4ecaafaf327dc34f2d6790d429c7a23e2cbb,1575221709,Chemss Eddine Ben Hassine,1,0,0,1,0,0,0,0,0,0
ipython,b93782e5359bff127a2da1d3cc0019ee8d75099e,1575222586,Matthias Bussonnier,1,2,3,3,3,3,92,0,0,0
ipython,24145ee1ff606ed7cf470bea13ef2dea77baf604,1575222851,Matthias Bussonnier,1,2,3,3,3,2,37,1,57,0
ipython,efc78ade7060282fd6cecd846091f28c6a7fe1eb,1575227053,Quentin Peter,1,13,52,33,52,44,2144,1,29,7
ipython,695206f27d652531276b73c43c581c1eea71947a,1575227751,Quentin Peter,1,0,5,0,0,0,0,0,0,0
ipython,c273724b5b98650388e4de7e17f488dec886e585,1575235679,Quentin Peter,1,2,6,3,6,6,228,0,0,0
ipython,42d108534cbea8a150e41cbe4de7ff9a12a28191,1575236651,Quentin Peter,1,0,1,0,0,0,0,0,0,0
ipython,2705621ca111194e778372390defdc478c58a21d,1575276663,Quentin Peter,1,0,14,1,0,0,0,0,0,0
ipython,7b234536d859baa939ee3a19004a2d96f86ce6cb,1575277200,Quentin Peter,1,3,10,7,10,9,416,1,48,0
ipython,2d3a743daaeef7b18e18ae803951f32ddd6db20c,1575280518,Quentin Peter,1,3,6,2,6,3,138,2,132,1
ipython,74439e405d372fb90eaa6410eadc9327620f3c9f,1575307906,Jonathan Slenders,2,5,32,3,32,12,400,13,773,7
ipython,2c41244b453a729067b3a85f99b03261f0a3dd76,1575317240,Jonathan Slenders,1,4,17,11,17,8,223,7,347,2
ipython,565504a7f2a9c4bfbea2b6441f8f222a2a325f6e,1575476565,Joseph Kahn,1,1,1,1,1,1,55,0,0,0
ipython,bcc84fb01a46f660c08f004842cbd7be3b6c8441,1575488104,Matthias Bussonnier,2,2,2,2,2,2,104,0,0,0
ipython,a089b78315ef964f8552ffa52db569a8a924bfc2,1575567494,kousik,1,5,3,20,3,3,86,0,0,0
ipython,f984edc39a6e247c9deecafb8752464aa8c7235e,1575590061,Matthias Bussonnier,1,14,16,21,16,16,680,0,0,0
ipython,537d3ccf4c280b39a029956e1d36c5c1e2da880c,1575590261,Matthias Bussonnier,1,1,0,22,0,0,0,0,0,0
ipython,5a8935c7ba75e3dedd18db7008609cb39b690f25,1575585658,Matthias Bussonnier,16,9,8,24,5,4,283,1,49,0
ipython,d525e643e56b2698f6859830c687bf9a0f5571e5,1575592061,Matthias Bussonnier,1,6,7,6,7,5,291,0,0,2
ipython,788aabe73859ce041a0e3d05533eaa94fff1966c,1575986316,Matthias Bussonnier,1,2,2,2,2,2,109,0,0,0
ipython,ee13e3c65f38a87cefffcf618b3387181b4883be,1576094631,Jonathan Slenders,1,6,22,1,22,10,366,7,347,5
ipython,c2c3b03e6ba8ff3980946be547e6e10a8d4f63dd,1576105466,Matthias Bussonnier,2,7,6,6,6,6,240,0,0,0
ipython,23e618db87df269d82f828cba5b2f729e5eb5d9d,1576127561,kousik,1,1,0,3,0,0,0,0,0,0
ipython,b24c2e57e99aba62f8627083e9ed676fbaa4a736,1576194665,Matthias Bussonnier,1,6,6,8,6,6,221,0,0,0
ipython,e4b383a79d89b13083477517f06c606ebe98878f,1576195150,Matthias Bussonnier,1,4,4,4,4,4,122,0,0,0
ipython,2df0cf135595664b4d595d6bf48f748ba03ac1cf,1576195823,Matthias Bussonnier,1,1,0,1,0,0,0,0,0,0
ipython,cec52bd225a7f4d9dd41d27f110ddfb165edbb10,1576197675,Matthias Bussonnier,1,0,2,4,0,0,0,0,0,0
ipython,b87c2b69042bfa48f688e07343934e0d4fee759a,1576363331,Matthias Bussonnier,1,1,1,4,1,1,37,0,0,0
ipython,d670c431a5e85a930c575d3f69152dc21c38b887,1576387619,Quentin Peter,1,3,10,7,10,7,184,2,73,1
ipython,c9fc4159fb78cfd97ed42a4acf0df259a93cd4a6,1576414928,Quentin Peter,1,2,3,2,3,3,73,0,0,0
ipython,a05409fd4543127086bb048d6d6015de86e31520,1576473568,Naveen Honest Raj K,1,1,0,29,0,0,0,0,0,0
ipython,3697d322d153a470d45de676eb224e3cdc311d8b,1576860326,takuya fujiwara,1,1,0,12,0,0,0,0,0,0
ipython,8d5912e8df4fd1d643bc214c3b6b777a3755410a,1576789223,Marc Hernandez Cabot,1,0,0,1,0,0,0,0,0,0
ipython,a67a3d70b8204f42e9bc4d570587a32450e4e9b2,1576789356,Marc Hernandez Cabot,1,0,1,1,0,0,0,0,0,0
ipython,003ab938319421376e3d573e27a27833a8e85d93,1576939144,Jonathan Feinberg,1,2,2,1,2,2,122,0,0,0
ipython,ee3eebcc0768f845f00a516296959438fdb32384,1576940837,Jonathan Feinberg,1,1,6,1,6,6,256,0,0,0
ipython,6a8e15d9f21966ffcb5d020f2d4099489d0c6d3e,1577035076,Augusto,1,1,0,27,0,0,0,0,0,0
ipython,fbeedc0e5e4a5195359adb2209f67b855f54c163,1577272164,kousik,1,1,0,4,0,0,0,0,0,0
ipython,0c5d00ea919d258742d1d83cc00a93422be5fd0b,1577048450,Dominik Miedziński,2,1,4,2,2,2,90,0,0,0
ipython,c6839ecd8f63381014dd37ff17d6979b8d9c1426,1577471904,Matthias Bussonnier,1,1,1,1,1,1,55,0,0,0
ipython,54057a78f9c1100ec8ad8b06803ad27120fa7889,1577472008,Matthias Bussonnier,1,2,2,2,2,1,19,1,57,0
ipython,9a8d1a345f48b7aa85e6a6da5841b65ee1f8de63,1577526853,Matthias Bussonnier,1,1,7,0,7,3,87,3,145,1
ipython,3544c180b971afa87022e3c6b467819713f57311,1577899894,Matthias Bussonnier,1,2,3,3,3,3,92,0,0,0
ipython,10f852d25397921b5223ec065cb82abfed5d6ace,1577899992,Matthias Bussonnier,1,2,3,3,3,2,37,1,57,0
ipython,ba155123097ad0b5c5586bb54883399e85139503,1577902949,Matthias Bussonnier,1,0,1,1,0,0,0,0,0,0
ipython,225be320674e2bb5ba2a0ee15056d39d58aeecbe,1578386802,takuya fujiwara,1,1,0,3,0,0,0,0,0,0
ipython,1e6139c81e9acd5d2c771b0718f6f4b8592892e3,1578154388,Jeff Potter,1,1,3,0,3,3,135,0,0,0
ipython,773930b856c4c051c67ffeb4d7dc6e2820d59985,1578805783,Thomas A Caswell,2,3,12,2,6,3,116,0,0,3
ipython,f724bc8245c475324acd11568955df67c6670071,1579038712,Mark E. Haase,2,4,37,2,37,28,946,1,29,8
ipython,018538a05b3db3e47b7c7eb4f025480e6d783a75,1579119198,Mark E. Haase,1,6,19,14,19,14,504,4,190,1
ipython,24cb49b3c9e6190f56330b7b0967932f16e3d336,1579593741,yangyang,1,4,4,4,4,4,197,0,0,0
ipython,4527b9ca0edb17e6c3d454f566cadbc78e91a7fc,1579595414,yangyang,2,0,11,0,0,0,0,0,0,0
ipython,47d58f4213b8d1a898e1508d966f77b5b58b6e71,1579898187,Mark E. Haase,2,7,14,42,14,7,238,5,288,2
ipython,a4e12b3d6861b726fd7a2869b1dac5f9b85e1fa6,1580137679,Eric Wieser,1,1,5,1,5,4,152,1,67,0
ipython,16865e0fe7123de7db84122246a5a005043a8774,1580138569,Eric Wieser,1,0,6,7,0,0,0,0,0,0
ipython,5741513a995863bd5677407d4571d24d07fbe9d7,1580145043,Eric Wieser,1,4,20,16,20,19,751,0,0,1
ipython,deb53640dc4239b70ef95601e03224df0de28917,1580351075,Augusto,1,2,0,39,0,0,0,0,0,0
ipython,cddef04ae82729b23297bc499f4a68e61eb1ac53,1580503743,Eric Wieser,1,1,1,1,1,1,34,0,0,0
ipython,53f23d4d5fe3f39405d43e9d1c52ba16ffafe349,1579586786,Terry Davis,1,0,1,5,0,0,0,0,0,0
ipython,5935424486087b165ba795ee7cdb28a5bef139e3,1579587914,Terry Davis,1,1,1,4,1,1,35,0,0,0
ipython,38119d16744abe88f8ccac7f38d7bf5898db1388,1579587944,Terry Davis,1,0,0,1,0,0,0,0,0,0
ipython,5618e599241e06ee4d731d9368ddafbedc9adc34,1579588158,Terry Davis,6,7,7,27,7,7,324,0,0,0
ipython,51cd68a4315a740602b13fefe70aefca6d09f2ec,1579588713,Terry Davis,1,1,2,6,2,2,74,0,0,0
ipython,8bda98619aba4bf0aa75d92991c3f7d240d1c781,1580521068,Matthias Bussonnier,1,1,1,1,1,1,55,0,0,0
ipython,e40c4012fa1ed4087dd3b55a4403b87828b02f23,1580521133,Matthias Bussonnier,1,2,2,2,2,1,19,1,57,0
ipython,21073ffabed5ce2f676dbbcd5dde41c2933e9be4,1580583911,Jonas Haag,1,6,12,6,12,10,403,0,0,2
ipython,921c8373a1202839ea7211f892c7e3a28035022c,1580594556,Matthias Bussonnier,1,1,1,1,1,1,36,0,0,0
ipython,221eb78a8e09cea6c1634ae71fdc8621a2fe05df,1568485973,Alex Hall,1,33,35,481,35,35,1653,0,0,0
ipython,5471d4a427ab6b7486612d89ffbee1d8927f669d,1576184207,Alex Hall,1,1,5,0,5,3,198,0,0,2
ipython,245012e25756a7a4ed317e332e2ad47e89c39660,1576185022,Alex Hall,1,1,4,0,4,3,140,0,0,1
ipython,a0dcb06b3bc084e3fe33e797c90ebcbf82bf5b19,1576608195,Alex Hall,1,0,9,36,0,0,0,0,0,0
ipython,85d8abf0335ceb909c657895c65fb7cf4ffe1eae,1576613317,Alex Hall,1,0,1,0,0,0,0,0,0,0
ipython,4013529c4deeb5a601726905c6da4d2d5cf9e2b0,1576704368,Alex Hall,2,1,5,14,1,1,77,0,0,0
ipython,f302408307b1fea6e5d2059618d405967ee998e3,1576706185,Alex Hall,2,2,0,38,0,0,0,0,0,0
ipython,5743d5278ac226b1827d89994ece4b0a5949172a,1576870670,Alex Hall,1,0,3,9,0,0,0,0,0,0
ipython,6335e7281a9df5966bd62bff0c09494964d14485,1576880233,Alex Hall,1,0,10,7,0,0,0,0,0,0
ipython,01b1cdfb5ae129a4e5a7fe5e6151fdede0f50aa6,1576881074,Alex Hall,1,0,4,6,0,0,0,0,0,0
ipython,a9d2a6869b6a75f7a77061c8691357a8920f9022,1581463991,Inception95,2,1,6,0,1,1,54,0,0,0
ipython,44a51949fbaecb61ac9090b80178bfb6bf0dfa75,1581466261,Matthias Bussonnier,1,1,2,2,2,2,36,0,0,0
ipython,1400f5e58a5e5c69fbb5c0e56aaa939ef409a760,1581553603,Matthias Bussonnier,1,1,2,1,2,2,52,0,0,0
ipython,fb0abc20aa02d30e9b22b9ec4f560ec6151a9235,1581608380,"Coon, Ethan T",1,3,10,10,10,6,322,4,218,0
ipython,b5826b358582ef1c7b02acb5de453b41eeab4515,1581719354,Nathan Goldbaum,3,4,23,1,5,4,167,0,0,1
ipython,edc1a29fb6095ea0afa95a573ab9888c229d1e18,1581840510,Alex Hall,1,10,9,18,9,8,511,0,0,1
ipython,bebaa9e29e60adb69658fb983b427fce2e973369,1581850437,Alex Hall,1,0,3,3,0,0,0,0,0,0
ipython,71199efeb8fed92f29aee69360a0a7bc4cf97abb,1581879399,Daniel Hahler,1,3,2,13,2,2,146,0,0,0
ipython,534e3c995b1e2744705428706d35f20dabbb1c45,1582239450,Nathan Goldbaum,1,4,13,1,13,13,619,0,0,0
ipython,15172451fd652ca7d81b3b990e4eaa2dd53ea16d,1582311649,Itamar Turner-Trauring,1,0,29,1,0,0,0,0,0,0
ipython,c7cb9de69737dc7a3d4a88e4852d1c738d760e5f,1582319897,Itamar Turner-Trauring,1,0,1,0,0,0,0,0,0,0
ipython,f34471502949d4d526e1eb1214b8eb1c72ee9c87,1582320185,Itamar Turner-Trauring,1,0,1,1,0,0,0,0,0,0
ipython,b156d6954058af82c7b1adff273e6fd48b4dab26,1582320451,Itamar Turner-Trauring,1,0,5,1,0,0,0,0,0,0
ipython,356ea80d838dc945a229d2f830718761d73933e0,1582321205,Itamar Turner-Trauring,1,0,29,7,0,0,0,0,0,0
ipython,0cc916d47a423c40ddb15208cfd8582573bc08a0,1582322302,Itamar Turner-Trauring,1,2,9,3,9,6,149,3,195,0
ipython,080263d2ed5217ce925753acbb6b02702b5d6219,1582322856,Itamar Turner-Trauring,1,2,6,4,6,6,128,0,0,0
ipython,660d44f7c4f24ceb2ed7a679e20b929141c0c137,1582323606,Itamar Turner-Trauring,1,2,2,0,2,2,46,0,0,0
ipython,9f40a0695d7348150a7c0144fc474ebd4a24995d,1582377230,Alex Hall,1,6,17,5,17,16,667,0,0,1
ipython,4686edc9c88c53dbfcc5433c123bcef5b7544a1e,1582554541,Itamar Turner-Trauring,1,0,11,0,0,0,0,0,0,0
ipython,4fc3645982e72ded809d6c484790298363021fc7,1582555599,Itamar Turner-Trauring,1,0,1,1,0,0,0,0,0,0
ipython,c37a68e233fb4c126c70c99bf75942dedeb14237,1582559136,Itamar Turner-Trauring,1,0,3,2,0,0,0,0,0,0
ipython,14a4a46b013f8c865c334b27c6d95b529a9d79b0,1582559876,Itamar Turner-Trauring,1,1,1,3,1,1,35,0,0,0
ipython,4b4dbb81ece6875dcae1fa2c31e6458f22f2d979,1582656997,Jonathan Slenders,1,3,25,20,25,16,656,6,345,3
ipython,f862a7cc1863426c0763734a9ecfbe005ff22aff,1582742010,Itamar Turner-Trauring,1,0,0,22,0,0,0,0,0,0
ipython,844c6f764579bb406155db015428dca45798f84b,1582742124,Itamar Turner-Trauring,1,3,14,8,14,11,442,0,0,3
ipython,561d08809d08a4473e5a085392678544888fdb61,1582747564,Itamar Turner-Trauring,1,0,7,1,0,0,0,0,0,0
ipython,47609e63b2d7e3b7e18b9404b0322584bb3d4a3e,1579585286,Terry Davis,4,3,5,16,4,3,102,0,0,1
ipython,97ebf97b95e2987b44b491ab3891680d6b9b7a2c,1579585545,Terry Davis,1,1,2,10,2,2,39,0,0,0
ipython,c1ce3a2634079a173bfac85d5ea9afaa0d11db36,1579586068,Terry Davis,1,2,0,8,0,0,0,0,0,0
ipython,7a0bdabecfa745b60c3a711e1da2df378687e746,1579586423,Terry Davis,1,6,3,31,3,3,94,0,0,0
ipython,49f973a0f8ea0eabbc4507cfa1d6194f15fd37b7,1582694661,Terry Davis,1,10,15,12,15,14,425,0,0,1
ipython,02a3317e701b73326996a8989b95560ced97737d,1582698035,Terry Davis,1,5,5,5,5,5,129,0,0,0
ipython,7b277c4fb582a2bb16e34ab47619a2052654d33e,1582698331,Terry Davis,2,0,4,13,0,0,0,0,0,0
ipython,54396af2640f615c9a7695b9dd8e8b5fc01f0b70,1582698109,Terry Davis,1,0,0,5,0,0,0,0,0,0
ipython,383f73aeffcc4e57b500b3f492b42784feb551e5,1582698441,Terry Davis,1,0,1,4,0,0,0,0,0,0
ipython,499e491ec57e15c65c7a5274d4d863a069a33f2e,1582699223,Terry Davis,1,0,0,18,0,0,0,0,0,0
ipython,b43008515d506c0a8cabe307cf38fe8a25cfd346,1582700698,Terry Davis,1,0,0,2,0,0,0,0,0,0
ipython,023e5b5d3ba3d2f04fbbdd1f911ff2b7f11cefbb,1582790745,linar-jether,1,1,1,1,1,1,55,0,0,0
ipython,af3efd58f06cbd5701f267c99f375ff6fda71e57,1582829387,Alex Hall,1,2,4,1,4,4,227,0,0,0
ipython,2921bf257484fb0cd8d9e90f3f5e761f9c0e7204,1583017853,Matthias Bussonnier,1,1,0,18,0,0,0,0,0,0
ipython,5d39b579262dda44b321fe5b6f4a3dd42fd29f0c,1583059552,foobarbyte,1,1,1,0,1,1,50,0,0,0
ipython,ae0cfb2d1cbcf52e992359d2dad1e8cb7ce96286,1583059695,foobarbyte,1,1,0,1,0,0,0,0,0,0
ipython,a0e4b1b4ef4d79e7f9a7cb5d3b089a9fe22fd909,1583177401,Itamar Turner-Trauring,1,3,21,1,21,14,320,4,233,3
ipython,901a6507cd0d9cf63d8764ff7285db0baf241176,1583181372,Itamar Turner-Trauring,2,1,43,7,0,0,0,0,0,0
ipython,acf7e595dbc2743f5642018e5ec1f044be697a44,1583504028,Itamar Turner-Trauring,1,0,10,2,0,0,0,0,0,0
ipython,f0c34badc558ff1bf54ea3f8b9ea6fff975ff396,1583505155,Itamar Turner-Trauring,1,0,4,3,0,0,0,0,0,0
ipython,3eb14a5d04a2c5dd2ded3fe2145116bf992fe9bd,1583505553,Itamar Turner-Trauring,1,0,5,5,0,0,0,0,0,0
ipython,4b28af2bcec563f3c2512a01ff5d4379873bbcf8,1583506291,Itamar Turner-Trauring,1,0,8,3,0,0,0,0,0,0
ipython,66dafa1ab81457c09866d6a603ba6706bf0f513b,1583506781,Itamar Turner-Trauring,1,0,8,2,0,0,0,0,0,0
ipython,6e079503b806fca8d28959d06e6ee087fec5a5e6,1583436622,Nathan Goldbaum,3,3,54,0,8,8,214,0,0,0
ipython,3c2bf1f13742d02e5b927a770750fcbfe604ff3b,1583863895,luttik,1,12,12,12,12,12,216,0,0,0
ipython,66a30dc18f9397027d8de04c7af05635684c0760,1584387041,Itamar Turner-Trauring,1,0,42,29,0,0,0,0,0,0
ipython,1e79c167a41d13eee673b8bb54798cb2f920f957,1585253242,Diego Fernandez,2,2,4,3,3,3,262,0,0,0
ipython,d9c0e690a2015544bff683cd2403491a0fa974ba,1585253060,Markus Wageringel,9,5,27,12,6,6,360,0,0,0
ipython,d394d7e451e94ada5a876262e7f61ec3e48a0668,1585421363,Matthias Bussonnier,1,0,1,1,0,0,0,0,0,0
ipython,3f0f9d507593edbbb6348a05976faea5bef1ed22,1585571383,Matthieu Ancellin,1,7,12,6,12,12,695,0,0,0
ipython,e371438fe2370c1399953f8e3ce7897ca95ef1a3,1585572539,Matthieu Ancellin,1,2,10,7,10,9,549,0,0,1
ipython,e691be99e33a83bca5b07d8552ba13bbf173a34c,1585589750,Itamar Turner-Trauring,1,0,16,66,0,0,0,0,0,0
ipython,70b7090a438f7962f28acc23fa78cdb6f5d084a0,1586852526,Lumir Balhar,1,0,1,2,0,0,0,0,0,0
ipython,9cadcc951a212d636494e6d88f0b3f5d46fa24ea,1586972736,Matthias Bussonnier,1,0,23,0,0,0,0,0,0,0
ipython,46ca535fa11bb7291facbfd0060c23ce15f0a67b,1587112052,martinRenou,2,15,382,358,382,279,11644,19,948,84
ipython,cc16a36c639628c0d4d328eeba0da47bf3652c95,1586720300,Ian Castleden,1,5,21,14,21,11,412,9,350,1
ipython,a8c7ba28db34854af56da138245f321533ecc282,1586722892,Ian Castleden,1,2,10,1,10,8,403,1,19,1
ipython,fe09867a23afab467985080770fd7f984460aa69,1586745111,Ian Castleden,2,1,11,0,5,4,154,0,0,1
ipython,50321c89ae7c49ad24f509353436f28d4bfbdd25,1586748177,Ian Castleden,1,0,36,3,0,0,0,0,0,0
ipython,40b4d0f0cfcc4fd7c26f7e73afa47a093bd44178,1585918452,Quentin Peter,1,1,5,1,5,5,175,0,0,0
ipython,d982803182f5e783afebe933e63179628e6f0e8c,1587203743,Quentin Peter,1,1,2,2,2,2,68,0,0,0
ipython,24fed1257f3b17d0a829f535c5cf196417c7e208,1586538370,Eric Wieser,2,2,37,0,17,15,590,0,0,2
ipython,43a01a21101ea65dbd52cf760c1e4f149bfab588,1587248776,Matthias Bussonnier,8,13,65,14,63,48,1459,5,365,10
ipython,d54d1bf56be0ef3051682c9627a37468c21b3af0,1587248836,Matthias Bussonnier,1,0,1,1,0,0,0,0,0,0
ipython,ab968f0ff8df260afbb8c2474195f82ec07f900e,1587241215,Eric Wieser,1,12,133,65,133,107,3765,4,166,22
ipython,95ab5c53c07d0a7f30e0365c8b49641ba1860989,1587432206,Matthias Bussonnier,1,1,5,0,5,3,147,1,44,1
ipython,55f88a2581b73d5b38578a756ff90da32a7f01fa,1587500829,Itamar Turner-Trauring,2,4,25,5,17,14,572,0,0,3
ipython,387da044fcdfa88385ac64daf5b05c6fe1ae6104,1587486856,Matthias Bussonnier,1,1,4,0,4,3,99,0,0,1
ipython,b361f8e9bc3d50b8de49310fb198893fe152fcb3,1587561625,Eric Wieser,1,1,1,1,1,1,52,0,0,0
ipython,dcd9dc90aee7e4c5c52ce44c18e7518934790612,1586481892,gorogoroumaru,1,12,9,10,9,8,364,0,0,1
ipython,c19d68aa571ef6aa38fbd0eac0c8a1a3c31ea516,1587605057,Matthias Bussonnier,2,2,19,59,0,0,0,0,0,0
ipython,6e748726282d1acb9a4f9f264ee679c474c4b8f5,1587605353,Matthias Bussonnier,1,0,98,99,0,0,0,0,0,0
ipython,7bf3f5d625ed5237842537cdc27ea593c6e2d7ae,1587656372,Quentin Peter,1,1,2,1,2,2,69,0,0,0
ipython,5662950aee4eccf9d30da6700bb7814bacd648b1,1588561147,Matthias Bussonnier,2,2,13,7,2,2,64,0,0,0
ipython,d5704fdc29c695d0349b411192b7acdd251dacc8,1588634488,Matthias Bussonnier,2,6,27,5,27,23,1173,0,0,4
ipython,c933ce5da967625bf5c8f1b4e61105a259adae0d,1588636254,Matthias Bussonnier,2,4,28,8,5,5,215,0,0,0
ipython,b86a55f235bb34b20d86330d6512c8d389e2009e,1588894140,Inception95,1,0,0,5,0,0,0,0,0,0
ipython,3792cd3ddcca8b7a5ec11bbe5e0751295cfdce8d,1588955680,Scott Sanderson,1,6,26,1,26,24,1002,0,0,2
ipython,8c57c0273fd813f709b76420bc30ded2efc6b5f2,1588956143,Scott Sanderson,1,6,23,11,23,15,551,5,276,3
ipython,13a5c5b40ce79c3b730833fa2bf0492ad6332f20,1588977717,Scott Sanderson,1,4,24,16,24,16,612,4,256,4
ipython,ed08ce509ab0d76e11214d568414305ae13541ab,1588977765,Scott Sanderson,1,1,1,1,1,1,35,0,0,0
ipython,f1425b8ca6ce9ef9935a141b0ccb0938be425c91,1589035244,palewire,1,1,1,1,1,1,77,0,0,0
ipython,ad14ee336630f190f496ef8a65c0c1adb1b7a40d,1588390895,Matthias Bussonnier,2,49,128,79,125,89,3933,14,567,22
ipython,1e6eb7a1f3c4b6504bc6e7ea36882329c67d4197,1588888505,Matthias Bussonnier,1,4,9,4,9,8,394,0,0,1
ipython,3dc4256d25c563a824d066bb1ec00bdd3e5a2a25,1588888691,Matthias Bussonnier,1,7,7,8,7,7,247,0,0,0
ipython,ca259e65245e0b97b4f2295347b0144b694f420c,1588889381,Matthias Bussonnier,1,0,1,1,0,0,0,0,0,0
ipython,385c72e8b3f491fa6f135ef6b51f183012461702,1589135619,Matthias Bussonnier,1,1,1,1,1,1,50,0,0,0
ipython,11b318d5f96855e6b14397c985dfa4dc6cf2b339,1589135801,Matthias Bussonnier,1,4,5,5,5,5,266,0,0,0
ipython,76622da725ae58bcab27c0a73b7e6427dec5e304,1589138122,Matthias Bussonnier,2,4,34,3,20,11,409,6,421,3
ipython,12ab65d5c41d060d2332465fe7cf9270a2b32b0b,1589145225,Matthias Bussonnier,1,0,8,2,0,0,0,0,0,0
ipython,c1ee4e0e3a497c9fd2de4f4ab53f329741b81a32,1589176017,Thomas,1,1,2,2,2,2,172,0,0,0
ipython,6bde6703d7b924dfb308515e70ebd926c92fa3b2,1589219919,palewire,1,2,3,5,3,3,121,0,0,0
ipython,d36bd04a4fb65aeff254e1f4398769de3800df0e,1589226523,palewire,1,1,2,2,2,2,111,0,0,0
ipython,7432f3c8d7179034975725d95879bb00e17defeb,1589240954,Matthias Bussonnier,3,0,26,11,0,0,0,0,0,0
ipython,9c41419cf882ebb0736fe9e27af002db4baa52e8,1589250781,palewire,1,0,19,0,0,0,0,0,0,0
ipython,1c09c1609e5865ea97f708a3e5b6b1a324e787b8,1589259633,Matthias Bussonnier,2,6,9,6,9,7,331,1,33,1
ipython,66fdfc8f5d053ca4d60881bc5bb630c0dd1dc234,1589259997,Matthias Bussonnier,1,3,1,12,1,1,31,0,0,0
ipython,02d6f690552586c002da55c8cec8124e9ec1855c,1589640559,Talley Lambert,1,1,1,0,1,1,79,0,0,0
ipython,93f7c2c5f36d20f1aa19e62a7e15377292040f93,1589832576,Matthias Bussonnier,2,1,24,12,0,0,0,0,0,0
ipython,9ab89bf0b00d0371d4b3a023fbebd12e50e3d5fa,1589843066,Matthias Bussonnier,2,1,51,3,1,1,53,0,0,0
ipython,c7f8f6ea61c24b03937a9d46f908a72828cd32b0,1589843336,Matthias Bussonnier,1,1,2,0,2,1,23,0,0,1
ipython,b415502172c72142095ad05040cd2c3a8d78faf6,1590450361,Matthias Bussonnier,1,1,5,1,5,5,387,0,0,0
ipython,6c057bff8f70edd2905ec9f0cb11e2e26a9b4585,1590450404,Matthias Bussonnier,1,3,4,1,4,4,144,0,0,0
ipython,65bdbea9b8757b368dc7ed75a76157e3bc0f678a,1590592013,Bartosz Telenczuk,1,1,1,1,1,1,52,0,0,0
ipython,799e364240be645cd46167a10ef07d6aa7941b70,1590526157,Blake Griffin,1,1,2,2,2,2,113,0,0,0
ipython,36ef3227590dd70541a2d3946c2d54e1ab606827,1506372629,Matthias Bussonnier,3,0,61,2,0,0,0,0,0,0
ipython,999d03f97c2f217262dc25924bf7640f95c12e52,1590953763,Talley Lambert,1,1,1,1,1,1,65,0,0,0
ipython,173e606b08c2d71318692ba61ac96b2cccdf25d7,1590795420,Matthias Bussonnier,1,0,6,2,0,0,0,0,0,0
ipython,5b5ac9494ccd8b7223232b8c640fffb017071000,1591103225,Min RK,1,2,5,4,5,4,202,0,0,1
ipython,5367915956abb514038442ed29037374276f5a4e,1591140462,Matthias Bussonnier,2,0,52,51,0,0,0,0,0,0
ipython,a91824acb37272da8bf200f15b48c1f76483e73c,1591373652,dalthviz,1,2,10,2,10,10,506,0,0,0
ipython,f4206657bafa3efe470cfdba4d0ed727887610ce,1591279505,Matthias Bussonnier,1,1,2,0,2,0,0,2,146,0
ipython,c5f2d928760daef58a92b3294165220b339d822c,1591589556,Matthias Bussonnier,1,1,1,1,1,1,60,0,0,0
ipython,e0030b76e2f4cdcfbfd3f68f285bbe55e93b6835,1591633069,Paul McCarthy,1,3,3,1,3,2,46,0,0,1
ipython,7ce32405279170a13d598da8cafe9d422d435379,1591711860,Ram Rachum,1,3,6,6,6,6,363,0,0,0
ipython,8c46885f7d2703638cfc4bad24f1a218fb9da117,1591795849,Ram Rachum,7,24,34,34,34,33,1922,0,0,1
ipython,daae1b9bf83dce40597bdd5b9db77d29860efe11,1591815757,Ram Rachum,2,2,2,2,2,2,160,0,0,0
ipython,e0ea72228411c2935f610bb3303536177719f8b2,1591894571,Ram Rachum,25,40,63,63,54,54,2708,0,0,0
ipython,e9bfc9fd3276f40deae35e89e173b9b17549190e,1592046754,Corentin Cadiou,1,1,8,0,8,8,231,0,0,0
ipython,98bb6cc00402a835c85a57333826b8c4d8a9efd9,1591043288,Matthias Bussonnier,6,17,275,19,201,171,6676,7,231,23
ipython,b1401f76f9cdd9814d9830e329f676e1b4325fe9,1592273639,Brendan Gerrity,1,2,1,2,1,1,110,0,0,0
ipython,212705716aa24ecc1c68b7e788295e58a34b3995,1592346054,Matthias Bussonnier,1,1,7,1,7,7,301,0,0,0
ipython,046657853308d279e654ae1035a7c9c7e84b27e9,1592406159,Corentin Cadiou,1,10,35,7,35,28,1193,1,61,6
ipython,1d92da2460724b7524e64bf72382ccd94da70c58,1592406424,Corentin Cadiou,1,5,5,7,5,5,367,0,0,0
ipython,f99a8b177609a942cfa69e82d8aaac1a39563587,1592469756,Corentin Cadiou,1,6,14,10,14,13,448,0,0,1
ipython,6e8548b44f4383b84f2fd7eadf7fe1a181e84244,1592559604,Corentin Cadiou,2,1,30,1,1,1,31,0,0,0
ipython,ae49ed9da5e7203f1921625d06a59e63da5a7f03,1592561360,Corentin Cadiou,2,4,14,4,10,6,186,4,123,0
ipython,6f42c1f7a007fc075b7e3509a485e54a736a9501,1592561367,Corentin Cadiou,1,0,68,0,0,0,0,0,0,0
ipython,f380b53e7231d57a316ae6b2fbdabdb6f3c6447b,1593210699,Matthias Bussonnier,1,0,1,0,0,0,0,0,0,0
ipython,cc9da29abf59e877e7a9aff2558ddc15604c324b,1593262342,Maor Kleinberger,1,3,14,4,14,11,504,0,0,3
ipython,30e3d9f89e44c46310642680319333f0065fae78,1593547990,Matthias Bussonnier,1,1,5,2,5,5,259,0,0,0
ipython,07e9a62f720fc6a25e80138441792a55f406717f,1593550519,Matthias Bussonnier,1,1,1,0,1,1,10,0,0,0
ipython,ba11b22ef9f8c94d1ead775dc0ef69043ba9605c,1593550782,Matthias Bussonnier,1,1,1,0,1,1,16,0,0,0
ipython,a3844f58cdab51f3b0581b9638efcb4c0e6f2d05,1593392861,Matthias Bussonnier,1,0,4,3,0,0,0,0,0,0
ipython,2c78df7c3a856bf877dbd05cea919fe52cd27de2,1594491606,Matthias Bussonnier,3,6,28,28,28,20,1093,0,0,8
ipython,f12b9485fc16db7afe1d47489adb8cea1b7efa8e,1594653712,Quentin Peter,1,2,11,1,11,9,328,0,0,2
ipython,3643472436ffb541225b19e540e5ceb671266606,1594748677,Matthias Bussonnier,1,8,21,16,21,20,768,0,0,1
ipython,ed567acd22a13154b7d808980732c0a79d91e7ec,1594748720,Matthias Bussonnier,1,47,34,72,34,34,1285,0,0,0
ipython,d5a8359c6fa0e5cacd412e876ac2bb132972de69,1594751334,Matthias Bussonnier,1,11,83,19,83,73,2818,8,406,2
ipython,221fdd81c2a648d285351a81f13f0ca6c7f98678,1594793236,Tobias Bengfort,1,7,17,17,17,17,814,0,0,0
ipython,db15b48d00d30c121e0c0a6e913e7047dfa95695,1594818695,Quentin Peter,1,1,8,1,8,4,155,4,236,0
ipython,1cd48ee2892a3a3949f76ef9d3264378cc5d227a,1594912732,Matthias Bussonnier,1,1,1,0,1,1,59,0,0,0
ipython,444938721da2cb56df56a0fc37040ed7347d6d95,1594923074,Matthias Bussonnier,1,8,26,18,26,21,765,0,0,5
ipython,cb87bb3245f45b71db6bfe8655bb54c2759f2e25,1594951407,Matthias Bussonnier,1,26,24,31,24,11,679,0,0,13
ipython,15b571ed9882aee75666ad37b406cc3ed6d9aa34,1594986516,Quentin Peter,1,2,6,0,6,2,83,4,222,0
ipython,7cf67b0426611923c40735036bd94de84b760881,1594994627,Quentin Peter,1,0,13,0,0,0,0,0,0,0
ipython,6d9525a7ac0fed18c3577a9e82dfa356af38fd59,1594996834,Quentin Peter,1,0,4,3,0,0,0,0,0,0
ipython,0ca267d167d5a739ad86ec263413d947cf07c5ad,1595051395,Quentin Peter,1,0,0,1,0,0,0,0,0,0
ipython,19215efb5ae0f698fad875e2238e45383aaef066,1595051973,Quentin Peter,1,0,1,1,0,0,0,0,0,0
ipython,c48d26437d07ab83c573ca89164e4adb211ffeed,1595052079,Quentin Peter,1,0,1,1,0,0,0,0,0,0
ipython,229917c44b4a0bebfb7e0b27c878b89b30a5fe17,1595542056,Matthias Bussonnier,1,1,1,1,1,1,20,0,0,0
ipython,b9bfb192d1335fa619d1bf89e64e89443ebaa01a,1595288342,Matthias Bussonnier,3,2,63,3,4,4,226,0,0,0
ipython,8e3847fef5743f18663711b624d510d44e867d9d,1596049107,Matthias Bussonnier,2,1,2,2,1,1,18,0,0,0
ipython,e972089e19091ce5a8596be2b627dea347a0c1f3,1596241490,Kyle Cutler,3,2,24,3,3,3,234,0,0,0
ipython,85e50bb5778853e7cf9ef1745088ae12a8ef00b3,1596755227,Matthias Bussonnier,1,10,14,19,14,14,560,0,0,0
ipython,b0863b63e7c9000471a5beadc1d0bf41948541a2,1596838706,Matthias Bussonnier,1,1,1,0,1,1,97,0,0,0
ipython,e869c77998c3b184f93e466704a0115b6d87e33e,1597948863,Matthias Bussonnier,1,1,3,0,3,2,18,0,0,1
ipython,9787b4db7b8573c38f882aace13af7aff6cab271,1598379471,Matthias Bussonnier,1,0,9,7,0,0,0,0,0,0
ipython,05462871642f741b602150a2625b9fe2c89afd85,1598477893,Matthias Bussonnier,2,12,22,18,22,21,1021,0,0,1
ipython,18bd308c2c4eb428f1718510d165b22a26b9f757,1598555672,Matthias Bussonnier,1,1,4,2,4,4,195,0,0,0
ipython,bc4b1fbfccc1e00e3adcecebd4355a21eb6b6709,1598563962,Matthias Bussonnier,1,1,1,1,1,1,59,0,0,0
ipython,90b788488ec0b718205c71091deb6421a53a4d85,1599198673,rushabh-v,1,0,6,3,0,0,0,0,0,0
ipython,182b8f994074233b33b51d8cef3973226c33276a,1599258973,rchiodo,2,7,17,8,12,10,414,2,71,0
ipython,caee8a40f937e550f9b2e6f52b5c3349d740644a,1599259204,rchiodo,1,1,1,1,1,1,44,0,0,0
ipython,a3463533c5c7a9dd218039f2ff259f39c841fffd,1599224350,Min RK,1,6,32,4,32,23,871,1,41,8
ipython,3427d65d2010932e4b9d85fea80c215dfa2daa4e,1599496866,Matthias Bussonnier,1,2,2,4,2,2,112,0,0,0
ipython,5a7a2178870860136583bd6ff76ebd5fc9a007ea,1599497081,Matthias Bussonnier,1,5,6,8,6,6,283,0,0,0
ipython,a1f433a1aa343a29279dce3dcc8f349437b290d6,1599683969,Gabriel Simonetto,1,9,23,19,23,19,812,1,79,3
ipython,ac99f8722f42c68b1f29d3bf92b1e9957c1cc186,1599898915,rushabh-v,1,0,8,15,0,0,0,0,0,0
ipython,50a8bd8a84b2c822886246b6686ab8479ca2fc94,1599901483,rushabh-v,1,0,7,7,0,0,0,0,0,0
ipython,3a3104109beddde0876eb4dc108b5ca5aba811ce,1600122266,Matthias Bussonnier,1,1,4,4,4,4,194,0,0,0
ipython,410c70c47a297b4cc74dde43595e95b8621246b4,1600368518,Matthias Bussonnier,1,6,8,11,8,8,457,0,0,0
ipython,47588dcf89afb4bdbc71e9a7352172c6d6794cac,1600747701,Inception95,1,2,2,0,2,2,50,0,0,0
ipython,2e0519cfa9230ab05d383195624379e6668c7553,1600747825,Inception95,1,4,4,4,4,4,196,0,0,0
ipython,8c1ad7b93b10e0a8aba70e1eb6bbfd7c61395eac,1600749054,Inception95,1,1,1,1,1,1,55,0,0,0
ipython,79eb6e33d009799f708086ffbaf7e251d6892de9,1600880050,rushabh-v,1,3,4,2,4,4,168,0,0,0
ipython,68f6b828179fb86226b3b77122538b30baeaf310,1600960692,Albert Zhang,1,1,1,1,1,1,93,0,0,0
ipython,6be815c137f6d3b69937c9c099b16580381b142c,1601357150,rushabh-v,1,1,1,1,1,1,27,0,0,0
ipython,1fb848e931d1c6be6d57d393335c9c340d089593,1601413183,farisachugthai,1,0,1,4,0,0,0,0,0,0
ipython,757b4d1a769700ef5e9266215f0018be6d0e75ad,1601545595,Ashwin Vishnu,1,7,8,9,8,7,265,0,0,1
ipython,f189fafe8a9f5252de7073aab996dd2f897fafbe,1601546146,Ashwin Vishnu,1,1,1,1,1,1,40,0,0,0
ipython,1deaa84fed932bd7da2e05721b01ed2a8ec01f54,1601546574,Ashwin Vishnu,1,1,1,1,1,1,40,0,0,0
ipython,c1c2b60fce9716d4904d253b30edcb6699e3d13c,1601604658,farisachugthai,1,0,8,2,0,0,0,0,0,0
ipython,afbfaaa2e68307f330e94d74ac31e5b9895b1e01,1601843256,dswij,1,0,4,3,0,0,0,0,0,0
ipython,df8a993a39909d41ef5837f5d466cfb542c01265,1601847574,dswij,1,0,4,3,0,0,0,0,0,0
ipython,383e7dac0f945f05b83bd4aab854d9c722fc805b,1601849254,dswij,1,0,8,9,0,0,0,0,0,0
ipython,9b33f2c3751e2f7dc6dfcfd30c411f409cef7497,1601875572,dswij,1,0,19,19,0,0,0,0,0,0
ipython,7a937c90ad2238647694c3bdff2e545ffc5932c5,1602023928,Matthias Bussonnier,2,5,10,5,10,10,507,0,0,0
ipython,638df3d65d04349a033a0b83f1a6435510872882,1602036905,digitalvirtuoso,1,0,3,4,0,0,0,0,0,0
ipython,2bc1ebd0bf8e954f4ad0ee21a8dcba16ab7b4cd7,1602183438,Romulo Filho,1,4,8,6,8,7,305,0,0,1
ipython,fb01f0abbac89d6edc5d90dbd67b69241c475e45,1602232415,juacrumar,1,1,1,1,1,1,55,0,0,0
ipython,05fbcc12a89f35d974eb5fc714410b5d52d2d73d,1602253209,bar-hen,1,7,12,10,12,10,415,1,50,1
ipython,27b9a7caec33d5341aa6040bca4f665c46657d36,1602255818,bar-hen,1,2,2,2,2,1,77,0,0,1
ipython,cb2338c9056c229c81026b15f9b4aa1f082f9831,1602312268,Joyce Er,3,0,20,31,0,0,0,0,0,0
ipython,967118d6932af895f7baa8858594f3fb2227f633,1602364077,Joyce Er,3,0,5,5,0,0,0,0,0,0
ipython,70f5698fd2a33c72488ae518583de09e21265f95,1602376965,Blazej Michalik,1,5,6,7,6,6,243,0,0,0
ipython,eba2b69434f469dacfacc3b96349d5192b139496,1602372514,Blazej Michalik,1,3,3,3,3,3,108,0,0,0
ipython,9178de03b65102c8bd22e804b1e77207f709e228,1602041739,Martin Skarzynski,2,3,73,0,73,57,2014,5,140,11
ipython,bdbecf8ab2d216952afec770a661c353ff6a4586,1602418137,Blazej Michalik,1,3,3,3,3,3,172,0,0,0
ipython,3af8cfa40a6770e6940ec7140c92ad51532a4e73,1602418599,Blazej Michalik,1,1,8,6,8,8,255,0,0,0
ipython,84dcaaab2e0ef23ef833ce4f870974ab96f627ce,1602479911,Adam Hackbarth,1,0,5,5,0,0,0,0,0,0
ipython,11dc92bc192dbb818a2d148f85d3b132c2ed548e,1602525623,Matthias Bussonnier,1,0,6,2,0,0,0,0,0,0
ipython,a2fcab88f979928b19741c7b2af00e723a6f6004,1602534938,Matthias Bussonnier,1,1,1,1,1,1,75,0,0,0
ipython,bdd8c0873b53c32e9020dba73fe07ba5cf3d0a01,1602535026,Matthias Bussonnier,1,0,1,0,0,0,0,0,0,0
ipython,7eded0e24c3fc8663ed3865f9d243969963f8b09,1602558533,Adam Hackbarth,1,0,0,2,0,0,0,0,0,0
ipython,ed4f31901c18a52bc6e261b996ebbbea7754a1f4,1602568433,farisachugthai,1,19,22,22,22,8,304,1,29,13
ipython,4ec6c7106f1ac3ce0bdd767793806e446f48a755,1602595060,Matthias Bussonnier,2,2,4,4,4,4,167,0,0,0
ipython,e1b43af078c4a5dd6b9b425084ba5f69fdaab0a8,1602595998,Matthias Bussonnier,1,1,1,1,1,1,74,0,0,0
ipython,b9586ff78eae21c22322c01efecf86d12012b6d5,1602596135,Matthias Bussonnier,1,1,1,1,1,1,53,0,0,0
ipython,b1d1f282270494fa06c6347f6fd8a2d45280154c,1602539576,Nick Muoh,1,1,2,2,2,1,19,0,0,1
ipython,136898e523af8280d1416e2ba385a2a2107e9ce1,1602539606,Nick Muoh,1,2,6,4,6,6,237,0,0,0
ipython,9225195845bdd4e4fadf03286d8f55108941f307,1602539750,Nick Muoh,1,2,5,1,5,4,133,0,0,1
ipython,5e35cbcb976be543745762cde46470fec9caa6eb,1601476302,Martin Skarzynski,1,2,2,0,2,2,128,0,0,0
ipython,09b6e47071b501c12f6ce259c878de4754913c4f,1602607254,Matthias Bussonnier,1,1,14,13,14,14,584,0,0,0
ipython,d869b8ef7e9f74bdc8b786704e96735eccdb41fc,1602541283,Nick Muoh,1,0,26,24,0,0,0,0,0,0
ipython,7775943f20f8ac91519f5ca9dc3a446c0786c4d3,1602278909,Justin Palmer,3,3,8,7,4,4,120,0,0,0
ipython,95db5c4e9727fafa503b678ac59da1e3dd833cf6,1602279357,Justin Palmer,1,1,1,1,1,1,24,0,0,0
ipython,5b31996297fc071e9b135e9f79e00259e465ca4d,1602287717,Justin Palmer,1,1,1,1,1,1,21,0,0,0
ipython,de772524a08a72aca74e8f66fc4713fb8ea670af,1602509995,Justin Palmer,1,3,3,4,3,3,82,0,0,0
ipython,c9e5a32d5a28d15e1676f9e82e2fa2720cdbb550,1602510660,Justin Palmer,1,0,1,1,0,0,0,0,0,0
ipython,53b46b45747646db3aecb258655041724f84d5a9,1602511062,Justin Palmer,1,0,1,1,0,0,0,0,0,0
ipython,3999ad86fcdb325f34b6e0a25c13237368c59079,1602609785,Matthias Bussonnier,1,1,1,0,1,0,0,0,0,1
ipython,c5b6cbc9bbaa6cd57e35d0f6584c22dc4e5563c3,1602375620,Martin Skarzynski,2,5,60,3,60,50,1549,0,0,10
ipython,73ca78ca593848a28f247b081d5a0c94652bce91,1602667421,Quentin Peter,1,1,2,1,2,2,121,0,0,0
ipython,ca27916550d51fc1b8ec00d59c70b4d4b1dfedda,1602679356,Quentin Peter,1,6,6,6,6,6,330,0,0,0
ipython,5d2ae89bbf1be6113ec07b06f01baacf2d6c6d24,1602703443,Hussaina Begum Nandyala,1,0,2,1,0,0,0,0,0,0
ipython,ad30d577e0059f53959c3a9e07011a77655c2786,1602871251,Timur Kushukov,1,2,10,4,10,8,133,0,0,2
ipython,d49eece03553c030c2ef79e3ee0fa083263cecc7,1602871698,NotWearingPants,1,0,7,13,0,0,0,0,0,0
ipython,275fcced78fe1d904442591585389dd3fed84c0c,1602874239,dswij,1,0,31,22,0,0,0,0,0,0
ipython,6ea80da079ceebd6e2441fa586ad5f704269a1b3,1602959696,LeafyLi,1,0,1,2,0,0,0,0,0,0
ipython,29a2ef26569e05c430c585226056276f5c1f85de,1602970446,Reilly Tucker Siemens,1,1,6,4,6,5,267,0,0,1
ipython,9c7acdb00da830b9ee065abb26a9380f322faad2,1602979961,Snir Broshi,1,0,6,1,0,0,0,0,0,0
ipython,1c698f5cffd70c5db99f6a50bce7a7a29426b972,1603119933,Matthias Bussonnier,1,0,3,1,0,0,0,0,0,0
ipython,948a79c2f63b8c2974216380ebcdad87dfd9559b,1603105602,Jakub Klus,3,52,80,74,65,20,821,0,0,45
ipython,e53e576c651860c7c024c39d387130dfb43c9a44,1603107757,Jakub Klus,1,2,2,2,2,2,138,0,0,0
ipython,22fa8515ad605442bd325c90d2d2197f4c07f077,1603132166,Jakub Klus,2,9,25,13,22,21,544,0,0,1
ipython,7b7f47081688b3c9ad8ca8f9f24bee036e2a9e53,1602819497,Matthias Bussonnier,2,3,13,5,13,13,479,0,0,0
ipython,b346a8a3a74d5f8cc1347ae8d600fd578edb3b7b,1602884543,dswij,1,0,19,20,0,0,0,0,0,0
ipython,103a38efe0a79690f58ebcd3426555f3e9706a6b,1603212425,dswij,1,0,0,2,0,0,0,0,0,0
ipython,fd49737a00655983480a00d282430f9acb90d784,1603261675,rushabh-v,1,0,4,2,0,0,0,0,0,0
ipython,e2c7cc5463c4e587eb72a106a544e44c2040ff2b,1603263196,rushabh-v,1,0,3,2,0,0,0,0,0,0
ipython,4eda6629fe0e38648197a255c97f2b6df6b06571,1603263507,rushabh-v,1,0,1,1,0,0,0,0,0,0
ipython,da1cfc16764a27195b98b692dbb68ecd2ee1987e,1603263648,rushabh-v,1,0,3,3,0,0,0,0,0,0
ipython,d19f59df7b55770c7a6c322f77d86467023e6fa6,1603290588,Quentin Peter,1,2,2,1,2,2,75,0,0,0
ipython,e891355ea17b08dcbc435c8f96fb124598d2078a,1603383472,rushabh-v,1,0,8,9,0,0,0,0,0,0
ipython,74844174fdd256c523dd003ddb7c95eff5026246,1603397178,Samreen Zarroug,1,2,3,2,3,3,112,0,0,0
ipython,d69fd70311a25704e803e51d0506c4927f63b554,1603397034,Samreen Zarroug,1,2,2,1,2,2,61,0,0,0
ipython,cf60f9de61a730aae6ab780c3def1aceb39342e2,1603468578,Matthias Bussonnier,1,0,3,1,0,0,0,0,0,0
ipython,9a504bd26433ab5d39e1611877362728b360ec03,1603470341,Matthias Bussonnier,1,0,7,4,0,0,0,0,0,0
ipython,9e5bae672da3c024e07b40ffbd122095a8a7c858,1603532292,rushabh-v,1,0,1,1,0,0,0,0,0,0
ipython,ccc71c661de3338023c50a135c2bfbf4f9fdfe9a,1603539342,BaoGiang HoangVu,1,0,2,8,0,0,0,0,0,0
ipython,781f97f044dca67cc0ef5c4fad9ec463caf4192f,1603588370,BaoGiang HoangVu,1,0,3,4,0,0,0,0,0,0
ipython,abf462a01748c7e2f70bee9e06a68f73113688ee,1603723844,Matthias Bussonnier,1,6,30,18,30,30,1177,0,0,0
ipython,be2a3ec1012a5273f90ecceab4fc72d3439e77cb,1603726201,Matthias Bussonnier,1,0,7,4,0,0,0,0,0,0
ipython,61376395f9a68aba38934df8335818b3c2fcec4f,1603408415,Matthias Bussonnier,7,1,148,90,1,1,42,0,0,0
ipython,ba8924bfbcbe147897999aab7bc9b842a771bdc0,1603498135,Matthias Bussonnier,1,0,1,1,0,0,0,0,0,0
ipython,935cd31ceca7b20de5382c68680be5e66f675ed4,1603511314,Matthias Bussonnier,1,0,7,2,0,0,0,0,0,0
ipython,a42464a7a6ad670bad85e0b5b609c5ed0bafd5b7,1603801683,rushabh-v,1,0,4,3,0,0,0,0,0,0
ipython,abfaafd712c817ff7d32a46ae555860f0758099e,1603805824,Jakub Klus,2,3,12,10,3,3,105,0,0,0
ipython,ce820924d81ff15f711a5ad1ce2d6e2868d22039,1602978819,Ethan Madden,2,13,53,31,46,42,1803,0,0,4
ipython,346181ebbfd05179663a690f8170fd4bff1a35ea,1603212014,Ethan Madden,2,2,14,11,1,1,72,0,0,0
ipython,d17814023bfe3068b3a07865ea79041a0a84794f,1603907086,Matthias Bussonnier,1,2,3,0,3,1,41,0,0,2
ipython,778dac1039cabb50b27a9a9b5115e54e67f0c88f,1603907699,Matthias Bussonnier,1,3,2,4,2,2,132,0,0,0
ipython,2255db868c25580c0d494072d5f6170aa78d2add,1603919798,Matthias Bussonnier,5,6,4,84,4,4,148,0,0,0
ipython,8d129ed2587ce474329cbe1e5b9b726f81aab9b2,1604897429,Daniel Mietchen,1,2,2,2,2,2,125,0,0,0
ipython,331269c05da22dbea39ff082fe7edb3d82b88fb3,1604897769,Daniel Mietchen,1,1,1,1,1,1,35,0,0,0
ipython,b85391cc88c60721e177796535998df2f42a5ba6,1605938874,Aditya Sathe,3,5,30,4,15,11,622,3,207,1
ipython,3259a67813e209b598e30341e0be4f7ba327e580,1605940663,Aditya Sathe,3,5,24,18,16,13,595,2,125,1
ipython,e6fa312e53b278b02ebb0fe0ea15ca24ba7ef3b4,1605940836,Aditya Sathe,1,1,1,1,1,1,37,0,0,0
ipython,0f6185a3e0d5b5d21c0989f5256d442ff01eee35,1606832949,Gordon Ball,1,1,6,1,6,4,90,2,119,0
ipython,b1ef396fb6d9faf946cf52a392390d09ad9c49f0,1607107243,Matthias Bussonnier,3,6,18,4,18,17,945,0,0,1
ipython,1d3018a93e98ad55f41d4419f835b738de80e1b7,1608211395,Spas Kalaydzhisyki,2,10,134,6,51,43,1638,2,117,6
ipython,0233e65d8086d0ec34acb8685b7a5411633f0899,1608211593,Spas Kalaydzhisyki,1,0,6,6,0,0,0,0,0,0
ipython,a6a7e4dd7e51b892147895006d3a2a6c34b79ae6,1608211594,Spas Kalaydzhisyki,1,0,86,61,0,0,0,0,0,0
ipython,c5ca5a8f25432dfd6b9eccbbe446a8348bf37cfa,1608211606,Spas Kalaydzhisyki,1,4,4,4,4,4,136,0,0,0
ipython,50624b84ccdece781750f5eb635a9efbf2fe30d6,1608211607,Spas Kalaydzhisyki,1,40,72,54,72,56,2266,10,796,6
ipython,92fe3883fe26f7d1dcad2f975299d1cc84d73c7f,1608213996,Spas Kalaydzhisyki,1,1,0,1,0,0,0,0,0,0
ipython,b7aaa47412b96379198705955004930c57f9d74a,1608215491,Spas Kalaydzhisyki,1,2,14,2,14,11,187,1,42,2
ipython,9c7476a88af3e567426b412f1b3c778401d8f6aa,1608215492,Spas Kalaydzhisyki,1,1,1,1,1,1,19,0,0,0
ipython,c2183e815e101efc8113bb38fb4ac111dc1abef2,1608216680,Spas Kalaydzhisyki,1,3,3,3,3,3,152,0,0,0
ipython,3de3ca108446292c31e2b6eeafc932c249c639e8,1608879041,farisachugthai,1,5,4,5,4,1,23,0,0,3
ipython,c2f7a62dbc0fbcb6f9676313adcd37db20af1840,1608879778,farisachugthai,1,1,3,2,3,2,100,0,0,1
ipython,2704824e6dd90c3f30006e29930d95816c17ce34,1609522637,Bart Skowron,1,2,15,3,15,11,514,1,55,3
ipython,a8c2951457cce875cebc68e3a55809223ea40481,1609524909,Bart Skowron,1,1,2,2,2,2,104,0,0,0
ipython,6d1d6ded81ff05b340201bb2af1e9b1fae0c86da,1609525034,Bart Skowron,1,2,2,2,2,2,139,0,0,0
ipython,ecfcd6c2cebf3877a5784b41b05524d371e142fe,1609529132,Bart Skowron,1,1,4,2,4,4,158,0,0,0
ipython,8f76ecf8e275211e7fd85d88310342b190b81069,1609529308,Bart Skowron,1,2,3,2,3,3,62,0,0,0
ipython,ca1f818ffc36f7b96436f96b22e926124a3ca907,1609529513,Bart Skowron,1,1,1,3,1,1,88,0,0,0
ipython,40f947ecded157be56a72dd3f54a34800a62080c,1609530806,Bart Skowron,1,1,1,1,1,1,59,0,0,0
ipython,74d495a8d2a1100a0426d434ba80d3eb62e6e0cd,1609533099,Bart Skowron,1,4,6,8,6,6,440,0,0,0
ipython,fb3d34c3ce346d1916c512deca32f2ed575a7fdc,1609533347,Bart Skowron,1,2,6,2,6,6,259,0,0,0
ipython,62e6c27d2097235a5b165269f7624e9ceabb8091,1609535566,Bart Skowron,1,1,1,1,1,1,30,0,0,0
ipython,fe7ff0924392387e20fd344129683434e9895dc2,1609537209,Bart Skowron,1,4,5,6,5,5,291,0,0,0
ipython,36ec251951327038a30c2b621f9cc9e4a6ae4826,1609537891,Bart Skowron,1,3,3,8,3,3,248,0,0,0
ipython,ae48b87c7c66664febc21c2c63dc0af487a1bc57,1609538047,Bart Skowron,1,1,3,1,3,3,129,0,0,0
ipython,028fcb4af5cba38fb7b9274b06335f5cba1701fa,1609540336,Bart Skowron,1,2,4,5,4,4,276,0,0,0
ipython,2fa64737cb2d341db454f686d32f95590a1ea7b9,1609540753,Bart Skowron,1,2,4,4,4,4,232,0,0,0
ipython,1e4e27c45bb619bff0cfed292d0db85439f22627,1609913753,takuya fujiwara,1,2,6,2,6,6,233,0,0,0
ipython,90fb12b53e52314979167098de1c47f75f8fb14e,1609947771,Dan Green,1,0,1,1,0,0,0,0,0,0
ipython,bbaaedaddaf79dabee84f1c304648075ecebd72d,1609948336,Dan Green-Leipciger,1,0,9,9,0,0,0,0,0,0
ipython,21d657f0d06ecab3187f98e99b1264f5058d5265,1609980260,takuya fujiwara,1,0,18,0,0,0,0,0,0,0
ipython,651e9e552ceb302e8ff4d4db081a5f7b4d63f6a3,1609982823,takuya fujiwara,2,2,9,9,2,2,89,0,0,0
ipython,e3ff6681e7fd6f2ee9c6e01f78b0f109b0626022,1609983486,takuya fujiwara,2,1,3,2,1,1,67,0,0,0
ipython,65fdb8febabe48695e07de64577af46b77cc12ee,1611961597,Matthias Bussonnier,1,0,9,9,0,0,0,0,0,0
ipython,6d4fced2f1c56d709042ac35e8523b57cc57f454,1607905950,Matthias Bussonnier,2,3,22,14,22,16,873,0,0,6
ipython,d45f2292bed62b6f932703817fb0ef5482305f2c,1611963312,Matthias Bussonnier,1,11,8,11,8,8,200,0,0,0
ipython,645983388fc925278854b03b2bdbf9f0a4810bc9,1611964410,Matthias Bussonnier,1,1,1,0,1,1,9,0,0,0
ipython,50c6440256fa066de6d49afd975af43c57bedc8a,1611971756,Matthias Bussonnier,1,0,2,1,0,0,0,0,0,0
ipython,31a796a479fcda7b390133d8e5da25d022a2d7bd,1612286020,Eli Rykoff,1,5,6,0,6,6,374,0,0,0
ipython,613b37a2817e76406874ca85ed0696d9420eda49,1612286692,Eli Rykoff,1,1,27,14,27,27,563,0,0,0
ipython,2b87e1eba3769e2c2f782dafa394e29682b1c1a5,1612286822,Eli Rykoff,1,1,2,1,2,2,20,0,0,0
ipython,c837b30d66f410f15aedd3da04b4abb5ad4d95e4,1612386635,Eli Rykoff,1,1,1,1,1,1,87,0,0,0
ipython,bf653e2cdb399311aaec7f44faeb3e78259affe9,1612393322,PhanatosZou,1,2,5,4,5,5,193,0,0,0
ipython,6f1ddf800f881586a81ec92981b55424e0814290,1612730027,Blazej Michalik,1,3,1,7,1,1,47,0,0,0
ipython,372a10b5baab0111f9360e0187b1864521b08e50,1612731442,Blazej Michalik,1,3,5,6,5,3,147,0,0,2
ipython,11fc6b7d5b40c707c84d5fa8f34db7d2a9ab0d00,1612731466,Blazej Michalik,1,21,19,20,19,15,842,2,120,2
ipython,182282d5b9cad4de6b9bcbaded0cf696327da636,1612731549,Blazej Michalik,1,4,0,4,0,0,0,0,0,0
ipython,37fbfcf13d22e86b7288ec2faa241ac9df1d2243,1612732243,Blazej Michalik,1,1,12,0,12,8,297,0,0,4
ipython,c312ee0aeeb1388564c4d6ec48f5148a7e2127c3,1612734952,Blazej Michalik,2,8,28,26,28,28,1300,0,0,0
ipython,eee922d24ea2e53563ff507be09c988416c77b6a,1612429448,martinRenou,2,70,112,74,112,48,1764,1,34,63
ipython,ab7762f9e5538e402ccde8696701197405026295,1613770771,Matthias Bussonnier,2,10,23,13,23,18,701,0,0,5
ipython,d0d2ec224e970757596d9f8f400cc8878e18cea9,1613870194,Blazej Michalik,1,1,14,0,14,12,441,0,0,2
ipython,e1eb76bf516564e632d845eb9ca1a8aaff7fe1b5,1614382885,Matthias Bussonnier,1,0,17,9,0,0,0,0,0,0
ipython,b7c3508ab118da113aacc7bc7ccc6455adc9cad1,1614731641,Talley Lambert,1,8,22,9,22,13,659,4,239,5
ipython,e57c06148fb744fadd0dc5b3b0346dd70ecd2147,1614731820,Talley Lambert,1,5,9,8,9,9,517,0,0,0
ipython,1f03cd0d3d566aac68084e35c2034cd6256c7b15,1614856933,Blazej Michalik,1,2,1,1,1,1,38,0,0,0
ipython,e92e044f2427f849f640d533f2e45a21fdf2ca5e,1615250742,Daniel Goldfarb,1,7,17,1,17,16,693,0,0,1
ipython,d7604d57e256603d129f4eb34e061951c530193f,1615250895,Daniel Goldfarb,1,5,0,9,0,0,0,0,0,0
ipython,97a9444bdfb661dd57c2fe8ee62f3a2c73e5ab9e,1615251493,Daniel Goldfarb,1,1,2,1,2,2,90,0,0,0
ipython,16c20a2045aa0759088ae57c7d8d3e3671ab5a3d,1615679217,Blazej Michalik,2,2,37,0,19,13,487,2,87,4
ipython,08326396a9d2ae6886cdd30b823ffe9ad0caee61,1615681638,Blazej Michalik,1,0,1,1,0,0,0,0,0,0
ipython,5d246c936a9059586b37f871d093a5a999cd6ca6,1615682258,Blazej Michalik,1,0,1,1,0,0,0,0,0,0
ipython,a8e9e88396722eace52bbeb33e14284e2480e25d,1615682561,Blazej Michalik,1,0,12,12,0,0,0,0,0,0
ipython,c8e8fd0378b3bce66e27144f9bc7c5de517ef2c8,1615682822,Blazej Michalik,1,1,5,1,5,5,133,0,0,0
ipython,24aa3931604b1421becdf615d614d5e3ae2aeee6,1616097962,Pete Blois,2,10,38,8,16,14,560,0,0,2
ipython,a6514bf5646becab3c3390fc92c789dfb6114aa1,1616621155,Matthias Bussonnier,2,3,5,4,4,3,156,0,0,1
ipython,54d3529358e8425fc793f78ac9b1e115f79d2e95,1606587451,Paul Bissex,1,5,7,4,7,7,339,0,0,0
ipython,45324f9f91fe9daf2a357a916f8962e44122c742,1606589589,Paul Bissex,1,1,1,1,1,1,56,0,0,0
ipython,9427eb28fac6e713ebcdf36acdaf84675faa20a6,1606602149,Paul Bissex,1,1,12,8,12,11,351,0,0,1
ipython,52d8ed4b197b8d4a52b8f129fe084f7a80e226f7,1616802810,Matthias Bussonnier,1,0,85,78,0,0,0,0,0,0
ipython,93a63567e176ad989841c80800d75a899e9afc47,1616966230,Pete Blois,2,5,37,21,19,19,506,0,0,0
ipython,820dbc5b69812df54869d37c5df9f05c9e9ca34f,1617482723,Blazej Michalik,1,6,22,19,22,21,1299,0,0,1
ipython,14ea3dadbb65329a28de0e9380e386fd029e809b,1617545653,Blazej Michalik,1,0,4,0,0,0,0,0,0,0
ipython,7663c52180819282e0b9c42afe2ba8b074aa9f55,1617752556,Matthias Bussonnier,22,86,81,110,75,57,2876,0,0,18
ipython,4ca215c177ed9b7a04786eaf556a0c6a1a90580c,1617767957,Jake VanderPlas,1,2,14,6,14,12,607,1,37,1
ipython,551078e135b023e094e74abee1f0a75137052204,1617927292,Matthias Bussonnier,1,7,7,3,7,6,206,1,62,0
ipython,08d54c0e367b535fd88aca5273fd09e5e70d08f8,1617932075,Matthias Bussonnier,3,3,33,7,24,12,460,8,446,4
ipython,36594689090107bf0d66ec676ddd3e06306277bf,1617946016,Matthias Bussonnier,1,0,1,1,0,0,0,0,0,0
ipython,3726e8c60378b46757ffa825573613d40d140553,1617946455,Matthias Bussonnier,1,0,1,1,0,0,0,0,0,0
ipython,4ca02c92e000ecf952a39a6fb1bcce2588a32d28,1618058501,Thomas Kluyver,1,2,6,1,6,3,113,3,187,0
ipython,199531e8ff3cc55bc8e450d765800dbcf107ca5f,1618088567,Peter Corke,1,1,2,0,2,2,114,0,0,0
ipython,d6798bdb2d14c0746cbe3e02bf962fe582492096,1618089911,Peter Corke,1,3,2,1,2,1,24,1,54,0
ipython,8c9d5fcb797a7289f2f9f3a74cfde7b2c6bbab06,1618090787,Peter Corke,1,2,3,2,3,2,118,0,0,1
ipython,a7d4c74a81181b880932d9b34a5934f9c34a869e,1613141828,martinRenou,6,26,102,113,85,66,2147,0,0,19
ipython,1bc1ac51931020f17f4542e4f5b96c83f9b0d2a3,1618600684,Iwan Briquemont,1,2,13,0,13,12,409,0,0,1
ipython,db8aa2f05ed79c7a177961f6caf6e8011182d3c8,1618619153,Matthias Bussonnier,1,1,1,1,1,1,56,0,0,0
ipython,154c40b9d377013199bf5d1237ab0b1b0b09d257,1613763917,Douglas Blank,1,3,8,1,8,7,298,0,0,1
ipython,c4fd963f01a7bb69d01903c1db362d548cfde5af,1618621041,Matthias Bussonnier,2,6,16,9,16,12,739,0,0,4
ipython,6a4a375870b11ed0a2604bb24b8d21cb42e005b0,1618622419,Matthias Bussonnier,3,5,13,7,13,13,269,0,0,0
ipython,619afecf28459c02bda1f19d11b5ca17e6879cbf,1618622864,Matthias Bussonnier,1,6,15,6,15,12,312,0,0,3
ipython,288afbf34defea9d16867235b09a1fea9d01c279,1618638910,Matthias Bussonnier,3,6,11,9,11,9,521,0,0,2
ipython,2e735f1fbf98131f47d0d8b1922eebe17969d655,1617397767,Blazej Michalik,1,1,22,1,22,15,663,2,66,5
ipython,d9909be16b1eed7fe8c17a31e2a4f991067bf8c2,1618710027,Matthias Bussonnier,1,2,7,5,7,7,92,0,0,0
ipython,baf253a1e653775a12e8269e5a59aaada5daef58,1618711004,Matthias Bussonnier,8,55,45,63,45,33,995,0,0,12
ipython,7b8579708b73a13012b92aafc5275230842b36d0,1618753019,Blazej Michalik,1,0,30,2,0,0,0,0,0,0
ipython,fc86b3cc16fa7d5b604cff0ec200566b2528c632,1618753264,Blazej Michalik,1,0,22,10,0,0,0,0,0,0
ipython,40a57d40ed7040678d7841814eeba78c3e6cca8e,1618753493,Blazej Michalik,1,5,13,13,13,11,640,2,66,0
ipython,7c853204ed0031a9b52bc45ce60ddc5fcbcf0bf6,1618765734,Matthias Bussonnier,5,33,35,37,35,15,806,0,0,20
ipython,a9c5e02a1afc101ef50cfc94197d5da3e776a86a,1619778552,Min RK,1,3,2,3,2,1,72,1,72,0
ipython,9741a8b1a4c647ad097066bc751a8e0968b9e87e,1619821405,Matthias Bussonnier,1,1,1,1,1,1,50,0,0,0
ipython,cd4d6fb21226138403b92e8605926acd39f202b4,1619823564,Matthias Bussonnier,1,0,1,1,0,0,0,0,0,0
ipython,d943820307aa86c0d310b9b52f6699b30f0ccdae,1619900158,Andrew J. Hesford,1,1,1,1,1,1,106,0,0,0
ipython,972f2fbe68562088cef774904eac3b4225f05130,1620361073,Paul Ivanov,1,1,3,1,3,3,121,0,0,0
ipython,ba74182e644390a1146c8749f88a5f0d226c14ba,1602564525,Ashwin Vishnu,1,1,12,0,12,9,366,1,48,2
ipython,e0c24607cb40bc4d2cc6f7859526db9a857ee51c,1620403770,Sammy Al Hashemi,1,2,8,3,8,5,351,1,67,2
ipython,7a458e040e3c8a7f6edec78b14159ba98ae337bf,1620407033,Sammy Al Hashemi,1,1,3,3,3,3,158,0,0,0
ipython,a61fb992a51218f3f77cba733222af28634ac682,1620410464,Sammy Al Hashemi,1,0,10,3,0,0,0,0,0,0
ipython,2fcb6ed79f1f0f5e6693e4536ed5332d41b57058,1620421212,Sammy Al Hashemi,1,1,1,1,1,1,39,0,0,0
ipython,d9d0535f5bc5f150ed5cfb71bcf424d544253678,1620423834,Sammy Al Hashemi,1,1,1,3,1,1,85,0,0,0
ipython,1f29ce5ff5e305d4ce5c2126b2a7c4beb58244e6,1620333346,Blazej Michalik,1,1,1,0,1,1,18,0,0,0
ipython,941d4409674ab6bcbe93785281719062aa2cbf3d,1620669759,Matthias Bussonnier,1,10,76,10,76,59,2527,4,175,13
ipython,84f0593dc3b51d60059ac696bbeeb8ea7ff07e44,1620759309,Matthias Bussonnier,1,1,1,1,1,1,97,0,0,0
ipython,1b8fbc49c006bf0ead5ac7d7fade859f44789808,1620759528,Matthias Bussonnier,1,2,4,2,4,4,231,0,0,0
ipython,73e6371c5e4d01501fcbf9b29b800c72d937a2d1,1620943312,Blazej Michalik,1,1,8,0,8,6,221,0,0,2
ipython,f5ac485fce32a66f24680ce170784e897ec14043,1622215975,Matthias Bussonnier,1,1,1,1,1,1,88,0,0,0
ipython,29cc718058b5efa9225b4e9d8b8a3e18a4525f1a,1622533148,谭九鼎,1,0,1,1,0,0,0,0,0,0
ipython,8d0d6dca14828ab92671821ada629e173d41dc9d,1622565963,Matthias Bussonnier,1,6,31,9,31,26,1048,0,0,5
ipython,02bf38cb21b47f768973f81aa556140a36822811,1622592825,Krzysztof Cybulski,1,1,1,1,1,1,44,0,0,0
ipython,0975af51e6c9e474096849744340675f13c5b8d6,1622632235,Matthias Bussonnier,1,2,7,4,7,7,301,0,0,0
ipython,4436f8671a5fb8777138e3de4f6a808039dae5ab,1623763040,Matthias Bussonnier,0,0,0,5,0,0,0,0,0,0
ipython,8bd83ce47372d2f93717654aead48501e124d99d,1623765809,Matthias Bussonnier,1,5,33,10,33,28,998,1,22,4
ipython,20c5c33805e738e67da993738c521d656397ed35,1619060095,Boyuan Liu,1,1,5,5,5,5,256,0,0,0
ipython,e4268012f12a3e743b08ee974db85e2305c621be,1619328860,Boyuan Liu,1,1,5,5,5,5,276,0,0,0
ipython,a5bdebad2a57517b59b919013fe4204b5a8584d8,1624120941,Lightyagami1,1,5,20,4,20,18,697,0,0,2
ipython,ecf6a0e0471862e2fa36d72a0bd853e50afee464,1624354319,Matthias Bussonnier,1,0,79,13,0,0,0,0,0,0
ipython,dd10cc84e23e12dd747dbb72460b3d3c0e28d067,1624363118,Matthias Bussonnier,1,0,1,1,0,0,0,0,0,0
ipython,08ee50b79b21b914d793c67eb1176cdfd5a8a391,1624363923,Matthias Bussonnier,1,0,1,0,0,0,0,0,0,0
ipython,8663b2b6e0c9ae156519864344d312ee8050105c,1624732622,Richard Shadrach,1,8,20,14,20,16,777,2,64,2
ipython,4510a3df01715a65296544f042b68821f1c51956,1624878654,Rodolfo Carvalho,1,1,1,1,1,1,72,0,0,0
ipython,c20d7a0da79b0d784e717471534d4d716ec2ae4a,1625064933,Blazej Michalik,2,7,16,41,16,10,377,1,55,5
ipython,40ff0ebc7b0263a1e74d1fa83dbd00f48f447d6b,1625337129,Blazej Michalik,1,1,1,1,1,1,35,0,0,0
ipython,4fd469733b409e48f98d8d81483943e94b88cf5b,1625625050,richard,1,4,11,8,11,10,425,0,0,1
ipython,07c4edd91f350d41466787ccdc36d60dff87dd72,1625764554,Blazej Michalik,2,3,20,2,12,8,410,0,0,4
ipython,692ccd895d44c8a84ce017699289691be012f41a,1625773569,Blazej Michalik,1,5,16,3,16,11,431,1,65,4
ipython,9c7c9ee20f0a1151e9800f6f5a4d254c84ab6b04,1625765595,Blazej Michalik,1,1,5,8,5,5,268,0,0,0
ipython,b7d860b0fc731f06bd661ede0a4e880267157bdb,1625771808,Blazej Michalik,1,2,6,6,6,5,237,0,0,1
ipython,d2951853d16e755246d78021ad7134bf0d55385b,1625774484,Blazej Michalik,1,1,1,1,1,1,23,0,0,0
ipython,e94ec6c099861f060b8116dc6c62816dcf6444dc,1625774589,Blazej Michalik,1,1,3,0,3,2,97,0,0,1
ipython,88e203e05d9fd80ed35e3b9827113ab353d96be3,1625774965,Blazej Michalik,1,1,3,0,3,2,95,0,0,1
ipython,8141a131d64fda87b1552bfc2b629d907ac29d17,1625775274,Blazej Michalik,1,4,4,6,4,3,106,0,0,1
ipython,f36278fd155d5fefade968b77dcf5aa8a9a1de31,1625776448,Blazej Michalik,1,0,23,0,0,0,0,0,0,0
ipython,955ddb5a31689cb7c8a9575edb37c3b224b49df8,1625777237,Blazej Michalik,1,2,2,2,2,2,85,0,0,0
ipython,65602328d812ee9e180d79ac2de17dd8e754d8d1,1625786353,Blazej Michalik,6,5,10,10,8,8,331,0,0,0
ipython,de2f96dac725ffb32f6cce36e2ee394e313eb315,1625940049,Douglas Blank,1,1,5,0,5,3,94,1,62,1
ipython,75bdd216cb3581ba5f1bf8eb81411f7a54dbb9e6,1625940434,Douglas Blank,1,1,1,1,1,1,59,0,0,0
ipython,eb5685b0ac2884dfadac25f5b7cc13ff229e3be9,1625940514,Douglas Blank,1,1,1,1,1,1,5,0,0,0
ipython,f2bc8135fe942f0c3a60c050b6f2159396324288,1625940806,Douglas Blank,1,1,2,0,2,0,0,0,0,2
ipython,19c1a29c303864018ab82da2012a3101ad4eb036,1626137199,Arthur Svistunov,1,1,3,1,3,2,108,0,0,1
ipython,694d3c63052f9db3870fade2c34432bc916589d1,1626173414,Eyenpi,1,5,16,2,16,15,604,0,0,1
ipython,b0bc122821f75638b5ca5898585d81bfba96a44c,1626173615,Eyenpi,1,1,1,1,1,1,41,0,0,0
ipython,276557e49bd4e77e1db0b99534591226fe7da724,1626176568,Eyenpi,1,2,2,2,2,2,103,0,0,0
ipython,2c9ca78dd2906b3b24e9298de03301f4e06eefc7,1626255518,Ali Nabipour,1,1,1,1,1,1,45,0,0,0
ipython,75f84eb8e464af30660a9b7759865d4107dc6958,1626255584,Ali Nabipour,1,1,1,1,1,1,67,0,0,0
ipython,3708b30a78d636795c063f720ff1f1e9fe3f2b06,1626256338,Eyenpi,1,1,8,9,8,8,278,0,0,0
ipython,b2433d6146424da7e8fb26e0fe5e9fb352fe998e,1627517525,Daniel Shimon,1,2,17,1,17,13,384,2,85,2
ipython,69e40126b9764ddb9bd7a9c9f7319a19a27c4047,1627517594,Daniel Shimon,1,0,16,0,0,0,0,0,0,0
ipython,aaeed5f903a8d1eff22a64d99d4f07e4bb4293e2,1627980015,Min RK,1,3,40,18,40,36,1133,2,26,2
ipython,474a1b97bbcbe5fd3a8a7276fff0e3036ec5b8ea,1628009279,Blazej Michalik,0,0,0,28,0,0,0,0,0,0
ipython,459330fd4e01c185fd53f9189318d6d25933b51f,1628289943,Thomas A Caswell,5,36,174,64,174,124,4352,25,379,25
ipython,273ac5763db61a73fe9ac6dae0403db066f2fc78,1628290362,Thomas A Caswell,4,27,60,42,60,57,1437,0,0,3
ipython,6720df42163191483fce578162363354e5f53fac,1625237022,martinRenou,2,9,23,9,23,13,581,4,202,6
ipython,02660f35ca6e35f3f35b00ad2634945308badaa1,1628762165,martinRenou,1,9,35,21,35,31,1339,0,0,4
ipython,f4aea77b461879f9eeeb2c152a7d979ed103a0f9,1628762614,martinRenou,1,4,34,19,34,34,1136,0,0,0
ipython,e5aa137df281a6c32c2e3ceda10f043facbbcd1c,1628763270,martinRenou,1,9,11,11,11,11,690,0,0,0
ipython,083282b34772501a19c3e43e569c74140929b56f,1628763465,martinRenou,1,1,3,1,3,3,145,0,0,0
ipython,58e4653a04f5ca5081a7153d92f6b00741f2d0e2,1629062411,Artur Svistunov,1,2,2,2,2,2,86,0,0,0
ipython,b18c585c730230ea66326fd34675d7e2e179676c,1629062550,Artur Svistunov,1,1,1,1,1,1,28,0,0,0
ipython,62ebcb337087f76b869c1cd77a507f450602d93c,1629062584,Artur Svistunov,1,1,0,1,0,0,0,0,0,0
ipython,d4ad76fcfd10736797b80aa1d7827d8d32cffda0,1629062676,Artur Svistunov,1,1,0,1,0,0,0,0,0,0
ipython,a44718bdb19469bee2674ef8a01353b97554b025,1629065696,Artur Svistunov,1,2,2,3,2,2,123,0,0,0
ipython,e2443305eea560463c273a9fbdf19936b08d91bb,1629065889,Artur Svistunov,1,1,1,1,1,1,35,0,0,0
ipython,e62d7600bbb43a53035180a2d84a9b5b6c78e2f1,1629208448,MRCWirtz,1,1,1,1,1,1,81,0,0,0
ipython,0ddc69a747ac7ddcdacc618c58c75f268c69ae9a,1629210701,MRCWirtz,1,1,6,1,6,4,203,1,73,1
ipython,dde2950b3cd4092f4245bbc6080af2af467cf6b1,1629239850,Artur Svistunov,1,1,1,1,1,1,40,0,0,0
ipython,89b3766c67781ed1ab07e959d905c79d3a412721,1629239869,Artur Svistunov,1,2,3,2,3,2,108,0,0,1
ipython,3f7b134a20559b7913442c7378decb3fb1d89253,1629240247,Artur Svistunov,1,1,6,1,6,5,194,0,0,1
ipython,da0c6cd620ff02ca0bfe65ea8fcb86a64beab06b,1629240396,Artur Svistunov,1,3,3,2,3,3,120,0,0,0
ipython,28b708a6f0e0aa4238a1b1f14cf97f2a07b05527,1629240431,Artur Svistunov,1,1,1,1,1,1,25,0,0,0
ipython,80b9dac397aedb6fdcf31c4adafb21f2a443d181,1629304743,Matthias Bussonnier,1,0,70,61,0,0,0,0,0,0
ipython,053e48a3684bb0dc70635e547a78d82294bdf773,1629314240,Matthias Bussonnier,1,1,10,2,10,8,353,2,78,0
ipython,9bf821288c2f8c3f4b181a110398f09732801ff1,1629304743,Matthias Bussonnier,1,0,70,61,0,0,0,0,0,0
ipython,e3aa7e7bd3758f15738809954a4ce75aab4b1de3,1629322487,Matthias Bussonnier,1,0,51,46,0,0,0,0,0,0
ipython,4142eaaf2ec09492c68c1a8495092377d7b1bc89,1629322629,Matthias Bussonnier,1,0,9,11,0,0,0,0,0,0
ipython,44f8b988ec41c059804e22b49e0c69d7142d53c1,1629322765,Matthias Bussonnier,1,0,7,4,0,0,0,0,0,0
ipython,efce141581dee7350f970590961eeb2e892193cd,1629323139,Matthias Bussonnier,1,0,34,24,0,0,0,0,0,0
ipython,4d7cd534e8e7ae133738a2e6a2172e463db0f25c,1629323441,Matthias Bussonnier,1,0,37,35,0,0,0,0,0,0
ipython,c202203cde904ddb169d6ade9b312357a74e7e08,1629323854,Matthias Bussonnier,1,0,22,23,0,0,0,0,0,0
ipython,4aeedd32b06a524f062c2d2bdb1f4ff5265b125b,1629323960,Matthias Bussonnier,2,0,2,2,0,0,0,0,0,0
ipython,2dc36ad6a10944614d55ea1b7d57557aeab0615e,1629324067,Matthias Bussonnier,1,0,21,15,0,0,0,0,0,0
ipython,f03bb32540a6ed0180cb5406de64c0e57b988350,1629324155,Matthias Bussonnier,1,0,12,15,0,0,0,0,0,0
ipython,5cba8660db4735477e29d59e664f6a86359573ad,1629324336,Matthias Bussonnier,1,0,46,38,0,0,0,0,0,0
ipython,764461856ce1f88d9e4cb6188a0bdaefaec84933,1629324508,Matthias Bussonnier,1,0,13,12,0,0,0,0,0,0
ipython,72a79cb130ce9d194842f1ff75c83adddb9562b1,1629418043,Elliott Sales de Andrade,7,7,108,1,72,43,1277,13,672,16
ipython,0bd8ce0083bd82e3f4c4569804a3a68aeb77ee3f,1629495529,Blazej Michalik,1,1,1,1,1,1,43,0,0,0
ipython,63a33d66aa37920e00603147eb8b92deadcefe9e,1629496570,Blazej Michalik,1,1,4,5,4,4,127,0,0,0
ipython,68ec67e6c87a3e8aeecdd770bdf766e18c91e915,1629905661,Matthias Bussonnier,1,0,1,1,0,0,0,0,0,0
ipython,c54a223b1c746de69a79044e58c8eda2bd6b7b62,1630089258,Matthias Bussonnier,4,8,17,13,15,8,282,6,474,1
ipython,63c4effb16bdc1b154eb02222b8e172f8e83ee52,1630255051,Artur Svistunov,1,3,4,2,4,3,130,0,0,1
ipython,853f202ee240ee194379746ac040f1fcc2e4dafd,1630255443,Artur Svistunov,1,1,1,1,1,1,36,0,0,0
ipython,6e77325722869fb25e0453bb364d1f014f320111,1630255576,Artur Svistunov,1,2,1,2,1,1,79,0,0,0
ipython,8ab56c7c0af853d4ed24d8429c3f8cdeacf8ae50,1630429650,Tomasz Kłoczko,7,0,70,71,0,0,0,0,0,0
ipython,7b2546d20c8f0d272dc665b5d50bb253241ae0b3,1630432806,Blazej Michalik,7,0,130,106,0,0,0,0,0,0
ipython,241c1f571deef0e4ffa9ba49c7680865c54b5ce0,1630875776,Artur Svistunov,1,2,20,1,20,15,601,0,0,5
ipython,aff59c6dd9867026facf6fc32784b8605013e5c3,1630877581,Artur Svistunov,1,4,10,6,10,7,261,0,0,3
ipython,c84fa60f85127cea3ba620034cebf023b0660bed,1630879780,Artur Svistunov,1,1,2,1,2,2,75,0,0,0
ipython,d17b81ee6609afe151a941006b491e3a939528d2,1631006788,Marcus Wirtz,1,1,1,1,1,0,0,1,72,0
ipython,f5e8a3c78ef6100abfa6622329a56592025b1383,1631062452,Blazej Michalik,1,4,16,13,16,15,708,0,0,1
ipython,bbe524673a246c1c5f30ee142fd5fac19675e1a6,1631550790,yuji96,1,7,10,4,10,8,378,0,0,2
ipython,941da40ab29389d70f6efc5556d440a7e8716038,1631590049,Mithil Poojary,1,1,1,12,1,1,54,0,0,0
ipython,6f4501ca21368992cb3bc1d1027d78b123d7129e,1632106840,Mithil Poojary,1,1,5,1,5,2,98,1,66,2
ipython,94240ce5086d648abbdf889e94de537a567817b8,1632176275,Blazej Michalik,1,1,1,1,1,0,0,0,0,1
ipython,49d02f78711c4733d4047ab6c6757f08e1497a90,1631859751,yuji96,1,1,7,5,7,7,183,0,0,0
ipython,b709866b0a3a1108d98b20dd286ab8cd8c9d387f,1631878625,yuji96,1,6,9,6,9,8,321,0,0,1
ipython,1041f44680d312adbec9eb24406a7368c9ed9506,1631881192,yuji96,1,1,2,1,2,2,126,0,0,0
ipython,fe042603646f800f3a2f3516266219448260d5e6,1632308583,Mithil Poojary,1,1,3,1,3,3,144,0,0,0
ipython,338ffdcaa038358762bef7f10ef91b2ea6fe680c,1632314830,Mithil Poojary,1,1,1,2,1,1,41,0,0,0
ipython,20281a0140e3cf3c73180cae90bb50a7b4879324,1632520530,Matthias Bussonnier,2,7,19,1,19,14,619,1,38,4
ipython,b27ed6b5e5aa8ab176e8025e726c72e60c5e0c9e,1632177188,Matthias Bussonnier,3,14,241,9,129,89,3450,4,118,36
ipython,d03a6c072aaca409219b53ba04f8f4262a41d5ac,1632845249,Matthias Bussonnier,1,4,6,7,6,5,272,1,31,0
ipython,4a2e85faf8e30c70a5d2c1af6bb45e2cdee5a067,1632901033,Min RK,3,8,54,20,40,35,1433,0,0,5
ipython,913f3d1ca03f6dffe1eee4069976f05f17759cee,1633199819,Jakub,1,1,1,1,1,1,86,0,0,0
ipython,eadea3724bd66adf616bba9a0fefcac20695d583,1633229040,KIU Shueng Chuan,1,1,1,1,1,1,29,0,0,0
ipython,f6851e4f0732aa5f099428e6c9ec047f59ce1c96,1633292122,Samuel Gaist,1,3,12,2,12,11,434,0,0,1
ipython,65c34c49df75dce643a87f2ecee39c3a5f9aa31a,1633363626,Matthias Bussonnier,2,6,94,7,18,15,517,1,60,2
ipython,9d184baa2f8d162cba3ea3b363a8f3453b2d4e36,1633564817,Thomas A Caswell,1,2,7,2,7,3,83,3,159,1
ipython,5431ad665205af68171ac51e2e364f67bc6d450f,1633565135,Thomas A Caswell,1,1,1,0,1,1,48,0,0,0
ipython,7a20999bb2097a781b81e3098ba3e379cdd6b14e,1633682624,Bibo Hao,1,1,2,0,2,2,43,0,0,0
ipython,26b7363f293141541ad7ec003a26a48b82392454,1633686516,Bibo Hao,1,0,4,0,0,0,0,0,0,0
ipython,7289630f5c158551084dbfe2e001da3eca8db4b9,1633686705,Bibo Hao,1,0,1,1,0,0,0,0,0,0
ipython,397338f0ee4fcbcab962d3153d791250a1f7de3f,1633687253,Bibo Hao,1,0,1,1,0,0,0,0,0,0
ipython,25f92b9988c81b70b444e88b4afc5aab8a875d8e,1634409287,Matthias Bussonnier,2,11,79,27,43,34,940,0,0,9
ipython,b93fe0c828c23d4b0c87fcf8fb70c9acd43d1603,1634501938,Matthias Bussonnier,1,0,20,0,0,0,0,0,0,0
ipython,f7213ea2a130207450771054ea17fc7df45625f2,1634516682,Matthias Bussonnier,1,2,2,1,2,1,40,0,0,1
ipython,887df6c2966685672f5236dc7ece8b29800b38df,1634554277,Min RK,1,2,2,2,2,2,154,0,0,0
ipython,e8d652a21b5b829b8d494741bee11eff614622c6,1634132615,gpotter2,1,1,1,1,1,1,40,0,0,0
ipython,be24009069749d2f01bec90b361b8f389f9c35f6,1634489410,Meysam Azad,1,1,0,70,0,0,0,0,0,0
ipython,37c1038b91bc3415f2bf0f43bb52138934a7e505,1634596083,Matthias Bussonnier,1,8,21,4,21,16,762,0,0,5
ipython,17153999ccdd336213a1e2d85ffc4b66f402e595,1634680413,Nikita Kniazev,5,3,6,4,4,3,69,1,23,0
ipython,91936a9d1c432270c7273c090fc6857dcceafd1a,1634761784,Dimitri Papadopoulos,1,0,11,3,0,0,0,0,0,0
ipython,5f90ef7cc824f6dd4b53583ef8d4d9fc91ba95d1,1634763955,Dimitri Papadopoulos,17,14,29,29,17,11,665,6,335,0
ipython,ebeba47f2bcd473f4e76b22de2bd5b893abe9b6f,1634976583,Samuel Gaist,1,0,1,0,0,0,0,0,0,0
ipython,cf20712b7068ca94678c9c782074c7f858b53ccb,1634978604,Samuel Gaist,1,0,6,8,0,0,0,0,0,0
ipython,6b1a3e40a3cbbaaa8a442610414b36fad5aae07f,1634979042,Samuel Gaist,1,0,19,21,0,0,0,0,0,0
ipython,1efb0510ba66b8dfd66b6ec42b2429f6aa67b45a,1632940377,Samuel Gaist,1,0,4,7,0,0,0,0,0,0
ipython,4ac9d7f384bd6ccb41d9f3573409d27e4d9220d8,1634979154,Samuel Gaist,1,0,6,7,0,0,0,0,0,0
ipython,322441cbd2d1974954436631262b063d8f16d22f,1634979383,Samuel Gaist,1,0,197,201,0,0,0,0,0,0
ipython,44d74a9af58956162aef50022942b876f3423d6d,1634979404,Samuel Gaist,1,0,7,9,0,0,0,0,0,0
ipython,7880f76fed6c1c06f07f4e1afa2ca6aa4b7a5092,1634979422,Samuel Gaist,1,0,2,4,0,0,0,0,0,0
ipython,f4d8de49fa6aeadc4f0bceceff440b04a6136fb3,1634980259,Samuel Gaist,1,0,133,112,0,0,0,0,0,0
ipython,8f530016199fb5e32955f4d4a78e34ef861095c1,1634980306,Samuel Gaist,1,0,3,4,0,0,0,0,0,0
ipython,1304d9e8b37bc2df27974a7679dd17edc8bf9e38,1634980320,Samuel Gaist,1,0,1,3,0,0,0,0,0,0
ipython,2de4d8b31bd091ea60c6b5301ebdabcfe855aa04,1634980426,Samuel Gaist,1,0,83,81,0,0,0,0,0,0
ipython,2965bcf0e93dc31fc0b6b9c5d2732d1f9f1ea715,1634980437,Samuel Gaist,1,0,1,4,0,0,0,0,0,0
ipython,cf762a5685effaeed94a03a45927b87be5085175,1634980789,Samuel Gaist,1,0,49,54,0,0,0,0,0,0
ipython,0ee38081386bd1dd495b20780fd51e9387c00100,1634980880,Samuel Gaist,1,0,15,17,0,0,0,0,0,0
ipython,8903f79e7ef56734ddfd8fb0fa552a69654afb78,1634981248,Samuel Gaist,1,0,52,53,0,0,0,0,0,0
ipython,3bf77e7cb1d0b24e2954cff0eb789ae352b1ba9b,1634981319,Samuel Gaist,1,0,1,2,0,0,0,0,0,0
ipython,b75105dfa054175c0834edcd140530432327092b,1634981392,Samuel Gaist,1,0,50,46,0,0,0,0,0,0
ipython,85ad41c0709f187419461c33c02ec0bd16b0a32e,1634981594,Samuel Gaist,1,0,66,62,0,0,0,0,0,0
ipython,9567fb34a8b59abf8b371e91555d941af03cea5b,1634982099,Samuel Gaist,1,0,248,223,0,0,0,0,0,0
ipython,b5182174bac2e626424a8a7a6a5440a2683ae739,1634982224,Samuel Gaist,1,0,34,33,0,0,0,0,0,0
ipython,931096b771bc3bf0d92bd7e60a46de13cd76f25c,1634982469,Samuel Gaist,1,0,34,35,0,0,0,0,0,0
ipython,a524414a9e838c235623b02303ecb8f00ecaf926,1634982533,Samuel Gaist,1,0,27,26,0,0,0,0,0,0
ipython,eb08dcfc3f0caefd722688b9734b9d67f61cc458,1634982629,Samuel Gaist,1,0,6,9,0,0,0,0,0,0
ipython,c2c26d9f9ad819b55092c419679270be0dc34e1d,1634989751,Samuel Gaist,1,0,58,59,0,0,0,0,0,0
ipython,421d89b74f259a03391a41d03f640c5d45aefad3,1634983260,Samuel Gaist,1,0,83,85,0,0,0,0,0,0
ipython,6d0a78f61354592ce546fb41eb5eb80b5dda993b,1634983336,Samuel Gaist,1,0,26,26,0,0,0,0,0,0
ipython,12d08a51494137e81dc0cd631eef5afdc46ae07f,1634983380,Samuel Gaist,1,0,37,38,0,0,0,0,0,0
ipython,f8ffa1df27b80e5ea79e69f9baf9ebfc60704009,1634987145,Samuel Gaist,1,0,15,16,0,0,0,0,0,0
ipython,995c84486d5f176254f5d9f2762f51f05b10bc6a,1634987223,Samuel Gaist,1,0,1,3,0,0,0,0,0,0
ipython,a1ddd3bc4b72c913bdb95f01cb04c39391b0bc76,1634987614,Samuel Gaist,2,0,19,21,0,0,0,0,0,0
ipython,e01e33248d71fb5555b277dcd84dc9b28b1311bd,1634987645,Samuel Gaist,1,0,10,5,0,0,0,0,0,0
ipython,3c04a296aa67cab9a88193d603e1be3e76dc838c,1634987717,Samuel Gaist,1,0,8,10,0,0,0,0,0,0
ipython,a167c8b57ba7ac6460652a75015f5f82d751a75b,1634987752,Samuel Gaist,1,0,7,6,0,0,0,0,0,0
ipython,66e3f6ee970edd3d4dc292e1489a7e2bb16579a3,1634987840,Samuel Gaist,1,0,51,19,0,0,0,0,0,0
ipython,b7155f665a91c65365b7a82d5daeb9fdec9b0722,1634987867,Samuel Gaist,1,0,10,10,0,0,0,0,0,0
ipython,77e81773ca867b9e90a788a7cb3875d4dd4a5bff,1634987970,Samuel Gaist,1,0,8,7,0,0,0,0,0,0
ipython,c8161eb28b10cb73eb6f8497c37a87966ce053da,1634988004,Samuel Gaist,1,0,7,9,0,0,0,0,0,0
ipython,691cde99a8f3b0ffa8837c3ca5055a6c35eea6ce,1634988021,Samuel Gaist,1,0,6,8,0,0,0,0,0,0
ipython,9c38a13d5c95503c6007fcc6affee7b6bc18ae36,1634988127,Samuel Gaist,1,0,6,7,0,0,0,0,0,0
ipython,c179da012af2a93c09c388cdd0f1c423a99ba4ea,1634988151,Samuel Gaist,1,0,9,10,0,0,0,0,0,0
ipython,88d2ced99afc77004a1fb765af0d1d4404470cd0,1634988190,Samuel Gaist,1,0,5,6,0,0,0,0,0,0
ipython,bd2c171ee99c7afd51b4eb7f85fd83f6b9116e57,1634988204,Samuel Gaist,1,0,2,5,0,0,0,0,0,0
ipython,8be458e9bb7a51d205effce5f11da84514450aea,1634988272,Samuel Gaist,1,0,0,1,0,0,0,0,0,0
ipython,45fe9d82996fb4781a2de79bf5aecc26b0eb20ed,1634988314,Samuel Gaist,1,0,7,5,0,0,0,0,0,0
ipython,01716cb9888d520ff00fe447897b14af327bd329,1634988334,Samuel Gaist,1,0,14,12,0,0,0,0,0,0
ipython,7fb86c59f29efcdd7059459f5fd614bc9fde68e7,1634995805,Samuel Gaist,1,0,15,6,0,0,0,0,0,0
ipython,0083c5397fafb0e1650e3b0739bc168a709d5928,1635087306,Paulo S. Costa,1,2,2,2,2,2,123,0,0,0
ipython,ac1cb9ab7b1bc13f68a7cb979971b9ebaae93fb2,1635131473,Naelson Douglas,1,1,2,2,2,2,108,0,0,0
ipython,7c15dbcdb985ec98cdfec447e7b078c4d3f0eb86,1635176874,Nikita Kniazev,1,1,1,1,1,1,66,0,0,0
ipython,8f0d50b7125b1c2cf2179d33fac03da5cd715e55,1635176956,Nikita Kniazev,1,1,1,1,1,1,48,0,0,0
ipython,cee163f6d219ff013dbb9ff888baee18fb80d814,1635176990,Nikita Kniazev,1,3,4,10,4,4,110,0,0,0
ipython,02a8decad7e8a51d56c91e9c8294f570864d0cac,1635177221,Nikita Kniazev,1,0,22,12,0,0,0,0,0,0
ipython,9cc2f46b8734546190eff81b9d2e13ec2f810f27,1635177244,Nikita Kniazev,1,5,14,12,14,14,702,0,0,0
ipython,fda2ebeadd29608aa3e5c11f17bf836d2b1326b3,1635177462,Nikita Kniazev,1,0,4,0,0,0,0,0,0,0
ipython,b5dc5d7cc67c3b418bcc23b29b5c752e416e36f8,1635178712,Nikita Kniazev,1,0,2,0,0,0,0,0,0,0
ipython,69dbfc1ced1c5a74380caaf2c126d6f9ad84c1f7,1635184943,Matthias Bussonnier,1,1,3,3,3,3,182,0,0,0
ipython,e92f70490ff6ccfaf245eb942e8e40fe71e3cc64,1635189885,Matthias Bussonnier,1,2,2,2,2,2,85,0,0,0
ipython,a680045e7bcc95afaacee6d1c17e722be7b4ff4f,1635265396,L0uisJ0shua,1,3,3,3,3,3,253,0,0,0
ipython,dee6e63258ffa1d731a7161b62a8e28294af8462,1635410382,Julien Rabinow,2,3,3,4,3,3,89,0,0,0
ipython,09e2f50debda94d4b307fe3689fd56dc30c1e2cc,1635412609,Adam Johnson,1,1,1,1,1,1,55,0,0,0
ipython,ee3d560bb7c1a99d6b607d53607c8485a82927de,1635411677,Julien Rabinow,2,0,9,13,0,0,0,0,0,0
ipython,51d01f7425742759f2e022fe903c1b68b13d4044,1635452892,Nikita Kniazev,1,0,13,7,0,0,0,0,0,0
ipython,3206fcd4dbde4b23829ad8d525933dd5f3ff50b1,1635499656,Erik,1,2,1,2,1,1,43,0,0,0
ipython,fa30063d3e1efa917907e665d76e1fd51a528ce0,1635521986,Nikita Kniazev,2,3,17,4,17,12,365,0,0,5
ipython,6572ff13316cca1274dbf8ae366fd8f50dc4d362,1635529584,Nikita Kniazev,1,0,1,1,0,0,0,0,0,0
ipython,f2a1048624a82a98cf4540cbf471e141840f4a6a,1635553702,Arthur Moreira,1,2,3,3,3,3,265,0,0,0
ipython,c177aef56af7c68a3ea49e20b5ec90af2277b1a4,1635555149,Arthur Moreira,1,1,15,7,15,15,534,0,0,0
ipython,92296e1c40367166d8b99b0d4e383920c5e02de9,1635691129,Nikita Kniazev,1,0,37,27,0,0,0,0,0,0
ipython,ca9ff08faab633cfca5c74b3b70cd7ce44e3d399,1635629823,Nikita Kniazev,1,1,1,1,1,1,27,0,0,0
ipython,8a04efadf7e4cd7ced49f78a169de8c4cb2db75a,1635786641,Nikita Kniazev,3,3,0,37,0,0,0,0,0,0
ipython,bb11d0f597a32eab43987a2eb5b391c308f3ae7f,1635869785,Nikita Kniazev,1,0,724,0,0,0,0,0,0,0
ipython,96e4e9e355ccd6c0d9e9b6275db484d56ed97815,1635557098,Nikita Kniazev,2,0,147,85,0,0,0,0,0,0
ipython,7617110e9f3cf8b97991ce3727631f8ed800a571,1635968520,Nikita Kniazev,1,0,16,0,0,0,0,0,0,0
ipython,2f9407e80c2d615d5c3d7d79fee31f7c1bffad20,1636059376,Nikita Kniazev,1,0,3,2,0,0,0,0,0,0
ipython,27a33628310cbd68632f0e8b514de731a033f8e6,1636059603,Nikita Kniazev,1,0,2,5,0,0,0,0,0,0
ipython,201685e1f00049d3b8ec4bc68eefc8451783f5fe,1635816880,Nikita Kniazev,2,0,78,86,0,0,0,0,0,0
ipython,31a08778f65af8ce597d4ee1a900724d31d49041,1636252719,Matthias Bussonnier,1,0,2,1,0,0,0,0,0,0
ipython,023409c714300777b516da79919e406cd579934c,1636256863,Matthias Bussonnier,1,0,79,63,0,0,0,0,0,0
ipython,ebdea82dfa0638576c91c510eca46e9f7c57b385,1636328952,Nikita Kniazev,2,0,12,8,0,0,0,0,0,0
ipython,c94e49d0b297a5ef91c1e64137be1bcc672cf012,1636381347,Brian Lee,1,1,1,1,1,1,36,0,0,0
ipython,a5c798b38154a8b35bbd52ebb9305d5aa5934fdb,1636398158,Nikita Kniazev,2,0,0,16,0,0,0,0,0,0
ipython,98372a94598eef79cf10a74c7081b707a853b233,1636399072,Nikita Kniazev,2,0,6,3,0,0,0,0,0,0
ipython,f9b36a4f407abf5a6379fe31d3e42ee1698f9639,1636470112,Bibo Hao,1,1,1,1,1,1,45,0,0,0
ipython,69c9dab7c56a46403f311de7d3076aa4ec69f6f6,1636471065,Quentin Peter,1,1,4,3,4,4,191,0,0,0
ipython,4727faae664069510cb6bfcd0c905ce30fc3ca4c,1636741674,Matthias Bussonnier,2,0,45,15,0,0,0,0,0,0
ipython,5a2a58eb557894b0fdca22014493399ebb54e40b,1636572068,Fernando Perez,1,1,9,1,9,8,554,0,0,1
ipython,86497d9bb8ec6628304323496ec67a9b54015805,1636573021,Fernando Perez,1,1,4,1,4,4,268,0,0,0
ipython,ea376108e2e4434391b0a3698c0be6813540b1c4,1636577273,Fernando Perez,1,2,4,4,4,4,308,0,0,0
ipython,dfa6831643798e0eb2c5e752d5e3435e99be7085,1636723570,Kevin Kirsche,1,1,1,1,1,1,49,0,0,0
ipython,47037d10efddc808ea5909ba3c4c3936d641e7f4,1635782978,Nikita Kniazev,1,0,10,21,0,0,0,0,0,0
ipython,360df2b6e99e3fabb6a7c1190b40aeba5aa2c997,1636308260,Nikita Kniazev,11,2,38,1608,0,0,0,0,0,0
ipython,28bb4c88e371132e2c825a4f4776a19a1dde8f6f,1636394135,Nikita Kniazev,1,0,1,11,0,0,0,0,0,0
ipython,7f364bb801ae9511908f6681120c4e89e2607ebf,1636844088,Nikita Kniazev,2,9,33,53,8,8,265,0,0,0
ipython,75fd024c98b4552bf3ce8692f2442aff5c012fc6,1636767083,Nikita Kniazev,2,6,20,5,9,9,418,0,0,0
ipython,fc34990c713b036e4ae24d037fa37f844b19fb5b,1636919109,Nikita Kniazev,2,7,21,39,15,15,614,0,0,0
ipython,5afec8019772d73484eea9d768dfa8c526739fbf,1636993603,Matthias Bussonnier,1,1,18,0,18,17,709,0,0,1
ipython,30e10db258e66e61b70d6d91c7e478b88db386fc,1636999493,Matthias Bussonnier,1,0,37,37,0,0,0,0,0,0
ipython,95fa8aeb6b109a9d9694659ae198a254896b1c5c,1636825533,Gal B,1,0,0,12,0,0,0,0,0,0
ipython,fc57ec912eec9da4c33d8db5416fdb2dada706e7,1635782998,Nikita Kniazev,1,2,2,2,2,2,72,0,0,0
ipython,8134c2ebd582daa3e2caa664ad310c70594de7f5,1635782998,Nikita Kniazev,1,0,12,7,0,0,0,0,0,0
ipython,e63a8bbaa6a458d749ed275140ae55ecbc906154,1635782998,Nikita Kniazev,1,0,12,0,0,0,0,0,0,0
ipython,d0d8c07bad43bd558a8e7f4bdce9abdc3be89768,1610027026,Lumir Balhar,1,0,5,3,0,0,0,0,0,0
ipython,d23958a156c5460009d6a79cdc92d7392d0814ea,1637004405,Matthias Bussonnier,1,4,2,2,2,2,76,0,0,0
ipython,856b05957523262c7fc7262a09d5c9cb8b78c225,1636831858,Gal B,1,10,12,12,12,12,606,0,0,0
ipython,6b90f9ce9f0e793f05f586e478508f0c4a4e3d03,1637086985,Nikita Kniazev,6,5,19,14,5,5,319,0,0,0
ipython,ad4aa0fcc43326cd3abdc8c705ebb9db2b643b72,1637089039,Ahmed Fasih,1,2,2,1,2,2,149,0,0,0
ipython,aec60658534e2c0a55d36559c19d67dd06a44634,1637093566,Ahmed Fasih,1,1,6,2,6,6,219,0,0,0
ipython,d0c8b31d178b7880de1c9ccd5f0ab7ff8e164d23,1637104122,Nikita Kniazev,1,3,4,6,4,4,147,0,0,0
ipython,b89cba42488d45bcc37045bc7fe3cce31c645977,1637104150,Nikita Kniazev,1,0,1,1,0,0,0,0,0,0
ipython,579c9f2a35c0347a5864e5f4886d49031852f765,1637104235,Nikita Kniazev,1,0,17,18,0,0,0,0,0,0
ipython,d71d42658298e9ec766be04adb29eebf3554d134,1637104283,Nikita Kniazev,2,7,15,24,11,7,300,0,0,4
ipython,c2ae085713ac810a3dc72807f5c61b60b0d496d8,1637110564,Nikita Kniazev,2,4,16,6,5,5,171,0,0,0
ipython,27b007b338003f9fa9e8ef381c33fb48362b5032,1637247175,Nikita Kniazev,1,0,1,5,0,0,0,0,0,0
ipython,5e3d218fe03271cb4daebf16dd1cedd3148e7cb2,1637247186,Nikita Kniazev,1,0,5,2,0,0,0,0,0,0
ipython,420a29d8b78081aa17114f969a8983e375fd07c2,1637248544,Nikita Kniazev,1,0,2,1,0,0,0,0,0,0
ipython,b221a8fb67e9db705de35c935858ac5f4531f0de,1637249260,Nikita Kniazev,1,0,0,4,0,0,0,0,0,0
ipython,b00e8a7d1ecb70e72361de52d50b816989fa9278,1637252605,Nikita Kniazev,1,0,2,2,0,0,0,0,0,0
ipython,044a51b3b20ce726d6d67e7a6289623593a4d37c,1637176239,Nikita Kniazev,3,9,16,14,16,12,498,1,30,3
ipython,0e59ae55629f08fd4e129e3678a59318b61f42e7,1637262305,Nikita Kniazev,6,0,32,42,0,0,0,0,0,0
ipython,7410af58c54f7356328a9311025853b1191c492f,1637265884,Nikita Kniazev,8,0,0,37,0,0,0,0,0,0
ipython,daadb7c2e34e62ebf8a3aec9621f2969d391e076,1637266321,Nikita Kniazev,1,0,0,119,0,0,0,0,0,0
ipython,6b1846f57ca3db5e32e32605335b0f3b5c5d97be,1637267598,Nikita Kniazev,1,0,0,15,0,0,0,0,0,0
ipython,cd387ef61715f61c6ea71f0cfa58ecab5a8a7f78,1637284836,Nikita Kniazev,7,23,84,42,66,65,3248,0,0,1
ipython,51151144348f143051b12d88fe23cedadb866626,1637435991,Nikita Kniazev,1,0,0,1,0,0,0,0,0,0
ipython,eac76a508587b0d95d6c55f6db58c5e2feb20f5d,1637437050,Nikita Kniazev,5,1,17,0,3,2,62,0,0,1
ipython,227d51b897a5be3c14b1e835fa5336fd7eddc864,1637440979,Nikita Kniazev,4,0,21,9,0,0,0,0,0,0
ipython,03a05afaf6f977aff9b9af57d442e9cb4f2071ef,1637448629,Nikita Kniazev,2,0,0,3,0,0,0,0,0,0
ipython,298a52dc64e442c10763b523e8309ad2917a740c,1637451160,Nikita Kniazev,1,0,3,1,0,0,0,0,0,0
ipython,a788e0c86455ca4f09e99f60d294512fc4ba0698,1637501444,Maor Kleinberger,1,6,8,22,8,7,335,0,0,1
ipython,323d9f476d717495ba55b5409172605b91c2470c,1637279355,Ahmed Fasih,2,8,11,4,11,10,668,0,0,1
ipython,50b543d805f5da1ab3e088abcc030eb64941df5b,1637692842,Ahmed Fasih,1,3,16,3,16,16,415,0,0,0
ipython,ba154eb9c6e5d519a648a5ea9d6082ef98128851,1637340340,Nikita Kniazev,3,8,2,9,2,2,53,0,0,0
ipython,c70d54890b32de3b4f47dc80130c29a3359df1e9,1637339994,Nikita Kniazev,2,2,6,75,3,2,65,0,0,1
ipython,55086297a709ba23c44f8e393959a3d403cdbd55,1637340902,Nikita Kniazev,1,0,7,26,0,0,0,0,0,0
ipython,4a68e2c977e87f5d62845db05ca798cbd6f2b786,1637083451,Matthias Bussonnier,1,8,22,6,22,18,659,0,0,4
ipython,8e428a7175dabd6e0b624e7482b2e3a21679c048,1637699363,Nikita Kniazev,2,0,5,4,0,0,0,0,0,0
ipython,59cf48e40e1bafdb27bea54695e5bc5c6dd81f81,1637703492,Nikita Kniazev,1,0,3,12,0,0,0,0,0,0
ipython,3070118fe87ac4f89c49c2afe45503c22ef73e70,1637698588,Gal B,1,1,2,6,2,2,112,0,0,0
ipython,b6d84ef95e42f96cf48bb8d4e8f150c8eb37a8eb,1637704271,Nikita Kniazev,1,0,0,3,0,0,0,0,0,0
ipython,5b9aa9c88325012439384b5a704e2b3d183c3366,1637696015,Matthias Bussonnier,2,4,16,14,4,4,188,0,0,0
ipython,16e7375c5b7260504e5db805150119ff192f57f8,1636252592,Matthias Bussonnier,4,7,15,6,15,11,310,0,0,4
ipython,2591ecb9fda06ead972f42fcbe71d5db2285ddd8,1635952013,Matthias Bussonnier,1,1,1,1,1,1,42,0,0,0
ipython,c079d3827dcec3f2ffa23885f5c804528548d34e,1637764795,Nikita Kniazev,1,0,1,1,0,0,0,0,0,0
ipython,919f313f6ff7c43dbcf7d63b26de5e93351c4f9c,1637766684,Nikita Kniazev,1,0,25,24,0,0,0,0,0,0
ipython,fd4b9610bf1314346be8b51e72129d8635e6a7f5,1637793818,Gal B,1,1,1,7,1,1,22,0,0,0
ipython,0ec26e4a01a9fea4f59a438bc4f8f890c1efafe4,1637793878,Gal B,1,2,0,11,0,0,0,0,0,0
ipython,f6d27b5d004bfb844a2ad43b61fee6ad8cfc8da3,1637793928,Gal B,1,12,25,185,25,21,1014,1,51,3
ipython,c8ed4d8189d813b322516bc352eab2768e75ec5b,1637794490,Gal B,1,10,15,10,15,14,634,0,0,1
ipython,cb2e14e314e437c8f46ba18ee478d673feffefe6,1637890402,Matthias Bussonnier,1,8,7,87,7,6,236,0,0,1
ipython,92cba8c3ace2c279dbfadcba3b6f9bac565b8825,1637890656,Matthias Bussonnier,3,11,23,36,22,22,489,0,0,0
ipython,b835cc1d5d3c11e59f3d22af1d054bec42d4e92d,1637891638,Matthias Bussonnier,4,1,10,17,3,3,107,0,0,0
ipython,3494468c60a760c0c71d7b22c99b8443b84560be,1637941056,Nikita Kniazev,1,0,0,12,0,0,0,0,0,0
ipython,140d38350ca0e1bb92245dfecf9e2048e7821605,1637941139,Nikita Kniazev,1,0,3,37,0,0,0,0,0,0
ipython,d0c404dac965cf611c08886488b50ae65ceeb5c1,1637941984,Nikita Kniazev,1,0,17,6,0,0,0,0,0,0
ipython,30e5a5d3346e5caf5a03a2d253084bfbd569ad42,1637944813,Nikita Kniazev,1,2,14,3,14,14,332,0,0,0
ipython,fca0f37b6e11ca5603328430b80401444165c9f3,1637969349,Ahmed Fasih,2,4,5,5,5,5,323,0,0,0
ipython,575be23d4994cabb0ad7b9469a319c1758b10a15,1638036661,Matthias Bussonnier,1,2,25,15,25,21,1138,2,51,2
ipython,3147552907530e46e28b4684fbe20c61d00fe061,1638346792,Min RK,4,8,42,8,21,17,641,2,83,2
ipython,0fbbb2b59969d43048c0da19dfc073238bfd00bd,1638358576,Min RK,1,2,22,4,22,17,620,3,97,2
ipython,02ce77ec516a3df7086205a771247a591c319c58,1638369026,Nikita Kniazev,1,0,0,5,0,0,0,0,0,0
ipython,cc76a77c3ea479d267d558ac3c4b7bbb101ea860,1638369270,Nikita Kniazev,1,0,0,12,0,0,0,0,0,0
ipython,73ffd1ba1d3e83b0611df6ec0f5ec3eb12c5bf30,1638388278,Matthias Bussonnier,1,2,2,2,2,2,87,0,0,0
ipython,96c5d75c72131f888b8d3f9dc95a7fc35ee68808,1638388337,Matthias Bussonnier,1,4,9,5,9,9,310,0,0,0
ipython,43c7193695c51122dfdf68bdcab2a2d2c65a4d3d,1637758240,007vedant,1,2,10,0,10,7,259,0,0,3
ipython,b48dbbb6bbf0e471acd373a3a67a28b910bb29ca,1638021696,007vedant,1,1,1,1,1,1,36,0,0,0
ipython,aca50d203f176c060236720e749f1d83dfe9152c,1638021950,007vedant,1,0,37,1,0,0,0,0,0,0
ipython,967e96ec53b7e50ac3253fa7e26af328978b073a,1638399613,Matthias Bussonnier,4,6,7,70,4,4,194,0,0,0
ipython,7d4e0677bd43dba83a71d2e48cbd98ab1812639c,1638402197,Matthias Bussonnier,0,0,0,1654,0,0,0,0,0,0
ipython,da495d08e6a46cf09ead0d69f1658f516045ac77,1638399767,Matthias Bussonnier,5,6,4,156,3,1,12,2,81,0
ipython,8cc2c16d4ee18df19beeb43822ebc072462fbeb2,1638403352,Matthias Bussonnier,0,0,0,19,0,0,0,0,0,0
ipython,1d6d1ab9d61ba720af8606e478951f5f4e8e8cde,1638403453,Matthias Bussonnier,0,0,0,19,0,0,0,0,0,0
ipython,2c1125bc49ade78ab9d0791c50d1762bab03ce13,1638403190,Matthias Bussonnier,0,0,0,33,0,0,0,0,0,0
ipython,9e1981ea54b387d05122fd604a021fd237a195c0,1638404006,Matthias Bussonnier,3,6,4,211,4,4,206,0,0,0
ipython,5e798c81c0c1d62210f502bac70e931042a17b36,1638404320,Matthias Bussonnier,1,3,10,8,10,10,501,0,0,0
ipython,7195786ea7af3975ff8c5225899d4d8c8c8329bc,1638404833,Matthias Bussonnier,3,4,2,33,1,0,0,0,0,1
ipython,8d544141fed373ffbc812b9a2fb796038d7a68ab,1638406485,Matthias Bussonnier,5,17,18,48,14,10,344,0,0,4
ipython,b2509e3a3f74995745b607448f86618c02df4274,1638407082,Matthias Bussonnier,4,7,3,138,3,2,127,0,0,1
ipython,944f7c0e608e79a876dfd5c8c34ce58f02c9f93d,1638408185,Matthias Bussonnier,1,7,32,16,32,29,718,0,0,3
ipython,aa169302f4acbbcae616154bf54c70167dbd1fd5,1638635533,Nikita Kniazev,1,4,11,16,11,10,325,1,25,0
ipython,d001cd1433512185d45cc32d8e24b3530dbee4d5,1638636175,Nikita Kniazev,2,7,40,12,11,9,251,1,59,1
ipython,3b816f803e98c3db9993ee7dfbd65cc121d4aae2,1638665547,Nikita Kniazev,10,1,45,40,1,1,20,0,0,0
ipython,eab708fce88447b819c488c228ad901dd1e6d1eb,1638635029,Ben Greiner,2,2,20,4,20,20,523,0,0,0
ipython,59c23dd2b1927b468e90325284f52b8d8862b8e5,1638815560,Nikita Kniazev,2,0,20,3,0,0,0,0,0,0
ipython,c22ed50325ad51c2c5ee080702d7fca96bc8b780,1638927408,nicolaslazo,1,1,5,1,5,5,161,0,0,0
ipython,e0b9394e144221da58df39b6fb26947bad5b1d72,1638931189,Andrew Port,1,1,9,11,9,9,447,0,0,0
ipython,96f8b20fb716570b869d05740e249b4fabef8e00,1638983997,Matthias Bussonnier,1,2,12,1,12,8,425,0,0,4
ipython,d4a3285599a32e425eb471dfcc1d3b72ceebc428,1635203714,James Morris,2,2,0,47,0,0,0,0,0,0
ipython,7819f4889810d3a13fde159de6f92497ae5348b6,1635204483,James Morris,1,0,14,37,0,0,0,0,0,0
ipython,615a72675830882cd616c9229123a573fcedca00,1635204769,James Morris,1,1,0,6,0,0,0,0,0,0
ipython,dedf015a971e4a9aa11865f612d460414d9286d8,1635207136,James Morris,1,1,0,1,0,0,0,0,0,0
ipython,77651b7a7331b1b030f1c2c03310bf7ebb242488,1635208491,James Morris,1,0,1,41,0,0,0,0,0,0
ipython,c512199dd19f3413c7f5951cec43b1f9dd69e40f,1635208562,James Morris,1,0,1,8,0,0,0,0,0,0
ipython,b829a038a9459f01d65a667cbc64e910310e19db,1635208722,James Morris,1,0,0,3,0,0,0,0,0,0
ipython,ac21a9b6d68c0e6f42527282aefb49f06aacc781,1635209095,James Morris,1,0,0,2,0,0,0,0,0,0
ipython,ca92ec6af89bdb43b8b72da0a91b46bb5ebd2649,1635210420,James Morris,1,0,0,3,0,0,0,0,0,0
ipython,8eedf6a2134f3a9b627997fe12d281722974b9ef,1635210782,James Morris,1,0,0,4,0,0,0,0,0,0
ipython,a64d0eeda59856d6c631139a701507b9bdc8d103,1635210898,James Morris,1,0,0,8,0,0,0,0,0,0
ipython,f30b345ac0b90d9f197103ca88dedbd885b3da95,1635211928,James Morris,2,6,0,72,0,0,0,0,0,0
ipython,2aec64a92a49b380244d86ed2a4499d0553b5f3b,1635297600,James Morris,1,0,1,1,0,0,0,0,0,0
ipython,df2197c590b6636cb827ad6fef1e5a1ef087efeb,1635298583,James Morris,1,0,2,4,0,0,0,0,0,0
ipython,6d7c4f84226566ab68e2827ff575ef521e67e782,1635571950,James Morris,1,0,1,6,0,0,0,0,0,0
ipython,36d0888bba9f8f01ad243788ca11507a837cf8ad,1635571969,James Morris,0,0,0,7,0,0,0,0,0,0
ipython,2cd2d4ce41846c4e0ab0b81d0aa6463ad0ed6568,1639006517,Matthias Bussonnier,1,0,2,1,0,0,0,0,0,0
ipython,f5a9499dfdf73da6b1c8eb3431a82d0290ad2a74,1639007323,Matthias Bussonnier,2,1,7,4,1,0,0,0,0,1
ipython,e42fd674fc2f1e408cb1d40985ce71f2c4335467,1639008202,Matthias Bussonnier,1,1,0,1,0,0,0,0,0,0
ipython,e7fd431d8b1fd4fd032190d1d9bb1d373d97b574,1639006063,Matthias Bussonnier,10,16,20,128,20,17,607,0,0,3
ipython,6181503402e66032486b3768e22954264ee0278b,1639007793,Matthias Bussonnier,2,1,0,7,0,0,0,0,0,0
ipython,3add29c01317cbbe6742d21886701ee7cf02d332,1639009688,Matthias Bussonnier,1,1,1,0,1,0,0,0,0,1
ipython,fc5ec101897ab1219427b214eb68fb691d4717bd,1639009897,Matthias Bussonnier,1,1,1,0,1,0,0,0,0,1
ipython,223cc65a41667eca57a0d57e42fdc851fa4cf86a,1639010563,Matthias Bussonnier,1,0,2,4,0,0,0,0,0,0
ipython,8314f40dff8646df6a0da795c695df10c39f2ad2,1639068336,Matthias Bussonnier,0,0,0,53,0,0,0,0,0,0
ipython,ef2e48273c3c79634022d27c55b259e20b224503,1639009897,Matthias Bussonnier,1,0,2,2,0,0,0,0,0,0
ipython,e952cabe76360fac56ad67b484b779209474d790,1639072108,Matthias Bussonnier,1,1,8,1,8,7,252,0,0,1
ipython,04456d7fd51741674bfbe347bc6764ac8598a627,1639013508,nicolaslazo,3,5,5,1,5,5,212,0,0,0
ipython,8ed09344f07742598b912f7c2beab78988ec2d73,1639073210,Matthias Bussonnier,0,0,0,99,0,0,0,0,0,0
ipython,a31b1a133c52c03b3946555954ad20178b4364cc,1639076614,Matthias Bussonnier,1,6,16,7,16,16,463,0,0,0
ipython,33f5b346f6df04d5dc243d3e2008b75294ddf138,1639076892,Matthias Bussonnier,7,35,52,52,52,43,1849,0,0,9
ipython,d3083dd39cc61c72ba45b9af04cbad6b049426ac,1639077995,Matthias Bussonnier,2,15,23,29,23,22,830,0,0,1
ipython,af9d424266bf61e3c8db7ab2e1228dc206466452,1639078063,Matthias Bussonnier,8,127,176,176,176,142,8474,0,0,34
ipython,85c1753bc367e76a08ab4d5105d76e1df7b51cf9,1639078099,Matthias Bussonnier,2,9,16,21,16,16,1003,0,0,0
ipython,ff8ba98b9ba6f4aca715d1bee5a32c69d9e0be2e,1639078407,Matthias Bussonnier,7,33,21,35,21,6,327,0,0,15
ipython,c68d9882df5d1a8df6e9058caed3285e2962d3ca,1639078541,Matthias Bussonnier,5,10,28,31,28,26,1199,0,0,2
ipython,dc61db64a8cb14c49cfa40a0d009bd337484929d,1639078868,Matthias Bussonnier,1,1,0,1,0,0,0,0,0,0
ipython,cfa7cc7f10cd058fc4f13907e555464bc282df26,1639078868,Matthias Bussonnier,2,4,7,4,7,6,241,0,0,1
ipython,65056d9b11e9fb5a6daa0ed4d308094972aec1a7,1639092209,Matthias Bussonnier,1,1,1,1,1,1,68,0,0,0
ipython,4924bef15289f67b79293e992eab13bf1a2dc190,1639092792,Matthias Bussonnier,2,9,10,35,10,10,309,0,0,0
ipython,22219a0a68481edd6c93f12b1cf56368cad791dc,1639097510,Matthias Bussonnier,1,6,6,6,6,6,344,0,0,0
ipython,fd924c5f78172733881854a0f671e8250e760ca6,1639161672,Matthias Bussonnier,1,1,1,1,1,1,57,0,0,0
ipython,db063c57effd81069b86eb5ed223ca7d7b313394,1639161730,Matthias Bussonnier,1,1,1,1,1,0,0,1,57,0
ipython,77f28e7478ae807b0ec926cf9ebb3f9110cc3c10,1639162365,Matthias Bussonnier,1,0,3,2,0,0,0,0,0,0
ipython,aad2c0ff626b06adf02d0246b0d45ab58db110ed,1639164349,Matthias Bussonnier,2,0,20,5,0,0,0,0,0,0
ipython,2c629bd78ec0d02772e981c544d7755f7d909126,1639165760,Matthias Bussonnier,2,0,8,6,0,0,0,0,0,0
ipython,28424d8673922e1699f07ab8042dab0ab9f00caf,1639171857,Matthias Bussonnier,1,0,2,2,0,0,0,0,0,0
ipython,02470596f7588f6b720d95987fe387eac5f74d8e,1639172224,Matthias Bussonnier,1,0,1,4,0,0,0,0,0,0
ipython,d32e8fc89117f5d3cb45ca13ef155dee7a1c047e,1639172959,Matthias Bussonnier,2,0,0,305,0,0,0,0,0,0
ipython,df3248f00a60859ed07f81e87531856b30891396,1639173850,Matthias Bussonnier,1,7,17,6,17,15,586,0,0,2
ipython,74e2f69f367cc8fa1b2f4e163ceaf054363d3cde,1639179851,Matthias Bussonnier,1,0,4,0,0,0,0,0,0,0
ipython,0837a2cb77cb5ed2aecd1004de1a0598b6f0e388,1639181510,Matthias Bussonnier,1,1,1,1,1,1,57,0,0,0
ipython,7fb72cbc807cf1525f13f60bb730d8697f31f8d7,1639181735,Matthias Bussonnier,1,1,1,1,1,0,0,1,57,0
ipython,717198e357b30925ac050dc20e7c9f02fc59a660,1639228703,sleeping,1,1,4,0,4,2,42,2,69,0
ipython,86735a37f9408b59e9d28f6e70ede2a06b23255d,1639232723,sleeping,1,0,33,0,0,0,0,0,0,0
ipython,183753615e3f07ecf623d55a9260e8590cf21a7a,1639249069,sleeping,1,0,2,0,0,0,0,0,0,0
ipython,8ec0e4238365e2d013347b303ac6dd116115b8c0,1639583854,Matthias Bussonnier,1,1,18,12,18,16,738,2,87,0
ipython,c7e941c70c32c5e7e8b12420f8f181b3154d6a28,1640000597,Matthias Bussonnier,1,1,3,3,3,3,149,0,0,0
ipython,93ab21aad5039f5af7929ecaeaa88d8559d26537,1640001663,Matthias Bussonnier,1,3,16,9,16,15,746,0,0,1
ipython,b50ad1505d499c946d4800ab3263ed24e4bd9f1c,1640104302,Matthias Bussonnier,1,2,4,4,4,4,287,0,0,0
ipython,965361c50c0208ed19fbc7ea116185c2dae50a21,1640347687,Matthias Bussonnier,1,0,2,2,0,0,0,0,0,0
ipython,24ca69e8aeb4e3fcc340ae3ca150f5fca6c93caa,1640347986,Matthias Bussonnier,1,0,5,5,0,0,0,0,0,0
ipython,bcc5119cadafc895f78c25b55d5dc0cab9feb475,1640263555,Matthias Bussonnier,1,3,3,1,3,3,90,0,0,0
ipython,dcf3bd105599440c359482e743a97ec5e46cebce,1640367168,Matthias Bussonnier,1,25,81,31,81,77,2571,1,41,3
ipython,ae7096758940c61197914c5bcfe1da1ae208a49e,1640368222,Matthias Bussonnier,3,6,17,10,17,16,499,0,0,1
ipython,52f30d25fc6f863971cc18fc9907dcc577b44254,1621235800,Bastian Ebeling,2,5,18,15,18,16,697,2,102,0
ipython,6c8f2e1b9346d59114247de6b216e04e079d446e,1640429148,Matthias Bussonnier,2,4,22,5,18,16,508,0,0,2
ipython,c3bb40dfc0bb1bd962529a767f8942e43d84a35f,1640445809,Matthias Bussonnier,1,0,6,3,0,0,0,0,0,0
ipython,0ccc61f82d196628846abe1603b0b05bcabe66fc,1601695962,Martin Skarzynski,1,1,114,0,114,88,4249,3,42,23
ipython,916d39c057bec024c9e7548f1589f6adf3045dba,1602550768,Matthias Bussonnier,1,15,52,28,52,52,2001,0,0,0
ipython,33a45993391bc55cf1f69ddea9b649e17f3c63bc,1640516584,Martin Skarzynski,2,13,43,15,43,41,1681,0,0,2
ipython,d999c0b6028b3db070a46b200cd7aa10a67e3081,1640537471,Matthias Bussonnier,1,1,2,2,2,2,44,0,0,0
ipython,22a0cf2e4b52ba89d2e2644256bb2d4807a05502,1640537510,Matthias Bussonnier,1,1,2,2,2,0,0,2,82,0
ipython,8cd367b764fe4f092d4e00bab493a6296967dc23,1640626974,Matthias Bussonnier,1,2,0,85,0,0,0,0,0,0
ipython,82d1a374575d9785708f144976cf139c76c7acb7,1638346415,Min RK,2,0,20,4,0,0,0,0,0,0
ipython,ce62a7a4b2c97bf8a30e8074e8fc18103a0718a0,1638356848,Min RK,6,46,174,117,146,99,4053,19,823,28
ipython,07743b2dc60bd343489c5c0e47d97546ecb0283e,1641206247,Min RK,1,0,51,60,0,0,0,0,0,0
ipython,8209e4bffdc2154f3514831165e58502e49c9ba6,1641376131,Matthias Bussonnier,1,1,2,2,2,1,22,1,57,0
ipython,c7def1d73a4dd7a6f7f843ddbe85004b8c2ed7c8,1641376160,Matthias Bussonnier,1,1,2,2,2,0,0,2,83,0
ipython,c08e8c6a75e2aa46f4befb62cdbf8b58a91ea37e,1641499306,Jan-Hendrik Müller,1,1,34,0,34,26,839,0,0,8
ipython,6fe9697c3581795145acb0a7a628fdd8e89ec379,1641501980,Jan-Hendrik Müller,1,2,0,2,0,0,0,0,0,0
ipython,f1017124faca066c91e51f4e6018f86d420b75cb,1641551527,Matthias Bussonnier,1,0,1,1,0,0,0,0,0,0
ipython,3026c205487897f6874b2ff580fe0be33e36e033,1641552679,Matthias Bussonnier,1,1,2,2,2,2,128,0,0,0
ipython,cb6563dcd85783ea0a687fbe227c4782a8a7cadf,1641803290,Matthias Bussonnier,2,2,37,21,6,6,355,0,0,0
ipython,fcb41dff8821411769b405c82c9eabaccf8e834b,1641886778,Matthias Bussonnier,1,0,2,1,0,0,0,0,0,0
ipython,a7de9daf77f35e43c3f993fba602e426b17bafda,1641992807,Matthias Bussonnier,1,0,5,27,0,0,0,0,0,0
ipython,b8d7dfa8d78108f3f01486d9fa67b6841acb8f74,1641993764,Matthias Bussonnier,1,1,1,1,1,1,55,0,0,0
ipython,c0abea7a6dfe52c1f74c9d0387d4accadba7cc14,1641993909,Matthias Bussonnier,1,2,2,2,2,1,18,1,57,0
ipython,3a78d13b845087e13353d11c945e0cfab362a079,1642018602,Nate Rush,1,0,8,10,0,0,0,0,0,0
ipython,b87aaf23fa6609df3698f96ed85b90615c463ba3,1642019010,Nate Rush,1,0,23,25,0,0,0,0,0,0
ipython,2b5f5be6cc9ea546c64c0c71b00dd35918e7d920,1642019197,Nate Rush,1,0,9,7,0,0,0,0,0,0
ipython,bf6638e6c934c06ab65bab001bc3aeaea5e0b209,1642020433,Nate Rush,3,0,35,26,0,0,0,0,0,0
ipython,e902466b799651b1f74d1b682d3bc58f20c137e6,1642176274,David Lowry-Duda,1,0,2,2,0,0,0,0,0,0
ipython,ad08da6f192d30fd1494b4d5fafbd480872e97e0,1642244533,Eric Prestat,1,4,4,4,4,4,303,0,0,0
ipython,768c3cebd0af646796c6b182cf6d9bb26e4e3540,1642436420,Alexander Steppke,1,3,11,1,11,9,352,0,0,2
ipython,953308cfdefe27b32e49f1cc0e40d60dfabadb32,1642278396,Nicholas Bollweg,1,0,0,40,0,0,0,0,0,0
ipython,59871e167fe851101a98120e4754ddfea34503ec,1642439073,Matthias Bussonnier,2,0,17,17,0,0,0,0,0,0
ipython,54d1ef583717f70eb5b6f48c388db35c58473567,1642439126,Matthias Bussonnier,1,0,2,4,0,0,0,0,0,0
ipython,89fe38cd46ed9710a9a7d8434668a0f26ce940ec,1642439169,Matthias Bussonnier,1,0,5,6,0,0,0,0,0,0
ipython,90fdcaf84e2971cd46cd210b7d596762486167bf,1642403070,Jochen Ott,2,1,20,0,8,5,169,2,109,1
ipython,fb43d0df427cc53a367cab241825168dec009a04,1642458515,Alexander Steppke,1,5,27,9,27,24,1085,0,0,3
ipython,5ecb81d7582481107ac2fe0b4d91beab12d1593f,1642492294,Matthias Bussonnier,1,1,0,3,0,0,0,0,0,0
ipython,000929ad8c4893d7fb73bee9c431352383dfce6f,1642500067,Alexander Steppke,1,1,0,1,0,0,0,0,0,0
ipython,1ec91ebf328bdf3450130de4b4604c79dc1e19d9,1642272194,Matthias Bussonnier,4,5,11,6,11,7,265,2,115,2
ipython,56665dfcf7df8690da46aab1278df8e47b14fe3b,1642588262,Matthias Bussonnier,1,0,56,0,0,0,0,0,0,0
ipython,a6a1d36300661b168da1ebff3bf52f2a0e982f26,1643052251,Gal B,1,5,11,5,11,11,473,0,0,0
ipython,b3d1f6be267fd686c9483ecaffd68c20d1010bcf,1643053124,Gal B,1,0,28,19,0,0,0,0,0,0
ipython,8b55158def61644d1a22ea077cda86cee9c50694,1643469344,Jacob Chapman,1,1,1,1,1,1,33,0,0,0
ipython,44397615ec814287f591c616f2a337ee9057ab8d,1643703390,martinRenou,1,0,28,19,0,0,0,0,0,0
ipython,d55a692f46402f397ab38e6c4c9fb6423a85b54f,1642670982,martinRenou,1,4,14,9,14,11,568,0,0,3
ipython,9a59d483426b1e8c7719defac41bd4eee1c692d2,1643702646,martinRenou,1,1,1,1,1,1,44,0,0,0
ipython,81d23fcb46cb46e4fb46cf3c7b656950c65343ec,1643702653,martinRenou,1,1,3,1,3,3,117,0,0,0
ipython,75da19abb8cef733e6f2473c81923285ce1ebb93,1643702658,martinRenou,1,1,3,1,3,3,117,0,0,0
ipython,c9a8d0bff7f63b4797fd8baddf70ad4ab6a90414,1643718688,Matthias Bussonnier,1,2,7,5,7,7,299,0,0,0
ipython,c75a242bfa6332faf34852949a9e6b44348313f7,1643560344,Matthias Bussonnier,1,0,1,0,0,0,0,0,0,0
ipython,23276ac4770f380ce1d5808950dd412a35594af1,1644041804,gousaiyang,38,26,98,94,30,29,1794,1,43,0
ipython,1a9d9554bcee466394990535e190d55008904df8,1644043945,gousaiyang,37,27,249,176,49,47,2368,0,0,2
ipython,e306c9d3f707de42b47a1e7c4c8034d6862fba5f,1644229270,Matthias Bussonnier,1,2,11,1,11,10,372,0,0,1
ipython,e65762abb111da59c215c1382b8a3a601c57eea6,1644316348,Matthias Bussonnier,1,2,14,4,14,13,511,0,0,1
ipython,e5bbea060db04b6a3d578e6a444278c981dc1db5,1643724874,Matthias Bussonnier,5,9,157,11,84,68,2719,0,0,16
ipython,a96dd9e4724f4c425a14257e0f592a1f79a1ff0e,1644318655,Matthias Bussonnier,3,4,21,2,14,13,429,0,0,1
ipython,fcd299c5726988dfae1aa81f5e47348eb7300231,1644157386,Samuel Lelièvre,1,0,3,3,0,0,0,0,0,0
ipython,16451266fc75855a617f61a4e7bf6d29330965b1,1643569776,ltrujello,2,2,5,6,5,4,173,1,23,0
ipython,42e22f8e67a24dc274652afaab046c6d57654714,1644319555,Matthias Bussonnier,13,18,85,65,49,47,1326,0,0,2
ipython,234b6375bf384c571eaacf984ed43503b98a8448,1644354436,Nikita Kniazev,1,0,93,90,0,0,0,0,0,0
ipython,beb0b8251992ff8d2ee2c182666cb089781a382e,1644359056,Nikita Kniazev,1,0,77,6,0,0,0,0,0,0
ipython,dc84061e9da02efcd601f9a94e149a47bbd54acb,1644371486,Artur Svistunov,2,3,25,2,25,21,860,0,0,4
ipython,b2f71a87af023177d38196dcf8c9c1a725b8cf59,1644433170,luz paz,2,2,3,3,2,1,78,1,70,0
ipython,89f7392432db54236f7f82332700d3be0d2d88a1,1644630744,Anton Älgmyr,1,3,17,1,17,14,702,0,0,3
ipython,a036e1fb432b1951caa6730ea0909be5d53917ca,1644631220,Anton Älgmyr,1,1,3,1,3,3,114,0,0,0
ipython,5b6dbf75bcbf153cadf509962e95c50a3d9bd68b,1644679012,Anton Älgmyr,1,1,1,1,1,1,33,0,0,0
ipython,83684a4776fddbbbbcaa0a47fa3914262fc5cf2a,1645150410,Samuel B. Johnson,2,2,3,8,2,2,101,0,0,0
ipython,d11e987f174a15f1640f8006c86f58d884c3faa4,1645126772,Fabio Zadrozny,1,3,25,0,25,19,977,2,88,4
ipython,258a093e0e4fd27ca7ee24da9793609f811d2856,1645375813,Nathan Buckner,1,2,5,2,5,5,181,0,0,0
ipython,3ad6bdca0e5f186e1205b7436668731539173111,1645449564,Nathan Buckner,1,3,4,4,4,4,147,0,0,0
ipython,946e545b181fea95e876b15c51fc60a5a89bf934,1645475184,Lucy McPhail,1,3,14,12,14,14,328,0,0,0
ipython,1cf66263c96b85749216150d72bf644d6349ed2d,1645783198,Matthias Bussonnier,1,1,1,1,1,1,82,0,0,0
ipython,bce649cba874ba7965ac894564e67e446a7854ff,1645784226,Matthias Bussonnier,1,1,1,1,1,1,71,0,0,0
ipython,422f8d9cf8c3858aab934853780a872610df50e4,1643010258,Can Sarigol,1,1,2,0,2,2,76,0,0,0
ipython,a9b523c7047fe12c49373972c6b092ed5fc29e99,1645045383,Thomas Nicholas,1,2,10,5,10,9,418,0,0,1
ipython,5fec429e39671a5c359e6fc17ab59ece4e139847,1645784857,Matthias Bussonnier,1,2,6,3,6,6,261,0,0,0
ipython,f6e3393f88b8d188726220c72e775a7a26c3249b,1642865096,ygeyzel,2,1,14,2,3,3,146,0,0,0
ipython,5ccd62a38c58306166898a417e115707e3e673fe,1642241371,Adam Johnson,1,1,1,1,1,1,13,0,0,0
ipython,96cbe589e4b201af115a443bcaa3bab6f9fcc697,1645785558,Matthias Bussonnier,1,1,0,151,0,0,0,0,0,0
ipython,44d64dc36e727cde56d7b1986ee52228ddde1af9,1645786618,Matthias Bussonnier,3,0,45,39,0,0,0,0,0,0
ipython,88897b13403f10e426cd4fb5a5d5d3e205cb8b92,1645789175,Matthias Bussonnier,2,3,3,3,3,3,230,0,0,0
ipython,e5d78c598bcd615b1007c41508a2486a97598a97,1645798327,Matthias Bussonnier,1,0,25,25,0,0,0,0,0,0
ipython,bd470fe8cea36d6b1c65820e3e9fdb26d26ad422,1645801701,Matthias Bussonnier,1,1,1,1,1,1,55,0,0,0
ipython,5d746502e38426a6b322bc0dd58bef723b02a40e,1645802133,Matthias Bussonnier,1,2,2,2,2,1,18,1,57,0
ipython,d73d05141e673b30fe1c081826d50355086a93da,1645889290,Matthias Bussonnier,1,1,2,5,2,2,73,0,0,0
ipython,506ca3c48b0c0177dc780144f7e68dbdc6d81794,1645892628,Nathan Buckner,1,2,28,4,28,22,754,0,0,6
ipython,3e572a4edd6cf36331fa626f4c7d65ed70dbf38a,1646008760,Nathan Buckner,1,3,4,4,4,4,204,0,0,0
ipython,e9b2ec3bc5372d1ece0e28916cc51ed6bf9625f0,1646304387,Matthias Bussonnier,1,2,3,3,3,3,91,0,0,0
ipython,385aad4abd987bda8821849cea85952fe09bbe57,1646304607,Matthias Bussonnier,1,2,3,3,3,2,36,1,57,0
ipython,82e6fdcae2c60870da4f03fc654a6a950acc777d,1646335351,Yuval,1,2,9,2,9,7,248,0,0,2
ipython,3d15172f2ecf8368bf12ac68efc2961b63647489,1646336922,Yuval,1,1,1,1,1,0,0,0,0,1
ipython,3da97ccfdd6072238a5d8a538adfdf3641573fe6,1646567562,Yuval,1,1,1,1,1,1,81,0,0,0
ipython,c365d5102d577f75ded01a3d01009e94047cb258,1646898299,Matthias Bussonnier,1,1,1,1,1,1,39,0,0,0
ipython,1c763ce9c8c6b66f3e369005e491314ddf7b026c,1646898909,Matthias Bussonnier,1,1,1,1,1,1,71,0,0,0
ipython,46c63a5ba82fbc030506b23237450d021ef5caa8,1647079467,Matthias Bussonnier,1,7,6,6,6,6,219,0,0,0
ipython,75b3d1cc6d5e1e629705d8a7233a374f1e4235e7,1647251517,Matthias Bussonnier,3,9,43,17,43,33,1189,2,73,8
ipython,6c515657207df9b9f41f421b558bbc4349583387,1648217809,Maor Kleinberger,1,5,10,4,10,10,325,0,0,0
ipython,ad57192258523877ade1ea4afcbb073735247271,1648286393,Matthias Bussonnier,1,2,12,3,12,11,567,0,0,1
ipython,43fd87866d39b7a25c22fa3e4aeac616e083213d,1648365045,Matthias Bussonnier,1,6,22,6,22,22,549,0,0,0
ipython,d90a85ca4dd8ec1feebffef208b8cf3f8ef22b21,1648365388,Matthias Bussonnier,1,1,0,3,0,0,0,0,0,0
ipython,b5cd02544acd3e3e3a32872700954025a6b6916b,1648375729,Matthias Bussonnier,1,1,1,1,1,1,55,0,0,0
ipython,669396ae9e948f9d673527051a0a453bcfd1db94,1648375773,Matthias Bussonnier,1,2,2,2,2,1,18,1,57,0
ipython,42309de567484cde5225f03d77e15e9edefbf4b6,1648400953,Blazej Michalik,1,0,0,1,0,0,0,0,0,0
ipython,bc12e6dcb215cb6cea47f57f7a58ecf3a89e3b56,1649100132,Blazej Michalik,1,1,1,1,1,1,54,0,0,0
ipython,199b25bc5ba2a9c1e575a82abc9323b6a87173ee,1647964424,Matthias Bussonnier,4,14,44,16,44,44,1532,0,0,0
ipython,32c393b6babeb82dab97aa4f2ac73edc358b4ebf,1649160404,Matthias Bussonnier,4,7,202,190,13,10,363,0,0,3
ipython,73e71b17354720f0462f3327872210b6380251bf,1649333858,Matthias Bussonnier,2,3,6,6,6,6,411,0,0,0
ipython,c55dbf99334886b9ef7edd0fe8d5598e68ea6edc,1651223880,Matthias Bussonnier,20,15,57,45,35,30,1006,0,0,5
ipython,96aefe4cd3768893f22480afe710ae392dd3dad3,1651224997,Matthias Bussonnier,3,1,10,13,8,8,278,0,0,0
ipython,d979804ce3789d77eec4e01004ae1e40714ed645,1651225479,Matthias Bussonnier,1,0,3,1,0,0,0,0,0,0
ipython,dc5bcc1c50892a5128fcf128af28887226144927,1651223491,Matthias Bussonnier,1,4,31,6,31,25,907,1,19,5
ipython,55e81b920d19c6f7ca4588f1b85f2c3b11b209d3,1651235415,Matthias Bussonnier,1,1,1,1,1,1,55,0,0,0
ipython,d1746145d828b4eb01f1e4d44d3f33d75206b1aa,1651235444,Matthias Bussonnier,1,2,2,2,2,1,18,1,57,0
ipython,fc235985508d0431192405b46c6fbfb209069048,1651534828,telamonian,2,3,6,1,6,5,160,1,24,0
ipython,d15e4f6a089b785a380b991b5ebc177f0060aac1,1651794357,Artur Svistunov,1,8,12,3,12,7,170,0,0,5
ipython,7d4445743ee27266003ef407a9090bd21170a848,1651796179,Artur Svistunov,1,1,4,2,4,4,114,0,0,0
ipython,2e08c72d61d2b03e6edd9a13a8976bf1d4fa482c,1653719460,Gene Louis Kim,1,1,1,1,1,1,42,0,0,0
ipython,4396dd6207f5bb1c310ea897065c0c6e17d5f5b1,1653741176,Matthias Bussonnier,1,1,1,1,1,1,55,0,0,0
ipython,af37d7b2206fa3c3520b304011b4294fa3019da2,1653741201,Matthias Bussonnier,1,2,2,2,2,1,18,1,57,0
ipython,d09a817d1deeea97ea43778780da7ee6ce47cbe9,1654185904,TenzinRabgy,1,6,8,8,8,8,319,0,0,0
ipython,971e5ce2f61bc688e70b91280cff0ab0a3e098c2,1654863578,Michał Górny,1,0,2,0,0,0,0,0,0,0
ipython,ccd53253d1bdbf0ac1be7ad21be52e7a59a54364,1655405829,Tom Nicholas,1,1,5,2,5,4,154,1,87,0
ipython,a72418e2dcdfc3c91f70d724d16d2691a41c9c24,1655406936,JD Smith,3,10,28,59,22,18,925,1,26,3
ipython,71d665c47dfea1bf5aea9985caded825fba73abe,1650168987,Maxim Cournoyer,1,2,2,2,2,2,79,0,0,0
ipython,f20e3b80393a1a5909a050cb7bb9cbce9e044827,1650169306,Maxim Cournoyer,1,1,2,2,2,2,153,0,0,0
ipython,b3dca841a72a00f8642e921259130fc0c78e4170,1655910481,Matthias Bussonnier,1,1,1,1,1,1,62,0,0,0
ipython,aff5624c5da935350b802e6b066a154a439d91b6,1655976455,Matthias Bussonnier,1,0,1,0,0,0,0,0,0,0
ipython,079c54f4a370d9dddda81a21a41a602afeaf79d6,1655977279,Matthias Bussonnier,1,0,1,0,0,0,0,0,0,0
ipython,99e4bc42310710f4c126a9bf1047ebc70d0baa3a,1655977973,Matthias Bussonnier,1,0,2,0,0,0,0,0,0,0
ipython,9891cc714271c35d72f34f3625cdea11f070cf36,1655978431,Matthias Bussonnier,1,3,17,6,17,13,570,2,126,2
ipython,55c0cedfa94e71a49cd4e60df803098f8d93daef,1655979773,Matthias Bussonnier,1,0,3,0,0,0,0,0,0,0
ipython,8cce7903f85887f137ca0ac9567b14b666dbd2e3,1655981630,Matthias Bussonnier,1,0,2,0,0,0,0,0,0,0
ipython,66aeb3fc55c8ac04242e566172af5de5cc6fe71e,1658156612,Clemens Brunner,1,2,10,5,10,9,388,0,0,1
ipython,d858213d4088237e1481038865bc52ccdd074053,1659077339,Lumir Balhar,1,0,4,1,0,0,0,0,0,0
ipython,b7dfcf479203b2423df15b4b0a435dfe3d02efcf,1653420599,Pieter Eendebak,1,3,9,1,9,6,277,1,23,2
ipython,6dbc49a85fb433079faf96572da0db464b9fd7e1,1653420942,Pieter Eendebak,1,3,7,3,7,7,206,0,0,0
ipython,df3b160586ee348b6bf5cd7d5a8c55032b246cfe,1653424256,Pieter Eendebak,1,3,5,5,5,5,207,0,0,0
ipython,7a493863e55e6f055576e3a3a7c73379843141d7,1659729235,Lumír 'Frenzy' Balhar,1,0,1,1,0,0,0,0,0,0
ipython,ebea766ceb57ec0080300b246be0699f41957e26,1659817295,Aleksey Bogdanov,2,6,123,32,57,48,1710,1,19,8
ipython,7a11a58da2a65f1cc7b177f5161a7f17050e26b7,1659857708,Aleksey Bogdanov,2,1,7,5,3,3,121,0,0,0
ipython,30528a19e0e0dbee58e584577d632af1c559dbcd,1659867315,Aleksey Bogdanov,1,0,63,53,0,0,0,0,0,0
ipython,59071056fd74bf0ff6819d666bd5749b6c0dddf1,1659876791,Aleksey Bogdanov,1,0,5,3,0,0,0,0,0,0
ipython,9ed1939c703f9ce56bbfd375b6847428a3a44388,1660422057,Jarrod Millman,3,1,4,4,1,1,59,0,0,0
ipython,517a92f878588484116edd6b88dfc738dcfe3cfb,1660570766,Matthias Bussonnier,3,2,58,9,16,14,448,1,56,1
ipython,becb905f043c2b8a85b6ef099e82220988eae3fd,1660606235,Hugues Hoppe,1,1,1,1,1,1,53,0,0,0
ipython,b22400df04b0125f5127f142f391e26bb30de679,1660725247,Matthias Bussonnier,1,0,1,1,0,0,0,0,0,0
ipython,32a84f8444899fd06c021bccbc142bf79b2ee941,1660246397,Richard Fung,1,2,4,4,4,4,208,0,0,0
ipython,399e97f1617927f836044b5c24eb16089b88992f,1660940513,Richard Fung,1,2,12,8,12,12,449,0,0,0
ipython,eaade5b8bf1f3c3bc1124a53baf15d4fe64d5745,1660942894,Richard Fung,1,0,1,1,0,0,0,0,0,0
ipython,87ae1d99027a60e871bd4bb19fa069bf64c08634,1658342683,Kian Eliasi,1,0,2,2,0,0,0,0,0,0
ipython,ac69cfdfd83ab56c430f307b137fd64616e126b7,1645788656,Lucy McPhail,1,4,36,2,36,30,940,3,99,3
ipython,b8d9894be683a3f9547c840a9e2627402b3a5d8e,1652664679,David Dorfman,1,2,2,2,2,2,136,0,0,0
ipython,fa47bf46a5a716685e109629128a9d1a4679ea17,1655030701,David Dorfman,1,2,4,4,4,4,350,0,0,0
ipython,26b8d437dbd63df3093f3b44bfefd7431724c16b,1655031021,David Dorfman,1,2,9,2,9,9,366,0,0,0
ipython,89dc552787e6e3d66c39ad3a262275a51eac4e0f,1657954440,satoru,1,2,5,4,5,5,171,0,0,0
ipython,e53acc3604f3756e24171c3b4303bcba9bc82d4d,1657956075,satoru,3,3,15,12,14,14,453,0,0,0
ipython,46fd9a39bacbe4f5352b1df29699f5c17b79352e,1661852747,Matthias Bussonnier,2,1,9,12,8,8,278,0,0,0
ipython,f5d4e0ac4c72fd6051acdd084f8091114b634444,1661852844,Matthias Bussonnier,8,4,6,2,2,0,0,0,0,2
ipython,1dcbbc47bf458fa100769e50240de2d2bfaf388f,1655775063,Jacob Hall,1,1,6,1,6,5,155,1,18,0
ipython,6e3d5b4f5290b03b42fc64c94f902281d1c739d9,1651627423,Aman,1,3,3,2,3,3,90,0,0,0
ipython,0a8b189aa2ef5e146dcd6aa461c7ba67e979c430,1650733355,William Andrea,1,1,2,0,2,2,88,0,0,0
ipython,c179c2a596e57d64940aa58160832a047600e474,1657958774,satoru,1,6,26,7,26,24,884,0,0,2
ipython,0355b0b8a1e6ad2ae0d41081ce531bdbce0b34d6,1657959544,satoru,1,4,5,2,5,3,164,0,0,2
ipython,aefe51c6071e045e00ed87fa5ef995eca17105f5,1662026563,Matthias Bussonnier,32,16,1,39,1,1,24,0,0,0
ipython,1db65d02e89f31c28c221197a2ed04f3ade3b195,1662185518,Nir Schulman,1,2,6,4,6,6,437,0,0,0
ipython,d0bc765bde7c0471806b89231ce980209cf66c71,1662187233,Nir Schulman,1,1,5,1,5,5,125,0,0,0
ipython,77a4bce71bfcd1c2caf805a1743058c7d02af40d,1662199240,Matthias Bussonnier,1,2,1,17,1,1,47,0,0,0
ipython,d22310b932d989bce3ef82890f03a5d6ecb68775,1662351694,krassowski,2,55,653,154,629,471,19693,53,3404,105
ipython,728bad98401fa6531483879f97a166f07e9d6570,1662361173,krassowski,1,3,3,1,3,3,99,0,0,0
ipython,93c8b4d5380d861bf77c590660b93e495bef893b,1662362748,krassowski,2,4,25,0,25,24,1642,0,0,1
ipython,311a3a0fd25d09cc4d314f900e31ee6ac2cfbba4,1662454963,Matthias Bussonnier,1,1,1,1,1,1,55,0,0,0
ipython,84af48129c748341ce0b73cb42d310fc7966a51a,1662455000,Matthias Bussonnier,1,2,2,2,2,1,18,1,57,0
ipython,cce852948681451002291370b6fc6b64bae0d908,1662516337,krassowski,3,61,280,84,173,134,7136,9,554,30
ipython,21f1467bc36d067eb813c96e216a4cdda2d047d5,1662519623,krassowski,3,4,66,20,10,10,521,0,0,0
ipython,d137c7abd87ca6ede43f30d0c94fa5764cc3cd2b,1662585222,krassowski,5,50,206,64,171,120,5952,16,758,35
ipython,56b6489db7006249abf67e9d8b7f9ee4d7ed681a,1662585838,krassowski,1,1,1,1,1,1,15,0,0,0
ipython,37590bda0f176f0548f3f47a2d5a26aa120f734d,1662653587,krassowski,2,10,25,10,13,10,680,3,227,0
ipython,62af0b0aefaf75d9175ca77a7771d42674502770,1662654383,krassowski,1,1,2,1,2,1,24,1,48,0
ipython,b33c7213c79c36af4fdd388f1cdbe6001bfcb9e2,1662787375,nouman,1,1,4,0,4,2,266,0,0,2
ipython,4c855f4e60cacfb74e9417e07366c8ad49493f36,1663010760,Matthias Bussonnier,1,2,3,1,3,2,118,0,0,1
ipython,7ee7665834919ceab5658088d39c10df059cf5c1,1663613056,Wenhan Zhu (Cosmos),1,4,4,4,4,4,243,0,0,0
ipython,5bb0259a747651290f91c0384ca93492a423c82d,1664050553,Michał Krassowski,1,1,0,4,0,0,0,0,0,0
ipython,ab60d3197788b943db0cf81d9279c28e52ec9225,1664051975,krassowski,1,4,6,6,6,6,153,0,0,0
ipython,1c5ecd6fc3c010595a324ef2fa2a2e23f9566503,1664383632,Petri Salminen,1,1,1,1,1,1,78,0,0,0
ipython,81898815733f8f666fab4767970c1bc61901e955,1664904201,Emilio Graff,1,3,1,3,1,1,63,0,0,0
ipython,a7c76db7d6dbb961af374b2f34c996eaef5ad62b,1664912156,Emilio Graff,1,16,23,18,23,22,1158,0,0,1
ipython,8a66e854a87b5147d811bd3bc92c5c2a382633e1,1664912409,Emilio Graff,1,3,11,9,11,9,461,1,33,1
ipython,cde0178a80d1d9bb07fba136fdb4eb1659ad481f,1664912923,Emilio Graff,1,1,2,0,2,2,85,0,0,0
ipython,dc75b256829ba6cdd9848fed21b0a513814c1a9f,1664913431,Emilio Graff,1,5,40,0,40,27,1164,1,34,12
ipython,b8f77d95627e993c20510d1a4d3e026bf5b0a783,1664914906,Emilio Graff,2,2,5,5,4,4,341,0,0,0
ipython,70787c6a226ee1ef772201959ffd82b059954812,1664916849,Emilio Graff,1,0,26,0,0,0,0,0,0,0
ipython,a7f4a900c3a009bfc40b44096023110b632d3284,1664920144,Emilio Graff,1,0,17,0,0,0,0,0,0,0
ipython,4436f4601e623a41b4504d5b92bc3ab3c913b4de,1664922829,Emilio Graff,1,0,38,0,0,0,0,0,0,0
ipython,29ac662dee739fb58034fc7009aaa5cbfb2078b0,1664924535,Emilio Graff,2,2,29,22,4,3,118,0,0,1
ipython,0238c413f52790562bd5f55e978b6e261ec27446,1665724156,ChandanChainani,1,1,13,1,13,12,387,0,0,1
ipython,e2cd7aca43afd18d8294816d39ce800366eab8d3,1665925268,Matthias Bussonnier,2,0,106,99,0,0,0,0,0,0
ipython,5e67aa3b5849d9d2cf708a75cbf951b02b1ae2d9,1665923305,Matthias Bussonnier,4,9,116,25,63,59,2112,0,0,4
ipython,44a6127199f95c09792dfe097270ec124ae0bf0e,1665927359,Matthias Bussonnier,1,0,1,1,0,0,0,0,0,0
ipython,6c9912fc5b73171c1c362a90fa3f6e36e81fa375,1665927903,Matthias Bussonnier,2,1,9,12,8,8,278,0,0,0
ipython,56c8a1e6f82ea7032ff8435cee3c5b3c9ab00b56,1665990300,Matthias Bussonnier,3,5,35,9,22,20,619,0,0,2
ipython,7fec05a42311e9d37e5d9467ffc5924abae4feb2,1665990569,Matthias Bussonnier,2,2,5,2,4,2,70,0,0,2
ipython,1dca7fe12fb98a79256d6eb8212ec400eaa240b9,1666038884,jcollins1983,1,1,1,1,1,1,66,0,0,0
ipython,e3ae64a182e8628d192f3ab6b31eb330670dbf88,1666975807,Frazer McLean,1,1,1,1,1,1,24,0,0,0
ipython,033545a951e839c9de6a2600f10a80aa7657f271,1648956325,Maciej Goszczycki,1,2,2,2,2,2,78,0,0,0
ipython,71f7729bba60f8e3e175bc0201a3c2f738d7a395,1648956530,Maciej Goszczycki,1,1,1,0,1,1,43,0,0,0
ipython,d183ce0cc9e7194658fa042d910a0d2b56ea40ba,1648956606,Maciej Goszczycki,1,4,14,2,14,8,280,4,233,2
ipython,ed2fdc3dc2ef5875fbd8e701cfec4a4061fbbe75,1667038454,Matthias Bussonnier,1,1,1,1,1,1,38,0,0,0
ipython,e7d5820fd3fd8089b147482b85f06248f0e0a3b9,1667040845,Matthias Bussonnier,3,2,13,10,12,12,367,0,0,0
ipython,667f3cbe6879d6fbe63ce8cb7895e2db6e49bfb7,1667041016,Matthias Bussonnier,9,7,13,8,7,3,102,0,0,4
ipython,5a72e3dbb24aa81c4a5062ac3b078a59a4e6f682,1664912470,Ben Longbons,3,9,31,33,31,16,692,13,718,2
ipython,f712cf87436be380992485fc520663c425857c49,1667039541,Matthias Bussonnier,1,1,2,4,2,1,83,0,0,1
ipython,516c43d451962bf0d25d5454657c0a57ebb5bea8,1667039638,Matthias Bussonnier,1,1,5,1,5,5,154,0,0,0
ipython,93265fc972971fea195643c5391baa3e97f49857,1649038543,Alex Ford,1,1,1,1,1,1,25,0,0,0
ipython,3fe68e1cb312a8aec1f4189220b017f60c6d45f7,1667039454,Matthias Bussonnier,1,1,1,0,1,0,0,0,0,1
ipython,6a90b3afa67416a79d036a11880da4d33aad8e30,1664613986,Osher De Paz,2,1,24,0,9,6,287,0,0,3
ipython,467f4a49105b74a1e55a2ab070f947b7b82fbecb,1666186642,Matthias Bussonnier,1,1,4,1,4,4,230,0,0,0
ipython,fac46998ce833b79138c26d839d06dfcf73e3d99,1665193954,zhizheng1,1,1,1,0,1,1,23,0,0,0
ipython,054fd6835659e6f3142f65eba5ac3bb4f95f3085,1665194105,zhizheng1,1,1,1,1,1,1,54,0,0,0
ipython,293ec35c126251e876e1a32bd04c55f9dcbf06d3,1666864794,zhizheng1,1,1,1,1,1,1,54,0,0,0
ipython,17ac9ea417bd1c308af4f01691159a83efa376a4,1667039292,Matthias Bussonnier,2,2,5,3,5,4,241,0,0,1
ipython,5ab1ecc6ba59be4c774544670822c6894e0caf21,1667043922,Matthias Bussonnier,1,1,2,3,2,2,138,0,0,0
ipython,f44e27095fd647cc22bf37874f183ec4db85949f,1667047225,Matthias Bussonnier,2,3,11,16,11,10,386,0,0,1
ipython,8ca7b420a29ad781cc6c701dd4a6af0dd21b35c4,1667117413,Matthias Bussonnier,1,0,85,44,0,0,0,0,0,0
ipython,fcdcddd5e528844672688e07bfa5188e48e37521,1667118057,Matthias Bussonnier,1,0,7,7,0,0,0,0,0,0
ipython,98e3599e130e253f292679f74982a3a2cd3a7a7a,1667118442,Matthias Bussonnier,1,0,88,86,0,0,0,0,0,0
ipython,f8d0e4c79a6c3587e6355f1354fff265f73f4938,1667122209,Matthias Bussonnier,1,1,1,1,1,1,55,0,0,0
ipython,8d2d355e76da23a696d429d9eb2e0a14ba778578,1667122320,Matthias Bussonnier,1,2,2,2,2,1,18,1,57,0
ipython,a146297a8ec7e17bd8633c77bce0c19ebd56160a,1668000320,Jason Grout,1,1,3,2,3,3,121,0,0,0
ipython,724c9d70d5ae1d23d6121ba2e88fa987af1fd8c5,1667979417,Jason Grout,1,1,4,1,4,4,116,0,0,0
ipython,1c3678bf1debbc6abd19fe94f4c574b329f3c749,1667952291,Jason Grout,2,9,31,10,31,27,1180,1,114,3
ipython,cd04814365c74d947b8ffc52bd21ea36a5f4fc8c,1668197883,krassowski,2,3,74,2,15,13,531,0,0,2
ipython,c5994eee0ff57d26cde7f7e14de0c92ae9520f25,1668291361,krassowski,2,4,12,3,12,9,478,0,0,3
ipython,bd008c4c8ac27f5f6779841c294074bb89f2ad4f,1669355061,nfgf,1,1,8,0,8,2,115,4,148,2
ipython,d0be67275d918e187de37943854f9db8e2ecec40,1669381018,Nir Schulman,1,0,4,1,0,0,0,0,0,0
ipython,cfa39c55f44e0f117856cf64ea1ff895392d8f82,1669390507,Nir Schulman,1,0,1,3,0,0,0,0,0,0
ipython,f4081a6ff29cce329ec1da25599ba06c4fafe67e,1669391525,nfgf,1,1,1,1,1,1,88,0,0,0
ipython,b6e1073c7f9f8e5cc20b4349b607f6324f7b7d06,1669492441,nfgf,1,0,15,0,0,0,0,0,0,0
ipython,31f22916c1fd38d6570df4c64539d2a2f1e976b5,1669493275,nfgf,1,0,2,0,0,0,0,0,0,0
ipython,a07a31dc85da8ee493f1718728ae39bf50bc8ea9,1669494101,nfgf,1,0,1,1,0,0,0,0,0,0
ipython,ff770b25d03140e6f9355625601d609d4a5464e8,1669643412,Matthias Bussonnier,1,1,1,1,1,1,55,0,0,0
ipython,3f0bf05f072a91b2a3042d23ce250e5e906183fd,1669643468,Matthias Bussonnier,1,2,2,2,2,1,18,1,57,0
ipython,bd3807ac61ffb208e146bde78726e676e4092512,1669762773,nfgf,5,6,41,9,25,19,884,3,171,3
ipython,a2de719356f944389f23a9e90747a9853d5a6e64,1669763239,nfgf,1,1,1,0,1,0,0,0,0,1
ipython,33f18f7c11f178a5610ce620151a1abf1abc53fb,1669763775,nfgf,1,1,1,0,1,0,0,0,0,1
ipython,10a27e1d026040a5f0415b052aa5e0614bbece46,1669764419,nfgf,1,1,1,1,1,0,0,0,0,1
ipython,a9f3943371cd8fd9e028f4e04d3bee0d43fc5dbe,1669764918,nfgf,1,1,2,2,2,2,127,0,0,0
ipython,4b0aed94df9573566e87941eec4e23bd58727097,1669774981,krassowski,4,40,1027,99,692,581,20414,28,1408,83
ipython,4c580c1497d56a21acf380031b2b60a22219913a,1669854469,nfgf,3,9,10,10,10,9,439,1,58,0
ipython,61b0fb8f67cdc870ae116b9efbdc6fab76119cc1,1669900034,Nicholas Bollweg,1,0,9,1,0,0,0,0,0,0
ipython,c986c9eddefc3363d98a27c9cd6aa8d58fe8053b,1670027854,krassowski,3,48,430,103,266,203,7749,29,1404,34
ipython,21ae8802bd0d3b62a7e4e5fdc64648069616997d,1670028100,krassowski,4,90,338,331,150,142,5690,1,49,7
ipython,b2af257cac51c788faeb2186fd9494f4f9fc8b1c,1670030079,krassowski,4,10,33,34,10,10,737,0,0,0
ipython,467747d1e6716a0b5b796d2f9dcabe7474833d29,1670079342,krassowski,3,9,41,21,32,30,797,1,70,1
ipython,79c46895a728bb4d3ccb8d3fa03a1a0ddd327bec,1670079888,krassowski,1,0,48,95,0,0,0,0,0,0
ipython,80b4bcf36ababf554d26b1f789460b911c5a97c3,1670086569,krassowski,1,44,132,53,132,115,4518,2,102,15
ipython,bbf990daf76dce132ac2f66e782d463f54a21f7f,1670099228,krassowski,4,60,129,149,123,107,5125,5,197,11
ipython,8f4e32247605f1bb9180aadd6e02a1be62d011bc,1670107122,krassowski,2,18,214,37,144,128,4817,2,105,14
ipython,6250931515354a158dbda57ea082d65aec8a308b,1670113552,krassowski,3,24,215,38,34,25,1163,5,255,4
ipython,a96912d4e98ea2da4f0e8d16e9d51714575b2bf2,1670170564,krassowski,2,8,101,13,54,39,1552,5,255,10
ipython,52cda652f1a5c71f2117bf84f33f0cc99e59e7da,1670170598,krassowski,1,0,9,0,0,0,0,0,0,0
ipython,7f95861a8736657bd78e36c14157c3962e65421c,1670170653,krassowski,1,1,0,2,0,0,0,0,0,0
ipython,abe32e8d2346f2badccfef6f84f7520365ece346,1670173119,krassowski,2,4,40,5,6,3,130,3,173,0
ipython,d8bb14b60cce68058769dec4bb2a9e99b33d7150,1670272908,Emilio Graff,1,5,6,5,6,6,364,0,0,0
ipython,809ebdf7fe6b1a27de4f9a4417441b6814468666,1670276228,Emilio Graff,2,12,79,68,60,49,2730,0,0,11
ipython,97ae5668fedcfc038289330a0e60e70b2a539792,1670277133,Emilio Graff,1,0,11,9,0,0,0,0,0,0
ipython,dff91e3bc358d09f00578c7c27f4b27eccc3a5c1,1670278217,Emilio Graff,1,3,36,22,36,30,1049,0,0,6
ipython,39b2effaa6f50b555e2846f69b70d67c4d483ffa,1670282979,Emilio Graff,1,0,14,7,0,0,0,0,0,0
ipython,86e1bdf022a2b181a690d77e97a78f20bd8ecab9,1670609228,Jason Grout,1,24,78,65,78,72,4092,3,194,3
ipython,eae299e8c9d1471eca2c76f1e8e19765fde556a2,1670609825,Jason Grout,1,6,13,13,13,8,527,4,186,1
ipython,5e7b9d5506ff0f2891e10248255394592cc779b9,1670609957,Jason Grout,1,23,60,45,60,60,3188,0,0,0
ipython,5db69068fe3256b29f575deb68ecca5287cefafc,1670610280,Jason Grout,1,2,2,2,2,2,176,0,0,0
ipython,99b83f140ac70d6307382b2fd238844baaf5c957,1670617088,Jason Grout,1,2,2,1,2,2,74,0,0,0
ipython,ea239fb8c60c12e8db051cb64fd09d74e1684bc3,1670619071,Jason Grout,1,2,3,6,3,3,178,0,0,0
ipython,fdb27756cf4b9bb7bbacb725e9eeb735a14bae42,1668716771,Jason Grout,1,2,9,4,9,9,325,0,0,0
ipython,4182eee632b721ef5d70aa6bd6053920d8c1e42f,1670691852,nfgf,2,2,36,0,9,3,169,3,171,3
ipython,1d40f7c174aaea0115898df23257639478508251,1670874175,Emilio Graff,1,6,6,6,6,6,217,0,0,0
ipython,8579f42aaccbfb104f39cf2436a294f5b02e7187,1670874946,Emilio Graff,1,3,4,4,4,4,323,0,0,0
ipython,158e03b4ac81fd762cb362f86ae976ab8d48f7e1,1670875301,Emilio Graff,1,1,2,2,2,1,23,0,0,1
ipython,3ee7def624cb9acfa35da5119fa31643952fd8dd,1670875332,Emilio Graff,1,1,1,1,1,1,17,0,0,0
ipython,eec5731d81b5762efe85c5497ac02fd699472044,1670968364,Emilio Graff,1,6,5,3,5,5,228,0,0,0
ipython,661d6d7c8212dd0b6d35853bf0a1fb7d1aad545e,1671161215,Takumasa Nakamura,2,3,6,2,6,4,191,1,41,1
ipython,3455b5738de94fb4587d507a560424188acabb7e,1671440361,azjps,2,2,2,0,2,0,0,2,46,0
ipython,a7cebe885813722fe432cf05d9effe59e05d5856,1671725293,krassowski,1,3,4,3,4,4,257,0,0,0
ipython,023a594a32450ad02d771de6f83805f3bcd1662a,1671818649,Matthias Bussonnier,2,1,2,2,1,1,53,0,0,0
ipython,02894af40a93c28073ab84a14f5f396204cbb823,1671821049,Matthias Bussonnier,1,0,2,1,0,0,0,0,0,0
ipython,ed7f35f8b721d4b4dcafea173ce724bee25704c7,1672743438,Matthias Bussonnier,1,0,30,22,0,0,0,0,0,0
ipython,0520f55c8a2cb500ad2428d1c0b36adc57b11309,1672469248,Nir Schulman,1,3,2,5,2,2,137,0,0,0
ipython,34da39cb0d7654f21d6f551864be94cc16f9ad34,1672740393,Matthias Bussonnier,1,1,2,4,2,1,64,0,0,1
ipython,8af5442ee0d7c34d0066c6651ac2d364790c6d6c,1670551977,Jake Herrmann,1,3,5,4,5,4,120,0,0,1
ipython,11dd2521aee4a87d68f2244d6fee86c6e1873fcd,1672743652,Matthias Bussonnier,1,1,5,5,5,5,154,0,0,0
ipython,158a084ae04db1807f56c9768ac3934f43c9d8d8,1670357268,Emilio Graff,1,2,2,0,2,2,105,0,0,0
ipython,749aadd303c0dca64460df936da3efa71457760a,1670357276,Emilio Graff,4,8,13,0,13,5,257,7,455,1
ipython,10af8213f0f617582630de243822f9768a31e11f,1670522300,Emilio Graff,4,6,6,1,6,6,369,0,0,0
ipython,c5bfe33b9f00afaa042d54d1d7ddf439717ae90a,1670613761,Emilio Graff,1,3,4,2,4,4,226,0,0,0
ipython,815bbd76a2c18e1869c656561884c1cc6fa55109,1670885920,Emilio Graff,2,3,12,1,12,10,293,0,0,2
ipython,4d707a61fa42eccdf842b8b1aa506a8036648471,1670885966,Emilio Graff,1,4,80,11,80,59,2050,11,508,10
ipython,5c57ffec50e1e86013a236f922ea9a53baec427e,1670890118,Emilio Graff,1,1,2,0,2,2,132,0,0,0
ipython,453a46210b67ceb58bf0498b3cba22537acc1d25,1670890215,Emilio Graff,1,4,13,9,13,9,375,2,148,2
ipython,0833adb1c1fec59950622acf60ad43e32d5a51e3,1670890230,Emilio Graff,1,1,1,0,1,1,54,0,0,0
ipython,6b26292d659c967bd779be3ca439cfdb7ec5de1f,1670891101,Emilio Graff,5,15,29,24,29,28,1129,0,0,1
ipython,005205a19c17ee5715cf81639cf2533bed06176c,1670891352,Emilio Graff,2,2,2,1,2,1,76,0,0,1
ipython,e49d78daac8d975bde23f09e51d12dace9e74e33,1671483368,Emilio Graff,1,1,1,0,1,0,0,1,91,0
ipython,63d3670b8feb4645775b691eb5690f72d7516f6d,1671503654,Emilio Graff,1,1,2,2,2,2,123,0,0,0
ipython,7bf21b53baa0fec30675cee6c39c27e5f17325a3,1671503684,Emilio Graff,1,5,29,24,29,27,794,0,0,2
ipython,d30f8950b9cb8ddc8cb4b626190b3b50792be38c,1671504459,Emilio Graff,1,0,48,0,0,0,0,0,0,0
ipython,bf4956cbc9e012f69ba00cf39285cfd23e70d008,1671559943,Emilio Graff,4,12,1,21,1,0,0,0,0,1
ipython,18cf490405428a86180cd6faf6790f6e6b1e7219,1671561246,Emilio Graff,2,4,19,17,10,10,378,0,0,0
ipython,198bb721ef48a538133fa4d646828e6838856113,1672752934,Matthias Bussonnier,1,1,1,1,1,1,77,0,0,0
ipython,add5877a42ba8e3960bc92eb994c15955eacf254,1672754604,Matthias Bussonnier,1,1,1,1,1,1,55,0,0,0
ipython,01bc9d96e0dd50fad02d7b1e3d2e58113c617b6b,1672754651,Matthias Bussonnier,1,2,2,2,2,1,18,1,57,0
ipython,64e72a955f3ae4eb0ad823936a20364e4475e057,1673137043,krassowski,5,3,926,673,734,567,20052,23,843,144
ipython,f6cb59f82a748f6225e8f9460722c8169a00d665,1673189138,krassowski,2,7,9,9,9,9,523,0,0,0
ipython,1e51d378075a54559c257d91ff2e516bfced6cbc,1673200684,krassowski,3,6,145,42,51,42,1574,0,0,9
ipython,4fe9e715821706fb964ffa14e2cc296a6a5ae3d5,1673116475,Maor Kleinberger,1,1,4,0,4,3,120,0,0,1
ipython,2a5f51a098e49ab34b45a00070aa65f672b1c9c6,1673216518,krassowski,5,16,303,99,301,236,9774,12,552,53
ipython,43d6a9b11a1aa2843edaf0d3ca1c3a4c4f699182,1673218159,krassowski,2,10,45,10,45,37,1516,2,138,6
ipython,dfb5353105b3d33647bb943df32ffbad13f98978,1673218582,krassowski,2,2,9,2,9,7,291,0,0,2
ipython,039c83ae7ba2e4dfa737692bd90c3b03c534c2c7,1673224389,krassowski,3,4,146,4,7,7,303,0,0,0
ipython,c97747aab90214f1c9b682aebe3f384a136caee0,1673225033,krassowski,1,0,8,3,0,0,0,0,0,0
ipython,dda97ea16fcecb56af542268031d6c02afb1d17a,1673225971,krassowski,1,0,29,0,0,0,0,0,0,0
ipython,2e0a730903561765a90957e5ce652f74790890ce,1673231352,Michał Krassowski,1,1,2,2,2,0,0,2,129,0
ipython,b332fd1ab5682acdc984aab07c7cdb99ab5b4c3c,1673301808,Emilio Graff,6,19,20,43,18,14,673,4,180,0
ipython,964e296f396a412cf67abb54467c654a538ef611,1673302131,Emilio Graff,1,5,5,5,5,5,181,0,0,0
ipython,7a2ad1fb696a0ff85f2240ffe3ba00049479a6f6,1673302342,Emilio Graff,1,3,3,3,3,3,88,0,0,0
ipython,91607ebc27d9e9cf9fc333e0f2fe3895a04c48e5,1673306961,Maor Kleinberger,1,3,13,3,13,11,628,0,0,2
ipython,73fd29a13a83b077f3828d88daabdff23a8e74a8,1673483519,Garland Zhang,1,1,1,1,1,1,81,0,0,0
ipython,462382b3e30a006427d71c7e046b6e6164bda0a2,1673885760,Matthias Bussonnier,1,1,2,3,2,2,86,0,0,0
ipython,46c503d07bb4def76e824c54f4712a5fa4e7538d,1673885726,Matthias Bussonnier,3,7,28,7,28,23,891,1,75,4
ipython,577c3b1225aae1bf9d2a71f64c7cbb848fbbfc54,1673942695,Matthias Bussonnier,2,16,30,28,30,27,1061,0,0,3
ipython,ad41919ea90c23c024a8c0e58c2224d21815de80,1673943049,Matthias Bussonnier,1,1,6,0,6,5,188,0,0,1
ipython,3c529d3cbc6fa3eb736544860ad984c0198bcb35,1673943711,Matthias Bussonnier,2,8,24,12,24,23,1154,0,0,1
ipython,3e2655952703c7426f10b9e9d86fde2a8cd0391e,1673944571,Matthias Bussonnier,2,5,17,14,17,12,432,1,12,4
ipython,8d598b073c080738b9f6e69e45e2ffd97a24a92e,1674158818,Emilio Graff,1,1,1,1,1,1,112,0,0,0
ipython,bbfab79dc5bb7002c7b40191b7d2976fa4f4e7b2,1674159383,Emilio Graff,1,1,3,1,3,3,140,0,0,0
ipython,e0fc2386083aed55b44d4c50661fb53bd4170a3f,1674324219,nfgf,1,1,1,1,1,1,68,0,0,0
ipython,fc700ddd1756a4302707abacf62198d1c3809738,1674393288,krassowski,3,2,26,2,9,7,244,0,0,2
ipython,9c028ecc7fcd9ec8ba89cc60f4b49096dffa86ca,1674417711,krassowski,4,14,166,31,128,107,4223,1,57,20
ipython,11011b059a2bbd95006ce3a57e8d1cdc1e481eea,1674419373,krassowski,1,3,9,6,9,9,296,0,0,0
ipython,201c4da955e8f93af8e5bf70d779467be083c1a2,1674500173,Emilio Graff,1,4,4,2,4,4,72,0,0,0
ipython,37ec2adc8da9955062c581b55dee895bf992dc4c,1674500351,Emilio Graff,1,1,1,3,1,1,86,0,0,0
ipython,a885b478ab3b1c5979cb57dbe4614ca405dc6820,1674553946,Matthias Bussonnier,2,4,7,4,7,6,288,0,0,1
ipython,bef3df12991797c88676dd292bebd116ed51c3b7,1674576730,Matthias Bussonnier,1,2,2,2,2,2,152,0,0,0
ipython,2641a7b1f322673259f2f91f39b7c12daf7c2c62,1674579037,Matthias Bussonnier,2,3,3,3,3,3,208,0,0,0
ipython,4a065015a1b987ac6f30fff9180efbd93cffbed6,1674744475,Matthias Bussonnier,1,1,0,5,0,0,0,0,0,0
ipython,cca49a27b5b102c2e37dadb06889b84e67e1512f,1674820619,Matthias Bussonnier,1,1,1,1,1,1,55,0,0,0
ipython,14faa28ac6fe61efab730e87a965c44038869c4c,1674820712,Matthias Bussonnier,1,2,2,2,2,1,19,1,57,0
ipython,4a347f74e403f663176e0c880693a73f9a39d497,1674825119,Deepyaman Datta,1,1,3,3,3,3,187,0,0,0
ipython,dd89efe34477ca8e6de7f0ccdeb922e077ce4261,1674948294,krassowski,2,3,19,7,3,3,109,0,0,0
ipython,b7e181e25bc69705e43ad31ebce29af432562b4a,1675505781,Roy Reznik,1,1,10,1,10,10,400,0,0,0
ipython,329cf64882318c12d9e053c69420e9ff33df3dd3,1675607637,Antony Lee,1,2,4,4,4,4,285,0,0,0
ipython,875ff2397926caf2ba8b7a660a055d79b6ba27db,1675621594,krassowski,8,51,907,452,777,673,23351,19,961,85
ipython,fd8e473dbdb72713cc3320d288eaa92b779c1a9f,1675629985,krassowski,1,1,1,1,1,1,28,0,0,0
ipython,7f8f8ea0cb8fd876ce5e726e68e8968098648651,1675635408,krassowski,3,10,26,14,26,23,1041,0,0,3
ipython,69d5fb187e9e0e9b96949fffbd594bdddad817e4,1675637920,krassowski,1,1,1,1,1,1,38,0,0,0
ipython,3d033f3d481901482622c503f89cb3494e6b3888,1675637964,krassowski,1,0,1,2,0,0,0,0,0,0
ipython,78dd220898330ccbc8be3ad7108df31af206cd29,1675676914,Maor Kleinberger,1,2,3,3,3,3,259,0,0,0
ipython,991849c247fc208628879e7ca2923b3c218a5a75,1670091249,Konstantin Weddige,2,2,9,25,9,7,317,0,0,2
ipython,eccb95c21ad60e5fa5052e07db2f1a2ffc129ff9,1675787860,Yann Pellegrini,1,1,31,32,31,30,823,0,0,1
ipython,33fde8415bea3e744daa75578406a7b8b393f367,1675777464,Matthias Bussonnier,1,2,3,3,3,3,123,0,0,0
ipython,fd34cf5f1f6e243243c738c6e0cf62eb682c4d68,1675831012,Jacob Evan Shreve,1,2,2,1,2,2,49,0,0,0
ipython,c7a9470e540392c575aac46c3ee5cf4fe5123eb1,1675837746,Jacob Evan Shreve,1,0,40,0,0,0,0,0,0,0
ipython,a011765b44febfb11bae122d2ed7db763621ac8f,1675839016,Jacob Evan Shreve,1,0,7,1,0,0,0,0,0,0
ipython,23a8324281f584922c611da6120479d9172cff85,1675885381,krassowski,2,3,24,9,7,5,259,0,0,2
ipython,865591252a67c6907fe03228b4053305715286e6,1672754137,Matthias Bussonnier,1,0,24,7,0,0,0,0,0,0
ipython,4ef3c399bdad5f02e00d3c72b94be33d2900f10d,1675891705,krassowski,2,5,36,13,18,18,733,0,0,0
ipython,15ea1ed5a886d6c19c1cc4856f2cf04a2a547c57,1676022449,Matthias Bussonnier,1,1,1,1,1,1,55,0,0,0
ipython,2a5fdf9dab8e5fa50a03ce686aaf11cb38844587,1676022497,Matthias Bussonnier,1,2,2,2,2,1,19,1,57,0
ipython,cac116b5d8c2b7f31ae39491802c4bd7cb71c254,1676132083,krassowski,1,0,11,0,0,0,0,0,0,0
ipython,b47f7f81f1575d1866aab3f77de22c6661fdcc1f,1676149692,nfgf,1,2,5,1,5,5,233,0,0,0
ipython,0fff23421d65d8162db10cd57267c90e89aabd06,1676163664,nfgf,1,0,19,0,0,0,0,0,0,0
ipython,34e204fd10d8a53b9597985771fe5c67ddd798fa,1676239400,krassowski,2,2,45,5,27,18,732,5,282,4
ipython,7bb3ea0ca0f16c8496dd7d420f5e5313ea10e601,1676258444,Nicholas Bollweg,1,2,2,2,2,1,71,0,0,1
ipython,7d42b7683c1d835478eb586419f7d89a44d2ff20,1676266710,Alexey Zaytsev,2,4,4,4,4,4,286,0,0,0
ipython,9741dd5fd0d5ccc39c8aaa981650a298432520f0,1676756172,Yann Pellegrini,1,2,1,28,1,1,71,0,0,0
ipython,3362771d2dddb2429993ba7f0aa67cc2c6a98fd1,1668678004,Matthias Bussonnier,1,13,158,11,158,132,4966,5,195,21
ipython,dfd08f48c2c0b597e7b6ee99c845b9af27b2fc8b,1676971348,Matthias Bussonnier,8,25,60,44,60,57,2008,2,121,1
ipython,40334fcc49b72fedd98ec8c6f9b6742f1e3efa50,1677504164,Matthias Bussonnier,1,1,3,1,3,3,155,0,0,0
ipython,daa7eb27c677dd985bf5d1c259273677440812ef,1677586421,Matthias Bussonnier,1,1,1,1,1,1,55,0,0,0
ipython,3339fad91de3e3da1f02b0b209afef20f021ca33,1677586443,Matthias Bussonnier,1,2,2,2,2,1,19,1,57,0
ipython,b7632e01390a945a3b1f9963e7f9dd5753cb92a9,1677623732,Emilio Graff,1,2,5,0,5,3,79,1,55,1
ipython,70a43143744df5cfac7960d909f8551d7f2bcbb6,1677623790,Emilio Graff,1,1,1,1,1,1,18,0,0,0
ipython,c2484fb141e80c22cb442f496ac9add2bc1361f1,1677623846,Emilio Graff,1,2,2,1,2,2,107,0,0,0
ipython,aa5888880cae745481f8c6996b3bf90609d8014c,1677634097,Emilio Graff,1,2,12,0,12,9,226,0,0,3
ipython,14fcb39fa8d33d7231e649942253a90ef224fe08,1677634134,Emilio Graff,1,1,1,1,1,1,93,0,0,0
ipython,af20fbd163ae91ce9d5d6153ae6e6b24546da7ac,1677634172,Emilio Graff,1,2,6,1,6,5,318,0,0,1
ipython,e80b388af9691debbea9aa235e82da1588a1fbcc,1677637763,Emilio Graff,1,5,7,1,7,6,306,0,0,1
ipython,c28e194859b7cc01e2ad78ceac98d769be7ce105,1677638293,Emilio Graff,1,4,7,3,7,6,216,1,57,0
ipython,54ef164afdf7cb3b8f77524b2e42f844b3d01d3b,1677640622,Emilio Graff,1,0,15,15,0,0,0,0,0,0
ipython,25d1e759cb41b8f39d142da7dd57c4cc9ec9d83c,1677640637,Emilio Graff,1,2,0,12,0,0,0,0,0,0
ipython,e48e8d80a97ebdf3309d634ffe5c9c10a2bc3392,1677686368,Emilio Graff,2,1,2,1,1,0,0,0,0,1
ipython,45f33f3159833f30a3c7d306a9fdb373bdde51c9,1677699249,Emilio Graff,2,2,3,2,3,2,87,0,0,1
ipython,2d8991fad68aedf5ff073c57f29158602bea41f9,1677911662,Quentin Peter,1,8,12,7,12,12,575,0,0,0
ipython,ceac326d5968b3a58fdcf1ae67f66d4bcac8b484,1677912433,Quentin Peter,1,2,4,3,4,4,173,0,0,0
ipython,47fec3b789d514ef7ceff32893d9b77478f44a4c,1677914769,Quentin Peter,1,0,15,0,0,0,0,0,0,0
ipython,05cff07b9500c82dff7c363dd08c14c74a15b19f,1677915420,Quentin Peter,1,0,2,0,0,0,0,0,0,0
ipython,66fb3b12c5a0918efc87601a5170a5b411540e61,1678119879,Matthias Bussonnier,1,1,2,0,2,1,47,0,0,1
ipython,8d993cc4b4a73c365b3c2ce59ac6e55dfed58e6f,1678184252,hunhoon21,1,1,1,1,1,0,0,1,68,0
ipython,c648304f334858f978e21a413c4789d92d844b36,1678184280,hunhoon21,1,1,1,1,1,0,0,1,68,0
ipython,65a1a877cf495a45d671bdf0e17977d4de4e5e0a,1678185521,hunhoon21,1,1,6,2,6,6,235,0,0,0
ipython,80d5bf272cc08c955f33d8a6d576cb868c9ef186,1678431814,Audrey Dutcher,1,1,5,2,5,5,191,0,0,0
ipython,0fef298ad70ff72a8eaa0e929c0c61ddc79fbadf,1678703516,Matthias Bussonnier,6,18,117,40,76,63,2100,0,0,13
ipython,008777fa218ba08a05ec782fbeac2d3ddc6b1086,1678713814,Matthias Bussonnier,9,34,80,50,78,73,2716,1,40,4
ipython,ce77c86df3cef1df5fbd059d258ad314088f8c1c,1679651585,Matthias Bussonnier,1,0,7,15,0,0,0,0,0,0
ipython,b108e339296623c00f2b78f6a4b25681d3df905b,1679713576,krassowski,1,1,5,0,5,5,136,0,0,0
ipython,2c9a826a06fbcccde3dfa7b70e851112ef4df682,1679320046,Philippe Blain,1,0,2,2,0,0,0,0,0,0
ipython,92c98813d0d98f580db6b135dac3a96f1ba901fd,1679326034,Philippe Blain,1,1,1,1,1,1,49,0,0,0
ipython,9e43aba8ee73ff45faca59d640d323b44eb4909d,1679317721,Philippe Blain,2,4,5,4,5,5,436,0,0,0
ipython,97d929ec538bb0f054494c49b13d1b911997b1fd,1679766912,Philippe Blain,1,1,12,2,12,11,562,0,0,1
ipython,1d7eee5d2f04a046007cad0ad922df0f007f910f,1679767836,Philippe Blain,3,4,7,4,6,6,536,0,0,0
ipython,853291bb3104475994842f3ea9fda44ee938177d,1679770722,Philippe Blain,3,4,13,8,6,5,473,0,0,1
ipython,8be374fa7bbe1ad70e10d0abed019af500dafba8,1679839394,krassowski,3,15,58,12,58,27,1271,28,1786,3
ipython,d8124283a9c8726962c986fb2d7da56311c3e673,1679842317,krassowski,1,1,2,1,2,1,58,1,61,0
ipython,94da54f4e7871fe1aa79189637d3d40e0d0c7e02,1679842773,krassowski,4,11,22,11,22,18,706,4,246,0
ipython,eccd2dbbe3cf4e9971d999d6adec9bada6e88350,1679909684,Matthias Bussonnier,3,5,26,5,17,15,573,0,0,2
ipython,6c1938caa86e5666cab5dbebbc333daa71604cd6,1680115014,Ben Hamming,1,1,1,1,1,1,69,0,0,0
ipython,fc872d6cfab48d861c43c766d583edde73370836,1678799704,Matthias Bussonnier,3,33,156,54,115,104,3648,2,94,9
ipython,37242ba43be041d87b9f3262a989dacfd7737029,1680174707,Matthias Bussonnier,1,1,1,1,1,1,55,0,0,0
ipython,a418f38c4f96de1755701041fe5d8deffbf906db,1680174740,Matthias Bussonnier,1,2,2,2,2,1,19,1,57,0
ipython,c01dedeaa3c6b077cd96f6718362e39f69c4ccbd,1680713915,Erik Welch,1,1,1,1,1,1,80,0,0,0
ipython,793dc06443ecc14562c3d5d57d1e72dc1b5a3bf6,1680774406,Matthias Bussonnier,1,36,130,43,130,117,4260,3,103,10
ipython,6224ea7f3406ffbd77fe4a5656b481104e11ec04,1681121736,Matthias Bussonnier,1,0,17,0,0,0,0,0,0,0
ipython,c0f126ff19a5cf24769f97e37c3df4c523875cdd,1681361609,zhizheng1,1,3,3,3,3,3,96,0,0,0
ipython,6a8f524622187150467ac50b4b5e87ea3f1682da,1681811566,Matthias Bussonnier,1,2,14,0,14,9,356,5,340,0
ipython,a2b2dea964632b4970ca264dcfcc6e1ddee35327,1681512265,Garland Zhang,1,5,13,4,13,12,552,0,0,1
ipython,78ba47c72b0e273881c5350a5ca539f23a3599b7,1681514253,Garland Zhang,1,1,1,1,1,1,52,0,0,0
ipython,05f6a6e884c1fb235012694f415d45af6511855c,1681820459,Matthias Bussonnier,8,4,58,119,3,3,156,0,0,0
ipython,3ad4cd937144fc1628bd1bd9ad1f1bdcb70a532a,1681211710,Walter Doerwald,1,1,6,3,6,6,247,0,0,0
ipython,71b7247a74a955035956b0494d99d2650962d465,1682170235,krassowski,1,5,6,6,6,6,169,0,0,0
ipython,b68036b7192a86a0540ab4aafb38cb948c9b6806,1682170834,krassowski,1,1,1,4,1,1,58,0,0,0
ipython,d14058f12307f036021b8f33385e2d65a9057787,1682184153,Carlos Cordoba,1,2,2,0,2,2,34,0,0,0
ipython,88870aea25a50a060901a1856999bbc01ba14979,1682202030,Carlos Cordoba,1,0,12,0,0,0,0,0,0,0
ipython,47ff06a4f4224a2b9ced81d87fee26607766d402,1682333274,Jono Tassia,2,1,2,1,1,1,87,0,0,0
ipython,83ed40b35f7e3d3c3f9d95b2d3d032d7dcd52c51,1682415190,Jono Tassia,1,1,1,1,1,1,51,0,0,0
ipython,309fa432c04e06459ae2fdec9080e72edac8ec84,1682415526,Jono Tassia,1,0,1,1,0,0,0,0,0,0
ipython,074040edaf6070ec508cb7842ab2cd2c15cc843c,1682547811,EtiennePelletier,1,5,29,3,29,24,811,1,38,4
ipython,78ad6d4c448d4ff2d29a14af46504cc6b576cbb5,1682409252,Matthias Bussonnier,1,1,17,0,17,5,205,9,525,3
ipython,02bab11e7a2cd15670c17f6c8587f0609eb61961,1682683988,Matthias Bussonnier,1,1,1,1,1,1,55,0,0,0
ipython,d016fdb91ba8c240216d71d3446c57943680d631,1682684017,Matthias Bussonnier,1,2,2,2,2,1,19,1,57,0
ipython,e9945f7164f01877fe82b0d728bc1ea7cbe70e28,1682686234,krassowski,2,3,11,1,11,9,329,0,0,2
ipython,600d3cde9dbc97cf3f7003afa106952ac6339da0,1682700509,Carlos Cordoba,1,3,3,4,3,3,90,0,0,0
ipython,998efb1a5c08881de798e1762040af00bab1b7c0,1682703144,Carlos Cordoba,1,5,21,6,21,17,648,1,27,3
ipython,5d2cb48cd6eae081825949c7c4e60e8b213b0b8b,1682762307,Matthias Bussonnier,1,2,3,3,3,3,92,0,0,0
ipython,b3cd3b056a90b5d553746e96628aeb6dbb7b37dd,1682762334,Matthias Bussonnier,1,2,3,3,3,2,37,1,57,0
ipython,ef994b461dc6e1fd76f7419c01d19d2e3e5b0b26,1682662507,Zac Hatfield-Dodds,2,1,26,0,3,1,74,1,15,1
ipython,f7014a87a87107e37dab7dc4542b021260d4a4f6,1682914791,EtiennePelletier,2,13,33,30,20,19,805,1,15,0
ipython,c45aa18cec726a1e53348dc6d275aad682f4dfa8,1682962657,Ben Greiner,1,0,1,1,0,0,0,0,0,0
ipython,2c4c28a3aa290f38bf58710a045bdbda5e59e196,1683204181,Matthias Bussonnier,1,2,3,3,3,3,92,0,0,0
ipython,2295238639dc67551d5fd684aec5fe84fda7c348,1683204226,Matthias Bussonnier,1,2,3,3,3,2,37,1,57,0
ipython,aa0576f7672868094df7e35e059da285aecb460f,1684357894,krassowski,3,6,41,3,41,30,1275,2,143,9
ipython,704639d5e758b0d8a2b7efdb07a7e7df1b3b60b0,1684578625,krassowski,1,0,2,0,0,0,0,0,0,0
ipython,19c7bb1a57eaf9df23cffb05a5d591a91a16ceed,1683929051,Tim Nonet,1,4,7,2,7,6,355,0,0,1
ipython,f112764278c3c4401b45a4b71ac1461801cab93d,1685714913,Matthias Bussonnier,1,1,1,1,1,1,55,0,0,0
ipython,cf7c266435424f43ed48c91239f895e8ad739266,1685714952,Matthias Bussonnier,1,2,2,2,2,1,19,1,57,0
ipython,548406dbca9dbffe50b5f306e80d6f2e1ce6628c,1686059155,Matthias Bussonnier,4,13,423,10,423,324,12130,14,553,85
ipython,b9c6114372d2630ad5600c9f61df887d58aa09ab,1687859726,JCGoran,1,2,2,2,2,0,0,2,116,0
ipython,1098b2c170ae0c83fd8878c3e2f2adcefe96a79b,1687971768,Lysandros Nikolaou,6,17,83,19,74,63,2913,3,160,8
ipython,124787ee1e64eaa219edaeca19efe1b65bec720f,1688543515,Matthias Bussonnier,4,10,33,18,32,30,1173,0,0,2
ipython,2f9b8f9a76a7b5835b18e168d6d3192d75069699,1688669299,David Toneian,1,2,6,2,6,6,280,0,0,0
ipython,82388c4c5e5031d09019f118019b0e5688147fd7,1688133408,jakkdl,1,5,31,16,31,24,1198,5,247,2
ipython,981760f114c4c8e658ae130bdf1797b3a3b39fd8,1688996728,jakkdl,1,0,109,0,0,0,0,0,0,0
ipython,2cee9a97fe1829bf4b5bd00a1340742c33357777,1688997114,jakkdl,1,0,9,6,0,0,0,0,0,0
ipython,bc389384abc19b800b52462110940104f96bce22,1689989603,Drunkwcodes,1,2,5,0,5,2,66,1,64,2
ipython,78abf2f62a5281c45ef8fa4b5a1229b73142eae6,1690208206,Jessie Hu,1,2,2,2,2,2,77,0,0,0
ipython,b8a45b5daf25159c805de95295d7f67efc865006,1690209502,Jessie Hu,1,2,2,2,2,2,77,0,0,0
ipython,c8b074cd84f89dc7df488f5e22452197b6a38b8c,1690397930,Marc Culler,1,4,0,10,0,0,0,0,0,0
ipython,dbf725a91c306ee341d06261f793b8a4bd09b1c0,1691373567,Thomas A Caswell,1,5,11,5,11,9,306,0,0,2
ipython,07ce3cea65ac5df417147163ca5c0ee2076b77b8,1691374121,Thomas A Caswell,1,1,2,4,2,2,103,0,0,0
ipython,770c34e464b33041cc8714245b9561e658552415,1691374212,Thomas A Caswell,1,1,4,0,4,2,61,0,0,2
ipython,430215334dd6003e9a31525a6e8e726cf0f144b3,1691374687,Thomas A Caswell,1,3,3,3,3,3,157,0,0,0
ipython,8cae0962995d8fc83050b7dd9b739860acd94d3c,1691374818,Thomas A Caswell,1,0,2,2,0,0,0,0,0,0
ipython,1fd7e9f14bd0daa736d5d93150b77d4120b47799,1691377926,Thomas A Caswell,2,1,3,3,1,1,46,0,0,0
ipython,163a14d97101b5c6a35b2ea45e5c0c24f5115971,1691696188,Emilio Graff,1,1,5,0,5,4,283,0,0,1
ipython,56bf04852319400ec2f94ea7acf7fa3bd19087b4,1691703356,Emilio Graff,1,2,7,3,7,6,261,0,0,1
ipython,f18ebefdd34f86a0c027ecb5323ec3805c8d0874,1691703921,krassowski,1,2,4,1,4,4,132,0,0,0
ipython,3c113ad2ce1058d2331c89a0cf7365e7ca9ee6e2,1691704560,krassowski,1,2,4,2,4,4,96,0,0,0
ipython,4144b8cc299676e4db9d5ec20dc592240487ac3c,1691877896,Abdullah Habib,1,0,20,1,0,0,0,0,0,0
ipython,3ed1f5433e8565a8476d3be44e5f9a7a4748a612,1691879584,Abdullah Habib,1,0,1,3,0,0,0,0,0,0
ipython,183c3d6b6038caad24a33bc6d477271cdf62e285,1691881089,Abdullah Habib,1,0,1,1,0,0,0,0,0,0
ipython,92c5f262b029148afb7361a9dfd20b0fb5418d24,1692024449,Daniel Li,1,2,2,1,2,2,98,0,0,0
ipython,7a335e807cf4cc8f7be12be5c7c52240a43ddba0,1692665015,komo-fr,2,3,3,3,3,3,177,0,0,0
ipython,45738411668902b64242c2fcf012996120feac94,1692321150,Sergey B Kirpichev,1,2,9,0,9,5,167,0,0,4
ipython,e1a3ce37f430f1c02b0afa4bacc90aa0d5eb1052,1693216677,Matthias Bussonnier,2,5,10,14,10,10,389,0,0,0
ipython,97191eb508b2ff907053fdfb12cfa89394cbbb72,1693212628,Matthias Bussonnier,1,1,1,1,1,1,86,0,0,0
ipython,95e0c37b98cc9076859d93816d9f70fc9a0db506,1693302963,Matthias Bussonnier,3,7,123,5,119,101,4793,7,402,11
ipython,fb537d51b374e30a87f76c85ff1604af682e22ed,1693563180,Matthias Bussonnier,1,1,7,5,7,5,367,0,0,2
ipython,721b5a5c3ac57f8d0eef589ad35bd6c6b97ad65e,1693569856,Matthias Bussonnier,1,0,4,4,0,0,0,0,0,0
ipython,bc8b2d22f3b7738a407f72e2d7dda4d531ce2bb3,1693571946,Matthias Bussonnier,1,1,1,1,1,1,55,0,0,0
ipython,988050788c3289225b162eb30f44d10fbb182484,1693572060,Matthias Bussonnier,1,2,2,2,2,1,19,1,57,0
ipython,6bf247d39555c22c9c0a2d59b105fc28dc59358a,1693994513,Matthias Bussonnier,1,3,14,1,14,13,656,0,0,1
ipython,a5574abf0f3f1463302089b10b669380ea4031e9,1694094415,Matthias Bussonnier,1,1,1,1,1,1,39,0,0,0
ipython,72cb62c879e1313e9f2fcdd53a9c07166a78d56b,1694539382,Antony Lee,1,5,5,5,5,5,132,0,0,0
ipython,32437ea93747fbe3c3f55b2d18a806b2b7246e56,1694549888,Idan Pazi,1,4,5,12,5,3,146,0,0,2
ipython,cf63863ca19ddf16e6789e819989a504ca9448e7,1695109845,Matthias Bussonnier,2,5,15,6,15,13,654,1,28,1
ipython,2e91b095b315c7366301629215370413b722dbf3,1694853071,Matthias Bussonnier,1,1,6,0,6,5,174,1,67,0
ipython,a644128722a3d362cbac16bb51fc8c9c75ce4626,1695687284,Kye Shi,1,1,26,26,26,26,782,0,0,0
ipython,0e53f60a4516fc28cd22fd1fac21bf0deb34cde2,1695670558,Maroš Telka,1,2,0,5,0,0,0,0,0,0
ipython,a6c67bdf464dcce3de5259b8f417ea0106074cd5,1695979008,Matthias Bussonnier,1,1,1,1,1,1,55,0,0,0
ipython,6ef1683f90b2486657b447e97489c8f438fc3746,1695979136,Matthias Bussonnier,1,2,2,2,2,1,19,1,57,0
ipython,1120ee4c85f569511b7bcf8d69f07367dc9d42f1,1696068838,krassowski,1,3,13,0,13,9,323,2,112,2
ipython,b352c8a236650216ff241c7eedaeab0279665704,1696069120,krassowski,1,1,1,2,1,1,98,0,0,0
ipython,1ed493b3383d64054b7014c19ab4292af425ac3d,1696069889,krassowski,1,4,9,3,9,9,348,0,0,0
ipython,3d06e9fecc0c7cdc499bd720e08bb87ed288279d,1696071252,krassowski,2,1,37,8,11,8,342,3,158,0
ipython,c77baff390b593c84483965707956efa3d175855,1696093151,Matthias Bussonnier,2,8,44,8,44,43,1704,0,0,1
ipython,4e4833e2883c60a5c9e5ca42750fff866e6eb999,1696022072,Samuel Gaist,1,2,2,1,2,2,48,0,0,0
ipython,abf66417c6c2fdf196b9aa287d8f1a65d9849a27,1696106675,Samuel Gaist,1,10,64,25,64,53,1838,2,110,9
ipython,4c68d43af569f0561971c2999b6e9be885a0d487,1696156442,Michał Krassowski,1,1,1,1,1,0,0,1,46,0
ipython,b4327a047772634ac72a8767748e0e1cf557f95a,1696184346,Matthias Bussonnier,1,4,12,5,12,5,185,2,83,5
ipython,e845b6fdb40b2718cd1a4cfd65f18662c7449453,1696027041,Samuel Gaist,5,22,134,132,130,125,4475,4,271,1
ipython,28415b382848e51b5ee529270c8b84e5a93a4053,1696603105,Matthias Bussonnier,1,1,2,11,2,2,125,0,0,0
ipython,26e615aec87f1e5b15da022fc415c04e2a923c02,1697443085,Evan Kohilas,1,1,1,1,1,1,27,0,0,0
ipython,e3c35a8285af3aae5e5a18327c06bba2c7664363,1697573525,Zoltan Farkas,1,1,2,0,2,2,60,0,0,0
ipython,ca416ce798acb846a5e4eabcd678bd1f39b286c0,1697635100,Zoltan Farkas,1,1,1,1,1,1,23,0,0,0
ipython,1c2687ea505ac259a38ba3102b49c0154eb9072b,1698159898,Matthias Bussonnier,1,4,1,12,1,1,50,0,0,0
ipython,1a8be18f09292c103d55474a5b7eac51e3895fb1,1698160596,Matthias Bussonnier,2,1,2,16,2,2,96,0,0,0
ipython,e80fbc12a58fe2f7985ea31386e74a9a50ff2045,1698160740,Matthias Bussonnier,1,1,22,1,22,17,531,0,0,5
ipython,5dec2f991d31f0042f1be12a7f1af1046603ee90,1698192244,Martin Matějek,1,0,6,6,0,0,0,0,0,0
ipython,93a7083826c9b10881d24911d9a66506424612e2,1698303540,Matthias Bussonnier,1,8,9,8,9,8,295,0,0,1
ipython,71bfc9d249ef9b468c20767e9caab775a4ab726c,1698328633,Matthias Bussonnier,6,32,40,31,40,39,1726,0,0,1
ipython,66b7ea33935580f1c2c4fc9b5adda4af9af4b987,1698366643,Martin Matějek,1,2,4,3,4,3,102,0,0,1
ipython,2710ec64b7e07151f10c6db742e958a1c960807c,1698366722,Martin Matějek,1,3,3,3,3,3,117,0,0,0
ipython,87ab1c596345fa71c06449a02beec88e98799372,1698400669,Matthias Bussonnier,7,28,60,37,60,49,1885,2,158,9
ipython,d614fcfb37fa9b634419108e5518ad9a8cd70c15,1698400886,Matthias Bussonnier,1,1,1,1,1,1,51,0,0,0
ipython,820b480758820c3904bea4cbe1c545f95246ca36,1698657203,Matthias Bussonnier,2,0,95,33,0,0,0,0,0,0
ipython,6d31af55979429c3b0b96bbba83a16afa4b73fee,1698659674,Matthias Bussonnier,1,1,1,1,1,1,55,0,0,0
ipython,dea1326b6477ab84bd3410cf277364af7c9c6239,1698659693,Matthias Bussonnier,1,2,2,2,2,1,19,1,57,0
ipython,56f48b87bedd0a9baf238619099260e5e652bb4a,1698666869,Matthias Bussonnier,5,21,132,134,125,107,5655,8,520,10
ipython,0cfced36ee9bee3eb1ce6c6e995da51d3f216f38,1698667858,Matthias Bussonnier,1,2,3,3,3,3,92,0,0,0
ipython,4977b5d92b4b46327e78fc60ae9aa45db8db24b1,1698667908,Matthias Bussonnier,1,2,3,3,3,2,37,1,57,0
ipython,e98a2f48b1e719e327ed261fe46ea8c3b9280bdf,1698736229,Matthias Bussonnier,3,2,29,3,6,6,256,0,0,0
ipython,ef3bae307cc74e0dd983cad22003d1693e11b589,1698747703,Matthias Bussonnier,1,2,3,3,3,3,92,0,0,0
ipython,5ef2dbbba4d54ca8ef848a5e27b7221799d5a1bc,1698747728,Matthias Bussonnier,1,2,3,3,3,2,37,1,57,0
ipython,3bbe0e41b5978b79a924b83242882f4daab87216,1699722551,Jonathan Slenders,1,4,17,40,17,14,565,3,183,0
ipython,1e91131cbfcfed1ad654e6750b934bdcbdd394d2,1700743520,Hanno Perrey,1,1,2,0,2,1,30,1,45,0
ipython,b033ecc88f92e8d83b9679de666e142175d4dd6b,1700811647,Hanno Perrey,1,1,3,1,3,0,0,2,77,1
ipython,ec51c50f300de0eb94548582888796102ff2872a,1700816427,Matthias Bussonnier,2,2,6,1,6,5,159,0,0,1
ipython,928881c53ca837390c001e972ed2945c3309f9f3,1700820205,Matthias Bussonnier,1,1,1,1,1,1,55,0,0,0
ipython,c293abc5cebd8d3ee1a09221043a88a8f8ac7d39,1700820245,Matthias Bussonnier,1,2,2,2,2,1,19,1,57,0
ipython,d95c8227f7e90aa5de56b09eca11fd5cb26f2315,1700836255,Nils Müller,1,10,10,6,10,0,0,6,474,4
ipython,fa928a42c33cf5caee5aabe7b6eacf749b847051,1700841735,Nils Müller,1,6,25,2,25,16,637,0,0,9
ipython,6c00a1451b675539d13401b3b530a2d8f9226cb6,1700906349,Nils Müller,1,6,12,3,12,7,325,1,67,4
ipython,ca55e702cb928c9cf750b55030633a0d43fd6c79,1700820909,Matthias Bussonnier,8,3,26,19,3,3,120,0,0,0
ipython,1cbca0b4b9c82dcb9f33c008722b735de1d07a08,1701628991,Matthias Bussonnier,1,1,0,2,0,0,0,0,0,0
ipython,acb9564a656bafb42573d4262de2a9ce2cdd8aa8,1701948232,Matthias Bussonnier,1,1,1,1,1,1,81,0,0,0
ipython,397b33c6cfb91bba92e52358de3edee47f58b22a,1698426725,Chris Hamill,2,5,10,5,10,10,456,0,0,0
ipython,29315b87d3b344d77b2f16625a9a51a419f1cbc6,1698743224,Matthias Bussonnier,2,4,27,2,27,26,1291,0,0,1
ipython,30ffd42aa4b46fca346408af2d913ad65601e52f,1701986417,Chris Hamill,1,1,1,1,1,1,81,0,0,0
ipython,77b5ce6c43905f09eb4fdd604f3f97577696d299,1702826881,Matthias Bussonnier,1,1,1,1,1,1,81,0,0,0
ipython,f2a75fade4723729fbe5e7199d17ed864ba71c87,1703236430,Matthias Bussonnier,1,1,4,1,4,4,96,0,0,0
ipython,dc4369111ad16d0089324756d3243715ef09aa05,1703239730,Matthias Bussonnier,1,1,1,1,1,1,55,0,0,0
ipython,46a3714799386eef2838b8ee0cac870a97f334e4,1703239824,Matthias Bussonnier,1,2,2,2,2,1,19,1,57,0
ipython,96afe65f22e2640efb102f6fa0d4fb6f1188fe21,1703693415,Matthias Bussonnier,1,4,20,3,20,17,619,0,0,3
ipython,68aac1511e5f3d740279de177f4948798647fe7a,1703693964,Matthias Bussonnier,2,8,3,8,3,2,86,0,0,1
ipython,50fcf066ab4f35014581d4e534c237939eb9a4b2,1703898099,Jack Lee,1,1,1,1,1,1,58,0,0,0
ipython,e77ba5f0679eb44215d5d8b233e7161368296241,1704018576,Matthias Bussonnier,2,0,10,11,0,0,0,0,0,0
ipython,0028051b22994fbc1d2ba123dc81be01e1f31775,1704021295,Matthias Bussonnier,1,1,1,1,1,1,58,0,0,0
ipython,006dc1aadcc18d95005f01949c0df01d50b4824c,1704020081,Matthias Bussonnier,1,0,2,2,0,0,0,0,0,0
ipython,fb1fc0c5297e761c9b80596773634b7238886f7b,1704021363,Matthias Bussonnier,1,0,39,7,0,0,0,0,0,0
ipython,51e92d7c984b6077ac8604a245e3f1013a8f4dc8,1704034968,Matthias Bussonnier,2,2,11,9,2,2,65,0,0,0
ipython,02925b13a1da1d90cb637bd499117f433d392d9c,1704375163,Matthias Bussonnier,3,9,9,5,9,4,188,0,0,5
ipython,d379f51c781a53d93d480495f121dfe2da95a2d5,1704705767,Matthias Bussonnier,1,0,1,4,0,0,0,0,0,0
ipython,19f24dd8e9dd698e62d9ef898c41dfd4545c71ab,1704708445,Matthias Bussonnier,1,1,1,1,1,1,55,0,0,0
ipython,4c49335ef3e8bff8bee006228a983762d5ce5e4e,1704708486,Matthias Bussonnier,1,2,2,2,2,1,19,1,57,0
ipython,9e43788ca2573bb11442d07c84d862934f6f7109,1704722270,Matthias Bussonnier,1,1,14,1,14,10,393,0,0,4
ipython,a5bfc9bf02b66c8a70ef4185838ef8684c949bad,1704792825,Matthias Bussonnier,1,0,23,19,0,0,0,0,0,0
ipython,105e7f6bc0253daab70405250e1c8d3bca7e88b0,1704796865,Matthias Bussonnier,1,0,5,1,0,0,0,0,0,0
ipython,bf8503e07e56bfaf1bd3bcda527590c90a40a546,1704797595,Matthias Bussonnier,1,0,5,1,0,0,0,0,0,0
ipython,d9bbeed6e86f7412a778d74f0f5634ec2a2df2ae,1704806525,Matthias Bussonnier,1,0,4,1,0,0,0,0,0,0
ipython,f14a0f3a50769ef21b9b6dedb308e79a16027911,1704806932,Matthias Bussonnier,1,0,1,1,0,0,0,0,0,0
ipython,a282fc2d2df489b65f3b1324d880217065414057,1704815071,Matthias Bussonnier,1,0,4,5,0,0,0,0,0,0
ipython,16f84c65d713295c807ee50833d08e858acb9a61,1704986537,Blazej Michalik,1,2,5,2,5,5,157,0,0,0
ipython,6b2687c39258ae5a0b6e4739d9b10331a4f843ac,1704545176,Matthias Bussonnier,6,16,145,126,145,117,3729,18,787,10
ipython,0fd79ffa1f431161afa7a4e558f6db5294d1cad8,1705400220,Matthias Bussonnier,3,0,13,2,0,0,0,0,0,0
ipython,8a5c9c206db2fe83dca0cfbee762f37c4ea1f352,1705670265,Matthias Bussonnier,1,10,25,12,25,23,735,0,0,2
ipython,be18b2f7b4dba9d7164daab21b61175bb03e099b,1705675542,Matthias Bussonnier,1,1,1,1,1,1,51,0,0,0
ipython,d9ed43d5e02cd2f6d5b434e825654c4e644046a4,1704545176,Matthias Bussonnier,1,3,12,1,12,12,549,0,0,0
ipython,3230aa32c0e1a7ec0fffa690d5c33443f4f4b5b8,1706127600,Matthias Bussonnier,1,5,22,3,22,19,798,0,0,3
ipython,3f2bb7288f3a11d0adb8ee7a650a09fe5bdda156,1706504767,Paul Ivanov,1,5,2,17,2,2,86,0,0,0
ipython,c55d9f377ace99334c187e3786853200658b58e4,1706506691,Paul Ivanov,1,1,1,1,1,0,0,0,0,1
ipython,8e55af7ed8620698fa63536ceadd874d51c90ec0,1706508996,Matthias Koeppe,1,5,5,2,5,4,92,0,0,1
ipython,c928806ce58316f0cec2d3a020f6d342f9510395,1706646405,Matthias Koeppe,2,1,2,1,2,1,35,1,113,0
ipython,dad1cd55c02127e2e355bf78396a64fbeaf00497,1706694369,M Bussonnier,1,1,2,2,2,2,138,0,0,0
ipython,8b1204b6c4489c786ada294088a3acef7bd53e90,1706697231,Matthias Bussonnier,1,1,1,1,1,1,55,0,0,0
ipython,b1a304c45104f404f8960491e06f6d2432496fe1,1706697255,Matthias Bussonnier,1,2,2,2,2,1,19,1,57,0
ipython,1fa6a775688f4f4df82da8dd488763b48798e2c1,1706724936,Hood Chatham,2,2,14,0,14,11,427,0,0,3
ipython,b9ea837d0430374cefb2b3902e5aaf316a4beefb,1706725512,Matthias Koeppe,1,1,5,0,5,3,133,0,0,2
ipython,aee17c0bbb1a027c1ee9f17bbf45c0f57df21505,1706726427,Matthias Koeppe,1,4,4,0,4,0,0,0,0,4
ipython,5bffc781996367cff5a77e4bd4d61c98079604cd,1706742157,Matthias Koeppe,1,3,7,2,7,7,309,0,0,0
ipython,8a8cc8efca78333604aa53cb2e090099bb5c3fbc,1706813021,Matthias Koeppe,1,8,11,8,11,10,395,0,0,1
ipython,047ab6e1658f0ae28e3819fa0a13fa1ef69b0f46,1706988407,Matthias Koeppe,1,1,2,0,2,2,56,0,0,0
ipython,535434efe9cfede3541b701a8446e0833e42a25c,1707340110,Matthias Bussonnier,4,19,34,22,34,28,1233,1,80,5
ipython,7ba57fbe45b330463245bbf757068f6721e3bb88,1707225271,Matthias Bussonnier,2,5,17,4,17,15,827,0,0,2
ipython,20fc7c291f4e1661f1b3f26bc0865db5aaddb437,1707380528,Matthias Bussonnier,7,22,59,36,59,57,2084,0,0,2
ipython,5ef103feb59fa86c035ccb15c05de0727a7666a8,1707385404,Matthias Bussonnier,2,6,11,7,11,9,330,0,0,2
ipython,d32707a29e07b47ad232560698158d525de67ea4,1707385662,Matthias Bussonnier,1,9,31,36,31,22,909,0,0,9
ipython,e2e60435ec8264070db95ef8681625db4c75c5a5,1707632303,Matthias Koeppe,1,2,1,18,1,0,0,1,20,0
ipython,3cb3a7872fd6383c6b74561b285f5b6d512e4168,1707633022,Matthias Koeppe,1,1,0,22,0,0,0,0,0,0
ipython,8af2db7e7c2a5d161a196472c8244a6697bcd657,1707637012,Matthias Koeppe,2,2,0,72,0,0,0,0,0,0
ipython,5c562a3fa10420d2d91d0194b3d15e421a8d9871,1707741660,Ian Thomas,1,2,2,2,2,1,77,0,0,1
ipython,08c6d12c6ad9788a3a7c84120220c1afdcbb3947,1707742409,Ian Thomas,1,1,1,0,1,0,0,0,0,1
ipython,14068d24a0a930eeccaa2151546d4a4087ed420a,1707386666,Matthias Bussonnier,5,17,37,18,37,30,1004,1,79,6
ipython,cc6c7a0f7b1f4bea3bdad9ae49538def05a9e31b,1707920152,Matthias Bussonnier,1,1,1,0,1,1,34,0,0,0
ipython,64b1f855c26baa693f480f4b58633dfa583c6aaf,1708156166,Matthias Koeppe,2,1,1,30,0,0,0,0,0,0
ipython,70978dcabec03b7e84fcadc53f62d9641685d18b,1708188234,krassowski,1,14,98,31,98,86,3143,4,189,8
ipython,8bef245745620c73ec2feafb73cc8af4e998a3b0,1708338264,Matthias Bussonnier,2,2,23,3,8,7,276,1,58,0
ipython,459df4370ed28d8637d167418b1ece8fc5be8b82,1708360273,Juan Luis Cano Rodríguez,1,0,1,0,0,0,0,0,0,0
ipython,5baee4e52787c115b021453cd7b887673dcd27cd,1708361058,Juan Luis Cano Rodríguez,1,0,13,13,0,0,0,0,0,0
ipython,7bd257449879e1922f52451f5a7a99465f1f4f43,1708372620,Matthias Koeppe,1,2,6,1,6,4,89,0,0,2
ipython,6154002c46c92b0b8750930cc4411ceaf1facc8d,1708379370,krassowski,1,1,1,6,1,1,59,0,0,0
ipython,30ae096c778779165376af90e04319cc1123d35e,1708437971,Matthias Bussonnier,1,14,57,19,57,52,1697,0,0,5
ipython,0146ca849cd3d2b770ab8f8efb4945de70e1e3d7,1708595265,Matthias Bussonnier,1,3,12,1,12,12,392,0,0,0
ipython,5332c14f1809f368ef78cd6995d90ffd10312d85,1708596659,Matthias Bussonnier,1,1,1,1,1,1,55,0,0,0
ipython,1f25c79734b1053f2abef2912e6bf5db404b6f63,1708596681,Matthias Bussonnier,1,2,2,2,2,1,19,1,57,0
ipython,cf4a6f5b6323e7c61923765ca5ef2390c92f7090,1708612327,Matthias Bussonnier,1,2,3,3,3,3,92,0,0,0
ipython,6046a5f941e54dc1a3074550fe2848e074e32217,1708612353,Matthias Bussonnier,1,2,3,3,3,2,37,1,57,0
ipython,82a25e8549894779cf2b7b02f173c5d5ecb38189,1708944746,krassowski,2,4,90,28,55,40,1549,9,505,6
ipython,51647c4f269c7285be60ffb8173713258ed46af2,1708946093,krassowski,2,7,42,22,30,27,1226,1,71,2
ipython,1238d86b28606f6920ed4d1090da5b5d00275d29,1708939974,Matthias Bussonnier,1,2,5,3,5,2,97,1,95,2
ipython,adeb769d8c064a695eab3c196f5331eaf35c8fd5,1708954757,krassowski,2,15,83,30,42,38,1678,2,111,2
ipython,6de7643476cba761dc4cf98e920d818bacd12507,1708956186,krassowski,2,3,23,9,11,8,218,0,0,3
ipython,55e79ef42b5f74b76617c96c788642208d59e26b,1708984406,krassowski,2,12,201,29,99,86,3092,1,42,12
ipython,2628f2ff8710ebff5424d508a0aadf97415a959a,1709635983,haochengxia,1,1,1,1,1,1,89,0,0,0
ipython,1ab415d9aae0b3b7724e57fdf6dad6db52b0c7b3,1711819003,Michael Bianco,1,1,3,0,3,2,52,0,0,1
ipython,9db3d2b6052be5c38fa21ada0e025a1e598ba74a,1711820884,Michael Bianco,1,1,1,1,1,0,0,0,0,1
ipython,5e7c4a991dcbc7640c34792804fc815cbf3235de,1711890041,Matthias Bussonnier,1,1,1,1,1,1,55,0,0,0
ipython,b9c597dfd0b29469ad32344f85b97b9ef83085f0,1711890061,Matthias Bussonnier,1,2,2,2,2,1,19,1,57,0
ipython,49a765239bf20d91561c341646abe251b8123e9a,1712050272,Matthias Bussonnier,1,7,9,7,9,8,236,0,0,1
ipython,59673f39f07bf52328311c1d5641a38b0c3eb825,1712051522,Matthias Bussonnier,1,6,10,13,10,5,172,1,27,4
ipython,fe5f2dfbce82f4d73ea8cf2c1cf890cbd08fdbe8,1712058129,Matthias Bussonnier,1,1,0,17,0,0,0,0,0,0
ipython,be80e9d5d60a17fd172cddcc8f42a7bbc736bc39,1712057689,Matthias Bussonnier,3,8,48,27,48,39,1239,6,122,3
ipython,e0e1cad75df2ae47c8d9d8efbbac5cdc7e39b806,1710770536,Ian Thomas,6,19,77,36,70,53,2498,8,528,9
ipython,38e6f14fc59723f5b7801bd6fcc02906ac42271c,1710854541,Ian Thomas,3,13,17,8,17,11,449,0,0,6
ipython,6dcf7cf5068970bc07f6ad67fe8a3bb18edbc58d,1712070680,Ian Thomas,3,2,86,2,2,2,26,0,0,0
ipython,e200a04265ccc729894c4e2303ecc5b3fa30442b,1712567831,Ian Thomas,1,3,7,3,7,4,192,3,227,0
ipython,4a4fa9308a2e5587bab232f1b2a5beb21df80307,1712571437,Ian Thomas,1,2,23,4,23,17,799,2,148,4
ipython,e666bc96be069c17fc9125b50ef3aaf18a8556cd,1712571673,Ian Thomas,1,1,2,1,2,2,40,0,0,0
ipython,b1d9d89eda82337fdc7f47689b024a93a38342c0,1712586635,Ian Thomas,3,21,90,35,90,69,2676,5,327,16
ipython,5b0fc6ffc9cc442547cc824f0b6d627e34ccaa26,1712676602,Matthias Bussonnier,1,3,25,26,25,24,645,0,0,1
ipython,002c17a7f76090305c5cf0ec4f9084d7003a6909,1712925424,Matthias Bussonnier,1,1,11,0,11,8,344,0,0,3
ipython,44e25c7ed3ecdbd62dfd5798397051e11c83b24a,1713039761,Ian Thomas,1,1,7,0,7,3,183,2,106,2
ipython,ae949843eb88733d1a67a8a5225ad6e0520500a7,1713190238,Matthias Bussonnier,1,2,6,3,6,6,325,0,0,0
ipython,55928ae0bbc4269e632480fde5c79ea3c169240b,1713372972,Niall Dooley,1,1,5,2,5,5,369,0,0,0
ipython,cdacafdccaf1f562e59b21b3c9f2c1a28eba54da,1713611633,Lumir Balhar,1,0,2,2,0,0,0,0,0,0
ipython,ffb66eeb010580b71b99f3a843f7f20411ef2edf,1714051481,Matthias Bussonnier,1,2,19,7,19,16,622,0,0,3
ipython,9d06a304d13b5d10f19521b81f51c2b0c512dc23,1714122364,Matthias Bussonnier,1,1,1,1,1,1,55,0,0,0
ipython,f9982dbf34e7941d321b25d372ff669d76f734bf,1714122389,Matthias Bussonnier,1,2,2,2,2,1,19,1,57,0
ipython,42007f33b1a403e708ebc9b973f50d8b3609b734,1714138723,Ian Thomas,1,4,21,1,21,14,528,3,187,4
ipython,d34e2fd04904dce932ff805ce7ac84ae4fe752bd,1714171620,Antony Lee,2,2,10,5,10,10,348,0,0,0
ipython,106678e09109e89c8e17c6dea5d930be863314cd,1714406413,Ian Thomas,2,7,13,5,13,11,683,1,81,1
ipython,aec299d8c928d44dee3ba822514d93a58a69972a,1714559528,Christopher Covington,2,3,12,6,6,3,141,2,90,1
ipython,6b96ecacddeca05a60283fb4aae2d7a15accd511,1714575437,Christopher Covington,2,2,10,8,4,4,202,0,0,0
ipython,b8daaf1c0bc362e39adfc9f9304a31039161ade8,1714650156,Ian Thomas,1,0,1,3,0,0,0,0,0,0
ipython,e63f26ee9d0e660b1e370d2645f13e0f66b64d10,1714651420,Ian Thomas,1,0,1,1,0,0,0,0,0,0
ipython,0ec1c2123c1e7c2121df50f6aa7d94acabc8d414,1714997152,Antony Lee,29,48,63,63,54,12,471,42,1774,0
ipython,7a8349b0cdad917cdc5092d86f710559ce73929a,1715070366,M Bussonnier,2,0,2,2,0,0,0,0,0,0
ipython,7bdc7df3f2da0dafb179dc55740a39d5d9f21062,1715691761,M Bussonnier,1,2,7,2,7,6,205,1,14,0
ipython,269297b6b2c92279894ed025e47193fab8e02740,1716389292,Ben Jamin,1,1,1,1,1,1,67,0,0,0
ipython,7df70a3cd79068be6f98596e427d60a5d0cfe5b3,1716433243,Steve Kowalik,1,0,26,10,0,0,0,0,0,0
ipython,c68c9e836e8034dab10d53bd9234693be8282ba7,1712147621,Melissa Weber Mendonça,1,0,104,199,0,0,0,0,0,0
ipython,0ff421c63ea933d8bff07be3142b86bb35814e19,1714601893,Melissa Weber Mendonça,1,0,25,19,0,0,0,0,0,0
ipython,45dcccc55bff0abdd0314ebe0432e4324cec4d90,1714985982,Matthias Bussonnier,1,0,38,37,0,0,0,0,0,0
ipython,431e31c6bce582cf41b186a3838734757971d336,1716816456,M Bussonnier,1,0,28,4,0,0,0,0,0,0
ipython,9eb1d12bfc93c076de1adc72aa0c255109205bb8,1717159549,M Bussonnier,1,16,38,15,38,35,1052,0,0,3
ipython,9b49aad99402564a42c3ad1414c2ec1188e80ca8,1717160607,M Bussonnier,5,3,3,2,1,0,0,0,0,1
ipython,40a5a37ca70cb7d266e739563243aba19cbcbad2,1717161690,M Bussonnier,1,1,1,1,1,1,55,0,0,0
ipython,32846b2853e65e294a974df60778f57adf538378,1717161738,M Bussonnier,1,2,2,2,2,1,19,1,57,0
ipython,78e081b71445f9d9f432cb8fede5e3217367c144,1717420555,Ian Thomas,3,1,79,51,5,3,136,0,0,2
ipython,ff7dcda2a743384ad76635622c687aa63973e468,1717542219,Stephen Macke,1,1,1,1,1,1,81,0,0,0
ipython,a3232b9df60bb5a1c10f2c58ce23e399372e9838,1717542750,Stephen Macke,1,1,1,1,1,1,61,0,0,0
ipython,7f3cd5288d2ba39786727c9a5858588044271602,1718214489,"Yang, Bo",1,1,2,0,2,2,41,0,0,0
ipython,53c1b5e6a3f83ae221d6b8d581e7d959faec43c1,1718881176,Randolf Scholz,2,1,16,2,1,1,90,0,0,0
ipython,98758e71408dcc732dc5ba20a00fc3fcaae76986,1718881601,Randolf Scholz,1,1,10,1,10,5,229,5,207,0
ipython,ac8c384dffa48f6f55cfd08eedca6e5dc013aa40,1718881861,Randolf Scholz,2,1,25,25,1,1,72,0,0,0
ipython,60967bbd4d302ac66d3936ae0f494a762736e954,1719216299,M Bussonnier,1,1,1,1,1,1,78,0,0,0
ipython,162d9d19a98b7971f865c29c9d698d6bec0b05a5,1719305179,M Bussonnier,2,0,12,0,0,0,0,0,0,0
ipython,58a1e01946c94d3c80117c893b4261ff65ef05c2,1719309110,M Bussonnier,1,0,16,11,0,0,0,0,0,0
ipython,982c92a9ea2afaa2e7a0dbb703ed57c4d6dc4512,1719405502,M Bussonnier,3,0,11,5,0,0,0,0,0,0
ipython,6296e028967829652e450acc98b0addf0f6239c2,1719405908,M Bussonnier,1,0,3,1,0,0,0,0,0,0
ipython,6bc9941f2eb5590e23ffbbdeb6ed4ba1520f273c,1719524554,krassowski,2,9,87,35,66,58,2467,4,180,4
ipython,e0c8289d9953f32e0b33096375d9e3a6831b37ac,1719563870,M Bussonnier,1,1,1,1,1,1,55,0,0,0
ipython,a499dbd507a92ea0087eca0f53e550fc838f0580,1719563946,M Bussonnier,1,2,2,2,2,1,19,1,57,0
ipython,4d2c9e32619254c1ea170e897f2c3220ab3419e8,1719564845,Ian Thomas,2,1,25,1,1,1,65,0,0,0
ipython,95b627553645dada0ba9e338b0da7005ecfe3fd4,1719568946,Ian Thomas,1,0,23,24,0,0,0,0,0,0
ipython,273ea6fe5f4c47658ea6f7e6d7a5bc8b6c2c0c4d,1720001527,krassowski,1,3,3,3,3,3,134,0,0,0
ipython,5827cc8b7a69a67076bbf0c903dfcf0617ca96af,1720002437,Michał Krassowski,1,1,1,0,1,0,0,1,73,0
ipython,8fb51573248f2996fd03150a16c4f5439d925f99,1721653502,M Bussonnier,5,6,86,85,13,11,548,0,0,2
ipython,75fe23b1c851c0988a5d4ae4ff61a760ce2b70c2,1723722616,M Bussonnier,1,6,32,13,32,25,955,0,0,7
ipython,d3db339f74b3e64f02d63f83b3b807f16796ebb4,1724110885,jaysarva,2,2,501,0,501,450,21553,8,497,43
ipython,5790fcc6506f801092360a8a7feec6aaefc40ca8,1724110931,jaysarva,1,5,10,3,10,8,443,1,18,1
ipython,508790699f6ad49c33afa55f399e81b117923a74,1724111178,jaysarva,1,1,373,373,373,331,16862,7,441,35
ipython,937575fa9bcd49c3722d3468b9aa2f3aa8a6e7aa,1724111194,jaysarva,1,1,128,128,128,119,4691,1,56,8
ipython,01e08c9c10cf5fdf898bcc413c770e76839b7e6e,1724139197,M Bussonnier,1,3,5,5,5,5,206,0,0,0
ipython,ed2b9275249c2fa00de0ec2bc5e8e3f91032f03b,1724672812,Thomas Kluyver,2,2,36,21,24,21,902,2,126,1
ipython,473f4f32b7fe5fb36f8b77db565e5a5ffc45395d,1724685556,Thomas Kluyver,1,0,36,34,0,0,0,0,0,0
ipython,7ea81cd8b4fce0b75f3cab58b636cf8235663db7,1724687844,Thomas Kluyver,1,0,9,2,0,0,0,0,0,0
ipython,44bffab7fab0b9b855ed5c55ad6b8049198f200e,1724688542,Thomas Kluyver,1,0,5,5,0,0,0,0,0,0
ipython,2e34c770413ab283033f2edd757c45477ca6d1b3,1724689993,Thomas Kluyver,1,0,13,9,0,0,0,0,0,0
ipython,82690a067bc47ae3e82de2dc832cbf9840cbf5ea,1725007816,M Bussonnier,1,1,1,1,1,1,55,0,0,0
ipython,b90943a07ff91f5ef6a8ca6528fea8f35495b308,1725007848,M Bussonnier,1,2,2,2,2,1,19,1,57,0
ipython,59ab72174daaf94579a68f3e338fd49c4386403c,1720203147,Stavros Ntentos,1,1,7,1,7,6,209,0,0,1
ipython,4931481095fca4a02ceb7a3e74b24c4725907899,1725271277,M Bussonnier,1,4,27,4,27,19,804,1,10,7
ipython,02160bc77b4e556930e92cb261c5f0c688acff26,1725283294,Ian Thomas,1,2,13,2,13,12,447,0,0,1
ipython,eca325081f8033bbc2abd74bbc2e3ae5d7571f20,1725286509,Ian Thomas,1,1,1,0,1,0,0,0,0,1
ipython,0e5bd036dd461fad895581f9ff822374206067c1,1726106504,Shaun Walbridge,1,4,15,2,15,9,347,5,368,1
ipython,578ae2b7f47bb9aed8ff0110f0a98bed17660142,1726109083,Shaun Walbridge,1,1,1,1,1,1,34,0,0,0
ipython,039827387b71b8b2932e3c2e272340bd6337980b,1726466115,jsbautista,1,2,4,4,4,4,212,0,0,0
ipython,cf006c5b191bd0f0d4dd21bbd8e070533ff356ce,1646387386,Matthias Bussonnier,1,0,40,42,0,0,0,0,0,0
ipython,46979aade049562e114fb160167bde871090667a,1726735920,M Bussonnier,1,0,48,49,0,0,0,0,0,0
ipython,f51bfd63162703b53015c1f23900bdecbef88024,1726804948,Brigitta Sipőcz,1,1,1,1,1,1,162,0,0,0
ipython,7fe23a1961e01be9c4d7429179f08d06017740ce,1726807255,Brigitta Sipőcz,1,1,5,1,5,5,205,0,0,0
ipython,82f8a8fbb885dd25cb37c350508e91badedc57b8,1727868266,M Bussonnier,1,1,0,12,0,0,0,0,0,0
ipython,a9c7369d725c7ab50e92f8f84329a0d7048dd6c8,1727868511,M Bussonnier,1,1,1,1,1,1,55,0,0,0
ipython,240eff874505021bcd698799f0f7f0abfb0bf08e,1727868565,M Bussonnier,1,2,2,2,2,1,19,1,57,0
ipython,eaa658a9592fb41b5776d346a13bab0edc828cae,1727957744,Andrew Kreimer,1,0,1,1,0,0,0,0,0,0
ipython,a47cf88bcd4ca4c2c809a7b72d692b0bf76fbbab,1727958115,Andrew Kreimer,1,0,1,1,0,0,0,0,0,0
ipython,fd43312e70fc5faa463b76472d9ea57f4d006683,1727958335,Andrew Kreimer,1,4,4,4,4,4,244,0,0,0
ipython,93dae90a5d8b3527d0d707730e4f2f65a8e5ebeb,1727958369,Andrew Kreimer,2,2,2,2,2,0,0,2,144,0
ipython,00df491560ce92c13125f8657a2ce35bb608d71d,1727958435,Andrew Kreimer,1,2,2,2,2,0,0,2,138,0
ipython,f98cd150cbd3a2ee8ea9df597094fde9358d3ff9,1727959180,Andrew Kreimer,5,0,7,7,0,0,0,0,0,0
ipython,d837ce624eff070f0f83df41017f99f7bc8163eb,1727959300,Andrew Kreimer,9,14,14,14,14,8,636,6,372,0
ipython,4a28a2d89fc0263d1a46760b74e2913d49dba31f,1728032268,M Bussonnier,3,26,96,43,91,84,2842,0,0,7
ipython,fdbfa83761b7481b9bf2d728c2cf84edf5463a47,1728622838,akumor,1,1,17,0,17,13,462,0,0,4
ipython,bf9303ace34d29c1fc53fa5055ca67f4b2105415,1728839143,akumor,1,0,0,1,0,0,0,0,0,0
ipython,10b9496f9e9fa048d74edeed9a6d20a4abc49f5e,1729178077,kevin1kevin1k,1,0,0,1,0,0,0,0,0,0
ipython,3254296c426f484f3c3c1805f7131f959963d634,1729361474,M Bussonnier,2,6,7,5,7,6,307,0,0,1
ipython,84f2bdedaf03e9fb71e964baff39283449302bad,1729449599,Arya,1,1,2,2,2,2,27,0,0,0
ipython,09e8eed06cfabb7036889f8ddbba85b77bd17979,1729527422,"Patterson, Kevin R",1,1,4,2,4,4,137,0,0,0
ipython,3e0dafa9bf7fbecdac33f43eb686d746ea98910d,1729532765,Paul Ivanov,1,0,10,0,0,0,0,0,0,0
ipython,1a91aca5ae666c31d9c2e8e9b029c1e6c76606d5,1729752172,Pranav,1,9,17,7,17,7,190,0,0,10
ipython,f7a09f5f5fe52740825acf5a72a427922eb48dbe,1729785679,Wim Jeantine-Glenn,1,1,1,1,1,1,67,0,0,0
ipython,03eee4f15cf87eb3300ae005df18075dfec72672,1729786279,Wim Jeantine-Glenn,1,1,9,2,9,9,186,0,0,0
ipython,585357a0beb8cd6589fd7469fd8058295c75c641,1727671472,Wes Turner,1,10,52,4,52,47,1907,1,50,4
ipython,715b97e79daf4d4bc4c4892c86f330ed4774f309,1727671728,Wes Turner,1,5,5,0,5,0,0,0,0,5
ipython,e6fc6aab09a9eadca844681ac0cc66ba05ef6386,1727672598,Wes Turner,1,7,21,19,21,21,635,0,0,0
ipython,44421d9aae77f32f4dc053067b7f7fea66a00478,1727672737,Wes Turner,1,3,35,14,35,35,633,0,0,0
ipython,380665cbcd800078cf7cdd77cee2a72f41a49aed,1727674698,Wes Turner,1,1,1,1,1,1,60,0,0,0
ipython,2b8bb5ad7a418287d3b3b8867d68ae71e2ab9d96,1727675305,Wes Turner,1,1,1,1,1,1,66,0,0,0
ipython,29491e6b419e3a51f9d4bd4ddd20a2c46e9c1f79,1729177368,kevin1kevin1k,1,22,25,26,25,25,1237,0,0,0
ipython,7e856bd83548b1ef2aade8820f21d40a39d329b1,1729186247,kevin1kevin1k,1,4,5,6,5,5,243,0,0,0
ipython,5f39fd879a3a623dc64e586dc88a2689ae67ceb9,1729187054,kevin1kevin1k,1,1,1,1,1,1,83,0,0,0
ipython,2888354f992192106665b425e5ab34a3cef6d818,1723059291,Jisu Ryu,1,1,2,0,2,2,84,0,0,0
ipython,298e9f57a6a8d818763e68da0cf42e02669512e1,1723059697,Jisu Ryu,1,1,2,2,2,2,99,0,0,0
ipython,af19fb0542be9cc642554aed8ab176cd94aa632a,1729847664,M Bussonnier,1,3,5,14,5,5,177,0,0,0
ipython,6aa7cdc7d5f80edcd083865919e78cd3419e88e7,1729847718,M Bussonnier,1,2,2,2,2,1,19,1,57,0
ipython,c8d946943a8c04795d01443099fcb1b93b6020c4,1603903094,farisachugthai,2,6,10,9,10,8,323,2,47,0
ipython,e8c987091fa16ca3753a9700e51a0fe808ede0c4,1604164049,Guy Bortnikov,1,1,4,1,4,3,139,0,0,1
ipython,912098e20d53435598e141463f1f8fb46a2de122,1730052528,M Bussonnier,11,12,42,36,30,26,1089,0,0,4
ipython,706acc3c48d56098ccfb3b4ae99f71e1e824c2a5,1730052996,M Bussonnier,3,7,12,9,12,11,396,0,0,1
ipython,dd9d53634faa4236155454df30d462ceb7387141,1730160952,Hacker-Dom,2,6,19,6,19,16,521,2,103,1
ipython,42e4bd1038883858120a04aa07c8a86bfae099f8,1730277698,M Bussonnier,1,3,12,8,12,12,437,0,0,0
ipython,f42bfc848f80ad9084d80429d999a78edd8ad4ab,1730401436,M Bussonnier,5,1,11,10,1,1,55,0,0,0
ipython,209f369eea22dc5b029968ff1211d34164328e76,1730401850,M Bussonnier,3,5,14,10,12,12,407,0,0,0
ipython,dbf3a922ad631c413d0eca7293463bc00219e083,1730401963,M Bussonnier,10,10,33,28,21,17,760,0,0,4
ipython,65ad9e8f7c4d370bd84d3eff473220ef86466c17,1730402086,M Bussonnier,6,10,13,9,10,3,137,2,158,5
ipython,020e036b93a536f6e457050995c7db2cedcaa9ba,1730556440,M Bussonnier,1,0,2,2,0,0,0,0,0,0
ipython,68b414ebb9a25e2ba6cbe5e556aad9826b17ea11,1728310087,M Bussonnier,0,0,0,0,0,0,0,0,0,0
ipython,eca010b4873d5f3880871e794ba36f55b090bf28,1728310715,M Bussonnier,3,3,32,27,3,3,147,0,0,0
ipython,806dba27b1b10f1c779351644c0c7d4722c4b8a9,1730816319,M Bussonnier,1,0,1,1,0,0,0,0,0,0
ipython,546d856f4fea9101fe1a155016427bb6988f5a4f,1731346196,user202729,1,2,2,2,2,2,78,0,0,0
ipython,969bfa684882c336c3c994972273b2281e8dcc44,1731491247,M Bussonnier,1,33,92,33,92,44,1706,0,0,48
ipython,938e3baf9cfdb12794eede4baf97cbd180785338,1731493750,M Bussonnier,2,18,33,21,33,30,1109,1,32,2
ipython,17f17d129d166b5aaf27384ec3b289873dd6c4ba,1731502996,M Bussonnier,1,1,1,1,1,1,60,0,0,0
ipython,24de1225452e965b1ea016e5c82205d30ff90fee,1732876979,M Bussonnier,12,7,21,83,7,5,236,0,0,2
ipython,a8541f5c2283ecc148f949ea2127883f9e164297,1732877440,M Bussonnier,1,1,1,1,1,1,55,0,0,0
ipython,2a41aa5ade659cc4276fd418c689363c5d9ca8ae,1732877499,M Bussonnier,1,2,2,2,2,1,19,1,57,0
ipython,f1b128796cdd428e7fada775c5bfb479ba6f3a64,1731945259,Tomáš Hrnčiar,1,0,1,1,0,0,0,0,0,0
ipython,c1e945b5bc8fb673109cf32c4f238f6d5e0f5149,1733654231,M Bussonnier,1,1,1,1,1,1,52,0,0,0
ipython,ce148f2c79ce38e2b0a1e4b850d40f2605bab6b9,1733655387,M Bussonnier,2,14,138,57,43,35,1223,3,188,5
ipython,1078df759b88b5e25da0a6a84171b804fe2085a8,1733656597,M Bussonnier,1,5,7,6,7,7,313,0,0,0
ipython,33a375a6b344a63bbf3c6a7b9ce39d88b71a273b,1733826473,M Bussonnier,1,1,0,1,0,0,0,0,0,0
ipython,03fa3438c759437679c7d40021beb23de20f9e02,1733826728,M Bussonnier,1,2,5,3,5,4,200,0,0,1
ipython,d0dd9b570b975017713c5c81958be529d895fcde,1733837423,M Bussonnier,1,1,0,1,0,0,0,0,0,0
ipython,8c051e61024a9937f09b4db4daeb9c690a9edc34,1733837966,M Bussonnier,2,6,35,8,35,33,1175,0,0,2
ipython,2024240586bcaf278b81c6e28f46220c79bf5c88,1733838683,M Bussonnier,0,0,0,1436,0,0,0,0,0,0
ipython,7c4ed4863f83e272423300656887a30a633ef2bd,1733838972,M Bussonnier,0,0,0,82,0,0,0,0,0,0
ipython,9e424753f256aaa5c3025c7a8fd6c4d1776b1538,1733840645,M Bussonnier,0,0,0,19,0,0,0,0,0,0
ipython,64e410f6c3a246b1bb0e48728c17a4fc2f0948ab,1733840123,M Bussonnier,0,0,0,6,0,0,0,0,0,0
ipython,177aad6998eab7acffd1408b9bddaa0a35044b7a,1733840715,M Bussonnier,0,0,0,101,0,0,0,0,0,0
ipython,fa1b98f2e22c895e721fd0c6da15a17087fd9fbb,1733841187,M Bussonnier,1,1,0,37,0,0,0,0,0,0
ipython,b499144d5ef18daee38614905e610ed36485e7d2,1728308754,M Bussonnier,1,1,0,16,0,0,0,0,0,0
ipython,0ccf0b58f6fbba677a0b06e4e68f0807379da4b7,1733842008,M Bussonnier,0,0,0,12,0,0,0,0,0,0
ipython,0bee99f834565f121cb26aec93a6ecf310f58a63,1733842355,M Bussonnier,1,1,0,19,0,0,0,0,0,0
ipython,ec5f39ac8c3a602979bed503b41488dfa995b1d9,1733842582,M Bussonnier,0,0,0,21,0,0,0,0,0,0
ipython,9e32f8c14a3ec9f9c111580f3a62d38b979e7d14,1733918399,M Bussonnier,0,0,0,230,0,0,0,0,0,0
ipython,0b3e69dde27d3fe5eb97fcce5c38979fd4c8f0f6,1733919460,M Bussonnier,1,3,3,13,3,0,0,2,118,1
ipython,085e9011746c536f90cbe3d02bac80fd009d6f1c,1733919971,M Bussonnier,2,2,0,43,0,0,0,0,0,0
ipython,283005f2dcfc95b59e0e2704f0ee533c5b545647,1733920041,M Bussonnier,1,7,7,7,7,7,76,0,0,0
ipython,5fd7483a48d1cc97123f3d7e02786ed0fd802f2f,1733999742,M Bussonnier,1,65,184,66,184,172,6419,0,0,12
ipython,4e1b8d33f2213a6deec192705c306fdcca6dce6c,1734456787,M Bussonnier,2,13,36,17,36,31,1200,2,107,3
ipython,a57c15d9ad17ab759a39e5d16ea411a4ec58478c,1734462338,M Bussonnier,2,17,36,17,36,33,1162,0,0,3
ipython,90317aac59534a3bfd40e0ca2f26a84cb3d99ad0,1734463477,M Bussonnier,2,17,27,21,27,23,974,3,174,1
ipython,b4181b649dac73217191a3a7aca0c047ce65bab2,1734464032,M Bussonnier,1,12,15,24,15,7,224,4,167,4
ipython,8fb4b969f6454cc8a264c97a3495f65e7b290e77,1734464172,M Bussonnier,1,2,1,1,1,0,0,0,0,1
ipython,92dd9e47fe8862ee38770744c165b680cb5241b1,1734464354,M Bussonnier,1,1,12,10,12,11,346,1,18,0
ipython,53df9d1bc2b12671fdd8a09c3616693b1ce1061f,1734637418,M Bussonnier,4,6,7,6,7,6,160,0,0,1
ipython,5fbc6d29a9c27c17a95bfa4f59716aa10231ce78,1734637575,M Bussonnier,17,12,9,27,8,8,464,0,0,0
ipython,7365aa071f8ada07727d2799864f57700222bbab,1734687523,M Bussonnier,22,44,150,157,57,52,1600,2,93,3
ipython,76ca04990294d50ff6946339b30a7ef0286cd92d,1734687868,M Bussonnier,2,9,28,34,28,17,883,6,474,5
ipython,234aeec3308282a3caf838504dfad5e13d6dd3da,1734688165,M Bussonnier,1,0,2,0,0,0,0,0,0,0
ipython,cff4220b864d71a42a009269ded096df33d2dfa6,1734688492,M Bussonnier,2,0,14,13,0,0,0,0,0,0
ipython,ea1b8f4ec2483da631c66071ce900f2644f078e9,1734689009,M Bussonnier,4,5,152,124,2,2,100,0,0,0
ipython,1efee8a1960943c7463848e67c51fb7b573afac3,1734691449,M Bussonnier,1,48,101,67,101,93,3928,3,200,5
ipython,ec99e0a6c7a659598f72ee22adfe4372dea3318e,1724119042,Jay Sarva,4,76,2504,109,260,246,10220,1,50,13
ipython,0b24b528bb3f66df6126aea9da4c191ca7d6ecfe,1734722826,Stephen Macke,2,3,3,3,3,0,0,0,0,3
ipython,40a85ccea7c9d090ad19eb1e573cc904c92660c3,1735142501,M Bussonnier,40,73,353,353,126,105,3364,14,832,7
ipython,177b14aa58f964bb3f2b0f063b3a361b104c15ad,1735016895,Stephen Macke,3,25,158,82,76,63,2347,10,491,3
ipython,7824b3c54952c38b38b9b0cf78f1696b9007e35f,1735331910,Stephen Macke,3,13,33,32,14,9,409,0,0,5
ipython,f2977c60b1f5d101095e8ed6ccb27c52469fdbfc,1735343375,Stephen Macke,1,0,1,0,0,0,0,0,0,0
ipython,a527c119cb86f93b266acaec86a584e5936ae27c,1736257782,Andrea Alberti,1,2,2,2,2,2,122,0,0,0
ipython,a8190e2c2cc3943ea6479bd75da918f49192bec7,1736641946,Stephen Macke,1,1,0,2,0,0,0,0,0,0
ipython,32b2bf1c145427bd0579280c382179235446ef21,1736642152,Stephen Macke,1,1,2,0,2,1,26,0,0,1
ipython,620f75dd93eb9155416f98f4930e2213205f4651,1736642741,Stephen Macke,1,3,5,4,5,5,182,0,0,0
ipython,dd4c4edb9dfdab450249780f7239d4b536b4590c,1736647465,Stephen Macke,1,3,6,7,6,6,224,0,0,0
ipython,b48d296f93d150f14294e2d680d77e79278e774c,1736665051,Stephen Macke,1,0,5,1,0,0,0,0,0,0
ipython,82e21335f46651939aafe5ee3bea11207eb618b8,1736789442,M Bussonnier,3,7,1,37,1,1,10,0,0,0
ipython,a5803b0f886057a64771f0e758a30a36deb49c91,1736861986,M Bussonnier,1,6,8,4,8,7,283,0,0,1
ipython,5e014ac3de8f0c92b1228e08e7a49289f30dc5c5,1736955466,Thomas Kluyver,3,10,13,739,13,13,441,0,0,0
ipython,30d9b1fe0af959aefa976d90b97e79f8db03e3e7,1736960854,Thomas Kluyver,1,4,11,7,11,9,168,2,158,0
ipython,2ef391a99b4e8a7d432cbd042745ac2cc65acd60,1736961202,Thomas Kluyver,1,1,2,2,2,2,75,0,0,0
ipython,16679b3be5a15801fc905bc5e19290b70a944ace,1737060666,Seth Troisi,1,0,2,2,0,0,0,0,0,0
ipython,fe389384d92abfae5ca52b7627f1897c8d3a099f,1737459590,M Bussonnier,1,6,7,35,7,7,291,0,0,0
ipython,8131ff82d5b4d108a5f5ad4276136fd665e07b1c,1737471153,M Bussonnier,2,3,0,317,0,0,0,0,0,0
ipython,21ec91cf73edb3cfe4fd16478259894f11ff9f86,1737471290,M Bussonnier,0,0,0,4,0,0,0,0,0,0
ipython,2b5b41e8fce0b2347a74631a630ea76d00acaf96,1737471477,M Bussonnier,1,5,1,21,1,1,75,0,0,0
ipython,01ea6a0a741d6348b5b3f653dadb88b4a8dc211f,1737472829,M Bussonnier,1,2,0,54,0,0,0,0,0,0
ipython,8a0533f31abcc4cb4341858bdeee86e2061c4fd9,1737473093,M Bussonnier,1,2,0,16,0,0,0,0,0,0
ipython,afb7ff041092c5ef4d817f9c03b214070811e372,1737473472,M Bussonnier,1,1,1,4,1,1,39,0,0,0
ipython,718da708020286b78f01d9d8e234921274e748ee,1737473601,M Bussonnier,1,1,0,22,0,0,0,0,0,0
ipython,eb55f624f6570d2371222125f24c784f92e8f2a6,1737474230,M Bussonnier,3,3,4,44,0,0,0,0,0,0
ipython,d91382ae3835dbd5f865f5e640c8c0f78e592190,1737474301,M Bussonnier,1,1,1,1,1,1,74,0,0,0
ipython,ed1156553d222dadcd7deed6d730bcdc40358e35,1737475799,M Bussonnier,2,4,3,18,3,2,121,0,0,1
ipython,c9af17b098c84562ff3f548fd5290dc4605e100f,1737535833,M Bussonnier,1,2,1,34,1,1,51,0,0,0
ipython,08fc9fc7b31f55aba28ccc334813f5a67e279242,1737535979,M Bussonnier,1,1,0,52,0,0,0,0,0,0
ipython,83b4b9ff7201ebbf6a67584d9e22aeea450e865d,1737536140,M Bussonnier,1,1,1,1,1,1,52,0,0,0
ipython,97a071a886f1437be552848deda2646bfb694e8b,1737538478,M Bussonnier,2,1,0,30,0,0,0,0,0,0
ipython,02f4fd06d4ca7231cf4c0f67db7bd14a294ecdc0,1737555920,M Bussonnier,1,2,1,3,1,1,54,0,0,0
ipython,08b829e2c2ca9acf54249597dd311f301ece182d,1737556093,M Bussonnier,1,2,0,14,0,0,0,0,0,0
ipython,d3b07eedd2d98690ea410463b90c256ef880e23f,1737557182,M Bussonnier,3,3,4,47,0,0,0,0,0,0
ipython,3055e8d5a84c35c3b226749937b6baa4184b09f9,1737556750,M Bussonnier,2,4,0,23,0,0,0,0,0,0
ipython,01bcd60f39f0ab96a6c6e82908fb96ec35a92b30,1737558900,M Bussonnier,1,1,0,15,0,0,0,0,0,0
ipython,2fb7b13a7c616c5a19706643c3159d10e543b27f,1737559349,M Bussonnier,1,1,0,13,0,0,0,0,0,0
ipython,4ea4c98155daef740c45403af3b832f2f2ed9e59,1737560437,M Bussonnier,2,2,0,29,0,0,0,0,0,0
ipython,33c0d4436191dbf37adc6212e057ff9e38820f1c,1737560229,M Bussonnier,1,0,0,1047,0,0,0,0,0,0
ipython,f78b919f3e171b8f1aeacf2f57e686fddadd1bb6,1737055012,Seth Troisi,1,4,80,89,80,80,2821,0,0,0
ipython,b20cec809220f9d6f214dcd9ebe79fe42812e091,1737627395,M Bussonnier,1,0,20,18,0,0,0,0,0,0
ipython,303ee4b2abe29a797f21f1180138f6d68e465fb5,1737658236,Seth Troisi,1,3,4,10,4,4,196,0,0,0
ipython,e8c44d99ed666d8109d318dd8d5c5888a9111d2c,1737659429,Seth Troisi,1,4,0,24,0,0,0,0,0,0
ipython,81aa154fd0a56b45f79dbed1bf04e28c53f6e2db,1737722811,M Bussonnier,2,10,52,17,52,47,1733,1,51,4
ipython,2a148c22864f69f7d2e7d07997c5fe7d5aa2da27,1737724489,M Bussonnier,1,1,0,8,0,0,0,0,0,0
ipython,0d1cca926a27b083e7f0d39e014f905b5e9ebea1,1737724792,M Bussonnier,1,1,0,7,0,0,0,0,0,0
ipython,6d92ff33e91710c3267cbca34ee73caa92899575,1737725059,M Bussonnier,2,0,1,16,0,0,0,0,0,0
ipython,5235a7cc06dccc3aa709e301fb0573497f32aef4,1737725204,M Bussonnier,6,14,48,119,48,41,1562,3,171,4
ipython,a2f3c5b68db22027b843792146902b98aefc3727,1737726609,M Bussonnier,1,6,21,17,21,17,529,1,59,3
ipython,f58ec22ce9f9586e63a55c46ffcf70fc92371128,1737763477,user202729,1,1,2,0,2,2,71,0,0,0
ipython,3b00d735a211b121499e0abea7e04328b05bf680,1737974599,M Bussonnier,1,1,0,2,0,0,0,0,0,0
ipython,36f74b6067300810d738048c79b24e8137c67b66,1737997825,M Bussonnier,6,7,7,7,7,7,426,0,0,0
ipython,5d0b37b9a2d51e7fccdc14f56a1c38bfdf3dd044,1737998244,M Bussonnier,30,40,68,62,46,34,1337,0,0,12
ipython,da16c9b7f9e7b906ded20285860c4f9ed863bd36,1737999524,M Bussonnier,2,3,1329,1310,1292,1291,25052,1,91,0
ipython,9ff4556c9fcb5f55f119151b74dfb016babe71b2,1738000525,M Bussonnier,2,2,9,7,9,9,425,0,0,0
ipython,565d2f0374cc66e2e61e121f1a5b05e6ecedbe50,1738154063,krassowski,2,6,63,6,27,24,938,0,0,3
ipython,7ff82ed42ad35910b58df6a7e1a634b1d9a68c54,1738154398,krassowski,1,0,2,4,0,0,0,0,0,0
ipython,17890ed1623bce43986fcb1e3909e9400261f74a,1738156002,krassowski,1,0,0,28,0,0,0,0,0,0
ipython,1e938fcef6c63dadbd57959a2a78a92c1da1c575,1738161623,krassowski,1,0,28,0,0,0,0,0,0,0
ipython,c37a8c970cba0379b36b481672dc3bc9ff62ec36,1738161631,krassowski,1,1,9,1,9,6,178,2,100,1
ipython,68107ffc1369779baed1d1d25fa101c1b94a62c9,1738161945,krassowski,1,1,12,6,12,7,241,5,267,0
ipython,0dd7986b98a7385fbf6c4d0fa5a8c60cd4b15e1a,1738166300,krassowski,2,1,29,1,1,1,45,0,0,0
ipython,ab51b423e24f6b8b5b4709428cce0bfbee298bb8,1738167372,krassowski,1,0,5,3,0,0,0,0,0,0
ipython,40e5fe50e3042bb01d86407652f8e9e44b4b2800,1738228998,krassowski,1,0,3,2,0,0,0,0,0,0
ipython,f630b8421a3da4efb2711292c55e978484a9ca43,1738229877,krassowski,1,0,3,3,0,0,0,0,0,0
ipython,cb1ef62eecdc8df995a780a6b1b71bebaaad8443,1738230610,krassowski,1,0,7,4,0,0,0,0,0,0
ipython,24810f7b954b10a4e1ca9111beb151ef320c594b,1738232712,krassowski,1,0,5,5,0,0,0,0,0,0
ipython,557b8bca83913d6ec79c54a56afbbb0f0e14d685,1738233651,krassowski,1,0,0,1,0,0,0,0,0,0
ipython,771cec3d29fa63c9c62cd8bd59f73cecbcf13671,1738261837,M Bussonnier,1,2,0,3,0,0,0,0,0,0
ipython,144dff403e18dae64d8a820a8c5240349b408abc,1738262262,M Bussonnier,2,3,4,6,4,4,161,0,0,0
ipython,e65cd11a98546af5723251257c03fbaf3d35552b,1738266440,jdranczewski,1,1,2,2,2,1,36,1,68,0
ipython,334fabc8482a0838a0d1412bf4ad9061bd6440f5,1738267650,jdranczewski,1,10,14,16,14,12,413,2,166,0
ipython,6da0463a4ef6e64eb499ae963ba227917f75557e,1738329110,M Bussonnier,3,27,434,16,304,245,10927,11,653,48
ipython,e38bc70b919d2a78f385c7b5149515f6a0df8cd3,1738332378,M Bussonnier,1,1,2,2,2,2,36,0,0,0
ipython,b9e8e12e6af7765fa68bdbde17ddce70acb88b70,1738502068,மனோஜ்குமார் பழனிச்சாமி,1,5,12,6,12,11,713,0,0,1
ipython,559d9051a21a6d3e2263aeff671b631b7dfa1c7c,1738506692,மனோஜ்குமார் பழனிச்சாமி,2,6,355,10,355,268,8979,14,636,73
ipython,efd05c41d9818505b08a7c0133ea4bdd937d98fa,1738506860,மனோஜ்குமார் பழனிச்சாமி,1,1,1,36,1,1,54,0,0,0
ipython,44b6e4157e877bdec70e2b318a97c49807fccc0f,1738573422,M Bussonnier,1,47,79,69,79,66,2457,1,33,12
ipython,3ed3a657b45dd3577db63493e3895a05f052d17d,1738581384,M Bussonnier,1,1,0,3,0,0,0,0,0,0
ipython,b66bbf789ef038c68803a4478f952981ad5824d6,1738593434,M Bussonnier,1,2,20,13,20,20,935,0,0,0
ipython,259cc9aacd30ba892161dd2eeda00227616d9910,1738665526,M Bussonnier,6,12,63,28,42,35,1424,0,0,7
ipython,1e45ed18b696ff841d9bad5dd2a7542da61d4339,1738672713,M Bussonnier,1,1,0,2,0,0,0,0,0,0
ipython,2d3f2c619d8ad56a41e3d31f41526d28ab999b56,1738691354,Florian Maurer,2,1,28,1,1,1,49,0,0,0
ipython,4b8ec06a4c70bc782b8101220b87e716fff6d313,1738744898,M Bussonnier,1,0,13,6,0,0,0,0,0,0
ipython,d4d1901e0838beed9ffe48a4e46868523eebf5aa,1738745484,M Bussonnier,1,3,10,6,10,10,348,0,0,0
ipython,aa832cbc6b27fd1a2a6355747a2f037e0fad0845,1738768283,Yann Pellegrini,3,5,44,0,44,36,1439,2,87,6
ipython,1c203e06ba2f9292338aeaa10f6e6cc84cd2a045,1738913898,M Bussonnier,1,1,5,1,5,5,373,0,0,0
ipython,14f026a14ae4c9559c3b02d725c25f53e03d8469,1738925271,Yann Pellegrini,1,1,0,3,0,0,0,0,0,0
ipython,f40f58e1d7b16f78c6dbdfe20faa21f91f8455d3,1739176345,Yann Pellegrini,1,15,29,31,29,27,921,0,0,2
ipython,1e52fb44c1ffcc79033311fc67025ffecaba878c,1739179715,M Bussonnier,1,2,0,10,0,0,0,0,0,0
ipython,0287f9737d398a998feb8a89df253cc42db267f7,1739196392,Yann Pellegrini,1,12,35,28,35,31,1106,2,114,2
ipython,a796b952038faa904c5d7e5ea6c068b17e765790,1738012340,M Bussonnier,24,430,1443,1514,1412,1298,48168,40,2158,74
ipython,d971f28fc0c646f26b1732fc4358ff8933d4eaaa,1739269703,M Bussonnier,1,5,56,3,56,19,1026,37,2144,0
ipython,03daf91d157761d07e93f7cc0285e0dc001d497b,1739294734,M Bussonnier,1,2,9,1,9,7,223,0,0,2
ipython,20954afaa995323e6cb0b137721150441a1e7137,1739457261,M Bussonnier,1,3,11,1,11,9,228,0,0,2
ipython,533e1e5cde8c9ffcbb294bdcbcbc85a4338d4003,1739526947,M Bussonnier,1,1,1,1,1,1,40,0,0,0
ipython,ffc164bcefed92c94a1f6c13ca76f0f0b58aa721,1739614447,M Bussonnier,1,3,10,2,10,9,388,0,0,1
ipython,52af196c2eee81eb114c909681d7644db3fcde2f,1739527359,M Bussonnier,6,19,272,159,88,76,2962,2,115,10
ipython,b9e5c810d1ed3115f90394fa99fcd5f23509f561,1739451170,M Bussonnier,1,0,66,66,0,0,0,0,0,0
ipython,327cca1b1b5b3812602b42e59f0dbfa1344056b8,1739451260,M Bussonnier,0,0,0,783,0,0,0,0,0,0
ipython,d3a7fcc28a1b7527316ead65aab2eed8a2e61ecc,1739451274,M Bussonnier,2,0,783,0,0,0,0,0,0,0
ipython,dd6e0d025bb18c1c635e96d23db1b9c08ac119b4,1739451319,M Bussonnier,8,0,1210,1210,0,0,0,0,0,0
ipython,e90bbcd1dcc94253bcbabaf95b70f2deef63b16a,1739451470,M Bussonnier,45,0,12927,12898,0,0,0,0,0,0
ipython,847568709fdc2b5e83109a5d553b075eb914de33,1739451532,M Bussonnier,6,0,1035,1035,0,0,0,0,0,0
ipython,b8c8e03c80d75b3c02e044d3bfa5072591d63253,1739451622,M Bussonnier,3,0,431,441,0,0,0,0,0,0
ipython,d2c0b500bb679eb796e68ab048a5c31ed4117612,1739451667,M Bussonnier,1,0,11,11,0,0,0,0,0,0
ipython,fb19df749fe88d2eef4bbbbf2edd02a15d7b843a,1739451722,M Bussonnier,0,0,0,0,0,0,0,0,0,0
ipython,4c4bb01e3da1f19386c1f6efe0638b1e271ed844,1739451832,M Bussonnier,15,0,1761,1761,0,0,0,0,0,0
ipython,cc10255905e69739650a57cc73c99a0de42b5a5a,1739452442,M Bussonnier,1,0,1,1,0,0,0,0,0,0
ipython,72f354b0679b255af30f3f49cab66ec92874fcce,1739452530,M Bussonnier,1,0,94,93,0,0,0,0,0,0
ipython,33369e64a353a89f5bcf189d3dc68cab4558ceca,1739452634,M Bussonnier,1,0,0,11,0,0,0,0,0,0
ipython,1e0b610ffaf69b82d00236aa84b73bfbb0ac61a0,1739452781,M Bussonnier,2,0,3,10,0,0,0,0,0,0
ipython,544e2c128da10c0e726b58c554886aa50cb0963a,1739454596,M Bussonnier,3,0,770,756,0,0,0,0,0,0
ipython,02a9dd434853256e8f9f749e6cd0525b4ef7c900,1739455393,M Bussonnier,1,0,1,1,0,0,0,0,0,0
ipython,aca6bfbc09524f7938aebc1b2da4b83c77aacfe9,1739455562,M Bussonnier,2,0,13,13,0,0,0,0,0,0
ipython,cb835b9534b6d459e3fa1f9a9e13b5fad50f60c8,1739458467,M Bussonnier,1,0,1,1,0,0,0,0,0,0
ipython,f6cc468d240d3b56dbdc0b93f7e9273206dea483,1739470334,M Bussonnier,1,0,8,3,0,0,0,0,0,0
ipython,dbd15bd7096354ebc534e8952427d1a2eb74202c,1739470855,M Bussonnier,1,0,2,1,0,0,0,0,0,0
ipython,d3c9091190e1b7eefd8b0b9c055ba895df5355a2,1739471197,M Bussonnier,1,0,4,1,0,0,0,0,0,0
ipython,1befa5c726338bcd0f570280cd66bff5cb48966f,1739782607,M Bussonnier,2,0,2,1,0,0,0,0,0,0
ipython,ddff354be7ed9952561efe8a6b40643ecd5b347f,1739782757,M Bussonnier,1,0,0,25,0,0,0,0,0,0
ipython,e1580c233cecf5845047f831bf28b69783029032,1739783235,M Bussonnier,1,0,4,0,0,0,0,0,0,0
ipython,4a7c88ceb7b9f0d3a8ab30ce2d24690bba551477,1739790126,M Bussonnier,1,0,4,0,0,0,0,0,0,0
ipython,fb0304f05c8beff436105ab8dd7ce555069d23ee,1739790160,M Bussonnier,1,0,2,0,0,0,0,0,0,0
ipython,5f91cfd403a9c73cf024874434ded92e2b578766,1739792003,M Bussonnier,2,0,4,4,0,0,0,0,0,0
ipython,de582c1256182e702c1f89c82f28c3249948c9ec,1739792047,M Bussonnier,2,0,3,3,0,0,0,0,0,0
ipython,4c1e7617519bba7918e28917c37c9ec1a6e64a41,1739792258,M Bussonnier,2,0,6,6,0,0,0,0,0,0
ipython,61faaf2b5c1833fe2bd4ca9508c69ccc111494fa,1739792414,M Bussonnier,2,0,7,7,0,0,0,0,0,0
ipython,3de877d914e7540b7ff432dae913ecbd37bff786,1739792530,M Bussonnier,2,0,13,12,0,0,0,0,0,0
ipython,8d98093b8b47a212b40204db9e6878259df52988,1739792740,M Bussonnier,2,0,32,31,0,0,0,0,0,0
ipython,5d00ce4d5c96792b6924ebc96daf7dd2b4de975b,1739792776,M Bussonnier,1,0,1,1,0,0,0,0,0,0
ipython,bfd23e5b5e149266a726fd2d85aa365d939a5840,1739792819,M Bussonnier,2,0,3,3,0,0,0,0,0,0
ipython,c0160a00f3f96d8735efe70ccf076e5a31bcc25d,1739792888,M Bussonnier,2,0,5,5,0,0,0,0,0,0
ipython,3035444514745fd7f5ddec794dca5287392c583b,1739793119,M Bussonnier,2,0,39,37,0,0,0,0,0,0
ipython,302a6c88f4b17bd028871a37d7b4b189e768c75f,1739793147,M Bussonnier,1,0,5,5,0,0,0,0,0,0
ipython,34f3cb7a1ff509bc1a1aabedc9524c9a287d679f,1739793664,M Bussonnier,1,0,2,0,0,0,0,0,0,0
ipython,1f7fd98dedf250c9ab8a6fe48246954d4e57b274,1739793813,M Bussonnier,59,0,2224,1545,0,0,0,0,0,0
ipython,c7658fef41de5d5c541f160332a3780b80427f62,1739795346,M Bussonnier,1,0,5,3,0,0,0,0,0,0
ipython,80d11fb4f85a7da5ea7ef2567938dd5c1522c7fb,1739972228,M Bussonnier,38,44,49,49,44,44,863,0,0,0
ipython,735b4c27f5ea6a0a1405d1c949000b4b22ba2c8a,1740050400,M Bussonnier,2,17,760,227,760,615,24017,64,3083,81
ipython,945ed66de168f7821177e1890480cdaf3d5b1892,1740052987,M Bussonnier,4,9,623,615,622,516,19724,46,2134,60
ipython,bef63f876d834983b640e2713d47affae03ef797,1740085525,Stephen Macke,2,28,333,201,182,166,7409,1,71,15
ipython,373723f3603736c623a71e757484ded3ed884582,1740092084,Stephen Macke,2,6,46,10,46,38,1767,1,71,7
ipython,ed156d0730eff71b10913c3cb8ca1c22304c62a3,1740093499,Stephen Macke,2,7,16,8,16,15,713,1,73,0
ipython,0b1ccdb6b9cbd1f9bb0f17bbf84d298cdf1fb22e,1740093682,Stephen Macke,1,1,1,1,1,0,0,0,0,1
ipython,b180989be19c71b2dbc7551fe6ce0395fe0e15c9,1740128822,M Bussonnier,6,42,428,493,428,359,11909,14,448,55
ipython,363c6f9a1be8a8af4a07be5a5584a8b224b9bded,1740129487,M Bussonnier,3,15,37,30,37,30,1153,5,164,2
ipython,66b6696cec9fdc11ca277dd9c0db6b1139dbbb13,1740129643,M Bussonnier,2,13,12,19,12,10,231,0,0,2
ipython,de82a73778271d7291b4ba15ae16975f2dcd9929,1740130385,M Bussonnier,5,6,15,3,15,7,183,0,0,8
ipython,03f449514005740ff2b493e12121536f42a6ae2a,1740130633,M Bussonnier,20,9,27,41,9,6,436,0,0,3
ipython,4e97c8650b18d53d053621ca6767e5d5cf7be62d,1740145722,M Bussonnier,1,0,0,1,0,0,0,0,0,0
ipython,d824693644387ae51ff13c4e78c1c6862585e307,1740249070,M Bussonnier,4,5,3,23,2,2,105,0,0,0
ipython,9dc9414beec774e0857d655299231fb8e311d9b8,1740250286,M Bussonnier,5,0,10,20,0,0,0,0,0,0
ipython,dfc8c857f36753dfe6ff1be2ed253772bbad93de,1740145106,M Bussonnier,3,10,90,16,61,46,1865,0,0,15
ipython,9cad4fa74b7a8b40e9768d4fabcc9023b049e3fc,1740251208,M Bussonnier,1,0,1,1,0,0,0,0,0,0
ipython,d95675cd54735e73506d96f50d5fa531b6bdc8b4,1740250908,M Bussonnier,1,19,22,22,22,22,1364,0,0,0
ipython,e7ca2a616e5b505d248b1a058e38891f9495bc32,1740249918,M Bussonnier,1,1,0,34,0,0,0,0,0,0
ipython,8f8c94f42f46e6214751004524d2593e2e0f9580,1740298436,M Bussonnier,1,25,26,26,26,26,1408,0,0,0
ipython,d13bc19fbfee217ba32e6601d146eda87f8d413c,1740298011,M Bussonnier,1,0,1,1,0,0,0,0,0,0
ipython,611b1d86f459097e1800205716367bdb381b74cd,1740312640,M Bussonnier,1,33,41,37,41,39,2013,0,0,2
ipython,edb52b440e610b1f46052375edf29f408b05958c,1740313369,M Bussonnier,5,9,12,9,12,12,667,0,0,0
ipython,08fbc4aa7e06c6577cb4f664a964b04db9579019,1740313905,M Bussonnier,1,1,8,0,8,8,309,0,0,0
ipython,e2b6a7247e602a98094b7a3cd1c1fc2ecc480d5d,1740314423,M Bussonnier,0,0,0,141,0,0,0,0,0,0
ipython,fda3930ef3b930e1a74116e63bf4e1a7e94c0d5b,1740315910,M Bussonnier,1,0,29,56,0,0,0,0,0,0
ipython,c916ef6d25593fbda1d826c40af48f4080ea2af3,1740317979,M Bussonnier,1,7,18,6,18,16,869,0,0,2
ipython,18c289d9c9ca9a352c19a35ebfd52e1703f0f8c0,1740318076,M Bussonnier,2,0,2,32,0,0,0,0,0,0
ipython,58bcea21a0a1e26505df59e62f3304dbf4cda6f8,1740318886,M Bussonnier,1,3,11,8,11,11,432,0,0,0
ipython,31a2fbca6693d60ca73068d9a48f47833ef29167,1740319578,M Bussonnier,1,2,13,12,13,13,422,0,0,0
ipython,2c62f36b49e3e1c56783073b917f0016273fc7e4,1740323284,M Bussonnier,0,0,0,52,0,0,0,0,0,0
ipython,b72da20c88df566d76ad2377df069ed73110d658,1740323405,M Bussonnier,0,0,0,8,0,0,0,0,0,0
ipython,d0b70d70e07a11eddf36ca2d3a1d8f05a0a2d0e7,1740325824,M Bussonnier,1,1,0,22,0,0,0,0,0,0
ipython,fe2cad86f79e7deb6edd2ab2ec3211eb121d92b7,1740328497,M Bussonnier,5,2,11,12,2,2,102,0,0,0
ipython,de8f1f640ddd2306e5a2661b222662dc6fa56d4b,1740334037,M Bussonnier,4,19,29,22,29,25,900,0,0,4
ipython,389390cf1dfa68065d0c7cf44f18a974eea24ee8,1740333648,M Bussonnier,2,1,2,2,1,1,86,0,0,0
ipython,f2da2a2a621768a968777dab384476fd03678bb6,1740333783,M Bussonnier,4,4,4,7,4,4,165,0,0,0
ipython,536346696cfed4c23905baae5d0cb5acf43d63a4,1725573989,David Cottrell,2,7,24,3,24,17,738,2,151,5
ipython,d034d4d8ed32c756ed78f7018d48c7d15467c68a,1740342941,M Bussonnier,1,8,31,26,31,28,1158,0,0,3
ipython,4860ebcbd83b88580ca2315ca11ca9725c2a203b,1740343314,M Bussonnier,1,1,12,8,12,12,491,0,0,0
ipython,6cd76e89ce854eba078507d8cbc99edff2d142a1,1726353079,Stephen Macke,1,1,2,2,2,2,96,0,0,0
ipython,f2e8d74b93ccf15ff232c0d4c76a5072695629ea,1740386634,M Bussonnier,1,0,45,45,0,0,0,0,0,0
ipython,0ec13bb00a382fbd7fbd8c85a8f8c5fd25ff9457,1728545056,M Bussonnier,1,0,24,68,0,0,0,0,0,0
ipython,49d14a0afd09c2652c9b0d23fd439ea87b03082a,1740398712,Darshan808,4,16,76,13,76,56,2648,4,219,16
ipython,27c466ff42d5c7c2d85b0fee7342e1dabcd94159,1740404490,M Bussonnier,1,1,1,1,1,1,21,0,0,0
ipython,926d3851fef9b2e66024d9a6e623577b0b4d2a28,1740404535,M Bussonnier,1,1,1,1,1,0,0,1,23,0
ipython,80c575805bb25957b5ac7122af97908ed3a92c85,1740470263,M Bussonnier,1,0,1,1,0,0,0,0,0,0
ipython,a050a39ddf8513d5b19261b13416fabf7ec37873,1740422193,William Andrea,1,1,5,5,5,5,298,0,0,0
ipython,2fb62609d2587603c87f3d9108a73fdb76807382,1740426954,William Andrea,1,2,2,2,2,2,102,0,0,0
ipython,4908d54905d6f288ae3c439094ee3a3ba0fd2daf,1740427275,William Andrea,1,4,5,5,5,5,241,0,0,0
ipython,1a66f3f64f3453d1fb29081293ae7a95a894d785,1740428044,William Andrea,1,17,30,25,30,30,1184,0,0,0
ipython,94d9fe8c2b9945ad3be197549deec790ca6a0212,1740428115,William Andrea,1,3,3,3,3,3,190,0,0,0
ipython,4b3535b73626bdd26baebf3a54811653223f7668,1740428226,William Andrea,1,2,6,4,6,5,303,0,0,1
ipython,62735221e9138fa9e60d2f629dd8ade7497b157a,1740428629,William Andrea,1,1,14,5,14,10,297,0,0,4
ipython,09ac02ee01ee9c2ca3781aab5189aa54beb680e5,1740428912,William Andrea,1,4,14,4,14,14,342,0,0,0
ipython,35531be1df2973f52ecfb59ced2c05fee08d2b7a,1740429065,William Andrea,1,1,2,1,2,1,15,0,0,1
ipython,5f1c3fe910665506abead519ebd4b58e4bec0ddc,1740429129,William Andrea,1,6,14,14,14,14,732,0,0,0
ipython,0623e1f25af23ae6bd53c54278977240e8db4561,1740430208,William Andrea,1,1,2,2,2,2,160,0,0,0
ipython,155855712d011dde15b1f310f60cb3df4dbda00f,1740474073,M Bussonnier,1,11,14,18,14,13,565,0,0,1
ipython,a04645e07585f4ec9febbd645a37af5cd13b8d05,1740475020,M Bussonnier,1,0,1,1,0,0,0,0,0,0
ipython,95264316d8a8c429e411759339ae66d5ca21589d,1740477589,M Bussonnier,1,4,32,1,32,26,1060,0,0,6
ipython,8d53f7b0ace5fa198cf1be3c8c83e88de4a82944,1740541875,nsitapara,1,1,6,1,6,6,442,0,0,0
ipython,17260b8571cafd827333fb8551f10154f28ff0ed,1740542229,nsitapara,1,1,4,4,4,4,329,0,0,0
ipython,787d4bd929029ddf8d4b6301e48cb5a5cf051216,1740549309,Darshan808,2,9,44,28,44,35,1561,6,285,3
ipython,9239f15ee39038f3d79072121ac1b4764a458367,1740564803,M Bussonnier,2,6,23,5,23,22,1244,0,0,1
ipython,10c8cbe74d49cba911c1e291cee9dcf80ee5961c,1740567663,M Bussonnier,1,13,28,10,28,19,704,4,316,5
ipython,20b9e8efee971426efad493049b3fcc9bf3599de,1740571611,M Bussonnier,1,1,1,1,1,1,21,0,0,0
ipython,6cba72d026bcc27faa9f04738d5e82cb8535ad85,1740571654,M Bussonnier,1,1,1,1,1,0,0,1,23,0
ipython,b8888fb90b45d086c5d8e8a15580cb4ca7c0f686,1740617471,William Andrea,2,9,25,7,15,9,464,0,0,6
ipython,de22bf27052e135a16c17630fab5502e8e1fb0f9,1740618206,William Andrea,2,2,6,6,5,4,116,0,0,1
ipython,e63f81f42473bde8aca9f0658ce117df2094a15f,1740627731,William Andrea,1,2,2,2,2,2,142,0,0,0
ipython,80e72120939c44433493da5ee1e8165a52b3173a,1740660381,M Bussonnier,1,1,6,0,6,6,241,0,0,0
ipython,9a64164b418971fe23c0c752ecc0bc997f69cd47,1740677203,William Andrea,1,2,3,2,3,3,191,0,0,0
ipython,6b377c8f3128b8deef000ce7f30f34c15931123b,1740695525,Joe Sapp,1,1,1,1,1,1,73,0,0,0
ipython,1060271434666a140d8c7d191f1b7cac77fc1c5c,1740734122,M Bussonnier,2,3,20,2,8,7,326,1,85,0
ipython,7bcd52a30d88716a868f1ce7eb5a32c8b6692125,1740738168,M Bussonnier,1,1,1,1,1,1,55,0,0,0
ipython,f5661a01d16a76e32bbc66791c8957e091759a53,1740738204,M Bussonnier,1,2,2,2,2,1,18,1,57,0
ipython,ec6f9f72bb64cb8854e5657b6b84fce85423e52f,1740744059,Michael Bianco,0,0,0,0,0,0,0,0,0,0
ipython,b82061c2d6a4273f1b9f6245b442a5c4d637a27d,1740988703,M Bussonnier,2,6,18,5,18,16,530,2,129,0
ipython,b28af9b132d2f7173b3af00b58ee02f5b45309a2,1740988846,M Bussonnier,1,1,9,0,9,3,61,4,223,2
ipython,d64897cf070ac6f8d75d84fd31f7ddccc1c7adfc,1740989697,M Bussonnier,1,2,3,3,3,3,91,0,0,0
ipython,1a7363fb2b20691d68c0f8ebdb4b5760d24c3840,1740989713,M Bussonnier,1,2,3,3,3,2,36,1,57,0
ipython,2bdf8add52911e241d09fbdf922e0a44e9e0a685,1741103472,Michael Bianco,1,1,1,1,1,1,87,0,0,0
ipython,6b9ab894dc1601644717f3fafa761a74e7a25d7d,1741189836,joncrall,2,3,20,12,3,3,152,0,0,0
ipython,c11def9687ce2e32bb7d7691b799b02f80fb94d2,1741254040,Jakub Dranczewski,1,2,3,1,3,2,69,0,0,1
ipython,5c0592674f68910b34492e7ed4797423b52182a6,1741274909,M Bussonnier,1,1,1,1,1,1,106,0,0,0
ipython,29a7f1e4fc5bd23456916c28c818b5251b1dc536,1741280443,M Bussonnier,5,7,28,7,27,26,1208,1,51,0
ipython,ae029cb3fa86f13b2468bc3b7bb7d8d6167fbf10,1741364655,M Bussonnier,1,6,6,6,6,6,285,0,0,0
ipython,35312996153a662d66115a722878639aa8ac15e8,1741364835,M Bussonnier,1,0,10,5,0,0,0,0,0,0
ipython,9970f5e4bbb2601b8843940814a42f167f741fe6,1741441771,M Bussonnier,1,2,3,3,3,3,91,0,0,0
ipython,6cc4d06d0154b12a9d6fa36dad1a14920480c423,1741441799,M Bussonnier,1,2,3,3,3,2,36,1,57,0
ipython,d6c8c893b799c9453b49fad78f0bcfb3eeb8a178,1741539045,M Bussonnier,3,4,4,3,4,4,208,0,0,0
ipython,a7e83b2aebbe587ebf541e59520857a8737dbc4c,1741594358,M Bussonnier,1,3,2,2,2,2,133,0,0,0
ipython,85ba582cb845c2ff636c86de3b96aee12eec105b,1741594715,M Bussonnier,1,1,1,1,1,1,65,0,0,0
ipython,786812a3c74aafc8814c414c2922d1bc1f5b6dec,1741622796,Darshan808,1,6,47,11,47,35,1690,8,496,4
ipython,db746f29ec33640fec9719e3eb37a0bca9f524c0,1741625614,Darshan808,4,11,24,26,24,16,947,2,84,6
ipython,fe26455a2655377b303f3a68b24c9a002e69d04b,1741629113,Darshan808,1,0,48,0,0,0,0,0,0,0
ipython,de1a604506b8718f8a0ff6cc27d57abdfe0a3e0c,1741777379,Darshan808,1,0,32,39,0,0,0,0,0,0
ipython,e90fd4c003f70521b19b4832a02619810435420d,1741781669,Darshan808,1,0,16,6,0,0,0,0,0,0
ipython,436dad9fe5530f5eb696b8e0584bdc22ef2966ab,1741798583,Darshan808,3,5,59,4,53,46,1859,0,0,7
ipython,7f12f6de122024fcbe7508d845c618f32a81d67f,1741859498,krassowski,1,0,10,1,0,0,0,0,0,0
ipython,6cd169ddf70fe9584d267b5a6038ea940b873809,1741868522,Darshan808,1,2,79,1,79,67,2326,4,118,8
ipython,f1b962aefb3ceffdeefaa1743a33f2243eaa4c3c,1741878652,krassowski,7,34,171,120,127,112,4610,2,99,13
ipython,55c5ad179e7e22f26cb68d3b218dbba4d67cb8bd,1741878892,krassowski,1,0,1,0,0,0,0,0,0,0
ipython,c97055fa3463f8f215c13f0adbb70391974a1b51,1741878944,krassowski,1,1,0,1,0,0,0,0,0,0
ipython,997857997bedbe7415c509443c21792b47ea106a,1741879249,krassowski,1,2,6,6,6,6,319,0,0,0
ipython,da863e1e43818b4d48528b850cab6afacfc4f16e,1741880371,krassowski,1,0,1,1,0,0,0,0,0,0
ipython,b6e22d6ef4578cacbbb61d6be1a5c48773d325d4,1741966448,Darshan808,2,7,68,2,27,15,515,5,182,7
ipython,7131c2dd16e9fa370f220c8ff153918ed5be4a2e,1741967282,Darshan808,2,7,11,7,10,9,488,0,0,1
ipython,3de4fa7ee7896b1a317585f31d96cea0b3c20f8c,1741969242,Darshan808,1,0,29,0,0,0,0,0,0,0
ipython,6f9003644af3669fd14961f64efd71a41ffad194,1741973802,Darshan808,2,2,3,2,2,2,120,0,0,0
ipython,1951fc21dc3ba22c63a73253c1b1357c3e2268ca,1741974157,Darshan808,1,0,8,7,0,0,0,0,0,0
ipython,73c234342c4b1e96efab16c62e7d60ab7331f90d,1742038153,Darshan808,1,0,1,4,0,0,0,0,0,0
ipython,b0a245962fc3e9cb42cf6375b17913f27814767a,1742231646,Darshan808,1,3,13,4,13,10,414,1,54,2
ipython,db0c8e33fd6f4e835447ad6223d4e26668e4a332,1742236858,Darshan808,2,13,45,28,35,23,928,11,408,1
ipython,b0501184c07e7c5f7621e69be987723372f3b0cb,1742237504,Darshan808,2,3,3,7,2,1,83,1,31,0
ipython,033e735fba4ef511e4694477313b5f85f4484ac7,1742800157,Darshan808,2,20,127,23,107,85,3519,16,872,6
ipython,0dcc950c95405030f49994ccff6389427288e75c,1742802320,Darshan808,1,2,8,1,8,6,290,1,53,1
ipython,a29eefb22c9dc7b28dafbbf195bb39586ea01727,1742805941,Darshan808,1,0,2,2,0,0,0,0,0,0
ipython,44a6b6159a0d74454ddcf7ad2b260856a0b441c6,1742816940,Darshan808,1,1,1,1,1,1,44,0,0,0
ipython,e919491f265613f892a60a4b2a7fba3c21f4e93b,1742884117,Darshan808,2,7,41,64,28,19,819,8,358,1
ipython,b6824f600194b6433ad99193526fae3907ac9048,1742902650,krassowski,1,3,1,5,1,1,74,0,0,0
ipython,5a67c33a3c7e4d9ae37957a7a60574c2d4817dce,1742911341,Michał Krassowski,1,4,4,4,4,2,138,2,171,0
ipython,2f5cc6cbbc6107df9450f921a39b995b8f45bdb8,1742911531,Michał Krassowski,1,0,2,4,0,0,0,0,0,0
ipython,00bb6f3d32dac75ae799fe25e15052e0cfd5af21,1742903105,krassowski,3,7,123,6,11,10,432,1,62,0
ipython,4f8ce6f2493023c91d757839bd911f2109427111,1742912096,krassowski,1,0,2,1,0,0,0,0,0,0
ipython,a31f837723d6379a912c5f409db891cd6dab29b0,1742917816,Darshan808,1,6,7,26,7,6,419,0,0,1
ipython,18cd73a32820443db81b89d9e439d32c0176b919,1743172487,krassowski,2,3,2,3,2,2,107,0,0,0
ipython,0587325ef96718e8b318bea3d6ff2680da08da4c,1743270312,Darshan808,1,0,48,43,0,0,0,0,0,0
ipython,eb6a602e191e879ab4eb2119bd408862621c5bbe,1743273016,Darshan808,1,0,1,0,0,0,0,0,0,0
ipython,ea34a1a82395b557642cb9837f22809f79feffd7,1743279981,carschandler,1,1,1,1,1,1,154,0,0,0
ipython,71862afd721cb9beb1871e4b31de6b40c7643ba5,1743421823,krassowski,1,6,56,81,56,51,2252,0,0,5
ipython,48df9a3c725a4ef01e32d0cd30c602efad828185,1743584731,Matt Hall,1,8,13,13,13,13,1424,0,0,0
ipython,f9097f68acf90ceb7dc7250b25466693e02b7902,1744020493,krassowski,1,1,1,1,1,1,55,0,0,0
ipython,37b41f5eb1578673560f6e85ebb23d9229204b8c,1744020763,krassowski,1,2,2,2,2,1,18,1,57,0
ipython,0eac64cfd5a65b9a93c8d8d3471d7fa865c5bd77,1744748083,krassowski,1,0,1,1,0,0,0,0,0,0
ipython,62943a74753d5b3b1e66d031cf233c8f35896362,1744748093,krassowski,1,0,8,3,0,0,0,0,0,0
ipython,3646798171ae3eb45fca7addadf0773c1ffa4a62,1744750916,krassowski,1,9,12,7,12,9,553,0,0,3
ipython,a1ac6b639e65fe0c670ca56322679a56f15bd87e,1744752325,krassowski,2,1,2,4,1,1,81,0,0,0
ipython,46bd87bf1279b0a7387395392b4371a67d92d0da,1744880614,krassowski,1,1,1,1,1,1,53,0,0,0
ipython,87dbf2dcc3ecf9f4db8f9d2f390b1f43f7c7958b,1744893731,Mattias Ellert,1,1,11,8,11,10,353,0,0,1
ipython,229b4f40f1ea39401139cb5c1d26886742e5a329,1745515695,Beni Cherniavsky-Paskin,1,1,5,0,5,4,230,0,0,1
ipython,763f142ffc3911940a334d72c424969cec087176,1745571528,krassowski,1,0,24,2,0,0,0,0,0,0
ipython,2ca1ff58c049223aff4d7377dea2d5c0c5e10466,1745572348,krassowski,1,0,2,6,0,0,0,0,0,0
ipython,9a906b907d0c1bfd55f4203f9ac83d47fe6c691b,1745572356,krassowski,1,21,27,20,27,18,859,0,0,9
ipython,5575d9bd3373f7d4337265252f027ab81a08de60,1745572923,krassowski,1,1,0,1,0,0,0,0,0,0
ipython,b8a661ac14de67bf7d1a7c207e07f3d87f9eeb47,1745589888,Michał Krassowski,1,2,2,2,2,2,135,0,0,0
ipython,40eaac2d447ce53db4e7948c354940d919a3fbda,1745603587,krassowski,1,1,1,1,1,1,55,0,0,0
ipython,5a3bf345ed7c78e5fab84faa81285e5fd9dfa3da,1745603687,krassowski,1,2,2,2,2,1,18,1,57,0
ipython,f0084d0485c088544171578a239a514cd040a195,1744576942,jaysarva,2,9,201,4,56,49,2099,4,236,3
ipython,6220937c1c2008dd133ce87eb739a4119e45e7a4,1747385809,Darshan808,2,1,11,1,3,2,86,1,61,0
ipython,dba1cd641d8edf06c4fde64c7852de4d6c293b3d,1747390299,Darshan808,2,2,15,2,8,6,271,1,47,1
ipython,b9d6e2d431fcb398bea5814fce5f789b0f09210c,1747390695,Darshan808,1,1,0,1,0,0,0,0,0,0
ipython,812a2620934596b887e1bdc6bf6b472b103c7117,1747981088,Darshan808,2,2,61,8,47,39,1443,2,76,6
ipython,8576912b9bbb652650285a7bc4bf77af6d99e84d,1748066797,Darshan808,1,3,1,3,1,1,60,0,0,0
ipython,758fc789729dc974c80c195bc3713eb155a47bc9,1748076232,Darshan808,1,0,9,1,0,0,0,0,0,0
ipython,7ccb220ae2dd624730925745b628af9a875d1c1e,1748076322,Darshan808,1,0,1,0,0,0,0,0,0,0
ipython,f521d9dca1aa04f0f0a3b38c1100544daef692c2,1748369416,Darshan808,1,11,31,10,31,28,1000,1,47,2
ipython,9754919b9ec087bc1861d2635157f056854ffbff,1748400060,Darshan808,2,2,28,2,26,20,724,4,239,2
ipython,ee36bf997e2163c3c779c4dd453e880b0b177daf,1748400291,Darshan808,1,3,5,0,5,4,168,0,0,1
ipython,afb5a54fa7cee3efd9a669cf37d4652fde3d8ec3,1748542810,Mukul Bisht,1,4,4,4,4,4,207,0,0,0
ipython,2e3c091bfd95e221024b6242e6b7f6ac55a0a63a,1748548681,Mukul bisht,1,1,1,1,1,1,49,0,0,0
ipython,fd803fc7bd8219e58cce5f19e2ad65df3ffc3c25,1748605866,krassowski,1,3,8,6,8,7,348,0,0,1
ipython,a64ad8dfd5a7db0a51751b2f55f387563e196179,1748617436,krassowski,2,0,26,0,0,0,0,0,0,0
ipython,271e3c1ade1d287ee3f8bec98e37140aefbe584c,1748617743,krassowski,2,10,29,13,29,22,1130,2,126,5
ipython,c0a0d7c3a81782104b8da5ee46fcad01665d27e0,1748617940,krassowski,2,0,3,3,0,0,0,0,0,0
ipython,d90a527a46f5172b89fff508e750427dbd01c201,1748644111,krassowski,5,24,112,16,71,55,2518,2,55,14
ipython,493021367bae7c132e670cb0d337e41e72e9804c,1748646106,krassowski,1,0,10,2,0,0,0,0,0,0
ipython,e87cb2a401fcf21422e1519e7e6ad234a21cf1e0,1748709077,krassowski,1,1,1,1,1,1,55,0,0,0
ipython,d47970f7097668ec89a47120e14625d44b617d68,1748709153,krassowski,1,1,1,1,1,0,0,1,57,0
ipython,5bcd7530680d705962890f9acdead0f792fbac22,1748790844,Darshan808,1,8,12,8,12,12,451,0,0,0
ipython,9ecd908b51fa5fe8722bbd5ebb3010e2e5d3d145,1748740635,jaysarva,3,28,403,55,159,118,5753,17,945,24
ipython,6cf9f38f9e05be1449f4e2b35d8d20e62405862f,1748805492,Jay Sarva,1,2,6,6,6,6,319,0,0,0
ipython,f4db28b863acae938f0e8532dc8f90413486b4ac,1748826080,Jay Sarva,2,5,103,26,38,29,1599,6,416,3
ipython,68b92d2a858e8712748b9f24a46e697408d590bd,1749759044,Stephen Macke,2,1,40,10,1,1,40,0,0,0
ipython,fb376f41f325c5d62d775ec4a02bc6d2ddc79e44,1750732984,Vijay Lulla,1,1,4,0,4,2,82,2,76,0
ipython,f629dee7d1ca108ded832f5c46192fa4194049e9,1750803863,Vijay Lulla,1,1,2,2,2,2,96,0,0,0
ipython,4e2277b0ee59aeb52f98559e36327603d24d1678,1750889821,Vijay Lulla,1,2,7,1,7,5,217,0,0,2
ipython,52070f551c6116bdf05e18772c881fc9a703fd0a,1750905580,Vijay Lulla,1,1,3,0,3,2,128,0,0,1
ipython,1cf4a1ca00e51ab7a7caf6d9cf268d17414135a8,1750979025,Vijay Lulla,1,2,4,3,4,3,130,1,41,0
ipython,38d2025adb01392938168c49dbdff093414eb0e1,1750980229,Vijay Lulla,1,1,1,1,1,1,71,0,0,0
ipython,79f1ebc452a99637d4cace454111114ccd156f9c,1751001554,Darshan808,1,2,9,10,9,4,208,3,139,2
ipython,c47342a2d43765dee98a0133db2d0c953c3c2b45,1751001644,Darshan808,1,1,0,1,0,0,0,0,0,0
ipython,55f620e688038b3a10337785c2eff03bcd9c6e6b,1751002770,Darshan808,1,0,1,2,0,0,0,0,0,0
ipython,a70a1feeba4ec90370194c7231a5258f6d21b51a,1751020206,Michał Krassowski,1,5,4,4,4,4,315,0,0,0
ipython,b8f0a71e5e633dd8049f5169632a907e98033ca3,1751020247,Michał Krassowski,1,3,3,3,3,3,211,0,0,0
ipython,1bbcbf8d9a5f6b38dfe063ed566eb10bdcc5795b,1751021246,krassowski,2,5,18,5,18,18,542,0,0,0
ipython,c7a4faaba64722265c4efa9373bac65f7be476cd,1751139287,krassowski,1,0,11,1,0,0,0,0,0,0
ipython,a083a0f5f6e5d55813463ca27324b487d67739a7,1751140730,krassowski,1,0,1,1,0,0,0,0,0,0
ipython,8d565d9955c276bc9e3cd8350228a7b8067bbe5e,1751141393,krassowski,2,5,9,2,8,8,360,0,0,0
ipython,c58e886c78c00a8e19c22541852e0773c8d2b2f3,1751275964,krassowski,1,0,7,2,0,0,0,0,0,0
ipython,29cd16d56d06bf02da74bda43695c4d96e7ff8a0,1751323013,krassowski,1,0,28,0,0,0,0,0,0,0
ipython,819df4e0331b815e5496d313bbad2c217ee417c6,1751322277,krassowski,2,4,203,1,203,152,6980,21,954,30
ipython,efdec6cc7985bc1b9176a0f93af4a33ae8f1c2f8,1751323594,krassowski,2,14,38,26,38,35,1384,0,0,3
ipython,c6ac67469fe61a9836ca97faedf6b2b0c6837503,1751323697,krassowski,1,3,5,3,5,5,261,0,0,0
ipython,e21e5d4b3e46539ed7ea8638485972a6f6740788,1751367856,krassowski,1,1,1,1,1,1,55,0,0,0
ipython,67f7d8b8b54ae2d51bd019af03455a79475b8cad,1751368047,krassowski,1,1,1,1,1,1,18,0,0,0
ipython,cc614bdc1d3f61303e265c26d593d384e4a90d1e,1751368184,krassowski,1,2,2,2,2,1,18,1,57,0
ipython,72d6055f75822e261e7e753bc6cc5c0fde466180,1751988227,Vijay Lulla,1,2,2,2,2,2,108,0,0,0
ipython,734fbac7d2e79ab7922841a010ff59eefb0ec806,1752033276,Vijay Lulla,1,0,14,0,0,0,0,0,0,0
ipython,2a511af0378f8e1ad8b22e919c9f702152f0814b,1752343551,Vijay Lulla,1,0,12,10,0,0,0,0,0,0
ipython,4d27a68b12b5745196ed62c2a5f3d73b82022767,1752345427,Vijay Lulla,1,0,30,11,0,0,0,0,0,0
ipython,4b298adfc3a9e40340b45871650a9eef2048f44f,1752915060,krassowski,1,0,10,0,0,0,0,0,0,0
ipython,d15f161acd150dfc75ebdef7ebd8924ca99420ea,1752916752,krassowski,1,2,2,3,2,2,132,0,0,0
ipython,0bd8e20cd255e0559f41da4a44fd910e50f4b446,1752917015,krassowski,3,5,7,5,7,7,491,0,0,0
ipython,3c6b120985b478cf796a4d39f53c96e4313be0b5,1752926675,krassowski,3,11,81,13,46,37,1571,6,193,3
ipython,f36a7782483fa636e28a2d0ebe1fec2bd4f8d642,1752927531,krassowski,2,6,32,9,10,9,492,0,0,1
ipython,a311ce069cad126913c5c7f1a253ef72b4cd4c77,1752927968,krassowski,1,8,19,8,19,17,862,0,0,2
ipython,4a1130ea246705a2e128d531efb06c7e6400988f,1753103069,Vijay Lulla,1,0,1,2,0,0,0,0,0,0
ipython,52aa8327722f22a4391e1b23826a6442b8a269f7,1754481982,krassowski,1,1,0,5,0,0,0,0,0,0
ipython,2d1c243db8fa55be108f2fb3daa8127dcff27aa5,1754571047,krassowski,2,2,36,1,23,23,775,0,0,0
ipython,dadac0d5a15e67643b7447d0fa05fd4bd6f43129,1754572918,krassowski,1,5,18,5,18,16,705,0,0,2
ipython,f6fd3f5ad8f1e35b3984eae5da8067594dbcc592,1755201593,Stephen Macke,3,6,103,38,67,65,3126,2,126,0
ipython,57663712da9881dbe9d9009bace2ebfceee83e96,1755622243,Darshan808,2,1,15,5,1,1,37,0,0,0
ipython,0ee520203410fa9fce7ce8bade13d5f7530eaec9,1755622998,Darshan808,1,0,1,0,0,0,0,0,0,0
ipython,149e634558185ce7316c4e2a3636c9fdd2c8ebb5,1755626668,Darshan808,1,1,3,2,3,3,87,0,0,0
ipython,6570610d3f0ed280005e30a54f26d69a333940af,1755692130,krassowski,1,0,15,0,0,0,0,0,0,0
ipython,87d5764ced9f81cbf941f32bef8195e9ae89ca81,1755692353,krassowski,2,8,37,7,37,30,1081,0,0,7
ipython,0f3fa1e945f6b0b969bf950032c1d3f6567ab41a,1755693585,krassowski,1,1,1,1,1,1,67,0,0,0
ipython,90a42e78d49afea7322e5aa7dc56131b5afe3e0e,1755696243,krassowski,1,0,1,1,0,0,0,0,0,0
ipython,8c0913ec0b72f439e78b3a328709c86db7201a2d,1755696377,krassowski,1,0,1,1,0,0,0,0,0,0
ipython,da1daa1f2dcb570f427503a5de84b65f8cfa072b,1755696568,krassowski,1,0,2,0,0,0,0,0,0,0
ipython,5c08c25b79362a834aa1b60b986c3dd3a0b9edb6,1755696931,krassowski,1,0,1,1,0,0,0,0,0,0
ipython,16de01ddfe1e1d286cdac47262a5c44d73d9d6a8,1755698117,krassowski,1,1,1,1,1,1,38,0,0,0
ipython,8903a9af027eb47d430c291595ddf2f83b42c7f4,1756052234,Vishnutheep B,2,1,9,1,3,3,178,0,0,0
ipython,21ef0841785b7d5027a33f0d56afe656e456e02f,1756052877,Vishnutheep B,1,0,1,0,0,0,0,0,0,0
ipython,ea60911e8c5e0ca89049eb7768831ffc37320112,1756056278,Vishnutheep B,1,1,5,0,5,4,130,0,0,1
ipython,53613e0f92e76c1ad8278f723cc84d044024aecd,1756097255,Vishnutheep B,1,1,0,2,0,0,0,0,0,0
ipython,0b0501066d464e76a2946504482cf651a772bd05,1756128284,krassowski,1,2,21,1,21,14,571,3,136,4
ipython,df1115803aaa95e2cfaebc0fcb8a84e6fc707d78,1756129774,krassowski,2,1,15,1,4,3,190,0,0,1
ipython,1a76dffaf1d50ca1e1dff19e96175274f31e5aa8,1756130355,krassowski,1,0,4,1,0,0,0,0,0,0
ipython,09930b599d002000163816d174cf5f294fba80dd,1756133437,krassowski,1,0,1,5,0,0,0,0,0,0
ipython,aa75409b515803a57cd74ed5d7229dba6bad37b2,1756228353,dale-roberts,1,4,6,8,6,6,275,0,0,0
ipython,3d9b29a3637538c07051062cd5e4fafecb959c19,1756230316,dale-roberts,1,2,3,3,3,3,160,0,0,0
ipython,cc81493cf64d7543765c45267a2c2e119ae0e911,1756230462,dale-roberts,1,2,2,2,2,2,114,0,0,0
ipython,5f599d3defff00a9e2eb4612c6d37a849468e7e6,1756377750,ktowen,2,16,98,16,97,73,3682,1,51,23
ipython,8617d24650eb3b1f7d745e9f67388bb3bacc7ea1,1756463709,krassowski,1,0,44,0,0,0,0,0,0,0
ipython,2dc4d68c6ae2d1ff63cef884fa25594a6e794e12,1756469563,krassowski,1,1,1,1,1,1,55,0,0,0
ipython,b104dda2a69de82ac19122ad6c293f7d9f45b56f,1756469630,krassowski,1,2,2,2,2,1,18,1,57,0
ipython,9eab23043655924fab41ee7af2ece5f3e522cd26,1756478812,ktowen,1,1,5,1,5,5,184,0,0,0
ipython,bfffc3d8c02bd427e6ecb09515507f4c4b8d9dcb,1756540167,krassowski,1,0,4,1,0,0,0,0,0,0
ipython,0ab1113a7839b532dee20a9d7a3efbd94ac1e12a,1756550300,ktowen,1,1,15,0,15,13,432,0,0,2
ipython,21de9fcf6917e3054dc41283a5fba29851cf88fd,1756555200,ktowen,1,0,313,1,0,0,0,0,0,0
ipython,9e1f15f0b7e354daff8cb8ce9eba2b4f11d48c71,1756614956,Stephen Macke,1,8,17,17,17,17,639,0,0,0
ipython,eb97be103abe28e5ef9ba174c278667d624be9ca,1756980296,krassowski,1,0,34,0,0,0,0,0,0,0
ipython,7406dfe8ed0846946de4a10f11b88bf01a371cd6,1756980530,krassowski,1,0,3,0,0,0,0,0,0,0
ipython,874f6525f6f736c39a3696489d10218373a2736a,1756980571,krassowski,2,10,73,30,73,60,2234,6,242,7
ipython,5694174de0625abb73e4898188b35108242f95c5,1756980636,krassowski,1,2,2,1,2,0,0,2,184,0
ipython,62fa2043c19e24dbe847caf89df90595d554549e,1757421041,krassowski,3,13,22,26,22,22,1065,0,0,0
ipython,39cb11b930e61fe97191f7bf9fba798198af567e,1757422406,krassowski,1,1,1,1,1,1,61,0,0,0
ipython,ff1ba7795a131c0213b9b2d9304635d8277c92ce,1757422663,krassowski,1,0,23,0,0,0,0,0,0,0
ipython,076f5e73f1265198f76b3a0b1bbc8415006b9ccc,1758136555,krassowski,3,22,288,41,169,145,5645,11,347,13
ipython,e2744f9183a191db2bc9720dd18932879e04cadd,1758195283,krassowski,3,26,120,20,85,70,2932,9,352,6
ipython,dc3111a43e1f1aa2ee2b9f47bde22e1110749e2c,1758197012,krassowski,2,5,51,4,24,17,566,3,129,4
ipython,db0fde0f4911f7e08a98eec2f5fdbee98852c5d0,1758209011,M Bussonnier,2,6,14,8,14,10,560,2,67,2
ipython,e083f11288a5882f065da48c349bfb1f80c3322f,1758366840,Darshan808,1,1,7,2,7,6,253,1,64,0
ipython,ba29858fabcae3e3678fcd4699573a0e4e9bfd4a,1758369411,Darshan808,2,2,10,0,4,3,104,1,38,0
ipython,66987a817d704e6dcc8783456b0949b533ef4c21,1758370093,Darshan808,1,0,2,0,0,0,0,0,0,0
ipython,2dd9e5b8ef98f678ae882cc3d26f3db8847d5b97,1758438447,Darshan808,1,3,22,1,22,16,753,2,135,4
ipython,3f6fd1060baebb73574365eb0ce24b55062ecc66,1758441068,Darshan808,1,0,47,0,0,0,0,0,0,0
ipython,9078e456f723199319778166170424b3f2accce8,1758442321,Darshan808,1,2,3,2,3,3,103,0,0,0
ipython,2e4336aba10c29585a3c4fcb37e4448629005962,1758443242,Darshan808,1,0,9,13,0,0,0,0,0,0
ipython,3e5c383ceb14615369447b98fc857873776e677d,1758596296,Darshan808,1,0,21,12,0,0,0,0,0,0
ipython,c51ff7f277fc908ba0a2993110655ba9e2e4e182,1758596841,Darshan808,1,0,0,1,0,0,0,0,0,0
ipython,33ae510051d7e434a0ce9334892f12739e7c24f9,1758600101,Darshan808,1,0,46,46,0,0,0,0,0,0
ipython,2962392a1516c4b3b5274589c044b563072d2a24,1758601054,Darshan808,1,0,1,0,0,0,0,0,0,0
ipython,3b7e941c95939103b4d88bed141ce791f8365a5c,1758601683,Darshan808,2,1,3,1,1,1,47,0,0,0
ipython,0ffeac8eb4f8881b3f1810bb239135e4822059ea,1758604683,Darshan808,1,0,15,0,0,0,0,0,0,0
ipython,fbabbbc086f25793dd8c33d41661d804b5a8c0c1,1758604799,Darshan808,1,0,1,0,0,0,0,0,0,0
ipython,bc732bf20eb9700301be12c52ff4e6bda662b394,1758605190,Darshan808,2,0,57,47,0,0,0,0,0,0
ipython,20616f601a6e702023dc9cf2704d5a0d7e011eed,1758618609,Darshan808,1,0,13,8,0,0,0,0,0,0
ipython,2a15ff9061b47cb986838d5d7fb1d4430086c525,1758619482,Darshan808,1,0,6,0,0,0,0,0,0,0
ipython,f309c4d168ddd02d765773a82b8067a5b77cebdf,1758646036,Darshan808,1,0,18,0,0,0,0,0,0,0
ipython,f53ff480d7e9b486633cc82f647cbcc690bab77b,1758646525,Darshan808,1,0,2,17,0,0,0,0,0,0
ipython,16995180937520f9a0ab62cdad32d9469f357afa,1758696068,Darshan808,1,0,45,0,0,0,0,0,0,0
ipython,65308f0cc97f0677f9a19af486d3986f9286505f,1758696560,Darshan808,1,5,64,24,64,57,2834,2,108,5
ipython,2edd5068a5f07a549b6ca5d31044b4d50e2a3122,1758697802,Darshan808,1,0,1,1,0,0,0,0,0,0
ipython,f9d7d405324507932df8592df8800d9677127e31,1758699383,Darshan808,2,5,28,65,24,24,1317,0,0,0
ipython,c6db3c5d23217751d5f607f12db21562c285d257,1758699978,Darshan808,1,5,64,24,64,57,2834,2,108,5
ipython,39a5b7e2647ddd0fc259218dc6114403f78243a1,1758721456,Darshan Poudel,1,2,5,22,5,5,313,0,0,0
ipython,02805df5f5c6c761e12fe9432d07f7ab82c74906,1758722210,Michał Krassowski,1,1,1,1,1,1,53,0,0,0
ipython,8c1cf781fd2eed7df64aad41a6d10baa9d138367,1758892648,krassowski,2,5,124,4,43,35,1536,1,32,7
ipython,7c20fd6d733f4bc1a236e3acce31c6d50a3eef31,1758893678,krassowski,1,2,2,11,2,2,158,0,0,0
ipython,f3a53d8cf0c936505fc5bed5b2f904d09c9b2cec,1758896329,krassowski,1,1,4,1,4,4,232,0,0,0
ipython,64484bb424c155be04b1889a5a51489a1f8eb85b,1758897606,krassowski,1,2,2,2,2,2,45,0,0,0
ipython,521e98508b04268f92d4bd91ffa9379e172dde19,1758944283,Stepan Nikitin,1,1,1,0,1,1,20,0,0,0
ipython,d01a315e7fdb3c7bba6eed7c31502f1ae01cee6f,1758954539,Vishal Pankaj Chandratreya,1,2,35,0,35,34,1246,0,0,1
ipython,48b00eb07df8f7131838840d0cbfd2655d8ef83a,1759143214,krassowski,1,1,1,1,1,1,55,0,0,0
ipython,67d466eaf408ac5ce2a440be9ec085988d16187f,1759143289,krassowski,1,2,2,2,2,1,18,1,57,0
ipython,9af294d7c1ced2885c3279e68851267d665f4d5e,1759478841,M Bussonnier,1,0,3,1,0,0,0,0,0,0
ipython,1741a9671bc5c90a9f6b03ff5ce1972895a27953,1759479373,M Bussonnier,1,0,12,10,0,0,0,0,0,0
ipython,324dac2f13b62bf97ee4b4206c1e963ea183d12d,1759483328,M Bussonnier,1,0,5,0,0,0,0,0,0,0
ipython,6feeeea611d96294757afa412ffa8bddab0d7ec8,1759567332,M Bussonnier,1,7,8,66,8,6,195,0,0,2
ipython,b91c950f40807ef30c062b725e99d773ab761524,1759686748,M Bussonnier,2,1,12,2,5,5,207,0,0,0
ipython,d1d4f07d4188cb6f19e6e2465d0184b2984cf7e4,1759732441,M Bussonnier,2,0,2,3,0,0,0,0,0,0
ipython,bb8b2bab0f68088b15a4da0cd7ec6e6bfcafd6c9,1759782369,Alexis Gallagher,1,3,5,1,5,4,235,0,0,1
ipython,dc04780f5f4729b0be6ab435a36aea7ac899ed7a,1759793931,Alexis Gallagher,1,1,1,1,1,1,68,0,0,0
ipython,f6fc9285cc79d101bf7624bba8bc4b27783f5908,1759793978,Alexis Gallagher,1,1,1,1,1,1,31,0,0,0
ipython,90d946a9b3569f238a4d213a5545828b9f392208,1760533028,Darshan808,1,1,9,0,9,8,470,1,56,0
ipython,0ac35711a20782ddc100a883d5d7815e740243f1,1760533043,Darshan808,1,0,50,0,0,0,0,0,0,0
ipython,c4bd5d5a47bedd303cb98dd537ac0b6eee39ebc3,1760595435,Darshan808,1,0,7,0,0,0,0,0,0,0
ipython,32358c57ed477c90da240b6fb52f64e9b9c99147,1760595710,Darshan808,1,1,4,1,4,4,170,0,0,0
ipython,4345e36185e37957e6f541b41f24a14430bc6a68,1760595902,Darshan808,1,1,4,1,4,4,200,0,0,0
ipython,9bcb0e07388b61974035a4e68e5d6689afc509cc,1760597092,Darshan808,1,0,5,0,0,0,0,0,0,0
ipython,ec94e95492d014d19005a994eac8a1f940200226,1760597692,Darshan808,1,0,1,1,0,0,0,0,0,0
ipython,11c98b9781d2cb5f6bca9a7e6eb80544b19b68f3,1760598123,Darshan808,1,1,1,1,1,1,55,0,0,0
ipython,3f98bc8d5ea9f640a9881a4e55be772a9c88ba8a,1760860324,Darshan808,1,2,60,3,60,54,2139,0,0,6
ipython,5425002513b72333fb1890908c4ee48960532b73,1760865933,Darshan808,1,7,30,11,30,27,1277,0,0,3
ipython,7f8875aa5e36baacd0c2b3f9b39786a03349b00b,1760865953,Darshan808,1,0,24,0,0,0,0,0,0,0
ipython,48971a5bbae12f58d357c8828fd1b74a63dfc1d0,1760866023,Darshan808,1,0,10,0,0,0,0,0,0,0
ipython,dbbcf8f6fb3ea8e60a842d5622b6a78a6a2e183f,1760877456,M Bussonnier,1,0,1,1,0,0,0,0,0,0
ipython,d7d29735ff569acf8d4d16ca421814edef42358e,1760896730,Darshan808,1,2,1,43,1,1,73,0,0,0
ipython,ed8558aab9dba309ebac13ab491240847790c62f,1760897150,Darshan808,1,0,11,0,0,0,0,0,0,0
ipython,249e7373201793f185d427332f86a3ad221b1906,1760897668,Darshan808,1,1,2,2,2,2,131,0,0,0
ipython,4550c11f7f4ba84239aa4fcce86db18e4aada0b4,1760897769,Darshan808,1,2,1,8,1,1,54,0,0,0
ipython,6ffaca4a0a29ebb4aa4250ca11e0d51cb6e32f2c,1760958522,M Bussonnier,1,0,1,1,0,0,0,0,0,0
ipython,e424f689ed5318e19c00b73a157d5e0016ab8083,1760961363,M Bussonnier,2,5,25,8,24,24,675,0,0,0
ipython,6d99f4993560dd79c5cc23309af0255a2b451812,1760962061,M Bussonnier,1,0,5,4,0,0,0,0,0,0
ipython,6bf4b7e29fa3bd0aec808b4b7b8939431f993dbe,1761035953,Darshan808,2,1,14,1,1,1,54,0,0,0
ipython,afb128fad5d4ec3194c75999bb378b767aec12b5,1761045150,Darshan808,2,8,77,10,53,50,2182,0,0,3
ipython,ca01803d5537b4b477ecfb98365076f17787ab49,1761071325,Darshan808,2,3,27,2,16,13,678,2,46,1
ipython,051f45d2fe4d8a37a4fb7577f89c89a30b54bb7c,1761073318,Darshan808,1,1,4,0,4,4,135,0,0,0
ipython,69a84ca78dd713b1db9deda282cfdec3d919316d,1761076346,Darshan808,2,14,109,23,60,57,2841,3,128,0
ipython,29af80b85df93a707ded79292c5cd3c7c615d581,1761078779,Darshan808,1,0,3,2,0,0,0,0,0,0
ipython,504bee75b732577378157457201f4b0f446f2064,1761115164,Darshan808,2,16,105,73,69,56,2428,1,55,12
ipython,f0aeee39872852f3cfec9ea2ae094e484d4f64f9,1761116027,Darshan808,1,6,6,12,6,6,365,0,0,0
ipython,f770dd0e180f9ef229ab961eb43cc311246bc481,1761116230,Darshan808,1,3,2,3,2,2,109,0,0,0
ipython,3023e6c8dcb57951d29ec930994c304601b038c0,1761117533,M Bussonnier,1,1,0,10,0,0,0,0,0,0
ipython,82f6cb610b5c84b66a9a19c3b5454fb1ef13e8e5,1761119536,Darshan808,2,10,33,12,18,18,734,0,0,0
ipython,8e4058bc1b020d701e83d95fe7a9605161f46a53,1761119635,Darshan808,1,0,3,3,0,0,0,0,0,0
ipython,87da62b5efd554f4a240b9b76c6bc69c7150c0e1,1761120354,Darshan808,1,0,1,1,0,0,0,0,0,0
ipython,c70984d98a6ad31a67caa8af333351de3e2b47b5,1761120521,Darshan808,1,2,2,2,2,2,118,0,0,0
ipython,d801c1696c87147a1a1767e3e8456b96a47d64df,1761155015,Darshan808,2,1,37,0,9,7,274,1,61,1
ipython,a0f72a0946c66f3a1e655119127b24088545568c,1761155924,Darshan808,2,1,15,1,3,3,136,0,0,0
ipython,6f51fbe32ff48849c801326c25fcac20a7eef032,1761293782,M Bussonnier,19,28,39,34,35,35,1438,0,0,0
ipython,8869eea8e30b2894f3274f597de6fc1586d98538,1761297030,M Bussonnier,1,81,142,117,142,110,5001,11,859,21
ipython,a143aa0966421a3e6fb3e395b1b21f3540e31737,1761297511,M Bussonnier,1,1,1,0,1,0,0,0,0,1
ipython,494bdd2b7ce9537d182d42e039a615df27b38b70,1761301266,Darshan808,2,6,12,6,11,10,351,1,28,0
ipython,a765762227ce30824895460d43a8027150585ed9,1761404155,Darshan808,1,1,7,2,7,6,233,1,48,0
ipython,719ecd91f01e6a7f6820b465827bb17482975604,1761412314,Darshan808,1,4,33,4,33,30,1426,0,0,3
ipython,0dc9d3e1eecae03382c5bfdd2cbec8074d395598,1761412804,Darshan808,1,0,25,0,0,0,0,0,0,0
ipython,66072fd9cb2a9c2b299ef3754781011b52878ead,1761416159,Darshan808,1,6,26,11,26,25,850,0,0,1
ipython,3548feb290993cc38927841b3ffe53dfa1b63099,1761418280,Darshan808,2,2,2,15,2,2,124,0,0,0
ipython,afa48d48a05f411d48719de00eecf6cef0ef9aef,1761491973,Darshan808,2,6,9,17,8,8,427,0,0,0
ipython,72cac587c7ff268a90dbb8d55525be3ade3fceb2,1761492300,Darshan808,1,0,15,6,0,0,0,0,0,0
ipython,28315f2e7496854bbbdfa50013df041ec5a6ea5f,1761493467,Darshan808,1,0,1,1,0,0,0,0,0,0
ipython,5c443787476476db0dd8bf1925d4ada171b1865d,1761494212,Darshan808,2,2,0,41,0,0,0,0,0,0
ipython,e874d03fd906160f11b8906c9ed4e89e62404c99,1761495123,Darshan808,2,3,38,0,18,17,753,0,0,1
ipython,51f638767a8e2aab7a3e0290248039ee6ad7126c,1761495786,Darshan808,1,2,0,2,0,0,0,0,0,0
ipython,fb415c9770da123b0f3bcd6cd22bb04b44edd906,1761497391,Darshan808,1,2,18,3,18,16,605,0,0,2
ipython,31a2e86e39881c0e378a1cc9857267a7bf859da1,1761498957,Darshan808,1,1,15,12,15,15,518,0,0,0
ipython,fc81000be6eb32d01ae3b35c2eed5be192dd4f68,1761499364,Darshan808,1,3,3,5,3,3,97,0,0,0
ipython,7fa2a0546b129f5d57ff5a2d60a4e6949e78b96f,1761499502,Darshan808,1,1,1,1,1,1,40,0,0,0
ipython,e4c670082b13b6511a92a3eadabb81211d280f11,1761566381,Darshan808,2,3,53,19,29,28,1126,0,0,1
ipython,23b950e91da9d8ec341141ae9612efa97e6b8f86,1761579758,Darshan808,1,3,4,5,4,4,228,0,0,0
ipython,a48b9870f801de3cfc88b744a5dde72dc883eb4b,1761580292,Darshan808,1,1,1,1,1,1,83,0,0,0
ipython,4a896b337b3a27a7c4f1785c386160235aaf96cb,1761580434,Darshan808,1,1,1,1,1,1,74,0,0,0
ipython,7cc8cdf3778d27f4718cdc48bd689365e2046d6e,1761754076,Darshan808,1,5,18,3,18,18,832,0,0,0
ipython,8bc79d655c05238472f16b52cb437b493a7def80,1761754327,Darshan808,1,0,10,0,0,0,0,0,0,0
ipython,89439a0f520f1dca69dc3aada832943e5a6cfa19,1761756563,Darshan808,1,3,9,2,9,7,332,0,0,2
ipython,5ac15f9c81250cbb8046f7ba5ffd7cb8733faeb3,1761756680,Darshan808,1,0,9,0,0,0,0,0,0,0
ipython,9f36264e6241dc8ebfaf8f6dc0256cec4b0ee2af,1761818607,Darshan808,2,2,31,1,11,9,312,0,0,2
ipython,b330f7e5acebefda7dd86c9f35adcef08c2b91e7,1761819909,Darshan808,1,1,1,0,1,0,0,0,0,1
ipython,92a7ab2da117b63c94d55c7fc20c1f3f6de04b77,1761907104,M Bussonnier,1,1,1,1,1,1,40,0,0,0
ipython,462781583f7d9a94d7a8e3332ca7ecb15180cb11,1761914449,Darshan808,2,3,208,0,94,79,3055,2,70,13
ipython,47ce2baf222efa8e66c8d4b4ca2c4ee7571be0ac,1761918670,Darshan808,2,21,122,10,39,38,1093,0,0,1
ipython,bff10e0b8eba20bf8a1b57b06138e19d4309116c,1761918788,Darshan808,1,1,1,0,1,0,0,0,0,1
ipython,9b792c7ecc716c733b1cda401d7ad37e79acefce,1761925545,Darshan808,2,2,0,23,0,0,0,0,0,0
ipython,16857631d0d5078f870a5db992342069f05cd6af,1761928539,Darshan808,1,2,2,2,2,2,54,0,0,0
ipython,ddad5ab2e9105c1763c08e595dd0dd22f81ee2e3,1762114800,M Bussonnier,2,14,27,14,27,24,1193,0,0,3
ipython,30d564c55c3db2e34f87026a4cf13de4bc3b37c8,1762115762,M Bussonnier,1,3,3,3,3,3,156,0,0,0
ipython,cdcdef607c1279b9c961ef58aefd18ecd1eaa486,1762202375,M Bussonnier,2,18,28,22,28,28,1215,0,0,0
ipython,6f659b2b6a5cbe9b87d0594b57b474dc4858bf88,1762202891,M Bussonnier,1,2,2,2,2,2,115,0,0,0
ipython,73f72522c04591f04505de650eb701c532cc0b86,1762247351,M Bussonnier,1,2,3,1,3,2,56,0,0,1
ipython,b69d57334d445bc0cca47b8d652fffc2c580ef3b,1762247383,M Bussonnier,1,5,29,7,29,23,816,0,0,6
ipython,253313983577078f3046de01ccd8f3fe499e16c1,1762247399,M Bussonnier,1,3,3,3,3,3,134,0,0,0
ipython,846b462eecf46de41df6c768c05618ba9a10000a,1762271782,M Bussonnier,1,1,5,1,5,5,273,0,0,0
ipython,adf96666bfd54b81d78b862f6a0e5b4c3ae67716,1762335572,M Bussonnier,23,17,52,50,46,45,1420,0,0,1
ipython,4d6a64ace3fc7385c9d8b6811ffe965f27dd0a70,1762345049,M Bussonnier,1,1,1,1,1,1,55,0,0,0
ipython,652f9b59a28912d4bb4734d7ae2f89eb75ed6c84,1762344628,M Bussonnier,1,2,2,2,2,1,18,1,57,0
ipython,16e9c43cbcdf77bf5d3a3241caa32c42b7973e12,1762525966,M Bussonnier,1,7,18,3,18,15,416,0,0,3
ipython,7e4776f6f6538f8ea2c818fc40e9be9af62e356c,1762526094,M Bussonnier,1,3,6,2,6,4,165,0,0,2
ipython,250a82df9ebbee806bc496575d024fe50a0cb48d,1762526442,M Bussonnier,1,6,7,4,7,6,265,0,0,1
ipython,33675dbd5fa7938310ec61a2acd92d95194ac258,1762526628,M Bussonnier,1,5,8,2,8,7,250,0,0,1
ipython,ff1dc50c641b2dde75c0bdec2c06a623d529a6f1,1762691549,M Bussonnier,1,4,3,4,3,2,98,0,0,1
ipython,639aa5637ea58c56ad6252135ba01fe230913f0f,1762784651,Pierre Haessig,1,2,2,2,2,2,64,0,0,0
ipython,d9a261ab410c6c6e9a344d1303b46c7a77b1eb81,1763087745,Aditya Wasudeo,1,8,39,5,39,26,1278,7,368,6
ipython,e34479d1ab51f9be2caf043ee4e2d87d8c96d8e4,1763111329,Darshan808,1,2,32,4,32,28,1080,1,72,3
ipython,c61cf9df7e27bb9f63324814b056b5a0b4edd5b0,1763111367,Darshan808,1,0,37,0,0,0,0,0,0,0
ipython,738ba43c8d57b0ef6a1cfb3a37d253223d9565cf,1763113555,Darshan808,1,3,31,37,31,23,968,3,65,5
ipython,5b02035bf192624ec51537802a070ef111c213fc,1763114192,Darshan808,1,4,5,4,5,5,262,0,0,0
ipython,e56865231e2478eef5809f2e7dd6c023cd5c800c,1763356542,Darshan808,1,1,2,0,2,2,77,0,0,0
ipython,16e3edf7aee9143f59fe003749293a0389608ce8,1763361423,Darshan808,1,5,42,3,42,39,1518,0,0,3
ipython,041f56c4ff40e085473bc83e30a6c9b02c6b90da,1763361449,Darshan808,1,0,18,0,0,0,0,0,0,0
ipython,871619490304ede81023265e75df2c1f85e6be6e,1763368709,Darshan808,1,0,33,0,0,0,0,0,0,0
ipython,4e12cce0ee20cc746076fcfb13f4c4683e70ff25,1763368841,Darshan808,1,2,17,1,17,16,620,1,37,0
ipython,5645622cc429819253bd148e0ed37e9d86fc25b8,1763532266,Darshan Poudel,1,1,2,0,2,2,91,0,0,0
ipython,0d58e50a0e9fa7ce239f19a537698e9e09b6a301,1763535361,Darshan Poudel,1,0,21,0,0,0,0,0,0,0
ipython,298d2cdb9fe431289b98a506099edcb2ceb1a6a5,1763536954,Darshan Poudel,2,1,0,23,0,0,0,0,0,0
ipython,eebda016c1184e48a657348ecb146f0a61a2de10,1763537013,Darshan Poudel,1,0,1,0,0,0,0,0,0,0
ipython,a2fe4da13410d7ab76f74d2a453a1a4b12dd6ba3,1763537427,Darshan Poudel,1,1,2,0,2,2,77,0,0,0
ipython,606767f85fba19e1c219ff6765faa8fddf1e9a1e,1763539302,Darshan Poudel,1,1,2,0,2,0,0,0,0,2
ipython,8e11e9aa184e76240476cf22f7b7d4056627e8f9,1763547736,Darshan Poudel,2,3,48,0,11,9,453,2,88,0
ipython,eb307d43c6c094b8fa362b57da3c44a5cf5db229,1763718266,Darshan Poudel,2,5,37,8,29,26,1259,3,176,0
ipython,4c0253195190982c48f8a15c3a9b64bc53f9753a,1763718612,Darshan Poudel,1,1,1,2,1,1,60,0,0,0
ipython,f632a64c2e1552ee5abd8761bd04d4f5422bdc42,1763967232,Darshan Poudel,2,1,2,1,1,1,74,0,0,0
ipython,196d56f06117de7fc498be78f34031112eebd39a,1763970584,Darshan Poudel,2,2,32,4,10,10,482,0,0,0
ipython,e747e0de5a099e4a72c9d36e7c9ffe628f183a12,1763973032,Darshan Poudel,1,7,13,9,13,13,636,0,0,0
ipython,514a040c6c7389538be0fab311250e3a92b525b8,1763974735,Darshan Poudel,2,2,47,6,9,7,304,2,87,0
ipython,3991278dc5cca549ab84c748fa798a54f76a3525,1764052264,Darshan Poudel,1,2,40,1,40,31,1129,4,177,5
ipython,6ccfe4141e2510f63079f7c5eb6a3fa74f57db7e,1764053234,Darshan Poudel,1,0,29,0,0,0,0,0,0,0
ipython,5cb47b34037573485270db7017b8c60249786f90,1764055086,Darshan Poudel,1,0,1,0,0,0,0,0,0,0
ipython,d56f2d20fed78102dcfecc20c97ce27e7d2cfb01,1764057901,Darshan Poudel,1,0,8,8,0,0,0,0,0,0
ipython,2314ec5782691cc7559aa6bd2fc4bf77b90b81e0,1764058180,Darshan Poudel,1,0,1,0,0,0,0,0,0,0
ipython,2a6cdf2414de42c75f0a3bf495d7a19533e73c2e,1764058566,Darshan Poudel,1,0,8,9,0,0,0,0,0,0
ipython,82657b621e36e3b9cfa601a834bba3166e14bbcb,1764310368,Darshan Poudel,1,2,11,19,11,11,539,0,0,0
ipython,fa6d7f75141edf26d0fd9a6cd0f4c34c78ae01f8,1764310993,Darshan Poudel,1,5,8,10,8,6,232,2,124,0
ipython,6198bb639f82a53212adada385439ec321659434,1764311421,Darshan Poudel,1,0,31,31,0,0,0,0,0,0
ipython,28d3ccdc09a7e04d86365eebdd210d8bea386364,1764322751,krassowski,1,0,12,5,0,0,0,0,0,0
ipython,ef4250cb2efd9003ca1be2871108d5b3228d15d3,1764324747,Darshan Poudel,1,0,1,0,0,0,0,0,0,0
ipython,83d61110828d1a10f2bd0c035a1177a3e3df27bb,1762803844,M Bussonnier,3,7,51,4,13,9,327,4,222,0
ipython,1b2e40188931ee8aff0fedaae02e3a325bc8c140,1762806673,M Bussonnier,3,9,24,13,20,19,676,1,66,0
ipython,f9ae197824c476cb32e8efe68c9c33bb84c72cfd,1762807088,M Bussonnier,2,3,6,17,3,3,56,0,0,0
ipython,e694b4683c27dd0262630dacfd1609626655d540,1764359450,M Bussonnier,3,5,10,10,5,4,110,1,37,0
ipython,c83281dc9719edfcab3aa251549bc76aa4b75d8a,1764360652,M Bussonnier,2,3,5,6,5,3,104,2,103,0
ipython,5befe9c3b6667601ea014d40e2a3f4b57158b2f8,1764360938,M Bussonnier,1,1,1,1,1,1,68,0,0,0
ipython,6240d23b089973bf3cf1a3274c0cadc91b963dc4,1764364132,M Bussonnier,3,10,12,12,12,12,923,0,0,0
ipython,aaa5a4562899f6a805468772aecfddb5036158a9,1764340747,drorspei,5,16,39,18,13,12,696,0,0,1
ipython,6b93788154f321c8e3968319f1eb141170978497,1764756124,M Bussonnier,1,0,0,13,0,0,0,0,0,0
ipython,2fc1f45803f44e80ed121b6da0de9c5b38a3f3ec,1764757007,M Bussonnier,1,1,1,1,1,1,55,0,0,0
ipython,569cd97a7a6b34b6391aa9cda075a4436ed92b4e,1764757082,M Bussonnier,1,2,2,2,2,1,18,1,57,0
ipython,6ecd751f4086fab05ce9bc459baa25e2c0e516ce,1764774426,M Bussonnier,1,0,6,168,0,0,0,0,0,0
ipython,c2dc68b67042647d06c5a9a1d903205169f8a309,1762110184,M Bussonnier,1,9,17,22,17,15,454,0,0,2
ipython,1a7986e24dd2120ab7af0e7fa4638470b4f8a2de,1762110745,M Bussonnier,2,18,31,16,31,26,1001,4,316,1
ipython,01bc61a983a45b944a2b50371cdddde920b3adf3,1764784299,M Bussonnier,1,1,1,1,1,1,64,0,0,0
ipython,57a5c0ee94b1c5c9da70f272056f03d4f0a9a872,1764873847,Zachary Ware,1,1,12,0,12,7,170,3,169,2
ipython,3cf1f7c899b6c047497a68ba2a437850812f1174,1764922874,Jens H. Nielsen,1,1,1,1,1,1,84,0,0,0
ipython,e0c5093f376de06f9aa478f47eb541c3d8597903,1765197267,decorator-factory,1,0,66,66,0,0,0,0,0,0
ipython,003816a5993720a5de2e23f0cc0d194019f351e7,1765684054,decorator-factory,2,3,12,9,4,4,228,0,0,0
ipython,4f9e3bf96ff9c4d233ab845beb986f4432c70b72,1765685479,decorator-factory,1,0,5,2,0,0,0,0,0,0
ipython,a30114fc595d488ec992f82884a58916015f0a5b,1765828658,M Bussonnier,1,1,10,0,10,7,196,1,47,2
ipython,9ba5bfd33612e6db30630f04e7a122b402532920,1765848868,Zachary Ware,1,0,25,0,0,0,0,0,0,0
ipython,1e7227bf348360265fe1b97cd4199ec63ae33b7c,1766118596,Zachary Ware,1,2,3,7,3,2,67,0,0,1
ipython,adc49675d4bbdf890686692b4fb55fe766df893f,1766166504,Alen,1,1,1,0,1,1,24,0,0,0
ipython,e62c4ba60fb720fe46758dd5f60f179a7e3f55cb,1766242631,Darshan Poudel,2,1,4,2,2,1,75,1,78,0
ipython,74bf6d080d6a6cb917c44c45e54aa6620bcb3718,1766333079,Darshan Poudel,1,0,20,0,0,0,0,0,0,0
ipython,28d83b9ef7054d8603a7d2d0466cd656b2df0778,1766333475,Darshan Poudel,1,0,3,2,0,0,0,0,0,0
ipython,d4aa4c859d6d276038de13753b0bce80ebb39d34,1766769167,michaelj094,2,4,72,5,36,25,1088,6,342,5
ipython,4d0cb19f4724133b102eca3b72b353125efa66ba,1767126375,Jason Yundt,1,3,3,8,3,3,216,0,0,0
ipython,11109790e746ba50507da8504cc4c5bc58446fdf,1767467169,michaelj094,2,7,88,10,66,48,2038,7,431,11
ipython,0c28fe5821b85b091bf5693ff5ba3eda7bcc49ec,1767616550,M Bussonnier,1,1,1,1,1,1,55,0,0,0
ipython,28d9b9c5aa9bf595eb8a0cfac1dcdd551ff5e91a,1767616593,M Bussonnier,1,2,2,2,2,1,19,1,57,0
ipython,8e7ebe49545ebf1308960229b71e5b4cbee5293c,1769083053,Thomas Kluyver,1,6,21,2,21,17,680,2,114,2
ipython,e3c66c0bc8469a426a0d026fa6d7cd2d4833e987,1769085273,M Bussonnier,1,1,2,1,2,2,116,0,0,0
ipython,add29df31ee26d19b74beef961cbedb965d439ac,1769085470,M Bussonnier,1,4,6,4,6,6,256,0,0,0
ipython,e6026949304ca8a415fecdd89f75a5fbd9dd7e57,1769089233,Thomas Kluyver,1,4,10,6,10,8,301,0,0,2
ipython,d791458a54351d8baa63576c4883b379471cb18e,1770023913,M Bussonnier,2,5,26,6,26,25,1057,1,43,0
ipython,178fef723dc3dd6e9b4545041a25508232319928,1770026357,M Bussonnier,1,1,1,1,1,1,55,0,0,0
ipython,a3b9c5bd502373a28e1e278ffa0511fac2e4a462,1770026386,M Bussonnier,1,2,2,2,2,1,19,1,57,0
ipython,4b981b44b0cae89a4f8211fa7c6aca5842f94050,1770027025,M Bussonnier,10,10,11,66,9,9,411,0,0,0
ipython,4e30b98575ba3d09c80b93ab94f09970201867ae,1770199163,M Bussonnier,1,0,0,37,0,0,0,0,0,0
ipython,a041e77f0933c914de50ad8d8a709260a830b9b9,1770203797,M Bussonnier,2,0,5,1,0,0,0,0,0,0
ipython,9d76804750480db49327335dfb5bf240d4fda39b,1770209634,M Bussonnier,1,0,0,1,0,0,0,0,0,0
ipython,63476b25df9b0404eed3aa6e653a90acf8f541f5,1770301428,M Bussonnier,1,1,1,1,1,1,53,0,0,0
ipython,cdabce33ad5c3912fd27bc0802a91cc9f7df028d,1770314147,Amir Ebrahimi,1,2,2,2,2,2,116,0,0,0
ipython,0acebc351570dccc3d000fcd62d14298fe07be06,1770108476,M Bussonnier,1,0,0,1,0,0,0,0,0,0
ipython,287c627623819a976d1cbc44a8307c010f040e38,1770741894,M Bussonnier,1,0,5,1,0,0,0,0,0,0
ipython,96cc08426adf9ae81873d5ea4e57278026def997,1770745076,M Bussonnier,2,0,2,2,0,0,0,0,0,0
ipython,c4a27449eaecce4bdc590ee8360c87d12aa0e588,1770806338,M Bussonnier,1,0,1,0,0,0,0,0,0,0
ipython,b804bf760f64a25964008862f79f98c46464805b,1770912948,M Bussonnier,1,5,12,5,12,11,484,0,0,1
ipython,5dd2b35b53f3270616bb6ec746227f83e05684fc,1771342186,M Bussonnier,2,41,85,42,85,81,3233,0,0,4
ipython,1c4cf901561f8d1a52ac29ef063d4db3de1edbbc,1771414918,M Bussonnier,1,1,2,1,2,2,87,0,0,0
ipython,3cbe10d5b4c4dff4e598839c9b0322a2aa85f3b8,1771417349,M Bussonnier,2,19,27,25,27,27,1437,0,0,0
ipython,06b071450aa694d73eb830763257bb2748ba0a5c,1771418531,M Bussonnier,1,1,1,1,1,1,79,0,0,0
ipython,be0e45dcd9377ff947158befa07d083a9be7ad7a,1771418575,M Bussonnier,1,1,2,1,2,2,36,0,0,0
ipython,31613ebd5988905865185f080fa14e8992143a02,1771418889,M Bussonnier,2,3,3,2,3,3,182,0,0,0
ipython,d4e40e0dd7a52ce6037ec5a9717f61977794796d,1771419867,M Bussonnier,2,3,1,7,1,1,82,0,0,0
ipython,767d27a492ab2331ebcb814f2f5e31c366081f16,1771420014,M Bussonnier,1,2,3,1,3,2,101,0,0,1
ipython,f4ccaa674d8d45186b964e37bedc519f371498c0,1771494018,M Bussonnier,3,11,13,11,13,11,641,0,0,2
ipython,a1076b0178ac20655bb3c4bdadca4e963255a25b,1771494766,M Bussonnier,3,13,14,14,14,13,498,0,0,1
ipython,516b92bc02c439368c836c0eebcdd67d613d10ca,1771690534,copilot-swe-agent[bot],1,6,6,4,6,6,453,0,0,0
ipython,76063f9545ae7381cbdf9a0261a997a540d65a09,1771841977,M Bussonnier,1,1,1,1,1,1,64,0,0,0
ipython,5bbd49891ccf53b2504342392c98b391ac04943c,1771922707,Claude,1,7,18,5,18,17,442,0,0,1
ipython,bb30c9e39ce4b88855daa4dc379aee5e0383ead5,1771941947,Claude,4,27,43,24,43,38,1561,0,0,5
ipython,2ef687629ecb244547034744c62f4ad06b88f968,1771691288,copilot-swe-agent[bot],1,3,8,0,8,6,207,0,0,2
ipython,e662a4345ca8df37c556ef674c041126013b5649,1772012934,M Bussonnier,1,2,13,0,13,12,592,0,0,1
ipython,f5e51b8232e9c41290f4cc124c8f30709c3c4f59,1772700967,M Bussonnier,1,1,1,1,1,1,55,0,0,0
ipython,0bb317d10fdcb3aa13beb1031d5f10e5b821203b,1772701024,M Bussonnier,1,2,2,2,2,1,19,1,57,0
ipython,0cca7c1000dabb7e9983298d520c1c17fd2d48ab,1773910867,Kooltek68,1,1,1,1,1,1,30,0,0,0
ipython,adbfa57ee1b6073f909cab7d607ee586fc61b07f,1773910027,Lumir Balhar,1,0,1,1,0,0,0,0,0,0
ipython,7d934cb50a79fd404782bfe14a359706f9e96570,1773164621,Matthew Roeschke,2,7,42,46,42,35,2332,2,99,5
ipython,98de7b8976b7f5b4a4d19b1fb103366df4cf0714,1773824460,Kooltek68,1,2,2,2,2,2,81,0,0,0
ipython,f5334ae92fedfc2af075680eabdc1d6952809d37,1773554314,Santiago,1,1,13,3,13,11,601,0,0,2
ipython,35bcc7d04b767373f9ef0e1796ae34d7d1b477a7,1773916116,M Bussonnier,1,1,1,1,1,1,32,0,0,0
ipython,6d743dcda529b9ad72e7a1b2b616e82933d9b923,1771942489,Claude,6,33,36,36,36,35,1504,0,0,1
ipython,74904ca90399604e86c3b92f0bd5eedf168f034a,1772108318,Claude,12,28,58,42,33,32,1693,0,0,1
ipython,56c48006e88cfc82bb3e6cedc2056fea3aa3526a,1772560234,Claude,3,2,3,4,1,1,32,0,0,0
ipython,b029fe414b978bda9fd6dc5c0a9666668b67ac0d,1772614142,Claude,2,2,2,2,2,2,139,0,0,0
ipython,df6f0dc38c504fbb6a2ce61bda31f73b4894704a,1773918070,M Bussonnier,2,0,1,2,0,0,0,0,0,0
ipython,1bda2f25259206bff9e59cf8ea389e276d40d9e2,1773918248,Claude,2,16,22,17,22,19,833,0,0,3
ipython,2045d5c2cc9e80b52417ba780aaf2826be58b06c,1774255798,M Bussonnier,1,1,2,0,2,2,132,0,0,0
ipython,5bef67f426b919d8a745c001619ff7efc76fa98d,1774387335,Min RK,1,3,3,2,3,2,93,1,66,0
ipython,22cd33275bfccae3666f9f54d7f90fab924e517b,1774405915,Aditya,1,1,1,1,1,1,67,0,0,0
ipython,323552ea59fab72dcb36e4960caaffc18d3c5dae,1774366246,M Bussonnier,1,9,30,25,30,25,1006,3,158,2
ipython,d9b5285f5cb06aba35d4c3842cee7d2795afed7c,1774432868,M Bussonnier,1,4,22,5,22,13,615,9,508,0
ipython,f48986a01e14eaed3504c474725e98700deae298,1774446958,M Bussonnier,1,0,11,15,0,0,0,0,0,0
ipython,e1aadc2c607df59f4d7313c60257ef9d43a46d7a,1774517802,M Bussonnier,1,2,10,1,10,6,252,4,199,0
ipython,8aae9a39bd6b44d4a798540a8d4863f73593ff57,1774521285,M Bussonnier,1,0,15,2,0,0,0,0,0,0
ipython,d9c6e314c3f31cb624cd443448e9094fdd49a1eb,1774604507,M Bussonnier,1,1,1,1,1,1,55,0,0,0
ipython,77ad39aaed0ab65503952ab7a43c0e7e55ab9f7a,1774604534,M Bussonnier,1,2,2,2,2,1,19,1,57,0
ipython,fd1a2848bb4f9d32c0673545ddc47b6cda8651e3,1774858814,"Achimeir, Eyal",2,1,14,1,6,6,150,0,0,0
ipython,acad273dd189091abbd829d24a002f9ab9d7a324,1775125108,M bussonnier,11,11,92,13,52,48,2097,0,0,4
ipython,6778baf645b806ee6c77ae4890ea318a9d97e2d8,1775497004,William Andrea,1,1,7,7,7,7,647,0,0,0
ipython,fe90ff5b89b443d098b4e051ba13a505362b67c9,1775497353,William Andrea,1,1,2,2,2,2,158,0,0,0
ipython,a69fd2f3ef90563546afd02d73fbc55af45264d3,1773513015,GSAUC3,1,1,1,1,1,1,44,0,0,0
ipython,b11463b0fcff4ca3b79bd3118fe6e00f4735d294,1774456615,GSAUC3,1,1,9,0,9,7,287,0,0,2
ipython,f63b4083918bc9f092cf406d880ac6907b9cd402,1774557364,GSAUC3,2,8,10,12,10,10,553,0,0,0
ipython,1ec6bc9ca9558877b5bfccf66c22e8e61ceba83d,1775645840,Daniel Tang,3,3,86,2,83,61,1896,8,457,14
ipython,7c1654dcb4bc0d4c841fbee1f5abf7c6c6007111,1777033405,M Bussonnier,1,1,1,1,1,1,55,0,0,0
ipython,9a56ccbbf6227fce13a5e413166854ab4ae80ff8,1777033512,M Bussonnier,1,2,2,2,2,1,19,1,57,0
ipython,5dcee6dfd1887382bf7e131947350f033a33898b,1777324148,cyphercodes,2,1,52,1,2,2,92,0,0,0
ipython,e403fb42267ef1a6aae40182115f04fa391f38ff,1778103669,krassowski,1,1,1,1,1,1,56,0,0,0
ipython,b68b401b8bba66e4ac5d6afa578da2f04918832a,1778313168,cxzhong,2,4,81,3,14,13,484,0,0,1
ipython,d23b766be46990e6015d6e821cfb293eb52b9528,1778510577,tdashelby-cmyk,2,1,19,0,6,5,175,0,0,1
ipython,450cba7ffe6dd29359f7bf2c6181f05c6b2e5495,1778585642,Kavya Barangi,1,5,9,9,9,8,525,1,98,0
ipython,a9e9fe61be7dde64e77e8ce792fa3943d7d05c98,1778645256,Kavya Barangi,1,1,1,1,1,1,102,0,0,0
ipython,246b86963baaf1814dc232217ff0169706ef6ac4,1778735887,Noa Levi,2,2,2,2,2,2,144,0,0,0
ipython,92dbb4f4cd98acc2a564755bd548519331979231,1779230110,zhouzhou626,1,1,1,1,1,1,53,0,0,0
ipython,4f88be10853e080303b51a71ce13a550297368db,1779889049,Claude,1,2,2,2,2,2,179,0,0,0
ipython,9d1f24b9687279362b66f4e8c8a36ffde895a05d,1780067551,M Bussonnier,1,1,1,1,1,1,55,0,0,0
ipython,fb831cc06fe27a12f5d52f6608fa90857428748c,1780067592,M Bussonnier,1,2,2,2,2,1,19,1,57,0
ipython,218fba0a5211641a441035ea1b4597658d1c7d16,1780313822,cjc0013,2,1,30,0,1,1,44,0,0,0
ipython,a957d81c3177d33fc9d0b5fe123e58dd8cbf87e7,1780384185,Claude,2,5,81,2,20,15,726,4,234,1
ipython,352c35b9e841fe20c2a0dc09af67e180e6854322,1780646702,M Bussonnier,1,2,3,3,3,3,92,0,0,0
ipython,60c545d12b9702f1759d3ff93259543743942c46,1780647126,M Bussonnier,1,2,3,3,3,2,37,1,57,0
ipython,a33cfb2d0a69ce2e722e7ea5521510aed9b95321,1780651221,mayank0030,1,1,1,0,1,1,67,0,0,0
ipython,1462e0c16b6daf55f22882644fec9c5a34079107,1781252294,Lumír 'Frenzy' Balhar,1,1,12,0,12,9,280,2,144,1
ipython,ed128890573d614078d2d741b7dce3b74b6f5ae5,1781278303,w1nd,2,2,159,0,21,17,645,1,61,3
ipython,6761a5d207275c22d7d61c6eec11d62c6437c0d1,1781293604,Carlos Cordoba,1,1,13,0,13,8,374,3,108,2
ipython,8344b1aa74a84a7043c399ff9f66d65fec978f20,1781293627,M Bussonnier,2,3,3,3,3,3,71,0,0,0
ipython,36dc5afa31ea0ee36d82acde4b665f1611f87695,1781339310,M Bussonnier,1,1,0,1,0,0,0,0,0,0
ipython,d0737725385b926a3eee815b25026b3c8d6fc5a4,1781294294,Claude,2,3,72,3,6,3,149,3,162,0
ipython,4123ab58cccc4c73464908471f0f4a4aa6f8a812,1781295099,Claude,1,0,8,1,0,0,0,0,0,0
ipython,c331cb282ab1723a9b2091ccc1c94679124ad30c,1781295493,Claude,2,3,35,2,5,3,105,2,98,0
ipython,4c61aced8327b693665a9ce8ec0e4211827707b9,1781295721,Claude,2,3,44,2,22,19,759,0,0,3
ipython,6a7c160525f5367c0c472ed3a512eb1b86128ecc,1781295744,Claude,1,0,12,0,0,0,0,0,0,0
ipython,2d75d6535c765c8fbfb04e3cd596309921111332,1780334904,Claude,3,2,29,3,3,3,186,0,0,0
ipython,9b7d419dc99df0d461d4bdc268e0f0661fb644df,1775834615,Jatin-Shihora,5,7,70,5,48,39,1904,2,58,7
ipython,3ea7aa6988811bf34ac7179d8eb18fe80291bc2b,1777070015,damesei,2,2,30,1,2,2,101,0,0,0
ipython,60f2e2612a3733769df58655bafcf413dc842239,1779711626,Ijtihed,5,5,159,11,75,62,2669,5,274,8
ipython,00bcdeedddbdbf57be165b750f5bb0b3e5eb9799,1781787273,Chris Burr,2,1,46,4,12,7,219,5,297,0
ipython,b5da9acd8c33061c31ee2af51266b19b93128320,1781839776,nightcityblade,2,1,27,6,12,12,511,0,0,0
ipython,2273f391df307c88af9072a964314f095ac901de,1782471745,M Bussonnier,1,1,1,1,1,1,55,0,0,0
ipython,8693e784087e96f19888fd937e61044ff3a21924,1782471797,M Bussonnier,1,3,2,3,2,1,19,1,57,0
ipython,7dde77042b3fb8f89f6723db12304548a6ee592c,1782493091,aakritiieee7,2,3,118,4,8,8,374,0,0,0
ipython,bab28aaa24461eada45f24923f52fc8bc78d0df5,1780298055,Jens H. Nielsen,1,7,11,7,11,5,232,4,316,2
ipython,d0378cc74dffd23e34253b5df91692fa7bacc5f5,1780299321,Jens H. Nielsen,2,2,2,2,2,2,97,0,0,0
ipython,2bf22d16b114518b3e2d3c83d72cf546cbc98e1f,1782218213,Jens H. Nielsen,1,5,5,4,5,5,162,0,0,0
ipython,bd9659b7240c8b7c6671f71ed622949ed3775162,1782640181,Phil Schaf,1,2,2,1,2,2,80,0,0,0
ipython,4a24f7365558999f7679a268fb5be69917d5654d,1782470561,Karina Bataeva,1,2,5,1,5,4,213,0,0,1
ipython,8c9eeeef118ed1fb9843b155754d337930e7ce5e,1782492888,Sid,1,1,3,0,3,3,90,0,0,0
ipython,90be2cc3efba35eee8efa29aadf1d10a77258445,1783246622,Shivang,1,0,37,0,0,0,0,0,0,0
ipython,b4421d805dbc9a44215b842171dcdc763bd1deea,1781352382,Claude,1,1,0,579,0,0,0,0,0,0
ipython,733b844c700516bba4f0c5b23a27e62400ef3390,1783247252,Claude,4,6,0,130,0,0,0,0,0,0
ipython,e4d3a42eced68fc88d6df7d5be4aec374d08596f,1781352654,Claude,20,30,8,45,8,7,275,1,76,0
ipython,dfb3150f050e35e06f2724f179a896d227787d72,1781352702,Claude,1,0,0,86,0,0,0,0,0,0
ipython,d3ca86abb401714af7cb92b29013a63ef2ba496d,1781352840,Claude,1,0,2,17,0,0,0,0,0,0
ipython,eef0453322cc1c05a062a591e061f856efcd0004,1781353065,Claude,53,52,3,56,2,2,33,0,0,0
ipython,d8d0edb33e9e64e9b92a175a366a3f36a7fa646d,1781353168,Claude,1,1,0,88,0,0,0,0,0,0
ipython,07d31bea3eae3d5f57d8f59bf50a776baee2c04b,1781353201,Claude,1,2,2,9,2,2,54,0,0,0
ipython,4c3c05f32196e4bc072cce28fb9f7931115c35a0,1781421738,Claude,1,0,101,73,0,0,0,0,0,0
ipython,8ed904dac2336f90e7f7db71fff505aaa181111b,1780644939,Claude,1,0,3,7,0,0,0,0,0,0
ipython,eafd063d6af23ea79aa3c3af28fff7c0534e7fb1,1780645297,Claude,1,0,17,17,0,0,0,0,0,0
ipython,cd146e76ab10d1f3ef89f5339cc394013c852e31,1780645005,Claude,1,0,29,39,0,0,0,0,0,0
ipython,e60548599e069644495a0a5067b7c7207a9d3221,1780644828,Claude,1,0,24,41,0,0,0,0,0,0
ipython,d386bf87c8b485a0ebfff152fceb71ebf20220dd,1780644523,Claude,1,0,58,52,0,0,0,0,0,0
ipython,96976a50302d7894410c6781fc88ab2ca0cbbfd9,1783251977,Claude,1,2,2,2,2,2,130,0,0,0
ipython,4212d8d2ae14208b35e480faa5bc8faa7f73a898,1783251980,Claude,1,0,0,8,0,0,0,0,0,0
ipython,5cee5eb71e017952514219ccf6cfce563609e7c3,1783251980,Claude,2,0,5,11,0,0,0,0,0,0
ipython,a111ce4593d5172031c3df582ede05eb99e971b5,1783251981,Claude,1,2,2,2,2,2,146,0,0,0
ipython,95042d52af10af7ac4f9b85e79b66d13d32bb414,1780335444,Claude,3,6,6,6,6,6,154,0,0,0
ipython,ded8fd6a70fd0f00ad7addb3e1f247e2fc9c2da9,1780335689,Claude,2,11,11,11,11,11,338,0,0,0
ipython,88c6e601c8c7aab28c15963c2a13ffecec955616,1780335909,Claude,4,6,98,4,9,9,342,0,0,0
ipython,ec492aa31c64fa3617daa3de0b9858455d325bc1,1780382306,Claude,13,24,24,25,24,24,674,0,0,0
ipython,5a994ae68bc109ca0d5438a945fbc10f5b28d393,1780382456,Claude,8,7,8,8,7,7,180,0,0,0
ipython,649a2ecf0f55f986df880c834fd47998be567728,1780378217,Claude,1,0,82,85,0,0,0,0,0,0
ipython,1a4808ec490a24f8e3c3c60c775e32833c26db84,1780644075,Claude,2,2,40,28,2,2,90,0,0,0
ipython,33db9cf7738e53cc8543f2a9971da82c1ea4b93f,1780644149,Claude,1,0,27,31,0,0,0,0,0,0
ipython,156bed3b3c46614ea8dde8b0237f45efb84b0b3e,1780644329,Claude,1,0,20,24,0,0,0,0,0,0
ipython,f90b698b8b1eca2b45c9503f2458aa381e43a4e3,1780644565,Claude,1,0,80,226,0,0,0,0,0,0
ipython,604c05802057f99c27d86249d188e7513b3c9ebe,1780644611,Claude,1,0,56,115,0,0,0,0,0,0
ipython,4fd35756bec9bd4c51d1ea6fe729780877b47123,1783408102,Claude,1,0,104,143,0,0,0,0,0,0
ipython,16a8a6653dd4e92c1e8bdde8e63b04d047a9e122,1780645408,Claude,1,0,76,103,0,0,0,0,0,0
ipython,0bcaf424f86ec608efb9de217d27996e4a682a6c,1780645491,Claude,1,0,56,98,0,0,0,0,0,0
ipython,7f61d033fac25705f6beba62634043952ce8953b,1780645880,Claude,1,0,248,254,0,0,0,0,0,0
ipython,186d79432df28e5236b947fa25c596e612eac930,1780645973,Claude,1,0,46,28,0,0,0,0,0,0
ipython,8d0684fd24008e638f426c2b0cb70f97dc4ae295,1780646185,Claude,4,16,889,813,16,0,0,0,0,16
ipython,9edaf1015b8bac4e8d0359754181a53afe6418d5,1780646976,Claude,3,0,159,144,0,0,0,0,0,0
ipython,9deeb808428e5ba4d7c3315f146c547720f5573b,1780647216,Claude,2,0,353,347,0,0,0,0,0,0
ipython,6249293c0c30572e48c62fbf7648c0c45d6ab942,1780647383,Claude,3,0,190,157,0,0,0,0,0,0
ipython,953a2b137b8c69c5e20771cea020814339aa5bc2,1780647812,Claude,1,0,921,880,0,0,0,0,0,0
ipython,3a0efa6096e21f2299c36dc4c3f95c94975c435a,1780648358,Claude,2,0,3667,3625,0,0,0,0,0,0
ipython,46dd4cb45ae8463d170ac2b76f51177f03aad6f1,1780648549,Claude,2,0,242,258,0,0,0,0,0,0
ipython,0f4e613b754b65a0073feeee8ac72abcfbc556e7,1780648801,Claude,3,0,39,166,0,0,0,0,0,0
ipython,86e4e1b137aedd920bf10361e4a5a0e1002dad3f,1780648839,Claude,1,0,33,28,0,0,0,0,0,0
ipython,322b190512c4b26217626d82f1808d27f47784a5,1781169684,Claude,1,0,7,8,0,0,0,0,0,0
ipython,0c5b5620754bb6336075fd7890432f0947486f5c,1783279833,Philipp A.,3,15,65,73,57,48,1863,1,55,8
ipython,ae070068e81f2f94cfe31a89b17b54d2b9ee95d3,1762920716,Eric Rawn,2,13,21,2,14,14,581,0,0,0
ipython,a400a0d068eb910679eb020848f6b55675506e34,1765406324,Eric Rawn,3,1,40,6,1,1,34,0,0,0
ipython,8cfe89a6108fa071410a09df95a2f71f7b2bed4a,1765482159,Eric Rawn,1,1,5,1,5,5,414,0,0,0
ipython,8e211b95d1caf507eb107430208f3afe07084dc2,1783414308,M Bussonnier,1,0,2,0,0,0,0,0,0,0
ipython,07933eab50fbc16b88c6772fe138dceb33edabf5,1783412045,M Bussonnier,2,4,144,0,70,50,2365,9,506,11
ipython,01b202e64a2d976ba0fe82acf9210563000f201e,1783413591,Claude,1,0,55,0,0,0,0,0,0,0
ipython,b5119b43fe3bc27e608b79c46def8a7985c09c1b,1783411324,M Bussonnier,92,417,509,527,476,476,24232,0,0,0
ipython,7d10d4529ed0c473a2cd45cf88680078f029cef6,1780382364,Claude,3,7,7,7,7,7,183,0,0,0
ipython,ea321f2fa663ddc9c2156c7e3b875fac9a7b852a,1783423416,Claude,2,3,3,3,3,3,71,0,0,0
ipython,97f6941a5467af8b2a968ee2042d10c84a7aa0ab,1783410064,Claude,13,29,48,99,34,33,1691,0,0,1
ipython,0227f4588030d6fa4ee8bd5ff43b7c9edea219a4,1783412266,Claude,1,2,10,4,10,9,437,0,0,1
ipython,59657ec1defa5af7cc6aba323cf8dea8ff1d21ef,1783415547,Claude,1,2,1,2,1,1,48,0,0,0
ipython,2f01d54c8b08ee2396637cc6582c58792e2dd7d0,1783416055,Claude,2,20,30,28,21,18,808,0,0,3
ipython,4ac86ba93c6ae7f6ee959fd4a720c7edb8308b7c,1783416075,Claude,8,9,9,1,9,8,272,0,0,1
ipython,0019e5c21096f0a40d52a24f1e78d09009b3f558,1783416089,Claude,1,2,2,1,2,2,85,0,0,0
ipython,013fafac562660e6e9d7fe86307eb5de58dbbc45,1783416163,Claude,8,9,11,3,9,8,265,0,0,1
ipython,7b8369279fae6cfff15b4a8df542e60bc7c3ff05,1783416224,Claude,1,11,11,11,11,11,719,0,0,0
ipython,554376d162253ffacac2f2d58ddee06aeee7993b,1783416279,Claude,2,4,4,4,4,4,129,0,0,0
ipython,f0b6489475fb4d261fe176d381350262a266bb61,1783416360,Claude,3,6,5,6,5,5,235,0,0,0
ipython,0b1d78becfd0237e878c21e674aebc23ea93d002,1783416532,Claude,1,0,25,30,0,0,0,0,0,0
ipython,8ec6f87fcd4db5d4967d4924cb399f598ce0b7f8,1783426001,Claude,3,0,26,0,0,0,0,0,0,0
ipython,03c4aa85da0589dda752b5ce79fc75195c68a015,1783426498,Claude,3,0,6,6,0,0,0,0,0,0
ipython,17ec1d9324d8536998a1c73466880c0116061e56,1783446872,Claude,4,0,65,46,0,0,0,0,0,0
ipython,aeba36d194b339c753ff11797452c67f8d6cec40,1783425532,Claude,2,0,529,1,0,0,0,0,0,0
ipython,e1f58714717cf63475cf848b473123a1a2506e41,1783425553,Claude,3,0,514,0,0,0,0,0,0,0
ipython,2824a1c7358800405bda2043985fc85af63aa20c,1783425569,Claude,4,0,342,0,0,0,0,0,0,0
ipython,60c25549d37d9375806b7d93839d511162cc4197,1783425617,Claude,2,0,693,0,0,0,0,0,0,0
ipython,6596fcc28e50cdbc0513122377535e10dbdb6f53,1783425665,Claude,3,0,606,1,0,0,0,0,0,0
ipython,418901c7137a9ee801afa154faf0a8a57168ea06,1783425680,Claude,3,0,571,0,0,0,0,0,0,0
ipython,0eff24474e85cef454147d937799a387265509a7,1783425713,Claude,1,0,319,0,0,0,0,0,0,0
ipython,dbd9e9be484afcdb6e5ac0281fb247773a5ca569,1783425748,Claude,3,0,588,0,0,0,0,0,0,0
ipython,845a5d23881bbd3993e9c232fbf27e5cc7bf85a8,1783425990,Claude,2,0,812,1,0,0,0,0,0,0
ipython,9ec8248653c3b704a226daeccd154edbebf57f8c,1783426365,Claude,3,0,615,1,0,0,0,0,0,0
ipython,3f57a93fe7121a29e3b0e3f1bff9f17f65045b83,1783426440,Claude,2,0,788,0,0,0,0,0,0,0
ipython,c7b7743613fca7a9ffec7688eadae2c0e1aa9f7e,1783426545,Claude,3,0,705,1,0,0,0,0,0,0
ipython,390c3066d55445beec6ed9c45afc826c6299b73b,1783427010,Claude,2,0,1094,0,0,0,0,0,0,0
ipython,b224098e0fe97f00d87b1fd304cec36912b7bbee,1783428182,Claude,4,0,30,10,0,0,0,0,0,0
ipython,2221324abd0c1632adc0744901f5ab56cb004bc3,1783429939,Claude,5,0,41,11,0,0,0,0,0,0
ipython,0c587d631a01a3ba01eb783f790a0fc69f6cc953,1783432501,Claude,7,0,41,3,0,0,0,0,0,0
ipython,623b47946101f0bf3d5c304b640a7a3bc96c6011,1783587907,Claude,32,33,19,46,19,19,575,0,0,0
ipython,ac2b3d28b99957e9f13f72f28f92125a80585507,1783588946,Claude,7,8,8,9,8,8,383,0,0,0
ipython,3a663cada83206e7d5021b2ca204d7404e158941,1783589387,Claude,4,4,4,4,4,4,252,0,0,0
ipython,489476807d96c713c49bf8e5f530b4f5ee6e7f0a,1783598366,Claude,22,2,1730,19,7,5,188,0,0,2
ipython,2c5105e99ba09daa8d63f4b601e6f605cf67ef2b,1783598366,Claude,1,0,19,4,0,0,0,0,0,0
ipython,a9bd891e4325dde94cd42050201266eb92fadae2,1783620822,Claude,4,3,16,5,2,1,66,1,60,0
ipython,9b7eb2fefc46adcf106001d6a4defca4fa7568e8,1783620872,Claude,2,18,28,17,28,24,1130,0,0,4
ipython,b385321f52f197c909b4f044f9b65ec384185a72,1783620872,Claude,1,13,22,18,22,21,981,0,0,1
ipython,d0d781df298dfb93ca18970683278332a05678f8,1783620872,Claude,5,18,28,16,25,21,1142,0,0,4
ipython,2fbf7086c17d80d168dc4b465402a30e1eeb9f30,1783620872,Claude,3,7,12,8,9,6,279,0,0,3
ipython,b9bbad75af8adde7c51bbd56108cb050dec6eee1,1783620872,Claude,1,3,3,3,3,1,34,0,0,2
ipython,21754f1ec2bea6be759f459161bcdc0d7b522a09,1783620872,Claude,1,5,3,7,3,3,126,0,0,0
ipython,5b5165328b78e7625962fbb22f1ff586f8e06335,1783620873,Claude,5,0,26,25,0,0,0,0,0,0
ipython,44da918546fa34f89d145b2ecd05f09a27d338ce,1783622493,Claude,10,14,17,11,17,13,548,1,74,3
ipython,550617b535a0bfcf529fbea70f759bfa110dc40b,1783663659,Claude,4,7,7,7,7,7,246,0,0,0
ipython,7e815520de98e7677fb1d33e16f050d714e8ea5e,1783669009,Claude,4,8,11,8,11,8,469,3,201,0
ipython,99b34e4ffb7294cc5b802bda4cb5c5ecc47f9b77,1783675459,Claude,4,8,11,7,11,10,577,1,43,0
ipython,236ae787fe5ae862f66b35fb9090da274a67f36d,1783712928,Claude,8,25,32,33,32,15,953,17,1041,0
ipython,14714a39578fa2bdb78918a243c25bd9c67204a5,1784062220,Claude,1,1,10,1,10,4,87,6,381,0
ipython,15bc6fa3ddb4ce7aa9982f0eb4bd16258e6e3a7e,1784062233,Claude,4,11,238,105,65,47,1878,7,413,11
ipython,bab5402e5da7361c276326568094a9fcef61cf82,1784029113,Claude,19,24,54,62,51,42,1807,5,295,4
ipython,e5a9d5f47840d825f876dbfb5dcf7c9b5127e1e4,1784030529,Claude,5,8,11,8,11,10,624,1,43,0
ipython,97d75a9a25acabdd463e279fcc0d32fd8711e311,1784634228,pre-commit-ci[bot],43,119,146,155,123,19,965,3,189,101
ipython,6936f6ed0e4c7b0364179fe5423261a0d247c3d8,1784269486,Claude,4,24,92,46,92,59,2424,25,1498,8
ipython,e26a19f17aaf8aefb220e35356efb5513d30431d,1784269519,Claude,5,13,96,79,96,79,3261,8,365,9
ipython,c54faec2676c32591a0de1cefe6a82ffd03bab71,1784269561,Claude,7,22,58,147,46,38,2028,5,375,3
ipython,640cb84b6f5b0d5d19004d5714ffa07607802473,1784269593,Claude,3,3,13,3,10,1,27,8,462,1
ipython,09b2ac9ef7454b959a8a6116970f7f031fb6bfb9,1784893748,Jon Crall,2,107,252,154,190,161,7525,1,76,28
ipython,ad31011d9004462b30868121a16c2f02a19041fe,1784893824,Kavya,1,1,5,2,5,4,137,1,67,0
ipython,a1d93970e741f2a6a5dcf04285d18f1c4d90ff86,1784893926,cjc0013,2,5,66,3,42,38,1666,0,0,4
ipython,2b1e00d564b8d79fff099ac94727652e0dd7fdd1,1784893999,Andrew Chen,2,1,31,2,10,5,225,5,349,0
ipython,0bd3d36e537119608fc6d95e271b5544b1a361ed,1784924183,M Bussonnier,1,1,1,1,1,1,72,0,0,0
ipython,ef7ad6407185ffec74783a08f7d6580c90063303,1784968410,Claude,3,13,29,14,27,24,1146,1,58,2
ipython,4fd1728bec9ec6a5757a6ee2cbcee38c71f0bc27,1784968414,Claude,2,2,8,6,7,7,245,0,0,0
ipython,6c812cc9c19ba67a0ec013742066bc4a19f910fd,1784968419,Claude,2,0,74,79,0,0,0,0,0,0
ipython,2624d67288302e06b683ec3ceab01b0e5171b8f3,1784968427,Claude,2,0,9,2,0,0,0,0,0,0
ipython,f1a12e929198af73ed4e16978fa2e6b2fff8d37a,1784968436,Claude,1,0,11,7,0,0,0,0,0,0
ipython,0bbe7c2e6dfb55099cc04f36ce4780e13eda4f52,1784968436,Claude,1,0,9,5,0,0,0,0,0,0
ipython,472938b9c8d778bb1fcf7a45c7b0c5ead3c8ad45,1784968447,Claude,1,0,7,1,0,0,0,0,0,0
ipython,b0c0e08ac47ad515fc4dd99f4b21bcec91e78c0a,1784968447,Claude,1,0,8,4,0,0,0,0,0,0
ipython,d936485556939fd7725f3d88321bd093613a1a4d,1784968447,Claude,1,0,32,16,0,0,0,0,0,0
ipython,685181bed7f896aed7869f28c8ac5d1269312cf0,1784968447,Claude,1,0,6,3,0,0,0,0,0,0
ipython,6b730a239dcfadebc69714748b1801b9882a32e7,1784973251,Claude,2,2,2,2,2,2,202,0,0,0
ipython,24b5cd02f821a262aded1e80d445b943c506da13,1784976164,Claude,2,4,51,0,23,21,1010,0,0,2
ipython,f9d45ab39014575fec4949b2561b8a5ff772216c,1784976175,Claude,1,0,4,1,0,0,0,0,0,0
ipython,5350deacd4fd05ec597c10cb8fd7fd7e7d59726a,1784976175,Claude,1,0,8,1,0,0,0,0,0,0
ipython,d9dcffa8c6a3d0c20fe99d484d264b963dcf15b2,1784976175,Claude,1,0,7,1,0,0,0,0,0,0
ipython,f31e4c2328ac60cdfabb6ad089c6f937a74464e1,1784976467,Claude,1,7,27,12,27,22,994,2,102,3
ipython,7c7198cbb87fe9552d0f3be52b7c30581f1f32c6,1784977799,Antonio Rojas,1,1,1,0,1,1,18,0,0,0
ipython,6056996a7ae02501b70c3f8a19e7be6b3b9d1e50,1785085069,Utkarsh Tiwari,2,2,22,8,13,12,524,0,0,1
ipython,876b5aa6c49fdeefe2e79e54daac866f4c055ad7,1785300921,Kartik Naik,2,5,47,15,22,19,996,0,0,3
ipython,0e9d34d52a8dc9eda1e37395517f2f2723fbeee6,1785408092,Michał Krassowski,1,1,1,1,1,1,117,0,0,0
ipython,59986e7bffb8056d761e7c931e37d27a184a6bcb,1785480177,Samarth D N,3,8,8,8,8,8,328,0,0,0
ipython,dbbfa7b35a54febfb8e62d74d1bd2d232176cd38,1785481850,Kartik,4,13,85,16,28,27,1206,0,0,1
ipython,2ae7863fd8c474dedcf763e8521567539544fdb0,1785484911,M Bussonnier,1,1,1,1,1,1,55,0,0,0
ipython,82a902e4da140bb9a6f730c15d23c1dd8fc465de,1785484952,M Bussonnier,1,2,2,2,2,1,19,1,57,0
ipython,cc8334e4085109828d181b1fcc2bb92d850a8700,1785745932,Daxen,2,1,8,1,1,1,43,0,0,0
ipython,3b83e1b9bff4f97199af3929bfcdc565677f0f14,1785746078,M Bussonnier,1,2,3,3,3,3,92,0,0,0
ipython,3860b502dc3c67ff14a0e4d4b5e431f509d0e051,1785746108,M Bussonnier,1,2,3,3,3,2,37,1,57,0
ipython,2bef8ba2a7d7f5d22d2bda17d3ca338d8de69838,1785748688,Kartik Naik,2,3,16,1,6,3,138,2,150,1
ipython,9e167f6ffe955d64d89488ac4af938fa84fae5e6,1785569217,Jens H. Nielsen,1,2,3,3,3,3,122,0,0,0
ipython,4b18de3453eecefc0fbf2846a41204f7b879084c,1785766065,Claude,2,5,5,5,5,5,240,0,0,0
ipython,71530c4e3c6f9ecfe85b2a6a8e081c09511d0985,1785746778,M Bussonnier,1,0,309,0,0,0,0,0,0,0
ipython,62556876ed2a1b9f5bc2b8a439e92e916024e4b0,1785746777,M Bussonnier,1,3,71,3,71,25,1101,37,2054,9
ipython,03b1061804154ee950357e78809901d2eb8915e4,1785746777,M Bussonnier,2,4,31,4,11,4,158,5,337,2
ipython,2003fe25a11269c1abbe2f2395d0f6469940bd02,1785746777,M Bussonnier,2,5,37,9,7,3,105,4,252,0
ipython,cd38ea942dbde2614aa743ab98d795445f630c11,1785746777,M Bussonnier,9,51,113,38,113,69,2377,16,898,28
ipython,5b8c0bd94d38df51088220c13e3af8512896c6c5,1785746777,M Bussonnier,6,21,29,13,29,23,969,0,0,6
ipython,3a2a9fa2b07f24abf24f7cf19ca9960334f3e938,1785746777,M Bussonnier,4,34,55,10,55,30,1666,9,531,16
ipython,baab6bcd21403cc9bf489b141a33c2c158c7557e,1785746778,M Bussonnier,1,3,37,10,37,30,1279,0,0,7
ipython,fcd3519aa9868602a158a502dc2581219bc2c382,1785746778,M Bussonnier,8,24,23,13,23,18,444,0,0,5
ipython,9d61645897d0f8f45d0e24498d49123230598dff,1785746778,M Bussonnier,10,37,39,24,26,23,827,0,0,3
ipython,38f26bb26f36d5105d4e7fae82ed7876a143782c,1785746778,M Bussonnier,5,19,35,10,23,18,543,0,0,5
ipython,40a34dacc178f01ff85d7322d72fe8972ac1238e,1785746778,M Bussonnier,3,12,9,4,9,8,204,0,0,1
ipython,cfc7c988daee516cd0d8254e259d1630844133b8,1785746778,M Bussonnier,1,17,64,18,64,43,1566,13,815,8
ipython,d3b6b387bfff0f024250964491fe30c79592923b,1785746778,M Bussonnier,1,2,4,3,4,2,79,0,0,2
ipython,f51f6d8a8962139edcf36ef19f7d5e807239964c,1785746778,M Bussonnier,1,3,21,6,21,16,636,0,0,5
ipython,ae73e534066ac0733fd1a2c2d9ea0bb3601f1a35,1785746778,M Bussonnier,3,6,35,10,35,20,795,8,529,7
ipython,777fb4c53f6aedb0108c699ee80beb7e1b3de57d,1785746778,M Bussonnier,1,2,1,1,1,1,49,0,0,0
ipython,4015f9ddca41e388b5c083bc0b752159bb212bf8,1785746778,M Bussonnier,2,2,12,3,1,1,34,0,0,0
ipython,67222720271ed1e08c44b1bedddf5aceec814b7f,1785746778,M Bussonnier,1,2,1,1,1,1,42,0,0,0
ipython,f301e2b57b3cc7eeb4bec0e51313baee71a96071,1785746778,M Bussonnier,1,15,23,8,23,12,613,0,0,11
ipython,9f79cbc02a02af0043068f02828d09659f44fd3f,1785746778,M Bussonnier,1,4,3,1,3,3,57,0,0,0
ipython,a934a3584c93424733382c263bd47469ff478c43,1785746778,M Bussonnier,1,6,7,2,7,4,165,0,0,3
ipython,c41dc875f27e63d17d2d29506a535729c9333fa6,1785746778,M Bussonnier,1,3,2,1,2,2,62,0,0,0
ipython,443859df682c93da86875e83fa0a3cfe063d4d09,1785746778,M Bussonnier,2,3,103,0,31,22,679,4,307,5
ipython,aa0aae6f00767f897d1d4f6c0c748503a68c52ae,1785746778,M Bussonnier,1,2,4,1,4,1,53,2,129,1
ipython,b744932104680bba0ef77321e4eed3283d12470a,1785746778,M Bussonnier,1,2,7,3,7,3,126,3,209,1
ipython,2795752f8705f38231e7ce14475ae07216ed6297,1785746778,M Bussonnier,1,2,1,1,1,1,42,0,0,0
ipython,37886119c9309d18f71d414680946da44892f6c0,1785905341,Christopher Liang,2,2,18,2,7,6,369,0,0,1
ipython,0461bcb74b6234f0daeadd743c0315d525171d9b,1785908283,Christopher Liang,1,1,0,1,0,0,0,0,0,0
ipython,dd41c529e892ed4e7aac22ceb07715260666deac,1785834422,Alex Chen,3,1,60,2,9,6,192,3,186,0
ipython,2186613d9de3b739e4dbeea4f396bae640661e72,1787049919,M Bussonnier,2,9,78,17,78,59,2949,6,368,13
ipython,ebc8f60503b7f043d20774ad7af04b085359526f,1787049925,M Bussonnier,1,2,27,3,27,22,1114,1,71,4
ipython,6245869282e996d2f18a51435d59d94c938ef617,1787049931,M Bussonnier,3,6,72,44,72,61,1915,2,105,9
ipython,14e7a5f9783fb324a6aa1e6855f3143c065aa6c6,1787049938,M Bussonnier,4,10,10,5,10,5,101,0,0,5
ipython,cab037e079451b4611b0613323b8005bdf988f9e,1787049942,M Bussonnier,2,4,191,24,75,53,2424,9,515,13
ipython,a42fdc021fff79a800169eaaa0cfccb6c457cc6a,1787049945,M Bussonnier,6,8,19,28,8,4,88,0,0,4
ipython,b7509b678a04257e6c092132253b715bffc788ba,1787049953,M Bussonnier,1,2,5,1,5,5,168,0,0,0
ipython,ee0239282e9439ea181a723187ede0cc55475414,1787049964,M Bussonnier,1,0,10,3,0,0,0,0,0,0
ipython,7f0ee55684f08f5af18190aa58d4bb3018fb20d2,1787054309,Claude,11,33,754,78,455,353,16400,54,2432,48
ipython,2ed42ae6a01e77c8a11ead7b168ceb920f4cb563,1787261881,William Andrea,1,2,3,3,3,3,118,0,0,0
ipython,3278f6f5b71b3152e084478cac8fa20405c49b5a,1787907572,M Bussonnier,1,1,1,1,1,1,55,0,0,0
ipython,19f9ae0a863c21cff52fa07c74b18fc5b482d9c3,1787907626,M Bussonnier,1,2,2,2,2,1,19,1,57,0
ipython,ed47107a5218bfc6419fe5f2a79ebda22a77d612,1788178247,M Bussonnier,2,4,65,2,33,31,1433,0,0,2
ipython,48ff02957a9a0cdb30a63e15f6493e583e9ec54b,1788251301,M Bussonnier,1,2,3,3,3,3,92,0,0,0
ipython,70d737b06843130424d874120da5a3e6ae56fb01,1788251381,M Bussonnier,1,2,3,3,3,2,37,1,57,0
ipython,e18b391ad00d77f4d7441bf8b340d03bfa4d4ca7,1788802383,M Bussonnier,1,2,2,2,2,2,159,0,0,0
