repo,sha,unix_ts,author,n_files,n_hunks,added_lines,deleted_lines,hunk_added_sum,added_code_lines,added_code_chars,added_comment_lines,added_comment_chars,added_blank_lines
sqlalchemy,4b923d37bdfdb44d9a3e74aed08e2726e14c3b19,1388690594,Mike Bayer,3,0,17,5,0,0,0,0,0,0
sqlalchemy,ca8fca63916897f1bbc2fa4f1ee440c6b5d9a88a,1388705192,Mike Bayer,3,2,52,8,20,15,756,2,86,3
sqlalchemy,8a7fdd4e5cf5e4d9ba71c66a06bcba6b1054cfef,1388706709,Mike Bayer,2,5,79,2,20,13,545,4,224,3
sqlalchemy,6d3e563a575bcdc57c966980abc5038337505566,1388707166,Mike Bayer,2,1,17,1,1,1,59,0,0,0
sqlalchemy,31821011271bf2333b69954d53c3c922e39bf225,1388803573,Mike Bayer,3,13,81,21,63,50,1715,1,54,12
sqlalchemy,cad46c3cdca2bb914bcfc233fcbd3647eaf8ffe9,1388803621,Mike Bayer,1,1,113,0,113,82,3916,6,264,25
sqlalchemy,c450cd6cb6d0c8fed110abcec5bc17ec4e0e8c5e,1388813748,Mike Bayer,4,3,60,4,10,9,367,1,20,0
sqlalchemy,ecb3865615082301c2e5ab7f8e8a40bfbb99b05c,1388887951,Mike Bayer,2,6,36,6,23,18,1008,0,0,5
sqlalchemy,7658a4c73c1e60cc4549389a72a2af26acfa51fc,1388888051,Mike Bayer,1,16,30,23,30,25,1104,0,0,5
sqlalchemy,196f7ee6cc132aa0f31741af80fa5c0ba77efcf2,1388949072,Mike Bayer,4,5,21,1,10,10,341,0,0,0
sqlalchemy,8c93a6c7718c2408688eb21a59e008a8dcca8999,1388958176,Mike Bayer,3,10,62,19,62,42,1988,0,0,20
sqlalchemy,53866030997a3a39d7bd8fc50dd5cd00dab32f79,1388958361,Mike Bayer,1,30,786,66,786,598,31114,30,1264,158
sqlalchemy,21bc2c2a5bbae8e39aab6dca17d1d148499fcc29,1388958481,Mike Bayer,1,0,146,0,0,0,0,0,0,0
sqlalchemy,8646a4c1093f18f5c6022919a04137734c4c2ba3,1388958543,Mike Bayer,1,1,1,1,1,1,21,0,0,0
sqlalchemy,f89d4d216bd7605c920b7b8a10ecde6bfea2238c,1388959025,Mike Bayer,163,147,166,166,147,0,0,145,12180,2
sqlalchemy,fa5970c26547d03ba66f885ef9d7fdcd686648a1,1388964351,Mike Bayer,1,0,41,41,0,0,0,0,0,0
sqlalchemy,9d69035a1d7f78c71e5467e1dde828d099f30144,1388968155,Mike Bayer,1,0,2,2,0,0,0,0,0,0
sqlalchemy,b287a379e9257fe00c2ba5f01b332ebc51546cff,1389310522,Mike Bayer,1,1,1,1,1,1,21,0,0,0
sqlalchemy,1d4f0df35dd7232258670101bca426ec0a5d5c56,1389327600,Mike Bayer,1,0,3,6,0,0,0,0,0,0
sqlalchemy,2775c95b1ee30831216cc558ceb88aa8f8353dbe,1389463960,Mike Bayer,3,7,43,22,42,32,1321,5,247,5
sqlalchemy,c427d24d7441d35444d444ab9f782018f49f40e5,1389487430,Mike Bayer,1,0,25,19,0,0,0,0,0,0
sqlalchemy,1214f39abb665627b427f2ad8504138a36aaf483,1389499707,Sean Dague,1,1,4,0,4,3,45,0,0,1
sqlalchemy,86c3855c9bafb52cb71df7e958196d27ca4dc578,1389564941,Mike Bayer,1,1,1,1,1,1,46,0,0,0
sqlalchemy,c91fd822bc9816827d0aab4699e304ab49ed8280,1389566060,Mike Bayer,4,39,241,55,209,165,8826,0,0,44
sqlalchemy,9c64607572a04eb2ed7981db8999732100f39d4d,1389573793,Mike Bayer,4,11,274,20,51,47,2535,0,0,4
sqlalchemy,578df5b86b35db97c56e38161ab9dc917269a3b0,1389598721,Mike Bayer,1,0,1,0,0,0,0,0,0,0
sqlalchemy,bebf30e34d669a5ede54e512e55ee5186fe015f6,1389601331,Mike Bayer,3,19,48,19,41,40,1850,0,0,1
sqlalchemy,232e3762b7cbf425dd911ae2421512382d6024af,1389627435,Mike Bayer,3,7,22,43,21,17,827,2,92,2
sqlalchemy,58d3a4147361315fec2979e7bf933f4bd30ae46b,1389631951,Kyle Stark,1,1,1,1,1,1,68,0,0,0
sqlalchemy,1536bc4664a248faf81c62326fe1be3dbe18b8cd,1389639905,Mike Bayer,7,14,94,34,81,65,2699,7,358,9
sqlalchemy,bd74f81bb5b1158a1bc0a44e9990d4584380c481,1389653617,Mike Bayer,2,2,137,4,3,3,164,0,0,0
sqlalchemy,40563e9355f4dd2e677d65b37a2e40dfb0f8ff31,1389656645,donkopotamus,2,6,76,8,54,39,1661,3,219,12
sqlalchemy,52b25c5319b982486348069e2d9edd5259be03d3,1389666054,Mike Bayer,2,3,14,14,12,10,499,2,85,0
sqlalchemy,789ab9174354bd0a6f2cc0de97a724cadd9a6945,1389748931,Mike Bayer,1,0,7,0,0,0,0,0,0,0
sqlalchemy,1de7259093b1a49438ab26ca9661fd6023244afe,1389908311,donkopotamus,2,3,6,27,5,4,200,1,26,0
sqlalchemy,35935489608c6a896790ed0c51c3ea4b4eb6186f,1389908776,donkopotamus,2,3,41,4,29,23,982,1,26,5
sqlalchemy,cf8e5e3cf5b0e1be05a611c8828690acfcd2b9fa,1389909624,donkopotamus,3,2,26,0,4,4,106,0,0,0
sqlalchemy,882f615c68cd2d244a8d2cf480f3532a84bdb6fa,1389998203,Mike Bayer,3,7,26,17,26,20,933,3,147,3
sqlalchemy,931655f41743a99521f60ebbd0b9199422099013,1390002734,Mike Bayer,1,0,5,3,0,0,0,0,0,0
sqlalchemy,3347ff7a91b3604aa722682d3fb6ba1f70d48d5b,1390076000,Mike Bayer,1,1,1,1,1,1,25,0,0,0
sqlalchemy,1af8e2491dcbed723d2cdafd44fd37f1a6908e91,1390091216,Mike Bayer,15,65,538,81,293,243,10624,2,121,48
sqlalchemy,8e1a4fdced253a58af309c93c24a8a492b646bb7,1390109677,Mike Bayer,4,11,33,41,27,18,828,7,273,2
sqlalchemy,3dc9f9b3db10254f688c6b25b58951a4b1d4a41b,1390167156,Mike Bayer,2,3,53,28,5,5,314,0,0,0
sqlalchemy,aca8ffa474d1a270b5334a6c926b1f19b23d426e,1390211960,Wichert Akkerman,1,1,0,1,0,0,0,0,0,0
sqlalchemy,84b03137eb16b5e2a34e69f73b3a88069026c650,1390250205,Mike Bayer,2,0,9,6,0,0,0,0,0,0
sqlalchemy,44cba66cb2eb4411b43c228c4f1191c764607855,1390252180,Mike Bayer,2,1,2,1,1,1,80,0,0,0
sqlalchemy,49f1807f8f2acea5494fa77d217dce813a933147,1390258501,Mike Bayer,4,7,213,24,120,91,4990,10,383,19
sqlalchemy,417aeaf1453c67130fb8f1a2bb21c38e6795ce25,1390259642,Mike Bayer,2,6,18,16,18,12,532,3,115,3
sqlalchemy,b9318c98637bbd5c19267728fcfe941668345325,1390269695,Mike Bayer,4,26,257,51,85,70,3372,9,444,6
sqlalchemy,39ccdab8d52de6127df3144207f22dfec076e154,1390328944,Mike Bayer,1,6,41,32,41,37,2356,0,0,4
sqlalchemy,1732414076677e8fb84134325635729691f3d26d,1390423080,Mike Bayer,3,2,29,11,10,10,415,0,0,0
sqlalchemy,743ceb045e8be8b606198f4d5c02a72abebb2fbb,1390439807,Mike Bayer,8,11,272,10,39,25,1344,0,0,14
sqlalchemy,15b23c7f71c0ca8c526db2794b2c459c84875ab3,1390506544,Mike Bayer,4,3,70,3,11,6,239,3,127,2
sqlalchemy,761511f3f2418ea15547484d476f3c1553063328,1390506623,Mike Bayer,1,1,0,5,0,0,0,0,0,0
sqlalchemy,fd7b951f9dc41bad6dfe6c5042555aad5d23ef06,1390523926,Mike Bayer,1,7,20,11,20,15,810,0,0,5
sqlalchemy,e2562fb9d9a07da910b82f373179f59c94cb9604,1390621706,Mike Bayer,1,12,94,20,94,65,3484,0,0,29
sqlalchemy,fcc7e5b7941ece0493ac0538ad275cf2b19d5dc0,1390682169,Mike Bayer,2,48,459,103,459,342,18338,0,0,117
sqlalchemy,7d45c8809383f09e193e1f22b4473c26aff70945,1390684846,Mike Bayer,1,4,139,47,139,112,5264,0,0,27
sqlalchemy,38519e31b93391c22044e84d35e128031c18ef7b,1390685850,Mike Bayer,1,2,4,0,4,2,83,0,0,2
sqlalchemy,505ce796900150e09fc6087a8381f1dca062b324,1390686917,Mike Bayer,1,2,16,2,16,10,393,0,0,6
sqlalchemy,ae3f2abe06af5541d19f30d716806a47c8472098,1390716281,Mike Bayer,1,31,87,52,87,74,3877,0,0,13
sqlalchemy,d20d7549fd32d867739169ac2556f3fa0157b4b1,1390784528,Mike Bayer,1,19,115,37,115,94,5814,2,90,19
sqlalchemy,d8d03011b8dafe48b71e9eb3bc756d05da54a7bf,1390847673,Mike Bayer,2,0,2,2,0,0,0,0,0,0
sqlalchemy,d4c908ded1e9a7923312f3b335835e7e40b6690e,1390970594,Mike Bayer,2,5,43,4,18,14,515,0,0,4
sqlalchemy,7d56e4f135bd574aed25eacf1f5fbcfe3ffbdab9,1391025358,Mike Bayer,1,0,15,8,0,0,0,0,0,0
sqlalchemy,00e78f5f76c0f3e1000a7d239beed2d665170238,1391025438,Mike Bayer,1,0,4,2,0,0,0,0,0,0
sqlalchemy,8afb69ced876200c6bc4013108900e067130cb0e,1391034808,Mike Bayer,3,4,28,9,9,8,414,1,8,0
sqlalchemy,c188526a74486596bfaef2dadbaeff915ec34812,1391134113,Erich Blume,2,43,129,143,129,118,6877,8,462,3
sqlalchemy,b360dbf7ebb7cc5bb290847fdd9818d205244a94,1391209037,Mike Bayer,5,5,23,4,6,5,252,0,0,1
sqlalchemy,6b3ecd14eae1a557cffd19da6c82d967586a6d74,1391213648,Mike Bayer,3,7,66,4,17,14,828,0,0,3
sqlalchemy,33c7cfff6eb1b8d93dee3b4a76f4cac38c772d77,1391216258,Mike Bayer,4,6,60,3,9,6,324,0,0,3
sqlalchemy,b8178a0bba3563281fdb9c6aa62b7440a427ad8e,1391227993,Mike Bayer,1,8,68,71,68,62,3602,0,0,6
sqlalchemy,32a1db368599f6f3dbb3765ef5f11640d1725672,1391278963,Mike Bayer,3,0,46,0,0,0,0,0,0,0
sqlalchemy,5b0919f3f5c7678c587858a47e38acd4a5b82f25,1391296864,Mike Bayer,6,12,283,21,189,144,6617,7,329,38
sqlalchemy,29de1077b35fb264f4b1727bd1f4987644ff52b7,1391357168,Mike Bayer,5,5,95,3,12,10,487,0,0,2
sqlalchemy,2d4b457924fa722ef2cf854d8287b9f2f1b51282,1391369863,Mike Bayer,2,11,375,186,67,55,2972,2,105,10
sqlalchemy,4ed4266803cbba480e5785103302eba5b5a86652,1391370023,Mike Bayer,1,0,7,8,0,0,0,0,0,0
sqlalchemy,0326f3cf014ffb4928b4c6051d2fca13cb6945d7,1391376834,Mike Bayer,4,15,352,134,177,132,7516,10,448,35
sqlalchemy,4b3967087565165dd49871beaaa52393edb4eba1,1391382119,Mike Bayer,1,0,5,0,0,0,0,0,0,0
sqlalchemy,1b8a495767866f975a12e516dee98eaf7f2269c0,1391382977,Mike Bayer,1,1,8,0,8,6,278,0,0,2
sqlalchemy,b85f0b5681272dc0976bbb760fdbb243aa7ce5a4,1391385936,Mike Bayer,1,0,2,1,0,0,0,0,0,0
sqlalchemy,064df1d1ee64d5e135c380323d87dacee743ce9e,1391386764,Mike Bayer,1,0,2,2,0,0,0,0,0,0
sqlalchemy,c7af5618dc959878049ae96e461ee862e97e32ae,1391430318,Terentev,1,1,4,0,4,3,58,0,0,1
sqlalchemy,8b08b1a35b85c24349226c34e6834f4f60db3c6f,1391447091,Mike Bayer,3,5,13,32,13,9,370,2,70,2
sqlalchemy,69a66d58c2d77fa52fe4f43456c5017eabe9502b,1391447597,Mike Bayer,1,1,1,1,1,1,21,0,0,0
sqlalchemy,b069127b2d3f7b3f2c27f91cfcd32152a98c907f,1391472796,Mike Bayer,2,4,18,4,5,5,164,0,0,0
sqlalchemy,e47f99450378a7b1ea29a8493c0692bcf8669da3,1391475300,Erich Blume,3,5,107,18,36,33,1680,0,0,3
sqlalchemy,16cd07c4f896b03d0e73fc28b5279421dab53489,1391619826,Mike Bayer,2,2,9,2,2,2,111,0,0,0
sqlalchemy,d006198e17fcbed65d88aeaa940ce512e95a6fff,1391636455,Tom Farvour,1,2,10,2,10,10,328,0,0,0
sqlalchemy,c5dccd82dabffa1b01d1e2852c96684b559528c2,1391637271,Mike Bayer,1,0,20,2,0,0,0,0,0,0
sqlalchemy,5c188f6c1ce85eaace27f052bfd1a14f74f6a659,1391646313,Mike Bayer,2,1,32,2,2,2,150,0,0,0
sqlalchemy,cf4e421248e3175b97170d0c6930b360ff326c06,1391683492,Kevin Deldycke,1,0,13,0,0,0,0,0,0,0
sqlalchemy,ee88e648f7a56ef76426957a5344639ab9954d9d,1391912653,Mike Bayer,3,5,96,5,31,28,1024,0,0,3
sqlalchemy,ab738c21aa540cebf3c2f839e177146fc4b43672,1391982440,Mike Bayer,2,11,69,18,12,10,471,2,86,0
sqlalchemy,2a25e42c08e7541fa70dfc5e6b1ac843d6d02027,1392068028,Mike Bayer,2,5,29,4,11,9,565,0,0,2
sqlalchemy,093ce65c5fc741340e68c39b298787f36f6e98a6,1392068252,Mike Bayer,1,0,0,5,0,0,0,0,0,0
sqlalchemy,7d56f6c8077a3d9aeae3aed2cc548ca4e350161b,1392072217,Mike Bayer,1,1,0,31,0,0,0,0,0,0
sqlalchemy,bf934018a52b4fe4c43745f88b66210d6517338f,1392077820,Mike Bayer,3,1,144,9,3,3,170,0,0,0
sqlalchemy,bd98bd5fffd53a650319d36f002031171930ca86,1392157563,Matt (work),1,2,8,1,8,8,228,0,0,0
sqlalchemy,4a79bc578c67297c707a00d8fafaba533e2833d9,1392166534,Mike Bayer,7,14,147,10,63,44,1972,1,45,18
sqlalchemy,036cb93abfb44f4ab7fdb125eaaf2597a95a0187,1392322752,Mike Bayer,2,3,40,3,7,7,415,0,0,0
sqlalchemy,3e7caad3cfe6797e9a7a89394cf946abc43db706,1392401878,Mike Bayer,1,2,2,2,2,2,76,0,0,0
sqlalchemy,c597843f137b2b3ff90e648e7507dd1f325d4f48,1392402231,Marcus McCurdy,2,2,32,2,2,2,139,0,0,0
sqlalchemy,ffa6f45ec392bdffd419484e1343c7853433d9c4,1392406320,Mike Bayer,1,1,15,1,15,10,376,5,263,0
sqlalchemy,28229a35e0231e770679ce48436f7e31723ac159,1392406781,Mike Bayer,1,1,2,1,2,2,110,0,0,0
sqlalchemy,17ecf15a3b1dfce5028622c20c1871516058213e,1392410718,Mike Bayer,1,2,7,1,7,5,290,0,0,2
sqlalchemy,70ed9c8b559b9d158e8571da521e09a947c0a0f4,1392515498,Mike Bayer,1,9,63,30,63,52,3046,0,0,11
sqlalchemy,c3b1b554081d1af772ab9cae2e12f88d4cf80912,1392570180,Mike Bayer,1,2,31,4,31,25,1654,0,0,6
sqlalchemy,9d5188b1926dad9e3a8d4f6e5eb8e0562956f1f0,1392572626,Mike Bayer,2,5,15,4,15,10,467,0,0,5
sqlalchemy,945b87b2d86809c981593f686f77fbd759be4b85,1392572863,Mike Bayer,1,1,0,3,0,0,0,0,0,0
sqlalchemy,1921e7a3cbff7d28cd56fc5bd542d9f5adfa9d63,1392578936,Mike Bayer,3,68,244,105,244,191,11304,0,0,53
sqlalchemy,a79efa2aa48fcc3792679dccafbbb64c065bfc0e,1392579806,Mike Bayer,1,1,0,6,0,0,0,0,0,0
sqlalchemy,4588a0e60358814119655f1af8971ab971812f6c,1392586689,Mike Bayer,2,0,56,28,0,0,0,0,0,0
sqlalchemy,79f801eae889ee6ee098ce3cd3b0ca98b852d2f5,1392588605,Mike Bayer,1,7,57,6,57,47,2311,0,0,10
sqlalchemy,5e100a70c51362b522c8d4a05c0149c7d77672fb,1392589218,Mike Bayer,2,1,24,5,8,8,336,0,0,0
sqlalchemy,00c6ebb4408964583943826c831064e1d7472169,1392592450,Mike Bayer,3,9,181,187,31,28,1003,0,0,3
sqlalchemy,b4d9795db164ccb509ddac311f640df1a75a74e5,1392670987,Mike Bayer,1,0,0,1,0,0,0,0,0,0
sqlalchemy,fdedb69d9c6d995fc85105c22f0f537ea25a0c44,1392760694,Mike Bayer,2,2,33,22,33,28,1969,0,0,5
sqlalchemy,ecdfc31774e226b9f57701ae197d1bcbaf6afa24,1392766523,Mike Bayer,5,8,39,29,27,17,739,8,362,2
sqlalchemy,185938e7b7467a364fc8df5bee2597b4fee91bac,1392774573,Mike Bayer,1,1,1,1,1,1,58,0,0,0
sqlalchemy,dd32540dabbee0678530fb1b0868d1eb41572dca,1392824912,Mike Bayer,2,5,51,4,13,11,364,0,0,2
sqlalchemy,77ed03652580c5db925729c573b76ca32393dc67,1392841102,Mike Bayer,2,1,24,0,1,1,32,0,0,0
sqlalchemy,a552606091bf84579751cd80ca458a0483b2b96a,1392842977,Mike Bayer,2,8,97,20,73,53,2077,0,0,20
sqlalchemy,8878e2307954a98c894441613b6e836b3982556f,1392844279,Mike Bayer,1,1,7,6,7,7,248,0,0,0
sqlalchemy,a0fb9e74c61b0c2cb8f2f91ae6cc38d3c8c95949,1392847237,Mike Bayer,1,1,2,1,2,2,121,0,0,0
sqlalchemy,25831872db7fe2a6eb07c3d50be2504b41d9d5e5,1392854644,Mike Bayer,2,3,59,7,3,3,173,0,0,0
sqlalchemy,69d1d08dc3983b2bba3ed9acafc63a7486ef29c6,1392855160,Mike Bayer,2,2,43,1,5,2,145,3,120,0
sqlalchemy,57b214a0a4461cfbafe02ac3fb144141b839bb97,1392855737,Mike Bayer,1,1,1,0,1,1,48,0,0,0
sqlalchemy,a4f1d2ec6e809b9bb6df610f70bb74e38262cfac,1392858930,Mike Bayer,1,0,3,0,0,0,0,0,0,0
sqlalchemy,b2fd85b7d5aa364dea11bae458e031251f1b50f5,1392868900,Mike Bayer,1,0,2,2,0,0,0,0,0,0
sqlalchemy,5c88f38c7259780e9acc18cc8752110b1d369c23,1392869347,Mike Bayer,1,1,1,1,1,1,39,0,0,0
sqlalchemy,ceaa6047ef8bc3916ffdda1924844cbf233dfd94,1392930869,Mike Bayer,4,10,95,15,29,19,799,4,189,6
sqlalchemy,948b14b65b961c68c6581419ae419fe68273fe2c,1393191009,Mike Bayer,1,3,24,0,24,12,447,0,0,12
sqlalchemy,537d9212938669e7140880387d68e769381d5c2e,1393263294,Mike Bayer,2,0,38,5,0,0,0,0,0,0
sqlalchemy,d966920b3df253292a28f2a57bef0d90afd66352,1393264332,Mike Bayer,2,1,16,0,2,2,72,0,0,0
sqlalchemy,1122d355d15a8f6b8565df282eeb3463c31a512d,1393264772,Mike Bayer,1,0,6,0,0,0,0,0,0,0
sqlalchemy,e60529da797491e9e88e9fcc581334ad3a09bcc2,1393365342,Mike Bayer,2,1,34,6,1,1,64,0,0,0
sqlalchemy,33f07202ce2d9d34f346e9629dc602d920091cf1,1393375937,Mike Bayer,3,13,290,14,156,121,5372,0,0,35
sqlalchemy,f9492ef90641c2fa55bcd1ecc93ddcef7f82f08d,1393377052,Mike Bayer,3,5,34,16,30,22,1341,0,0,8
sqlalchemy,6fadb57165248e7142ba8b4d1f3e32fa77054528,1393392474,Mike Bayer,1,13,35,47,35,30,1089,0,0,5
sqlalchemy,bf67069d264cba3feed8a48614289d605ed61a55,1393439294,Mike Bayer,3,1,46,7,7,7,285,0,0,0
sqlalchemy,302ad6228a12fe5cb4c5d332e5bab65ed373bc01,1393446889,Mike Bayer,4,25,245,33,54,47,2184,0,0,7
sqlalchemy,6aeec027a0fb33348bdb8ec5b448044a67eff7c5,1393447552,Mike Bayer,3,3,18,9,9,8,249,0,0,1
sqlalchemy,2d146ddad97e637c399d274c845866d2e21e9b93,1393460842,Mike Bayer,1,3,4,4,4,4,69,0,0,0
sqlalchemy,b6428219c663e0eb0bf44817391d7a8fc1c60d43,1393525799,Mike Bayer,2,2,34,6,3,3,165,0,0,0
sqlalchemy,c2f86c92b1fbb4e855161bd509d3057f86ed7a74,1393527047,Mike Bayer,2,3,35,3,5,5,319,0,0,0
sqlalchemy,c4dede6e7c1420aacc54c9c326bf3a834dff45c7,1393532121,Christoph Zwerschke,2,5,27,3,19,15,827,1,52,3
sqlalchemy,078621494eb9981733412446aa4eabd9bc54fa52,1393541156,Marc Abramowitz,1,1,1,1,1,1,29,0,0,0
sqlalchemy,e21cd0d95fb6cdcb4e10ea78abd5626bb92c37c3,1393548889,Mike Bayer,2,2,27,6,6,5,302,0,0,1
sqlalchemy,c1b7c2db1970dcbbe084b5ec29ab8024ccd14c2b,1393555531,Marc Abramowitz,1,1,16,9,16,13,845,0,0,3
sqlalchemy,12ce2edc92eff647fedfd6943d60703b3c3eeff5,1393614913,Mike Bayer,4,19,246,29,72,58,3075,0,0,14
sqlalchemy,e8d048f10bb5f5239d1fde543c084b17e81a017f,1393615595,Mike Bayer,2,2,2,2,2,2,125,0,0,0
sqlalchemy,43f95d3e5e8faec681141212d1e908b06a47e337,1393631418,Mike Bayer,2,0,27,13,0,0,0,0,0,0
sqlalchemy,e99e38a3ff26ff9be7fe2dce47873537ecebadef,1393631859,Mike Bayer,1,0,3,3,0,0,0,0,0,0
sqlalchemy,fa23570a338b53c813b6342fba0cacd4f5e61384,1393700130,Mike Bayer,1,0,46,0,0,0,0,0,0,0
sqlalchemy,6750c39a4fc6be01502f3c9b1c6ba2d3f67a030e,1393774788,Mike Bayer,3,5,15,28,15,12,486,2,93,1
sqlalchemy,bf89ca2e10ff1c38e76f78e2d11d7858a50df547,1393786746,Mike Bayer,4,8,123,40,37,35,1619,0,0,2
sqlalchemy,e226caa968e159753692a62b9675ebd4c799f308,1393866928,Marc Abramowitz,1,1,0,9,0,0,0,0,0,0
sqlalchemy,ea05a2321819405020ead5184770d39a0b7948da,1393880117,Mike Bayer,42,5,851,685,8,7,305,0,0,1
sqlalchemy,66470d8656a7bc60c6f2888670809ea67c1beab5,1393881489,Mike Bayer,1,0,1,2,0,0,0,0,0,0
sqlalchemy,2469b651e61066dd63a0c60d7eeb7cfce16c2ee5,1393890208,Mike Bayer,1,0,3,1,0,0,0,0,0,0
sqlalchemy,d6e8d5eddbca7154d008f7ef49efdc62dded7794,1393948767,Mike Bayer,2,2,10,2,3,3,96,0,0,0
sqlalchemy,c6f540da58a63485344894dbe02ad40d26c5ce7c,1393955483,Mike Bayer,1,1,14,22,14,11,764,0,0,3
sqlalchemy,81783a6241c5251975e814973811c8a2c2d8412d,1393955894,Mike Bayer,1,0,9,1,0,0,0,0,0,0
sqlalchemy,ab2b3b0862c40b275c084dfc2007729c571fe18a,1393975073,Mike Bayer,1,0,6,7,0,0,0,0,0,0
sqlalchemy,a5f8a04f6b7b1eb3cf441b6c7fc32167fa6eb360,1394031115,Mike Bayer,1,1,0,4,0,0,0,0,0,0
sqlalchemy,48b82aebc3cda2ae9638f0922eea646288b45c72,1394061249,Mike Bayer,1,3,3,3,3,3,123,0,0,0
sqlalchemy,4175ca20508b0141c56560f4eae029c664213b79,1394063917,Mike Bayer,2,18,91,41,91,75,4923,0,0,16
sqlalchemy,a4e84a154c51192c210cfe01088d0bf9da2eceda,1394125074,Mike Bayer,3,0,6,3,0,0,0,0,0,0
sqlalchemy,63bb4ec5ab75ffdbec0502f82752328948f6fef5,1394231217,Mike Bayer,1,0,1,0,0,0,0,0,0,0
sqlalchemy,c9843bb395b37c67c14b301a57bddbc730bfce48,1394304747,Mike Bayer,1,0,7,1,0,0,0,0,0,0
sqlalchemy,dbd1015d819ed1402e973bbc2ccac2caa5c36d2b,1394406815,Mike Bayer,1,1,3,9,3,3,182,0,0,0
sqlalchemy,009df6a3d041e517cc9efa74d3c87184357a5006,1394555230,Mike Bayer,5,8,58,5,33,22,1006,0,0,11
sqlalchemy,b7169f66d7cac26713f0784713be916905f320de,1394555940,Mike Bayer,2,5,82,2,46,30,1681,4,20,12
sqlalchemy,66338e33bfeab571340b86e321b4237b20456a0f,1394575580,Mike Bayer,1,0,4,6,0,0,0,0,0,0
sqlalchemy,d85d6f9a3f1d3132abcd917d4378b2c4e14aec65,1394650015,Mike Bayer,3,3,40,4,3,3,148,0,0,0
sqlalchemy,a7ef7eccaacae5341bb03a58cc0538718c33c329,1394651388,Mike Bayer,2,2,26,2,9,6,274,3,140,0
sqlalchemy,36792434c74dea43a0f10f5fe1cc45c4206f01ee,1394659983,Mike Bayer,2,5,48,5,48,33,1674,0,0,15
sqlalchemy,0bb00db558123209c3ffb8eab580dcf1823f36b4,1394498082,Roman Podoliaka,2,1,2,1,1,1,52,0,0,0
sqlalchemy,8433a48fabbb77bfc99434fc915b9a5ccd427f43,1394751296,Mike Bayer,5,0,228,159,0,0,0,0,0,0
sqlalchemy,dd40c638857d06e0c50d50523d4c9412f0953334,1394751922,Mike Bayer,1,0,14,0,0,0,0,0,0,0
sqlalchemy,2057b86b2ac2cfcb354ac213fc997359089a3d4c,1394752738,Mike Bayer,1,0,7,0,0,0,0,0,0,0
sqlalchemy,9c5c12fb230cc72bf5ae8573dc420007718eaf0a,1394755150,Mike Bayer,2,0,54,32,0,0,0,0,0,0
sqlalchemy,11003828cb65693f6b85818552cab652d8ae1294,1394755428,Mike Bayer,3,1,89,45,9,8,277,0,0,1
sqlalchemy,6d0f734a3da78d213da0931531bbcfc781521ca7,1394756063,Mike Bayer,1,1,1,2,1,1,17,0,0,0
sqlalchemy,56e38b8e4e6412fa3fc3beddd7fa30d6e6ddae2b,1394912669,Mike Bayer,1,6,14,60,14,14,953,0,0,0
sqlalchemy,fb09877270cc976f4d0a7fe8d9e0d69430aadf71,1394995855,Mike Bayer,2,9,63,11,10,10,617,0,0,0
sqlalchemy,9ec01ab35a6c0cfdae6ce8a5f84d5ccaf90a3c44,1395087951,Mike Bayer,2,1,19,0,6,5,289,0,0,1
sqlalchemy,b9a2b58dd74757184ef94206f09e9db1f536e4cb,1395241778,Mike Bayer,5,4,32,3,6,5,262,0,0,1
sqlalchemy,89a8e0d187b8967c9b8291bcdc3078335704dbfa,1395244078,Mike Bayer,1,0,1,1,0,0,0,0,0,0
sqlalchemy,2a1a79b6ce53f2e1dc4cd48bbca5c5a148b8b285,1395248624,Mike Bayer,2,3,53,4,11,10,484,0,0,1
sqlalchemy,ec97911ed915238b4ea1ce51d6f7a77d49790f2b,1395523910,Mike Bayer,1,0,31,9,0,0,0,0,0,0
sqlalchemy,56ef17e0f7b4a58fff6f35f15b1e8a5437191bcc,1395524975,Mike Bayer,1,0,3,9,0,0,0,0,0,0
sqlalchemy,be3c185fd48c2abcc5d9f54dd0c415e15c33184f,1395526937,Mike Bayer,5,7,55,16,38,29,1505,0,0,9
sqlalchemy,eed9cfc3ae027f21a1f46a6e07fcef0724741eb2,1395528339,Mike Bayer,6,17,132,79,31,26,1151,0,0,5
sqlalchemy,5d2bfc4df45bd2f3347391c67b975066fdb74723,1395528539,Mike Bayer,4,0,11,11,0,0,0,0,0,0
sqlalchemy,8e10ab92df0d8b5d24474e00d6628d2de94b900c,1395529357,Mike Bayer,2,1,13,0,1,1,40,0,0,0
sqlalchemy,a7a6b436600c764704f39e177938008c6f6b315f,1395529800,Mike Bayer,1,0,10,9,0,0,0,0,0,0
sqlalchemy,b00e15b50f83b4d939a15162fe53863bc15be4f0,1395531258,Mike Bayer,2,28,64,28,31,28,1526,3,156,0
sqlalchemy,39a8e2ed375ed66c67a6fe24805ae0503f296e07,1395532500,Mike Bayer,2,1,19,1,8,2,129,5,287,1
sqlalchemy,ebd24974f47f409fef785fd262087a48c02b4ff6,1395670147,Mike Bayer,1,0,1,1,0,0,0,0,0,0
sqlalchemy,87d7076b49ec52d6f890d1dc56f61ea2eb83f3a6,1395670959,Mike Bayer,4,7,237,21,127,96,4298,0,0,31
sqlalchemy,2f150bee28525d49e7f36d2e0c7fbeda2352bc3a,1395675233,Mike Bayer,33,0,433,267,0,0,0,0,0,0
sqlalchemy,82a67abf4b5a1cabebc02e158867dbc7fbeaa424,1395676658,Mike Bayer,3,0,7,24,0,0,0,0,0,0
sqlalchemy,990266f5515afed78260cce4736640faa19c05da,1395677546,Mike Bayer,1,0,10,4,0,0,0,0,0,0
sqlalchemy,50d19f55d265847c874d5eca3660af0d61c1c454,1395679762,Mike Bayer,5,0,21,7,0,0,0,0,0,0
sqlalchemy,12c8a10b81a42b35a7f6d9b005bacc708934fcab,1395682433,Mike Bayer,1,0,1,1,0,0,0,0,0,0
sqlalchemy,74f7509d663641547054146a986a9634f9198857,1395703844,Mike Bayer,1,0,8,0,0,0,0,0,0,0
sqlalchemy,1a35188b6903a48999ebbd1aeeec0114d3cbe7d3,1395764802,Mike Bayer,2,1,5,2,4,1,74,3,140,0
sqlalchemy,4100f9c06e8622bd84a3044ef0be9544cdcd9126,1395859371,Mike Bayer,1,0,1,1,0,0,0,0,0,0
sqlalchemy,dc0d581d5d10589e02d8d38698afb470559d22f2,1395861509,Mike Bayer,1,0,47,29,0,0,0,0,0,0
sqlalchemy,761c8ff15de16e572a6e1382cae76d734bd411e7,1395865912,Mike Bayer,3,5,11,7,6,6,304,0,0,0
sqlalchemy,a465f3d031f06650c140d07eab53478259ce7a85,1395866383,Mike Bayer,1,0,1,1,0,0,0,0,0,0
sqlalchemy,99d07abe1704c67f76e67afc225dcf0b90fa768b,1395867124,Mike Bayer,1,0,34,2,0,0,0,0,0,0
sqlalchemy,bd86942b058681fbe87f7315dc9fa69642159506,1395875749,Mike Bayer,1,0,3,2,0,0,0,0,0,0
sqlalchemy,b6411ee3cfe63d461b73e9aa8e69c6c550ddb649,1395881000,Mike Bayer,3,0,8,6,0,0,0,0,0,0
sqlalchemy,e3a1a2d01c83e9451527b0c5ac316d9a510ac5bc,1395940640,Mike Bayer,3,0,18,13,0,0,0,0,0,0
sqlalchemy,460139f630a8db71f2a12eae0b95c75c858210f8,1395846263,Stefan Reich,1,0,1,0,0,0,0,0,0,0
sqlalchemy,50576a01eb39742632268fe1e595a554625171eb,1395962286,Mike Bayer,4,2,22,10,4,2,60,0,0,2
sqlalchemy,0611baa889198421afa932f2af1524bd8826ed7d,1395963795,Mike Bayer,2,6,71,16,34,25,1278,5,226,4
sqlalchemy,825d3b0d6db4b4db78d69b9dcf012c5f627385d3,1395967126,Mike Bayer,3,3,172,7,11,9,377,2,81,0
sqlalchemy,4d93a52e77895f87570b00f8f0c9b4088d078695,1396018177,Mike Bayer,2,10,84,14,77,63,3086,0,0,14
sqlalchemy,610e0594e249cd0bb28cb2bd4a7624f63f4510bb,1396018954,Mike Bayer,1,1,1,1,1,1,67,0,0,0
sqlalchemy,9cdbed37f8c420db0b42fb959813d079622c3f3a,1396019146,Mike Bayer,1,1,4,4,4,4,271,0,0,0
sqlalchemy,c01558ae7f4af08acc523786e107ea5e2e214184,1396038731,Mike Bayer,9,9,161,37,42,35,1893,1,69,6
sqlalchemy,28aaa593879738861f0b901044d02d37d2694c58,1396038971,Mike Bayer,1,1,1,1,1,1,57,0,0,0
sqlalchemy,a04fb820289d10b4f340810e23242b4025e7c195,1396039063,Mike Bayer,1,0,2,0,0,0,0,0,0,0
sqlalchemy,9c731b2ebf4909d319bf7ce44c4c5e895723afa6,1396039268,Mike Bayer,2,1,11,1,1,1,46,0,0,0
sqlalchemy,094a8550f18465b86e7288e04cabedc1f56c47aa,1396039632,Mike Bayer,1,2,12,20,12,12,770,0,0,0
sqlalchemy,9a49d5fea5a9878429f852ee9f2b9fa3d9255696,1396039685,Mike Bayer,1,1,0,2,0,0,0,0,0,0
sqlalchemy,477b9e7f0297e0f96781fb94501b505ee647970a,1396042005,Mike Bayer,1,0,21,0,0,0,0,0,0,0
sqlalchemy,a0329f71ad48b16ad9dad44d5a5cb2c920e569f1,1396042975,Mike Bayer,3,1,23,8,12,2,72,8,451,2
sqlalchemy,d6618e41195587291c4a82af0db43fbd993b6c77,1396044035,Mike Bayer,4,7,65,29,40,36,1882,0,0,4
sqlalchemy,6983e1479021259fdaabcf74f042ef8259b02638,1396048795,Mike Bayer,1,0,0,1,0,0,0,0,0,0
sqlalchemy,ccc0c44c3a60fc4906e5e3b26cc6d2b7a69d33bf,1396050009,Mike Bayer,1,0,2,2,0,0,0,0,0,0
sqlalchemy,e16ede8cae00fd5cbbd5fb33d63c14df0153c2bc,1396228820,Mike Bayer,6,12,80,13,37,31,1527,0,0,6
sqlalchemy,2e5c8913a8e15e649322c0907199361df9698153,1396371832,Mike Bayer,4,4,85,7,3,2,128,0,0,1
sqlalchemy,66f2e1257a98bdb257e15a0d9b9588289ef40631,1396391394,Mike Bayer,1,3,4,3,4,4,280,0,0,0
sqlalchemy,68900c2654a6918de2c4e264cd197da953f0ed11,1423284061,Mike Bayer,1,0,24,15,0,0,0,0,0,0
sqlalchemy,a14729266a8b3c9b491c41bc1fe1cb03ccad51af,1423322528,Mike Bayer,1,0,30,27,0,0,0,0,0,0
sqlalchemy,3db84b174ad9a6c7ba64a8dfd1746905651ca04f,1396460753,Sławek Ehlert,2,3,40,2,20,17,874,0,0,3
sqlalchemy,b23bb79581ffab33231bc6fb7a49917888d4a836,1396476671,Mike Bayer,3,5,7,9,2,2,76,0,0,0
sqlalchemy,aba956a85dc090affea2548a912891f2d9bbfff0,1396476850,Mike Bayer,1,1,1,1,1,1,25,0,0,0
sqlalchemy,a68fdf0d2fc7a7e5118b996d7fbbcc9b0eda2d15,1396647215,Mike Bayer,1,7,67,5,67,45,1939,0,0,22
sqlalchemy,4527b6ab943b0f16dd3dd829d7e9872554437b2d,1396746329,Mike Bayer,1,1,1,1,1,1,64,0,0,0
sqlalchemy,9f74861d6d2962cb255887c78d5d0f4cb8891cfa,1397080156,Mike Bayer,3,3,83,3,37,28,1237,0,0,9
sqlalchemy,fcda519452cf5e0cdbde7569ab32459b9f314f7a,1397183613,Mike Bayer,2,1,10,1,1,1,63,0,0,0
sqlalchemy,4e56c9386d13614da388da4c2d41be10598d5dd4,1397245087,antti_haapala,1,1,3,1,3,2,109,1,29,0
sqlalchemy,3cefa27709695318a36279567dee6db67746e414,1397496479,Matt Chisholm,1,0,2,1,0,0,0,0,0,0
sqlalchemy,f0d71dc2d6027158ab883ddabb83af20996108ba,1397498008,Matt Chisholm,1,0,0,1,0,0,0,0,0,0
sqlalchemy,c887d62810e13e3156ac47dfbcfd709a6ac9858f,1397498041,Matt Chisholm,2,2,13,4,6,6,212,0,0,0
sqlalchemy,99ae0dc821a1a36a6d1a966f51843f6632fc4117,1397619247,Mike Bayer,2,1,13,0,2,2,93,0,0,0
sqlalchemy,1fb4ad75a38ce84d0e7b170927025500b73b5519,1397763403,Mike Bayer,1,2,8,14,8,8,293,0,0,0
sqlalchemy,c5a95ea8e37bfc98d5c9593638dc0c0e32351c72,1397924206,W. Sean McGivern,2,1,5,1,1,1,62,0,0,0
sqlalchemy,c33d0378802abbc729de55ba205a4309e5d68f6b,1397925079,Mike Bayer,7,11,148,25,46,37,1928,0,0,9
sqlalchemy,7303b59b00ef0f6f9332dd0362084e092c5d5acc,1397947798,Mike Bayer,4,14,246,29,47,26,1472,15,609,6
sqlalchemy,c3bbc6497eaea6a19de4fcbf35a0c156a3282e14,1398269912,benselme,1,16,39,35,39,39,2601,0,0,0
sqlalchemy,338ca8e48827840ad5db4ee4f677e4d3fcd315c9,1398378057,Dobes Vandermeer,6,19,33,13,24,23,1338,0,0,1
sqlalchemy,624924d5e75705fb2a7390d36a766cd771b354bd,1398378833,Dobes Vandermeer,1,0,6,2,0,0,0,0,0,0
sqlalchemy,e9b398f8a6ecd5b68142ab334a81683eff966e09,1398446570,Dobes Vandermeer,1,3,7,5,7,7,204,0,0,0
sqlalchemy,4af172b644d90f1bcab3de2bd0501a9cf50dc1d5,1398447732,Dobes Vandermeer,7,29,74,43,74,69,3430,0,0,5
sqlalchemy,262fef0b4ac2a8d14117662786d3af8e9a4424eb,1398447938,Dobes Vandermeer,1,1,0,1,0,0,0,0,0,0
sqlalchemy,a218eaee2b426496f682922bb9558bc3e581e77e,1398447990,Dobes Vandermeer,1,4,10,8,10,10,454,0,0,0
sqlalchemy,d2643b4e541957d84a48c15b6e40fce30ef1988f,1398448091,Dobes Vandermeer,1,1,0,1,0,0,0,0,0,0
sqlalchemy,9f437136a36c51808a2396e2e08a743957020e60,1398448118,Dobes Vandermeer,1,1,0,1,0,0,0,0,0,0
sqlalchemy,e9ada891d825e432775be0e67e39930dab60df50,1398448147,Dobes Vandermeer,1,1,0,1,0,0,0,0,0,0
sqlalchemy,0d95386ca3cacff201717b1a390b3e1882262c36,1398448179,Dobes Vandermeer,1,1,1,1,1,1,70,0,0,0
sqlalchemy,1caa7fafbd3c9870e1bf2b2ac623872447fc804e,1398543193,Alex Gaynor,70,64,118,118,64,48,3204,16,826,0
sqlalchemy,2a458680a49376b8a11b342bc679a870cdc05da6,1398899186,Mike Bayer,3,2,48,15,14,11,422,1,64,2
sqlalchemy,c8873b31f0c87ba0d1a7518b36af7151dec34be4,1399070592,Mike Bayer,1,0,7,27,0,0,0,0,0,0
sqlalchemy,55eacc8dbea3c3f98197bde9034fd6558fb2bc09,1399603446,Mike Bayer,4,2,39,4,6,6,227,0,0,0
sqlalchemy,9605b051b04aab66d5192f354b7a836c4957019c,1399660050,Dobes Vandermeer,1,3,29,6,29,27,1321,0,0,2
sqlalchemy,85d1899b76a37b4bf922b1cea4f608ba806b41d0,1399750309,Mike Bayer,2,5,14,3,14,9,433,4,184,1
sqlalchemy,168ca1d37d0d6ddc3ef6dc993fa561c4f46d0f52,1399751551,Mike Bayer,1,0,51,0,0,0,0,0,0,0
sqlalchemy,230c0d5a19978872fae4e1261736a9e300ae9bf1,1399778769,Mike Bayer,2,2,38,2,3,3,52,0,0,0
sqlalchemy,f341cfbfe117e777569d58eb6d2c3d3f7fe7bbf3,1399819796,Matthias Urlichs,19,19,22,22,19,16,1062,3,155,0
sqlalchemy,7ee8cd8f5ea609a8bef1153fdf85c15a2b5abcc3,1399561664,Dirk Mueller,1,2,5,1,5,2,79,2,73,1
sqlalchemy,045861dbe20463c667cd9010a5c3fec036d157e1,1399232077,Wieland Hoffmann,1,1,1,1,1,1,74,0,0,0
sqlalchemy,57b6da9d402f164605c7bfe270654725cb604f1f,1399972239,Alexey Terentev,2,7,69,1,16,14,648,0,0,2
sqlalchemy,aa12fdb40e6641cc35e0228a1c38c469afc828f5,1400076204,Mike Bayer,2,1,22,0,5,3,100,0,0,2
sqlalchemy,460465a8749aecff761e1c81c77d7c23e8672789,1400260190,Mike Bayer,2,1,21,32,6,5,278,0,0,1
sqlalchemy,81959af6d37be503a13ce9c53317d443e14ae570,1400268819,Mike Bayer,7,24,251,61,88,77,3552,0,0,11
sqlalchemy,474168bd884792b30b5312a18ad68f2563206952,1400533034,Mike Bayer,3,36,69,45,69,59,2454,4,148,6
sqlalchemy,72a09d9e5c54e3ee8b3561da144d8379ce1df747,1400533102,Mike Bayer,1,6,4,60,4,4,221,0,0,0
sqlalchemy,fd57a4116301c91a651e397f65235bc6a766a39d,1400534894,Mike Bayer,1,6,60,4,60,56,2466,2,95,2
sqlalchemy,665eced208b9e277f4b5cdb64f5ef0613938e11a,1400535834,Mike Bayer,3,13,27,17,27,24,967,0,0,3
sqlalchemy,dd9b7357fd64eb0b0dd7337ef7d36574e12b7f02,1399667670,Tony Locke,1,1,1,1,1,1,35,0,0,0
sqlalchemy,e36e2281000a130d751b60ffdcbc8449f5d85e7e,1399671013,Tony Locke,1,0,0,2,0,0,0,0,0,0
sqlalchemy,30af3116286b39a8ffe328a5a99599528814a16b,1399730121,Tony Locke,1,0,0,6,0,0,0,0,0,0
sqlalchemy,fc4e113cf1ee0c1c4ca636df146aaee8522c92d5,1399827173,Tony Locke,1,0,0,1,0,0,0,0,0,0
sqlalchemy,996de05ee96b62943efb4bd9495127b40aaba4d5,1399838304,Tony Locke,1,0,5,2,0,0,0,0,0,0
sqlalchemy,32bae567fe487ca78d23d775792e6dbd7657ba53,1399927638,Tony Locke,1,3,8,10,8,8,468,0,0,0
sqlalchemy,66e0a7771f66b352e6712cf2d71936c6f8238617,1400074568,Tony Locke,2,1,37,7,24,22,950,0,0,2
sqlalchemy,f8f29d0a105a4a84f09a05b519142002cee1f5f6,1400075246,Tony Locke,2,9,51,64,11,9,466,2,85,0
sqlalchemy,72bb4e9eb0d6575b08472628ee20d8a909f19574,1400855759,Mike Bayer,2,7,25,3,25,18,1192,2,64,5
sqlalchemy,0932e16cb7375a1d9f70b3c35cfe33a2835fa85a,1400858326,Mike Bayer,1,1,1,1,1,1,21,0,0,0
sqlalchemy,9c394ec1ae6e571476e8628221d1383add8eb497,1400862508,Mike Bayer,1,0,3,3,0,0,0,0,0,0
sqlalchemy,bc91884a4125ebda230ae8ff20f2af1dbc7e63c6,1400869582,Mike Bayer,1,1,20,0,20,12,693,0,0,8
sqlalchemy,931685bac9161056cda3337ca2515ae9add236d8,1400939660,Mike Bayer,1,2,10,4,10,9,493,0,0,1
sqlalchemy,d1705a46fea6beb7a02d20b2bdc1518c214012ff,1400956528,Mike Bayer,3,10,89,8,40,31,1258,0,0,9
sqlalchemy,6126caec447f98801f3ea7cf045ca807a4537a4d,1400957647,Mike Bayer,2,1,5,2,3,2,52,0,0,1
sqlalchemy,4d4abd2f76acd0d4c427884708cc3b7f1baaaa3f,1400963303,Mike Bayer,1,5,8,19,8,8,307,0,0,0
sqlalchemy,f9adac0a34e49bacfc02cb18a899b4ae757754dd,1400965367,Mike Bayer,2,5,40,1,40,27,828,0,0,13
sqlalchemy,8a4f75e9721beb93483b0ff8283ffbb0d6018ec3,1400982315,Mike Bayer,2,11,48,30,26,23,1276,2,87,1
sqlalchemy,551c730f3fee058f68a813b5f0eadce0c8a2820a,1401029191,Chris Withers,1,0,1,0,0,0,0,0,0,0
sqlalchemy,e6cbd88fe17a8ce63078b00293fbe3da2ddf9ea4,1401031927,Mike Bayer,3,1,60,1,3,3,102,0,0,0
sqlalchemy,95b10c4e8e59cf2509ba5d90a03341d74f93d164,1401039932,Mike Bayer,3,1,113,2,1,1,54,0,0,0
sqlalchemy,e384347ffb9b29fca146df54284e96a567adae9c,1401040688,Mike Bayer,2,1,16,0,1,1,20,0,0,0
sqlalchemy,482a67e1c68d3123ab91f8141ae58c7daa88e6db,1401041321,Mike Bayer,2,1,20,2,1,1,43,0,0,0
sqlalchemy,d60b680e967ea70f0b6b572ff9febb12c48afd3e,1401289012,Mike Bayer,1,0,3,1,0,0,0,0,0,0
sqlalchemy,bc08ee9029258b23171bb67e191452e6c739c597,1401321681,Mike Bayer,6,9,158,11,31,16,885,12,576,3
sqlalchemy,752f2e0fc8dec13e313a00f7c9720d24d21429ed,1401407691,Mike Bayer,12,33,133,70,61,60,3445,0,0,1
sqlalchemy,2c8689fd141c278a7bbc250087e553b76a515bc6,1401423671,Mike Bayer,2,0,38,10,0,0,0,0,0,0
sqlalchemy,69dbcdd0ebf8de81643c038276fcc822a7b0bd0b,1401427973,Mike Bayer,7,15,46,38,40,33,1628,4,209,3
sqlalchemy,28fbecaaa00ac6039d6c6b7e5abd594160f74104,1401428292,Mike Bayer,1,1,1,1,1,1,43,0,0,0
sqlalchemy,39bea64bc3485fc8edf03f75354e5cc39b8f9ea6,1401455882,BY-jk,1,0,1,1,0,0,0,0,0,0
sqlalchemy,49c667e27dc6d09204c2bc18d77a5dc86bb20f53,1401465605,Mike Bayer,1,4,6,4,6,0,0,6,254,0
sqlalchemy,2e4d3e65e36df97ee4a7f443ccb02807be28fad6,1401467262,Mike Bayer,3,3,39,2,39,24,802,0,0,15
sqlalchemy,8daa6ccfb0be6486d36ebdd3cd709e8ebfbfa207,1401478573,Mike Bayer,2,1,31,1,4,1,70,3,107,0
sqlalchemy,814637e291953bc7e05ced3e215ef33bde5b040a,1401481478,Mike Bayer,3,2,60,17,3,2,112,1,53,0
sqlalchemy,809a7890a1cc1c957ae2263bdcbda2d42f5372ba,1401487569,Mike Bayer,3,15,123,735,123,96,4013,9,380,18
sqlalchemy,9c96d96d0fe558d625755277e0b23a7bc82cd148,1401487751,Mike Bayer,1,0,7,3,0,0,0,0,0,0
sqlalchemy,8952724cdda55e828edeb14c636be8171a86403c,1401385639,Justin Wood (Callek),1,2,2,2,2,2,144,0,0,0
sqlalchemy,7242e48efe7f3f7d537ee1836474375b98e737df,1402191558,Jack Zhou,2,0,131,0,0,0,0,0,0,0
sqlalchemy,8b105cd5e401d966fdb7e0ea43942a88f02b6e66,1401697109,BY-jk,1,2,2,1,2,2,57,0,0,0
sqlalchemy,33cb84945f5277a3cf090b73b218abc583d292fc,1402588070,Mike Bayer,3,4,54,8,18,17,490,0,0,1
sqlalchemy,ed20c151cb54a7c5597cdc215d7f6d59a31bbed6,1402909998,Albert Cervin,1,1,2,0,2,2,106,0,0,0
sqlalchemy,a46932422b9bc7422e86b7d7db9fb753136730e0,1403103383,Mike Bayer,2,1,40,3,7,7,324,0,0,0
sqlalchemy,42bbb7163adaaa1513c7c4f5212675632be8e030,1403301486,Mike Bayer,3,5,28,2,15,10,342,0,0,5
sqlalchemy,bd56485f4c156e9c5ffc911d9119803b1de3789f,1403301808,Mike Bayer,2,1,19,0,1,1,30,0,0,0
sqlalchemy,a1bbf3a005677c1371b02c54343f5407747e336d,1403304448,Mike Bayer,10,1,127,76,16,16,830,0,0,0
sqlalchemy,650403ee643dabf64f11f6d3589124723dccaa01,1403388664,Mike Bayer,2,0,5,5,0,0,0,0,0,0
sqlalchemy,20e64ad6b8bd08b966196388d0f353c53827bdbb,1403396839,Mike Bayer,1,0,16,7,0,0,0,0,0,0
sqlalchemy,a88169c501411b1b5ad2975b9e96cdc864bab7f1,1403552716,Tony Locke,1,0,11,13,0,0,0,0,0,0
sqlalchemy,fe66ddb572ada23d1ee75fe890af321cfcb77148,1403559241,Tony Locke,1,0,256,221,0,0,0,0,0,0
sqlalchemy,7e7447db1ff1a49f15269f6515a82607db9384f4,1403563103,Mike Bayer,2,0,22,1,0,0,0,0,0,0
sqlalchemy,f10eb28d90cbf73f4757897f52bf26722f98372e,1403567423,Mike Bayer,5,1,136,47,1,1,19,0,0,0
sqlalchemy,01cc8fbacce8f571a47a3617b913e579bd666f97,1403594601,Damian Dimmich,3,5,117,3,117,83,3978,0,0,34
sqlalchemy,e36fb9e87c89fd0af8a4a99d2ae97aa3c7ae8ad3,1403596553,Thomas Herve,2,2,4,3,2,2,71,0,0,0
sqlalchemy,02b0af4f7ce2e9c8135c7983c13b3a7844b69740,1403627107,Mike Bayer,2,8,142,13,142,106,5214,2,65,34
sqlalchemy,89a6e348032122e57238e685962d87975b6ccb65,1403720607,Mike Bayer,1,0,10,0,0,0,0,0,0,0
sqlalchemy,ca58fa5d9338b6dfaa56b25c5affa369188a7086,1403721025,Mike Bayer,2,1,25,2,1,1,65,0,0,0
sqlalchemy,f2cf62090c4f9812bf4a57a9f68172b1b2eafd6c,1403809122,Mike Bayer,2,2,20,2,3,3,144,0,0,0
sqlalchemy,3ea154fbf5dbda642141a5867afac6b0fc97e3cb,1403898760,Mike Bayer,1,1,1,1,1,1,85,0,0,0
sqlalchemy,01215cdaef4579b5d0806abd060a2dd90acabf9b,1403899722,Mike Bayer,2,2,37,3,7,6,248,0,0,1
sqlalchemy,eb5f398a01db4e1df615eb7a5d01187122e47f26,1403948806,Priit Laes,2,1,3,3,1,1,65,0,0,0
sqlalchemy,68a72ee0c4a0769d4233baa25f39a393edf70247,1403948839,Priit Laes,1,0,1,1,0,0,0,0,0,0
sqlalchemy,f5092602028386c567cba62bbc857d61eb88133e,1403971344,Damian Dimmich,1,0,15,1,0,0,0,0,0,0
sqlalchemy,4e5fcee975040d6d82baceb8e0535a548411faa6,1403981240,Damian Dimmich,1,5,17,21,17,14,603,0,0,3
sqlalchemy,4eca136e0914252a291046d8c2ed281fe6c56d94,1403982663,Damian Dimmich,2,2,16,6,1,1,46,0,0,0
sqlalchemy,7f402761d91a79afd01072d7ab6e83bf64106ddc,1403983476,Damian Dimmich,1,0,1,1,0,0,0,0,0,0
sqlalchemy,3be078425fdcf0d0baee01328a729efc5087a535,1404012845,Mike Bayer,1,4,8,9,8,8,501,0,0,0
sqlalchemy,992e06412cf124d511d56d2741988f503f4c8085,1404015059,Mike Bayer,2,3,14,4,14,13,646,0,0,1
sqlalchemy,4b6d6d5f8024e2192c4383a0c4a3dd459900ff1a,1404140885,Mike Bayer,1,1,9,0,9,6,347,0,0,3
sqlalchemy,2d8d1dcf60e023275b8dcfea015ec16cad69d266,1404174304,Mike Bayer,3,12,168,13,14,12,643,0,0,2
sqlalchemy,ceeee81017e5fb0ac03f4a102ffd6cce418f0b05,1404206670,Damian Dimmich,2,4,37,1,18,14,617,1,87,3
sqlalchemy,427ee3a61e9732fe41c10d2f8ab6650f24bb3d7c,1404231147,Mike Bayer,3,1,71,1,4,4,192,0,0,0
sqlalchemy,2ef224a5bac0eaf8f3ae7802762784a64bec40fc,1404242896,Mike Bayer,1,0,3,2,0,0,0,0,0,0
sqlalchemy,3e4286079c760e9f8e3e76278b2a0c4d406a230d,1404401691,Mike Bayer,2,2,9,4,9,6,180,0,0,3
sqlalchemy,e0a9b94abb92c6b62d6a6f70dec680d7ca35eed6,1404423049,Mike Bayer,3,7,201,25,90,73,4245,5,154,12
sqlalchemy,c60eb86a91eac57e556c07ee2a34870c065a9830,1404438550,Mike Bayer,2,4,42,1,42,26,1030,0,0,16
sqlalchemy,dfb5707dae454448ab3e34e9c4ffda13419ca76b,1404502847,Mike Bayer,5,20,511,194,244,185,8955,5,158,54
sqlalchemy,6a7ef343618097916f3e2d8680cafe50c16a28c1,1404503341,Mike Bayer,1,1,9,8,9,7,482,0,0,2
sqlalchemy,9b03d6a0a87ab098538e058cc29110b22874eaa9,1404506951,Mike Bayer,1,0,25,0,0,0,0,0,0,0
sqlalchemy,73d00339c4f6424714f63470f053a749c319d899,1403552716,Tony Locke,4,0,16,13,0,0,0,0,0,0
sqlalchemy,fa80b73e3c94b8f13075db602c51cc299612f491,1403559241,Tony Locke,4,0,745,602,0,0,0,0,0,0
sqlalchemy,c996b76d5b90476e0c0a253f8eb3db5cdbf73867,1402440987,jonathan vanasco,4,6,141,8,60,50,2326,0,0,10
sqlalchemy,e38bb315fdd2cb327e05630aea805e1c4d8b1325,1404860922,Mike Bayer,3,6,31,7,15,12,601,0,0,3
sqlalchemy,450453ab1a5f5a1ce86d6f9dba6f1ae5f30c8f92,1404861764,Mike Bayer,1,0,161,141,0,0,0,0,0,0
sqlalchemy,99350b159f736fe8c2c95eabb4d332d9fab73eb9,1404935417,Mike Bayer,2,0,11,1,0,0,0,0,0,0
sqlalchemy,2b85e80d75f58a7691533a44693378e28ead752c,1404936247,Mike Bayer,5,2,12,4,3,0,0,2,123,1
sqlalchemy,bbb81e682c16198f7935d9a82403b7ae75b4d8a8,1404943952,Mike Bayer,2,0,20,21,0,0,0,0,0,0
sqlalchemy,5407ec9d389cfa1cdd4ed4b82ba311085132d9db,1404944815,Mike Bayer,161,143,322,161,286,0,0,286,12155,0
sqlalchemy,1fc440393a612abcb837871003ac0d81721e1938,1404946756,Mike Bayer,7,0,581,430,0,0,0,0,0,0
sqlalchemy,e5d0fa94937b6572bbf4a08d4a8870e749fcea03,1405005973,Mike Bayer,2,1,8,1,1,1,64,0,0,0
sqlalchemy,ef968470c9a6e305f012b0ec79e1d22b02f12bb7,1405006617,Mike Bayer,1,0,2,2,0,0,0,0,0,0
sqlalchemy,6c81c4c26e2962ea06b224317d02e615664302f1,1405007251,Mike Bayer,1,0,10,3,0,0,0,0,0,0
sqlalchemy,0190ede10767ed455255067cac2d309f070cf70c,1405023046,Mike Bayer,1,0,4,5,0,0,0,0,0,0
sqlalchemy,304e5b2a11701442af6d35ebc22c5b84454197d9,1405031329,Brian Jarrett,2,1,43,38,1,1,30,0,0,0
sqlalchemy,071a1830985834efc113f63fa8740c7306e0cae3,1405292118,Mike Bayer,4,6,73,8,10,5,201,3,115,2
sqlalchemy,28dd15081db4b7e978fa7a187c3aef1c0e4ad4e3,1405031329,Brian Jarrett,38,444,981,889,939,884,43567,8,336,47
sqlalchemy,aacf952e0b9a0383b28f220e06e12697d46e45dd,1405310352,Mike Bayer,1,0,3,2,0,0,0,0,0,0
sqlalchemy,5ec6ec9cbb1c29774c50bafed781e649ed481418,1405369876,Mike Bayer,1,0,15,3,0,0,0,0,0,0
sqlalchemy,a49ec1cf778811fb3717bd0ace183ba0ea5ba4d4,1405375794,Mike Bayer,4,4,23,2,10,8,257,1,46,1
sqlalchemy,eb4abda8117263f1e1775460b47076ec70e092d4,1405376887,Mike Bayer,2,2,45,2,4,4,248,0,0,0
sqlalchemy,461993641704c8825efd44ca67542b1901af094c,1405377272,Mike Bayer,2,8,46,7,10,7,355,0,0,3
sqlalchemy,ec40a84d96e43f35c54e7a9d398dc98ea7b16c50,1405378146,Mike Bayer,3,1,48,0,1,1,51,0,0,0
sqlalchemy,0add251ea0be13a54c410f3c6e145e52482fb31d,1405378463,Mike Bayer,2,2,24,1,2,2,118,0,0,0
sqlalchemy,2825730e7be6e18aac32bcef4f6eeb0a5acab2a0,1405378940,Mike Bayer,2,7,13,6,13,11,617,0,0,2
sqlalchemy,6fd0bc7c62849a1dc34ca7d93aeeaaff25897648,1405379771,Mike Bayer,1,1,3,0,3,2,89,0,0,1
sqlalchemy,d2193f53c10d29a7a9b1846ebf322fbced55041f,1405383998,Mike Bayer,5,10,129,25,49,43,1876,0,0,6
sqlalchemy,dbc8bbfba3591d2ea704673d90e95014765d0f10,1405386676,Mike Bayer,4,11,43,14,24,23,1190,0,0,1
sqlalchemy,f4653729a6ff952555c0192a5b0f0851c4d40ad5,1405392273,Mike Bayer,3,5,77,46,53,38,1771,0,0,15
sqlalchemy,3d7b18863813d98c66d76c5fbbba037d1ed18930,1405441538,Mike Bayer,4,6,55,9,12,7,289,4,157,1
sqlalchemy,61384fd0e52932cf4a01654990963cc45c45dca2,1405444855,Mike Bayer,2,10,91,11,19,16,917,2,95,1
sqlalchemy,e63767ed47ab40b25edb6e0a6ca056929ee71388,1405445695,Mike Bayer,1,103,233,234,233,231,9015,0,0,2
sqlalchemy,828cf1263aeea2ac6906633fa203a79cded4ff26,1405465184,Mike Bayer,1,0,8,8,0,0,0,0,0,0
sqlalchemy,4597c1fe3667a848854662e011c91f5214269f7b,1405535435,Mike Bayer,1,57,146,103,146,146,5460,0,0,0
sqlalchemy,0083075b8e460b4558cd241e32d168a2db26ab96,1405538245,Mike Bayer,1,1,44,0,44,35,1539,0,0,9
sqlalchemy,4020f2f440b17b3637c19ac37a394646e0ddd21a,1405538672,Mike Bayer,1,1,14,0,14,9,402,0,0,5
sqlalchemy,0eb53b2e7936d2b0a17077a922ce1d97f102e38a,1405708079,Mike Bayer,1,0,5,4,0,0,0,0,0,0
sqlalchemy,bb5f4392a4ecbcbaf4e34886a65a8bba42e227d5,1405719658,Mike Bayer,25,0,4237,3570,0,0,0,0,0,0
sqlalchemy,ebf74bd659340480bb37216f1e64d4b79aba4939,1404938824,Tony Locke,1,0,179,148,0,0,0,0,0,0
sqlalchemy,8fb6a91f1ba53390d313d9bbef8eac3238d5fcb8,1405287519,Tony Locke,1,1,19,0,19,14,688,0,0,5
sqlalchemy,6f5011a5c7e3619492b3d01efa318fac142aa5d4,1405361721,Tony Locke,1,0,144,106,0,0,0,0,0,0
sqlalchemy,4924058818df0f44fd4b8e8d24dd19fa5a505745,1405366098,Tony Locke,1,0,3,3,0,0,0,0,0,0
sqlalchemy,8646af82aa428f9feac7a0e7021ed1a6279dc33c,1405373703,Tony Locke,1,0,600,472,0,0,0,0,0,0
sqlalchemy,bdb99239f3b35bed943a93ff3fd65be916c05d67,1405780003,Tony Locke,1,0,0,1,0,0,0,0,0,0
sqlalchemy,aa6ecc36b7f483e51b5b626e9f5210428ccb568a,1405782969,Tony Locke,1,0,235,212,0,0,0,0,0,0
sqlalchemy,b4f9a6949b65c9a95c0ce05ab767177b7636ea13,1405783569,Tony Locke,1,0,1,2,0,0,0,0,0,0
sqlalchemy,0365a53c5d2c113c8fce03553b55bbdcd13a09c4,1405795178,Tony Locke,1,0,1047,949,0,0,0,0,0,0
sqlalchemy,7239f58742b414b79d07b23d8ea76c7a2db683d1,1405796381,Tony Locke,1,0,7,5,0,0,0,0,0,0
sqlalchemy,a9d8d752efb0459ef017c6f782dedb1f56cf2f34,1405797567,Tony Locke,1,0,83,110,0,0,0,0,0,0
sqlalchemy,cca03097f47f22783d42d1853faac6cf84607c5a,1405874680,Brian Jarrett,126,3059,7470,6655,6869,6420,319202,113,4754,336
sqlalchemy,0cd79fb1f50b28dff50e394ffb9066919aea947c,1405896778,Bog,1,0,1,1,0,0,0,0,0,0
sqlalchemy,c02e95ed33504f2738261e4e80c28382f94d8d51,1405958324,Mike Bayer,2,3,7,2,6,4,172,1,51,1
sqlalchemy,a007c6e6161ace1bdaaf2cd461adc018abc49794,1405958952,Mike Bayer,1,0,1,1,0,0,0,0,0,0
sqlalchemy,76e127450c4bb7047a9babd5263a80e3c6f4cbf9,1406048079,Mike Bayer,1,0,7,4,0,0,0,0,0,0
sqlalchemy,63c6aa01040831f2bad52c1f7099a78676ac207a,1406050907,Mike Bayer,4,1,34,6,17,17,785,0,0,0
sqlalchemy,ba58708643d21106ff6f752df507c6d987e4d7b5,1406181410,Andrew,1,1,1,1,1,1,22,0,0,0
sqlalchemy,0df977ccad63831375d8a7bc6383385c331d9742,1406226830,Mike Bayer,3,8,101,6,50,35,1579,0,0,15
sqlalchemy,8560522ff0244c93dab62276f9ba445df90f0d39,1406304125,Mike Bayer,1,0,2,5,0,0,0,0,0,0
sqlalchemy,6b60d3a9e6ba93d177ac777bfaae8269c18ddee6,1406304862,Mike Bayer,4,5,47,4,19,18,1092,0,0,1
sqlalchemy,31178db91455ead5bfd4269658073c745e090569,1406318675,Mike Bayer,5,0,995,758,0,0,0,0,0,0
sqlalchemy,d92177cede956e4ca12e0fdad5021bdd54715161,1406318901,Mike Bayer,2,0,29,0,0,0,0,0,0,0
sqlalchemy,fe878f5aff1cb17fdf1f13aba1d13f008da0ef4e,1406320784,Mike Bayer,7,1,24,7,0,0,0,0,0,0
sqlalchemy,9e6624c0496e22ec1139e0fb54cfefc14f660352,1406327584,Mike Bayer,6,1,102,13,6,5,164,0,0,1
sqlalchemy,54d086253e9bf31fa4d3764e9ff3a593b3c9c28e,1406328704,Mike Bayer,2,1,3,0,1,0,0,0,0,1
sqlalchemy,e602a731974bface5c25ff4e83e7e2bd153daa61,1406333946,Mike Bayer,1,0,7,4,0,0,0,0,0,0
sqlalchemy,759e8aec138138683ed15a264aaa392d499c2b34,1406334190,Mike Bayer,1,0,2,2,0,0,0,0,0,0
sqlalchemy,c85fa9fa50ca32523c160eaab58ab6d2b97aacc6,1406413582,Mike Bayer,7,1,231,151,12,10,337,0,0,2
sqlalchemy,d2358629c9ea7f12718f32b64c7de7f2030dcd32,1406422257,Mike Bayer,7,0,282,113,0,0,0,0,0,0
sqlalchemy,82965851fe7c01b10a68ae096c0ef2a775c840b0,1406422392,Mike Bayer,1,0,3,2,0,0,0,0,0,0
sqlalchemy,54592942c4a9c3d6d891519082555f8081026445,1406501180,Mike Bayer,12,0,186,59,0,0,0,0,0,0
sqlalchemy,6e407b6c094a549b46052dce26c25881b82f7228,1406501702,Mike Bayer,2,0,5,9,0,0,0,0,0,0
sqlalchemy,82f62509e8593a39c20d269d06fef3cf5e067556,1406511616,Mike Bayer,1,0,4,3,0,0,0,0,0,0
sqlalchemy,1cb94d89d5c4db7a914d9f30ebe0b676ab4e175b,1406515362,Mike Bayer,4,0,44,66,0,0,0,0,0,0
sqlalchemy,8574d5051adc0c3457ed650a49a25a6c4c4ea3d9,1406567464,Mike Bayer,1,0,2,1,0,0,0,0,0,0
sqlalchemy,405c223ae50e78dacac08783c414619db20df0b7,1406655125,Mike Bayer,2,1,5,2,3,2,80,0,0,1
sqlalchemy,83326bf44c590a3b22ddf9bf658f509d1491bc0f,1406657203,Mike Bayer,3,1,42,4,6,6,247,0,0,0
sqlalchemy,e5620993bf89338959a0cce4ba567d92b1dd1821,1406657849,Mike Bayer,1,0,342,285,0,0,0,0,0,0
sqlalchemy,326a3d85f786dd516e39156dc22808a2877680d8,1406675388,Mike Bayer,1,0,8,5,0,0,0,0,0,0
sqlalchemy,d16f8130e962f465de739ebf8345040771af3ed6,1406736335,Mike Bayer,2,0,1,2,0,0,0,0,0,0
sqlalchemy,0bf33068f43c75cdaac3bf25cf918847f07bf330,1406737113,Mike Bayer,11,0,48,47,0,0,0,0,0,0
sqlalchemy,5a86dba402d6d20aa70b8c6152a5a0564b896b4b,1406739038,Mike Bayer,3,2,37,2,35,29,813,2,54,4
sqlalchemy,c2a00153f1a8d4591de6ebe4f75e8595d7193226,1406387949,Tony Locke,1,0,0,10,0,0,0,0,0,0
sqlalchemy,f586754c864056a7739ef515b8aece3001a377fc,1406394906,Tony Locke,1,0,52,58,0,0,0,0,0,0
sqlalchemy,2e44749b76af4e9e1a2fd6e52dd329dc1e980216,1406397416,Tony Locke,1,2,0,2,0,0,0,0,0,0
sqlalchemy,ed1bbbed272d6413561a2b5a29873f1021890c0d,1406401836,Tony Locke,2,0,4,4,0,0,0,0,0,0
sqlalchemy,0dbe9d9aaf22d69e44c486472ff3b412a96cf216,1406992786,Tony Locke,1,1,1,1,1,1,39,0,0,0
sqlalchemy,7c80e521f00a52254678acb7dab632be3e6d0119,1407004977,Mike Bayer,2,1,39,1,1,1,50,0,0,0
sqlalchemy,4ddc4c456ce1a6cc3e27bdbd6a507f29d0128a54,1407210434,Mike Bayer,1,2,91,0,91,72,3178,2,88,17
sqlalchemy,3c6ff6adaec23d34f0a91a3889801589b10082e2,1407422635,Mike Bayer,2,5,127,5,29,24,1073,0,0,5
sqlalchemy,6fd073b9125fdfb895543a07167c6a4f6026d941,1407429410,Mike Bayer,1,0,9,8,0,0,0,0,0,0
sqlalchemy,10bb97e89a5bdf6fab31c95f8f5a7a07b5d534bc,1407481217,Ilya Pekelny,1,2,3,2,3,3,111,0,0,0
sqlalchemy,a0e0f4c289b46c0c9a051c08d7f9a1929e0e30ce,1406219238,Ilya Pekelny,2,4,31,2,10,9,385,0,0,1
sqlalchemy,ab7c785d96937ae6ac1ed615d6b38e1e23786719,1407517601,Mike Bayer,1,0,14,12,0,0,0,0,0,0
sqlalchemy,95547596426af7e4e1604aa0c2a2e11c2c51e41d,1407520318,Mike Bayer,2,0,2,2,0,0,0,0,0,0
sqlalchemy,f7cc3595ef28156c3b1e640510858608f328e4b2,1407523244,Mike Bayer,1,0,1,7,0,0,0,0,0,0
sqlalchemy,52f7ed0859c5605198691621a661382ab9d07358,1407523261,Mike Bayer,1,0,14,12,0,0,0,0,0,0
sqlalchemy,17720f306d6e705e1f6b7460c6c1d9da7c51c307,1407523647,Mike Bayer,1,0,12,6,0,0,0,0,0,0
sqlalchemy,2645c8427729733fcd3db044abe7901412890214,1406456151,Matt Chisholm,2,1,16,0,4,3,88,0,0,1
sqlalchemy,88f7ec6a0efe68305d5d1ee429565c1778ec6a87,1406456136,Matt Chisholm,2,2,56,3,3,3,136,0,0,0
sqlalchemy,4b51c49dcd567a4369077c687bb0ba1e7f75784c,1407606801,Mike Bayer,4,11,172,50,172,132,8026,3,134,37
sqlalchemy,cca4d8fc73df042e938447ec0bc990be28c4fb11,1407607397,Mike Bayer,1,0,78,0,0,0,0,0,0,0
sqlalchemy,ad8f921e969b6f735dc8e08d882c961dde78f2b1,1407441049,Malik Diarra,2,4,18,2,2,2,136,0,0,0
sqlalchemy,ae441810e0bcefefcda0e197dbf96dd572e0027b,1407622085,Mike Bayer,1,7,99,42,99,80,4700,0,0,19
sqlalchemy,f39767ad727fcc9493d41451d7112d4f3459e9c4,1407966153,Mike Bayer,3,13,133,39,67,50,2124,1,43,16
sqlalchemy,38cb9bf78454b00792fc68f847165141c6f45be3,1407969532,Mike Bayer,2,16,28,24,28,27,965,1,16,0
sqlalchemy,44d21de457424f5623362474325aa6e5d3fe9e6d,1407970072,Mike Bayer,9,26,26,26,26,26,1377,0,0,0
sqlalchemy,ea85c7053dc9532a95fd487628768fdfc1ca5c30,1407972044,Mike Bayer,3,2,44,22,26,18,842,0,0,8
sqlalchemy,7fc08fe89af9760750899346cf81bd74e0d9150f,1407973534,Mike Bayer,5,26,135,11,67,51,2442,0,0,16
sqlalchemy,e2d05259caf2c7c033a0a9376c0d3b7a1b040183,1407988983,Mike Bayer,1,0,3,2,0,0,0,0,0,0
sqlalchemy,c0c6aaa58ad1bf01345189a917029c40edc3c8eb,1408040463,Mike Bayer,1,0,46,31,0,0,0,0,0,0
sqlalchemy,4a4cccfee5a2eb78380e56eb9476e91658656676,1408041628,Mike Bayer,4,11,97,8,63,48,2491,0,0,15
sqlalchemy,649f06759d933f4aacdfbb302e845e2bcb5e7641,1408042043,Rodrigo Menezes,4,15,142,16,33,31,1857,0,0,2
sqlalchemy,4b26bf2e6f254d5cfc0998a9399a310c0f59944b,1408051150,Rodrigo Menezes,1,1,2,1,2,2,50,0,0,0
sqlalchemy,6a21f9e328361d5185fd616e7992a183030f9a10,1408060835,Mike Bayer,2,1,46,4,1,1,79,0,0,0
sqlalchemy,253523c57f76c515ade82e4db30cff2536fb2a92,1408060919,Mike Bayer,1,4,9,9,9,9,357,0,0,0
sqlalchemy,f0a56bc5aa8cb0ca7b642eaa99093ade2065d4b5,1408063048,Mike Bayer,1,0,530,486,0,0,0,0,0,0
sqlalchemy,bc509dd50d7b65e35412e2be67bd37a6c19e7119,1408063669,Mike Bayer,3,10,80,63,62,57,2284,0,0,5
sqlalchemy,b952d892d690ec808829aede84769b2bf089f94d,1408076372,Mike Bayer,1,0,6,5,0,0,0,0,0,0
sqlalchemy,b0411e80df13d347104a60c512aeb18b6479bb12,1408076397,Mike Bayer,2,1,10,8,1,1,51,0,0,0
sqlalchemy,d768ec2c266ec462a8ff0b782516c494c451f2db,1408127232,Mike Bayer,2,1,16,1,2,2,70,0,0,0
sqlalchemy,961217aa923562c21a0113fae41d6841276e6ca5,1408127913,Mike Bayer,1,0,7,10,0,0,0,0,0,0
sqlalchemy,5a68f856daee59caf4c9da7d06880eada9d70302,1408129049,Mike Bayer,2,5,7,43,7,6,191,1,47,0
sqlalchemy,652a24f0303b9bb0e7a326b05709d7660793f90b,1408129993,Mike Bayer,1,7,8,26,8,7,184,0,0,1
sqlalchemy,191fd3e27e3ef90190f8315c33ba6eb97aeaf5d2,1408045110,Mike Bayer,4,16,113,39,113,92,3871,3,126,18
sqlalchemy,6bc676f56d57d5ea4dc298f63d0e3a77c0f4a4a1,1408052698,Mike Bayer,4,24,70,37,70,61,2511,0,0,9
sqlalchemy,591f2e4ed2d455cb2c5b9ece43d79fde4b109510,1408060043,Mike Bayer,5,30,213,145,213,175,8268,3,126,35
sqlalchemy,8773307257550e86801217f2b77d47047718807a,1408141328,Mike Bayer,2,30,161,133,161,150,6152,0,0,11
sqlalchemy,239464a98a4b1a2d6e5e39d998911ec7a8fe3666,1408142022,Mike Bayer,2,15,70,36,70,64,2431,0,0,6
sqlalchemy,ca69e4560333a1a7e3a2dafd746be851cc89228c,1408142366,Mike Bayer,1,3,9,5,9,7,226,0,0,2
sqlalchemy,7fa595221400d168a7bb78551d45379290db195f,1408210382,Mike Bayer,1,0,3,0,0,0,0,0,0,0
sqlalchemy,e220ea11de931e86bbbaf373b49a26b906bbffdf,1408210669,Mike Bayer,1,1,4,1,4,4,116,0,0,0
sqlalchemy,4b288a9553b3eb44fef44eb1d649ca7dc0007e2d,1408211175,Mike Bayer,1,2,33,15,33,33,1391,0,0,0
sqlalchemy,589f205d53f031ceb297af760f2acfc777a5bc5d,1408211866,Mike Bayer,1,1,10,0,10,9,417,0,0,1
sqlalchemy,b577afcb2bdcd94581606bc911968d8885509769,1408232947,Mike Bayer,5,0,229,489,0,0,0,0,0,0
sqlalchemy,ef6042ff461e490c2a3040f18f0a3688b2e601a0,1407886749,Malik Diarra,2,2,15,1,9,7,326,0,0,2
sqlalchemy,d6873904c40134df787ffe5459d61d3663bf5d5f,1408228776,Malik Diarra,2,2,33,1,11,11,570,0,0,0
sqlalchemy,8e03430acdb98d7e5fef4a48a3120b928ed3266d,1408232354,Malik Diarra,2,1,7,1,2,2,164,0,0,0
sqlalchemy,2de7f94739ec1873e1dce48797e1e6f12044cf4c,1408234628,Mike Bayer,1,0,167,0,0,0,0,0,0,0
sqlalchemy,9eacc8d42ad49527c7fd0fe7e37100edba9eb1dc,1408236501,Malik Diarra,2,2,6,6,3,3,167,0,0,0
sqlalchemy,faa5a9067661039dcc8663e00bdcea2d098c9989,1408287413,Malik Diarra,1,1,16,0,16,12,630,0,0,4
sqlalchemy,530d3f07e0c1e70e0f9b80d3b5986253e06dcaf2,1408320376,Mike Bayer,3,9,67,20,22,17,894,2,134,3
sqlalchemy,d39927ec20dd0b66f4ab3aab3e4e67b3814186ce,1408380629,Mike Bayer,4,6,80,91,73,55,2409,9,389,9
sqlalchemy,06dec268e53e999bd348ef2ca148def066ca30d6,1408393968,Mike Bayer,1,34,94,93,94,89,3712,0,0,5
sqlalchemy,4ade138769a74ee2beda184e89d89238426d3741,1408394647,Mike Bayer,1,2,21,13,21,18,710,0,0,3
sqlalchemy,4ed640ba907b529d79c634baf37792ce14e59805,1408395772,Mike Bayer,1,12,32,16,32,21,1012,4,152,7
sqlalchemy,399c03939768d4c8afb29ca1e091b046ea4fc88f,1408396326,Mike Bayer,2,6,11,17,11,11,460,0,0,0
sqlalchemy,84cca0e28660b5d35c35195aa57c89b094fa897d,1408401014,Mike Bayer,1,10,21,26,21,21,988,0,0,0
sqlalchemy,a251001f24e819f1ebc525948437563f52a3a226,1408402373,Mike Bayer,1,10,18,19,18,18,888,0,0,0
sqlalchemy,91959122e0a12943e5ff9399024c65ad4d7489e1,1408472696,Mike Bayer,5,25,86,72,86,74,3214,0,0,12
sqlalchemy,28103e9a865860a46037ca82e634827f2329deb0,1408479297,Mike Bayer,2,5,9,16,9,5,248,3,140,1
sqlalchemy,fcea5c86d3a9097caa04e2e35fa6404a3ef32044,1408487171,Mike Bayer,1,5,11,7,11,10,423,0,0,1
sqlalchemy,cea97d1fae999001eb991ae1da9db226f2d3b5da,1408540139,Mike Bayer,2,0,13,25,0,0,0,0,0,0
sqlalchemy,92b0ad0fef0b9ee3d54767cf17e2baf1fd1546da,1408550480,Mike Bayer,2,11,95,12,12,12,451,0,0,0
sqlalchemy,85e75ebcee15f216ace71628f1e491e36663d5c8,1408559085,Mike Bayer,1,25,55,55,55,53,2438,0,0,2
sqlalchemy,d006e9cc2a84a05b46c480ad0c4b429036470e79,1408561156,Mike Bayer,1,0,3,1,0,0,0,0,0,0
sqlalchemy,cb8f5c010b396dd83bdc1e4408787383f3c41d05,1408565807,Mike Bayer,1,0,74,0,0,0,0,0,0,0
sqlalchemy,db70b6e79e263c137f4d282c9c600417636afa25,1408569320,Mike Bayer,1,20,89,106,89,85,3624,1,43,3
sqlalchemy,89ff6df7dcdfa144efbd4d7c2031c0643a266351,1408576352,Mike Bayer,1,0,29,16,0,0,0,0,0,0
sqlalchemy,71ca494f518658676b532afaf84a4cc93025dbbb,1408580060,Mike Bayer,4,6,138,16,24,23,1416,0,0,1
sqlalchemy,374173e89d4e21a75bfabd8a655d17c247b6f1fc,1408631361,Mike Bayer,1,1,1,1,1,1,69,0,0,0
sqlalchemy,7c4d0a4d6611fd891fb7afda6db277e9fbf83e70,1406849036,Gunnlaugur Þór Briem,1,2,2,2,2,2,114,0,0,0
sqlalchemy,a12fcd1487f6ae210486fa4a015d9ea71e3bb7d7,1406849178,Gunnlaugur Þór Briem,2,1,2,2,1,1,63,0,0,0
sqlalchemy,b490534657229cbc44f1f5735a39539ceaf776a3,1408821676,Mike Bayer,2,7,132,46,59,43,1886,0,0,16
sqlalchemy,be2351481fdb83d1ed02a717ecc7741a19c73f62,1409000421,Mike Bayer,2,3,0,23,0,0,0,0,0,0
sqlalchemy,a16ee423e4528bd7a6ba6375cccd88b7450c58d3,1409000788,Mike Bayer,1,3,5,7,5,5,225,0,0,0
sqlalchemy,2f7dce1d6fa43e88f64c81b6e612fbc42235fddd,1409072014,Rodrigo Menezes,2,9,20,51,9,9,595,0,0,0
sqlalchemy,bcf7a55da01633c4890502463a08cb96af9fe5e9,1409072214,Rodrigo Menezes,1,1,1,2,1,1,39,0,0,0
sqlalchemy,d39be884321d0afbae7ef3da556382b53fef8060,1409072539,Rodrigo Menezes,2,6,5,3,5,2,114,0,0,3
sqlalchemy,f44a4b6437eb3d4340c6c0fa790bc4fa885085ea,1409078690,Mike Bayer,1,1,1,1,1,1,29,0,0,0
sqlalchemy,e346ee2c5776e21d4b37f9b495db943b21b47da2,1409085281,Mike Bayer,1,0,1476,1013,0,0,0,0,0,0
sqlalchemy,00862a29c6c1494f1b55c3f93e5300f69fb4ac98,1409088203,Mike Bayer,4,7,74,51,48,40,2315,0,0,8
sqlalchemy,685a014c644477a7e7cdb6aad4436d4422167209,1409243121,Mike Bayer,5,13,105,46,66,43,1753,3,109,20
sqlalchemy,becd78503f096e74adde319b2726b052b2353921,1409244110,Mike Bayer,1,2,2,1,2,2,59,0,0,0
sqlalchemy,9f4caf97b0172065fdf0f6da8f073d72abf8fd84,1409262161,Mike Bayer,1,0,298,212,0,0,0,0,0,0
sqlalchemy,fa5522547150687c9b3cd41d28df08ab0512b5b2,1409263068,Mike Bayer,3,2,86,3,4,3,112,0,0,1
sqlalchemy,c192e447f3a5e8bfaaa46097eb4d6179f056361c,1409270772,Mike Bayer,14,97,207,542,188,174,7160,1,40,13
sqlalchemy,d2a8d5b23cf889e4426a4fa4c141a91abd71fd18,1409324353,Mike Bayer,1,12,32,34,32,27,1079,3,128,2
sqlalchemy,fbcb056d90f4a54eed7cf270818c9a1fc173f99f,1409328300,Mike Bayer,2,2,17,4,1,1,37,0,0,0
sqlalchemy,a95b0a5b6e132e44bcc9cc4429526533ab964787,1409330946,Mike Bayer,1,3,3,3,3,1,43,0,0,2
sqlalchemy,9d25eae8eec8c090339a01c03445bdf04a0840f5,1409332312,Mike Bayer,3,6,16,4,16,13,489,1,56,2
sqlalchemy,3fb9aed2ccc7802a8706471ae2e50e1b3afb6d79,1409333703,Mike Bayer,1,1,38,18,38,33,2040,0,0,5
sqlalchemy,eb8a39c58cf3ef8f43d9bead3a534b5700f4a519,1409335298,Mike Bayer,3,7,55,4,20,17,865,0,0,3
sqlalchemy,b9046a163bd94ea9101e13414682280e56a677e6,1409336709,Mike Bayer,2,8,56,11,12,10,463,0,0,2
sqlalchemy,9449c102768e9dc14d28405caec31a9957d52408,1409339231,Mike Bayer,3,45,84,82,84,79,3918,0,0,5
sqlalchemy,5686472f42468afc98d7daf61b850333aebb6a9d,1409344099,Mike Bayer,4,30,109,108,104,84,4345,10,483,10
sqlalchemy,8155138e0aac09c3c78d2eb9b3e06cc092ce42d3,1409344186,Mike Bayer,1,0,2,1,0,0,0,0,0,0
sqlalchemy,41a3e1fd99f651e4a3f534c57d18ad56241fd790,1409344328,Mike Bayer,1,3,3,3,3,3,151,0,0,0
sqlalchemy,e695138cb4c9d2b3045301e2b164a3e4553cf174,1409345832,Mike Bayer,1,8,60,51,60,39,1767,15,594,6
sqlalchemy,ab5a1a7f4a87e6e74335986a571b03e2fb6c15ee,1409348817,Mike Bayer,1,12,114,82,114,98,3681,2,96,14
sqlalchemy,04f0e11051f0f00cbb64dd37dfa287e6173463ba,1409357454,Mike Bayer,1,9,22,31,22,17,668,2,106,3
sqlalchemy,51c7005dc5cc04a9ed24fbfa290e50df6fb70369,1409371892,Mike Bayer,3,0,15,8,0,0,0,0,0,0
sqlalchemy,0bd074cc5ae9fed32e6f7d98d687aba3c9dd52c2,1409377956,Mike Bayer,2,26,73,68,59,51,2307,0,0,8
sqlalchemy,f995a63d6c0b5dd072cbadee2bf78b233f454061,1409427950,Mike Bayer,3,3,78,13,16,13,763,0,0,3
sqlalchemy,3c60d3b1ca492ba77d64111f0378892acaadf36b,1409512920,Mike Bayer,15,13,162,132,68,58,2546,0,0,10
sqlalchemy,e42ced2ecac01e6503717fe91a0a3c6bedac800e,1409522434,Mike Bayer,1,0,8,5,0,0,0,0,0,0
sqlalchemy,1972331528827aa5de33617b424769c71dcb804d,1409522449,Mike Bayer,1,0,8,7,0,0,0,0,0,0
sqlalchemy,d7131ffad378453b732a6438e2228e323ab6c537,1409522544,Mike Bayer,1,0,1,1,0,0,0,0,0,0
sqlalchemy,bdfe680708d869d37dd5c1bc2d2b045639caba9d,1409522717,Mike Bayer,1,1,9,3,9,7,349,0,0,2
sqlalchemy,382f82538b5484b1c384c71fbf84438312cbe34f,1409606449,Mike Bayer,1,4,20,9,20,14,663,0,0,6
sqlalchemy,7c6a45c480a865ac9580eb33fcca2dae5b19dd11,1409617194,Mike Bayer,29,58,585,197,179,153,6629,8,335,18
sqlalchemy,c0af2ee6c992cf6574d8eea052d7cd3b0fabd337,1409669386,Mike Bayer,5,4,57,3,13,9,281,1,58,3
sqlalchemy,9ee89dc88671a8c5d005c5baf3b2a7be58fee8ed,1409679556,Mike Bayer,1,0,2,0,0,0,0,0,0,0
sqlalchemy,ec840a6eea05ac031a55d262dc370bed942b2212,1409681889,Mike Bayer,2,3,37,8,17,16,695,0,0,1
sqlalchemy,613d8ca0f84d3e92b35403eaba21824e72b8ada8,1409684652,Mike Bayer,1,0,1,1,0,0,0,0,0,0
sqlalchemy,ccfd26d96916cc7953f1fefa8abed53d4f696c4c,1409700189,Mike Bayer,2,15,35,18,35,34,1703,0,0,1
sqlalchemy,9494ca00d4451448fd4473c03dff8459051224a2,1409701615,Mike Bayer,1,0,148,0,0,0,0,0,0,0
sqlalchemy,4399431b53e5d132672431205c654d7d6b32dd77,1409754651,Mike Bayer,3,21,70,64,50,48,2517,1,48,1
sqlalchemy,07d061a17b3fbad89df97e57350b4d0c132408c2,1409770166,Mike Bayer,2,0,315,148,0,0,0,0,0,0
sqlalchemy,fbd2d70a5cfd7b5c219c51cb5b7866c4ab89cece,1409776723,Rodrigo Menezes,4,4,38,9,26,21,864,0,0,5
sqlalchemy,2c081f9a4af8928505ce4ea6ca2747ccb2e649c7,1409787038,Mike Bayer,4,0,337,20,0,0,0,0,0,0
sqlalchemy,2b10aa45a101acfcc6090a3801af998ef8fc1a2d,1409787758,Mike Bayer,9,26,43,28,27,27,1482,0,0,0
sqlalchemy,cbef6a7d58ee42e33167a14e6a31a124aa0bf08e,1409789228,Mike Bayer,1,0,43,23,0,0,0,0,0,0
sqlalchemy,eb81531275c07a0ab8c74eadc7881cfcff27ba21,1409790652,Mike Bayer,2,0,9,6,0,0,0,0,0,0
sqlalchemy,d2c05c36a5c5f5b4838e924b4de2280f73916c99,1409878538,Mike Bayer,1,0,19,0,0,0,0,0,0,0
sqlalchemy,619b0be0ce05c394613d8565c08c09cac10cdd88,1409938652,Rodrigo Menezes,4,3,19,2,4,4,199,0,0,0
sqlalchemy,fd2faa9bc2c6d2d1b0b8e1738f0bce21e2527bb0,1409939688,Rodrigo Menezes,6,6,26,41,20,17,720,0,0,3
sqlalchemy,356d6659b17d199c1a5ecc4241e7ee3edc6a754e,1409943021,Mike Bayer,4,30,175,104,130,106,4599,4,156,20
sqlalchemy,583287259fbb6d143696b418756ed68e6110cd2d,1409947630,Mike Bayer,1,0,3,0,0,0,0,0,0,0
sqlalchemy,7b766591b05ceeb9c47588d6326a6be56a230594,1409949882,Mike Bayer,2,2,34,1,12,5,159,4,176,3
sqlalchemy,6844f8db74ab2ba5df98ba285be34a2534a88b5b,1409950953,Mike Bayer,1,1,2,1,2,2,62,0,0,0
sqlalchemy,fa7c8f88113d2e769274dee4aa4247b9c9aadec8,1410022881,Mike Bayer,5,0,284,44,0,0,0,0,0,0
sqlalchemy,4e285fd6ba2cbaf4b43e943a0e6bb45cc104cf08,1410034801,Mike Bayer,2,6,56,12,56,42,2042,0,0,14
sqlalchemy,e80c7cc5c103788a4c7e1c479af2c37cd9c958b3,1410040613,Mike Bayer,9,19,192,17,50,37,1814,3,131,10
sqlalchemy,7950270cf2b12807acd7c330b11dae36e50c3a28,1410062494,Mike Bayer,8,19,128,35,43,38,1751,0,0,5
sqlalchemy,c52580dedef89f0b94274d7e49d4f4ab099c7bc6,1410116144,Mike Bayer,6,25,521,103,77,66,3069,0,0,11
sqlalchemy,083d44c082a13761910c761debd17efac75a71b3,1410131866,Mike Bayer,4,36,93,78,93,77,4096,0,0,16
sqlalchemy,390207e533854ab0c3abe6b7ebc45fae1b14eaba,1410136099,Mike Bayer,4,10,119,20,79,54,3014,0,0,25
sqlalchemy,e4996d4f5432657639798c1b286ee811a36e2a10,1410195703,Mike Bayer,1,1,1,1,1,1,64,0,0,0
sqlalchemy,7904ebc62e0a75d1ea31e1a4ae67654c7681a737,1410208271,Mike Bayer,6,20,123,46,84,63,2829,4,218,17
sqlalchemy,48080d88bee0afcf8f1e0e1c89e077abc64c55ad,1410298177,Mike Bayer,1,19,131,43,131,93,4713,0,0,38
sqlalchemy,a23264e1dc43b1250b9b5de541ff27bd49a2b2c1,1410338029,Ilja Everilä,1,0,64,0,0,0,0,0,0,0
sqlalchemy,ad82849bbe4ef329129204d02781f737c0c79fcb,1410338073,Ilja Everilä,6,8,99,2,99,71,2888,0,0,28
sqlalchemy,a3cd517c95e5f341c711c41474de14db97bb7778,1410340058,Ilja Everilä,1,0,5,0,0,0,0,0,0,0
sqlalchemy,14d2bb074cccdec32bd26a89353c30fd512b2aa2,1410372890,Mike Bayer,4,3,54,2,15,11,496,0,0,4
sqlalchemy,ab1c25266dd49f087b5fff316b6ba6fb610b1d35,1410438573,Ilja Everilä,8,19,26,26,24,24,1176,0,0,0
sqlalchemy,52a095ba6675f5f5807a1dc655b4ae32b9999f27,1410439196,Ilja Everilä,2,1,47,0,20,12,619,0,0,8
sqlalchemy,89fc7d65b9ac12dd70d48c8d3be04bd50e696ce6,1410439644,Ilja Everilä,1,1,2,2,2,2,111,0,0,0
sqlalchemy,76c06aa65345b47af38a0a1d20638dfbc890b640,1410439791,Ilja Everilä,1,1,1,1,1,1,72,0,0,0
sqlalchemy,f98c89d2bee2ae562c79d91aeb96fd55875db917,1410450704,Mike Bayer,2,4,24,4,4,4,250,0,0,0
sqlalchemy,98a011453537f1516def7acaa25c88ea942965ad,1410549292,jona,1,0,8,0,0,0,0,0,0,0
sqlalchemy,d7498cf4adb8ef9f35d1efa6dc747ac9eb489e60,1410745273,Mike Bayer,8,6,304,269,16,13,443,2,109,1
sqlalchemy,8b7f57d258e372dcac678b2b9cb9629b6f7a24a3,1410807200,Mike Bayer,1,0,2,0,0,0,0,0,0,0
sqlalchemy,2c46128a2ffae4d9ecd7f139bf64b906c9acfd58,1410807461,Mike Bayer,1,0,2,2,0,0,0,0,0,0
sqlalchemy,b9d430af752b7cc955932a54a8f8db18f46d89a6,1410883023,Mike Bayer,1,0,10,4,0,0,0,0,0,0
sqlalchemy,ba951b99a6f3bd78a3a90546f0ae686d31c3bfc8,1410891543,jona,1,2,12,7,12,12,351,0,0,0
sqlalchemy,cc3dba01db0367d4172cca1b902976ac7718e4cf,1410898822,Mike Bayer,1,0,1,1,0,0,0,0,0,0
sqlalchemy,8546153d5d0371e452e85b5f10232d75bce04976,1410902674,Mike Bayer,1,0,87,73,0,0,0,0,0,0
sqlalchemy,a985f84ed6223e7a7348dd6126f8de92012b635f,1410903606,Mike Bayer,2,1,21,1,1,1,61,0,0,0
sqlalchemy,9d402e204d77da680472cbfb9813e437eb187944,1410965554,Johannes Erdfelt,2,1,36,10,18,15,571,3,157,0
sqlalchemy,414bc1c64d05c8a5a26043e707c9c0013100ce4b,1410972068,Mike Bayer,1,0,7,25,0,0,0,0,0,0
sqlalchemy,be57def4b909a447b10fff21bf957c804132b5ec,1410973882,Mike Bayer,3,6,53,22,31,26,1121,0,0,5
sqlalchemy,cb23fa243f5138aac7acb2a134d567f1a297d42e,1410981321,Mike Bayer,7,7,167,44,64,47,1995,0,0,17
sqlalchemy,1f2f88d8ffaac5ae98de097e548e205778686cd5,1410982809,Mike Bayer,1,0,3,2,0,0,0,0,0,0
sqlalchemy,7fa21b22989f6d53ff70a8df71fc6d210c556e07,1410359879,Johannes Erdfelt,6,10,124,12,49,45,2182,3,130,1
sqlalchemy,e3f07f7206cf0d6a5f2ff9344a365f4657645338,1410997425,Mike Bayer,4,4,79,8,44,34,1335,0,0,10
sqlalchemy,f82f6d55dc05daf2ba0881ded98f5715b70ae3e3,1411055088,Mike Bayer,5,11,110,6,71,50,2191,0,0,21
sqlalchemy,9ae4db27b993fbd4666907cd11c2de3a41aee02f,1411068280,Mike Bayer,3,7,76,15,17,15,490,0,0,2
sqlalchemy,c7ec21b29e926c40dd64eb2909d5f8b5e120ed94,1411069347,Mike Bayer,1,1,6,1,6,3,125,3,129,0
sqlalchemy,fe5af837dc1b3ae244d6817340155aa07c2fb850,1411072134,Mike Bayer,1,0,2,0,0,0,0,0,0,0
sqlalchemy,b36cdefba273b8df0bc0ddf3ad072ba6031712ab,1411076947,Mike Bayer,7,7,218,31,21,16,787,0,0,5
sqlalchemy,f458ef84569c63ca1f98bfda3aef6f41119940e0,1411144774,Mike Bayer,1,0,0,133,0,0,0,0,0,0
sqlalchemy,1dacbb25f86f828ab5df6b6424f4eb7f402a356e,1411438929,Mike Bayer,1,0,59,42,0,0,0,0,0,0
sqlalchemy,5508388f0325ea75d311a2ef7ee4cbd6b1b8f354,1411441245,Mike Bayer,2,7,107,7,40,36,2112,0,0,4
sqlalchemy,360477cc3af826b5056039b9a19ec3ecb2b94ede,1411493122,Mike Bayer,5,0,543,427,0,0,0,0,0,0
sqlalchemy,d5ecd473aeacbca7faada47b089c283d03a78fe7,1411505534,ndparker,1,5,7,4,7,7,328,0,0,0
sqlalchemy,ce52dd9e3b71f2074d7821fe62803d4e0eefe512,1411507691,ndparker,11,14,38,8,28,28,1058,0,0,0
sqlalchemy,42837f4bca6a0b2fad05faade7837719f872c35d,1411584570,Mike Bayer,1,1,13,0,13,8,483,0,0,5
sqlalchemy,7f82c55fa764b031110309fb3a819e4b518e741d,1411693697,Mike Bayer,9,60,961,354,680,540,24348,37,1541,103
sqlalchemy,19ec6c33681ee4d7793b7c6a9301425cd34abb0b,1411694173,Mike Bayer,1,0,1,1,0,0,0,0,0,0
sqlalchemy,cb0c1eda24e1546fcdc9b4e46adc1c5fb14b60d0,1411743579,Mike Bayer,1,3,8,3,8,2,98,6,299,0
sqlalchemy,b1a956d4210c2bb06051a4a8b0d2e75d7c471ecd,1411750218,Mike Bayer,1,1,6,0,6,4,221,0,0,2
sqlalchemy,fbddf193a684ffe660c94c28e4c26e187111b21c,1411757736,Mike Bayer,2,9,64,11,32,29,1088,0,0,3
sqlalchemy,b89523f0b75e8d39bcbd8a5c07015e9df4ef5e2f,1411763126,Mike Bayer,4,28,197,47,87,64,2868,3,156,20
sqlalchemy,573877b4bc4fabcdae8b22e5257fc80de478a507,1411782075,Mike Bayer,2,1,14,2,2,2,82,0,0,0
sqlalchemy,b275ac099fa2ef9e5da97b5b710f7fc694016012,1411848724,Mike Bayer,1,13,74,39,74,60,2447,6,233,8
sqlalchemy,7dfd46ec442f5e84e62ce9b047837f464f41fa97,1411850132,Mike Bayer,1,7,37,11,37,24,967,0,0,13
sqlalchemy,7473ab42c4ad58e90c0324673814db3cd52abf84,1411850783,Mike Bayer,1,5,54,43,54,43,1899,5,226,6
sqlalchemy,3cc0cf0148ab0905e9903e282f7d1e1190d1c871,1411855145,Mike Bayer,2,30,511,421,511,406,16202,32,1426,73
sqlalchemy,9a10b8a7f55d78620a77f8345e64718baec5ed91,1411856030,Mike Bayer,1,5,69,52,69,59,2320,0,0,10
sqlalchemy,b6496ba3d28d685547eac2891bfea5f4ae60e834,1412026433,Mike Bayer,1,3,9,5,9,3,165,6,253,0
sqlalchemy,4da020dae324cb871074e302f4840e8731988be0,1412028565,Mike Bayer,2,2,107,39,5,1,50,4,195,0
sqlalchemy,690532131d8ce8250c62f1d3e27405902df03e70,1412280031,ndparker,11,17,21,61,16,16,525,0,0,0
sqlalchemy,16d9d366bd80b3f9b42c89ceb3e392de15631188,1412356552,jonathan vanasco,2,5,56,6,7,7,393,0,0,0
sqlalchemy,7e0835409cf5ab7f7ac27dc1f619773d84bfe53d,1412376661,ndparker,1,0,44,0,0,0,0,0,0,0
sqlalchemy,49e750a1d788710b89764c4dd9c0ddbf9b1f38ad,1412439500,Mike Bayer,4,4,148,93,37,19,688,0,0,18
sqlalchemy,b510b990947cb8e461df8877ca0f011542b7a319,1412463421,Mike Bayer,5,7,148,55,77,64,3341,1,26,12
sqlalchemy,119674dd250d7da8be92a262ad53396c2fac4e0f,1412634222,Mike Bayer,2,1,9,0,1,1,41,0,0,0
sqlalchemy,5a10b6a455f9ad7be752469cbaa503857ae9fda2,1412634785,Mike Bayer,2,1,30,1,1,1,60,0,0,0
sqlalchemy,2885f78e4e20c2ae8552594ac7f0231b1bee4aad,1412700207,Mike Bayer,2,1,13,1,1,1,59,0,0,0
sqlalchemy,c55d10940b1953fce2129e7bcfe1728bea33cd1d,1412705206,Mike Bayer,1,11,53,13,53,32,1529,7,269,14
sqlalchemy,81d1e0455a406560be468d1aacc37aa63bb4d717,1412889630,Mike Bayer,2,2,26,1,2,2,57,0,0,0
sqlalchemy,dd6389f171736abd28d777b6fde40403cab0c13e,1412901635,Mike Bayer,2,1,130,2,10,6,342,3,129,1
sqlalchemy,3a6cdff88429e047a684c0f5d6029a30d9aaa062,1412969467,Mike Bayer,1,2,2,3,2,2,141,0,0,0
sqlalchemy,95be42c06ff4e5f3528de42bb04dcba228ea74c2,1412975719,Mike Bayer,6,16,277,32,96,81,3700,0,0,15
sqlalchemy,3e810771a8ace7351fcd43deaf55891fd1c30a53,1413063224,Mike Bayer,1,0,2,2,0,0,0,0,0,0
sqlalchemy,cc29c4afff20dd251dbc045a490da9942f98b1bf,1413066321,Mike Bayer,2,1,24,1,2,2,98,0,0,0
sqlalchemy,83e465633793e4a6d76e41b12fb92d7cc4bbddf3,1413066912,Mike Bayer,1,0,1,2,0,0,0,0,0,0
sqlalchemy,216b88894d95c17a1bd18b9d574e96530fb6f1cb,1413068552,Mike Bayer,1,0,1,1,0,0,0,0,0,0
sqlalchemy,6d5c03001cd81d9ad5cee2459f222a6319f5b956,1413122084,Mike Bayer,1,1,7,3,7,1,76,5,203,1
sqlalchemy,0426d174e4a608cb09878fe18185b2ae853243ad,1413157034,Mike Bayer,2,1,4,15,3,3,148,0,0,0
sqlalchemy,50d2432a9efa65c9798ef207e3f887cb5c0071e1,1413159272,Mike Bayer,3,7,46,12,40,36,1418,0,0,4
sqlalchemy,e04b693e7c7c216526a7e6be6f4c074f4f400c3c,1413218081,Mike Bayer,1,0,2,4,0,0,0,0,0,0
sqlalchemy,198917237e6051a02e6fd681de9200a3ab737fa8,1413218249,Mike Bayer,1,0,0,15,0,0,0,0,0,0
sqlalchemy,fb09ad7551cf348f999647347882546a1f50dcbe,1413302388,Mike Bayer,2,2,41,2,3,3,169,0,0,0
sqlalchemy,1e5ffa029a2b9adc1a6a3c83fb7e88a99d4e6448,1413302858,Mike Bayer,2,0,194,193,0,0,0,0,0,0
sqlalchemy,6de1a878702b8737b2257b89b478ead79a8d78cc,1413309857,Mike Bayer,3,14,281,50,53,51,2047,0,0,2
sqlalchemy,d06e9c361fe0abd7bfdc7ecaceda931d981344db,1413380419,mozillazg,1,1,2,2,2,2,108,0,0,0
sqlalchemy,a02664869c0991fb8de6d6ddd0f189c5987e9782,1413480639,Mike Bayer,1,0,24,21,0,0,0,0,0,0
sqlalchemy,61a4a89d993eda1d3168b501ba9ed8d94ea9b5f8,1413484616,Mike Bayer,3,10,185,24,56,47,2230,0,0,9
sqlalchemy,2924f8685c1d9f25820aa154691afe2d2de645f4,1413588572,Mike Bayer,1,0,54,38,0,0,0,0,0,0
sqlalchemy,0f5a400b77862d2ae8f5d1a326fe9571da8fc0cb,1413588929,jonathan vanasco,1,5,11,6,11,10,639,0,0,1
sqlalchemy,6f40eb37cbdcdae032d73c3537df1e01d2e9e67c,1413589065,Mike Bayer,5,6,44,32,12,12,543,0,0,0
sqlalchemy,a7c1258d0340e94fd12e1b8aaa82ca3e282fb61d,1413685927,Mike Bayer,1,0,1097,919,0,0,0,0,0,0
sqlalchemy,55cad302cee51aff6d2bcda2f2f963004d54e6de,1413669373,Mike Bayer,4,3,153,21,51,40,1830,7,407,4
sqlalchemy,b88f9e555e0c05b5bc741aa44d7e86b1a6724080,1413715433,Mike Bayer,1,8,20,15,20,10,611,9,497,1
sqlalchemy,dddb74bbd3892f71c594368af3762808aaf3ed51,1413740268,Mike Bayer,1,0,14,7,0,0,0,0,0,0
sqlalchemy,38bc8098419d7b1d4ddb975d85268515f52a3969,1413752025,Mike Bayer,3,7,67,6,18,16,789,0,0,2
sqlalchemy,ade27f35cb4911306404dcc74cce8bbf6f7d37bb,1413757574,Mike Bayer,3,11,33,18,13,13,437,0,0,0
sqlalchemy,56d5732fbdf09508784df6dc4c04e5b39ac6be85,1413928731,Mike Bayer,2,6,58,4,22,20,860,0,0,2
sqlalchemy,25434e9209af9ee2c05b651bc4fe197541c0bd60,1414004945,Scott Dugas,1,0,6,4,0,0,0,0,0,0
sqlalchemy,47d316ec665e5d5fc7ac750ba62b189a64d98ddd,1414039229,Mike Bayer,2,2,30,2,5,4,171,0,0,1
sqlalchemy,445b9e2aff4e45a7756a8ca8dfbd51bf359a831b,1414043650,Mike Bayer,2,2,61,4,2,2,103,0,0,0
sqlalchemy,9c0eb840788ed5971f0876958cfb9866c7af918d,1414074275,Scott Dugas,1,0,6,4,0,0,0,0,0,0
sqlalchemy,9687b272bdc76dd318566f02aaafe26a6089d077,1414079194,Scott Dugas,2,0,7,0,0,0,0,0,0,0
sqlalchemy,2ce9333a24a1f894de4bf028f51eb1de28c10a3d,1414083683,Scott Dugas,1,0,1,1,0,0,0,0,0,0
sqlalchemy,470061bcdc0d1cdd2997354962b9e34cd9a43c33,1414101313,Scott Dugas,1,0,1,0,0,0,0,0,0,0
sqlalchemy,fdbea87958628b641a855d4c3b35833330de49e0,1414101567,Scott Dugas,2,0,2,0,0,0,0,0,0,0
sqlalchemy,e7d61d594b8a89535696436a667a526bd2999fb2,1414150049,Mateusz Susik,1,5,14,2,14,11,397,0,0,3
sqlalchemy,2083ccfbcf7ff1911ce282c8c891a7bf8a86a47c,1414306902,jlgoldb2,1,1,1,1,1,1,57,0,0,0
sqlalchemy,d2c1edfb15334a2fb6ada5b064563c144ac22ad7,1414608942,Mike Bayer,3,2,119,3,117,83,3844,6,235,28
sqlalchemy,e01dab9b1fbaf8325022c20f76ea9b99fbfdfd73,1414618972,Scott Dugas,1,0,1,1,0,0,0,0,0,0
sqlalchemy,02c072edbb1eaa826632e70174eb96915bb725b5,1414662577,Malthe Borch,1,1,1,2,1,1,72,0,0,0
sqlalchemy,5b3fc8743582db73642767cc6c101cf95f13464f,1414681605,Scott Dugas,2,0,6,0,0,0,0,0,0,0
sqlalchemy,ebb9d57cb385f49becbf54c6f78647715ddd1c29,1414701636,Scott Dugas,1,0,0,2,0,0,0,0,0,0
sqlalchemy,7bf5ac9c1e814c999d4930941935e1d5cfd236bf,1414800042,Mike Bayer,2,1,17,1,1,1,49,0,0,0
sqlalchemy,8d154f84f1a552c290a1ccd802f20940c8cab066,1415046271,Scott Dugas,1,0,4,6,0,0,0,0,0,0
sqlalchemy,edec583b459e955a30d40b5c5d8baaed0a2ec1c6,1415179350,Mike Bayer,3,2,44,1,7,5,144,0,0,2
sqlalchemy,ea637cef2d9ec54b14fac3620b1cfd47da723f3f,1415189708,Paulo Bu,2,2,4,3,2,2,109,0,0,0
sqlalchemy,4b09f1423b382336f29722490bab3a4c8c8607ea,1415304857,Paulo Bu,2,2,8,6,4,4,213,0,0,0
sqlalchemy,0c19d765dce89970c0395f57f15eb5b0f09c2a29,1415312962,Mike Bayer,1,0,54,0,0,0,0,0,0,0
sqlalchemy,a19b2f419cd876b561a3b3c21ebed5c223192883,1415659046,Mike Bayer,3,2,17,4,2,2,68,0,0,0
sqlalchemy,21022f9760e32cf54d59eaccc12cc9e2fea1d37a,1415660289,Mike Bayer,2,2,60,0,60,45,2600,0,0,15
sqlalchemy,b013fb82f5a5d891c6fd776e0e6ed926cdf2ffe1,1415727240,Mike Bayer,3,2,70,0,8,6,197,0,0,2
sqlalchemy,30075f9015c91d945c620af0d84c9c162627aa3c,1415763297,Jon Nelson,2,2,2,2,2,2,137,0,0,0
sqlalchemy,026449c15ff35a9b89c2ca591d3e3cc791857272,1415902658,Mike Bayer,2,1,28,0,2,2,88,0,0,0
sqlalchemy,de9103aae22ba548323a3e469624f02d1d279103,1415981203,Mike Bayer,1,0,5,1,0,0,0,0,0,0
sqlalchemy,5fd779df0c958dc1ec2766f55d80b3090d2427eb,1416025166,Jon Nelson,1,0,1,1,0,0,0,0,0,0
sqlalchemy,9fb6acad67145d0b0b973a7a074eb5b2baf45086,1416512432,Ryan P. Kelly,2,1,4,2,2,2,115,0,0,0
sqlalchemy,2098001ad3e0a40aa909a347ec91c12fab04a657,1416850436,Mike Bayer,1,0,1,0,0,0,0,0,0,0
sqlalchemy,ba926a09b493b37c88e7b435aaccc6b399574057,1416868550,Mike Bayer,2,5,13,0,13,10,363,0,0,3
sqlalchemy,de11f9498258182cbb6668b72067ec3f43a90415,1416872972,Mike Bayer,5,10,75,7,29,29,1190,0,0,0
sqlalchemy,212d93366d1c5c3a8e44f8b428eeece6258ae28f,1416956491,Mike Bayer,4,26,109,45,65,59,2422,1,56,5
sqlalchemy,d69f44b78090c6795b0b73b3befef39af44b6918,1416976134,Mike Bayer,2,0,10,3,0,0,0,0,0,0
sqlalchemy,79c0aa6b7320f94399634d02997faacbb6ced1d7,1416976427,Mike Bayer,1,1,1,1,1,1,35,0,0,0
sqlalchemy,fb06fa9d6e6f6da8eee5b7dfc196c3e12761da61,1417016086,Mike Bayer,1,0,2,1,0,0,0,0,0,0
sqlalchemy,99e51151244c7028fcc319d60e2e8ad1ba9e22bb,1417027843,Mike Bayer,2,1,17,8,7,4,245,0,0,3
sqlalchemy,028f7b8a8688fcc6e9b926b99ed80fe8e1d511aa,1417027899,Mike Bayer,1,0,2,0,0,0,0,0,0,0
sqlalchemy,a88be57fb7ef96e914d8a7fb90de375ec7f0befd,1417031912,Mike Bayer,2,0,106,53,0,0,0,0,0,0
sqlalchemy,de62497b03274c860ea2554dfbacb3064ce02c19,1417031924,Mike Bayer,2,0,97,21,0,0,0,0,0,0
sqlalchemy,98c2a679707432e6707ba70f1aebd10b28b861a3,1417290266,Mike Bayer,3,12,55,11,15,14,654,1,56,0
sqlalchemy,0e61acaf145f57c78a13fc5c20052e24472cfb02,1417700048,Sebastian Bank,2,1,22,0,9,9,508,0,0,0
sqlalchemy,87bfcf91e9659893f17adf307090bc0a4a8a8f23,1417712479,Mike Bayer,3,1,18,1,2,2,109,0,0,0
sqlalchemy,f5ff86983f9cc7914a89b96da1fd2638677d345b,1417735796,Mike Bayer,11,22,123,16,57,44,1899,1,24,12
sqlalchemy,fda589487b2cb60e8d69f520e0120eeb7c875915,1417738372,Mike Bayer,2,2,2,3,2,2,76,0,0,0
sqlalchemy,e46c71b4198ee9811ea851dbe037f19a74af0b08,1417739700,Mike Bayer,6,24,213,61,138,104,4434,0,0,34
sqlalchemy,60174146410d4ce2a17faa76cd981f558490db92,1417740314,Mike Bayer,1,0,1,1,0,0,0,0,0,0
sqlalchemy,edef95379777a9c84ee7dbcbc9a3b58849aa8930,1417741687,Mike Bayer,3,16,257,11,165,129,5470,0,0,36
sqlalchemy,6e53e866dea4eba630128e856573ca1076b91611,1417797342,Mike Bayer,1,0,77,58,0,0,0,0,0,0
sqlalchemy,41e7253dee168b8c26c4993d27aac11f98c7f9e3,1417799564,Mike Bayer,6,11,205,19,93,73,2970,3,108,17
sqlalchemy,d204e61f63756f2bbd3322377a283fc995e562ec,1417799891,Mike Bayer,2,1,6,1,4,3,129,0,0,1
sqlalchemy,ec6214457ed71f0ae87d83076e084214650aae5d,1417807176,Mike Bayer,1,0,232,191,0,0,0,0,0,0
sqlalchemy,0ce045bd853ec078943c14fc93b87897d2169882,1417808803,Mike Bayer,2,8,116,1,59,48,2064,0,0,11
sqlalchemy,0639c199a547343d62134d2f233225fd2862ec45,1417815283,Mike Bayer,2,5,43,9,9,8,252,0,0,1
sqlalchemy,b8114a357684ab3232ff90ceb0da16dad080d1ac,1417824527,Mike Bayer,4,14,33,24,30,30,1256,0,0,0
sqlalchemy,95cd2003bbe1b5da2d3c78ac845855126e03de2f,1417887558,Mike Bayer,1,0,141,106,0,0,0,0,0,0
sqlalchemy,c24423bc2e3fd227bf4a86599e28407bd190ee9e,1417890572,Mike Bayer,4,0,17,5,0,0,0,0,0,0
sqlalchemy,c8817e608788799837a91b1d2616227594698d2b,1417890651,Mike Bayer,6,15,180,24,97,73,3776,1,38,23
sqlalchemy,60e6ac8856e5f7f257e1797280d1510682ae8fb7,1417996492,Mike Bayer,3,0,75,33,0,0,0,0,0,0
sqlalchemy,e257ca6c5268517ec2e9a561372d82dfc10475e8,1417996523,Mike Bayer,2,1,319,1,2,2,93,0,0,0
sqlalchemy,c42b8f8eb8f4c324e2469bf3baaa316c214abce5,1418001680,Mike Bayer,4,7,215,25,184,140,7993,1,61,43
sqlalchemy,07cc9e054ae4d5bb9cfc3c1d807b2a0d58a95b69,1418002561,Mike Bayer,3,10,58,14,28,26,1525,0,0,2
sqlalchemy,3f1477e2ecf3b2e95a26383490d0e8c363f4d0cc,1418019030,Mike Bayer,3,11,48,22,37,33,1998,0,0,4
sqlalchemy,902c8d480beebb69e09ee613fe51579c3fd2ce0d,1418019487,Mike Bayer,1,0,0,2,0,0,0,0,0,0
sqlalchemy,6b9f62df10e1b1f557b9077613e5e96a08427460,1418055518,Mike Bayer,1,0,3,0,0,0,0,0,0,0
sqlalchemy,8553c195c24f67ff5d75893ddad57d1003fb9759,1418060080,Mike Bayer,1,0,3,1,0,0,0,0,0,0
sqlalchemy,b7cf11b163dd7d15f56634a41dcceb880821ecf3,1418065520,Mike Bayer,3,13,22,20,20,20,985,0,0,0
sqlalchemy,06738f665ea936246a3813ad7de01e98ff8d519a,1418069702,Mike Bayer,2,1,32,3,4,4,207,0,0,0
sqlalchemy,eee617e08eb761de7279de31246d904ca6b17da7,1418231519,Mike Bayer,2,0,245,236,0,0,0,0,0,0
sqlalchemy,347db81aea9bfe301a9fe1fade644ad099545f3e,1418231714,Mike Bayer,1,1,5,4,5,5,183,0,0,0
sqlalchemy,3c70f609507ccc6775495cc533265aeb645528cd,1418234933,Mike Bayer,1,9,110,69,110,91,5585,0,0,19
sqlalchemy,cf7981f60d485f17465f44c6ff651ae283ade377,1418432351,Mike Bayer,3,4,60,2,40,31,1295,0,0,9
sqlalchemy,91af7337878612b2497269e600eef147a0f5bb30,1415767567,Jon Nelson,1,1,1,1,1,1,68,0,0,0
sqlalchemy,85c04dd0bb9d0f140dde25e3901b172ebb431f7e,1416016408,Jon Nelson,1,0,18,0,0,0,0,0,0,0
sqlalchemy,468db416dbf284f0e7dddde90ec9641dc89428c6,1418511851,Mike Bayer,2,20,478,235,187,149,6236,17,802,21
sqlalchemy,8038cfa0771ff860f48967a6800477ce8a508d65,1408894409,Tony Locke,2,6,60,10,54,39,1731,3,122,12
sqlalchemy,c93706fa3319663234e3ab886b65f055bf9ed5da,1408889717,Tony Locke,1,3,11,6,11,10,330,0,0,1
sqlalchemy,00aaaa4bd4aa150ff9964bf2c00b1404d2e8a140,1418767368,Mike Bayer,1,1,7,6,7,7,323,0,0,0
sqlalchemy,9561321d0328df270c4ff0360dc7a035db627949,1418855063,Mike Bayer,3,4,22,2075,3,3,84,0,0,0
sqlalchemy,0d15791a6e3ec35e3c2e297026d8396742e30a34,1418908631,Rob Berry,1,2,12,0,12,9,445,0,0,3
sqlalchemy,d1ac6cb33af3b105db7cdb51411e10ac3bafff1f,1419009292,Mike Bayer,2,1,32,3,7,7,307,0,0,0
sqlalchemy,8ae47dc6e0a98b359247040236be0810b9086f40,1419007576,Priit Laes,8,8,9,9,8,7,415,1,47,0
sqlalchemy,182553b7409cfa6673483d03f29bc4c462336577,1419016556,Mike Bayer,2,4,15,4,15,11,675,0,0,4
sqlalchemy,5659ecb2e8a4aac83a1eb9b2c5ea348f0077ca72,1419031211,Mike Bayer,1,2,8,7,8,6,276,0,0,2
sqlalchemy,ef6dc0cf2ef581e7cb53dcb4840f678aa1fa5ba6,1419702477,Mike Bayer,1,1,1,1,1,1,39,0,0,0
sqlalchemy,544e72bcb6af1ca657b1762f105634372eca3bc0,1419713730,Mike Bayer,9,10,64,13,22,19,873,0,0,3
sqlalchemy,5343d24fee5219de002a8efba8bc882f8b3d4b5b,1419717272,Mike Bayer,8,7,12,8,7,7,328,0,0,0
sqlalchemy,0bd632804eae635d793175a959294f49f3538806,1419725108,Mike Bayer,2,3,3,3,3,3,240,0,0,0
sqlalchemy,da1aa2590851bd5ddc58218fab0e8234d16db97c,1420136045,Mike Bayer,1,1,1,1,1,1,67,0,0,0
sqlalchemy,8f5e4acbf693a375ad687977188a32bc941fd33b,1420136672,Mike Bayer,2,2,67,0,27,19,799,0,0,8
sqlalchemy,21f47124ab433cc74fa0a72efcc8a6c1e9c37db5,1420138028,Mike Bayer,13,41,697,111,381,314,14530,1,46,66
sqlalchemy,8582bbc5ecd65bbf1cf00f7acf2453ca23196e20,1420211301,Mike Bayer,1,0,1,1,0,0,0,0,0,0
sqlalchemy,3ab50ec0118df01d1f062458d8662bbc2200faad,1420230204,Mike Bayer,2,1,1,2,1,1,33,0,0,0
sqlalchemy,17e03a0ea86cd92816b4002a203b2b0b2c1a538a,1420304357,Tony Locke,1,3,12,1,12,9,362,0,0,3
sqlalchemy,bb40221a28735cad9e5d7ece1127d9d312051c4f,1420305017,Mike Bayer,1,4,14,14,14,12,485,2,57,0
sqlalchemy,01a22a673ecefcc212b124d11c74d99b6f02cfb0,1420328954,Mike Bayer,1,0,135,95,0,0,0,0,0,0
sqlalchemy,93742b3d5c16d3f1e27ff0d10c8e65e1b54971a3,1420335825,Mike Bayer,3,19,228,59,116,100,4509,4,179,12
sqlalchemy,b1928d72098dd68c8aba468d94407f991f30d465,1420345327,Mike Bayer,3,5,16,6,16,12,383,0,0,4
sqlalchemy,315db703a63f5fe5fecf6417f78ff513ff091966,1420354422,Mike Bayer,12,42,141,103,132,103,5041,0,0,29
sqlalchemy,cf272325635c1205da7fd2668eac3c8ac409dafb,1420402056,Mike Bayer,8,67,166,142,160,134,6199,4,191,22
sqlalchemy,27816e8f61b861c5f8718bfb0f1be745ef204040,1420414225,Mike Bayer,4,17,36,0,36,18,697,0,0,18
sqlalchemy,46a35b7647ac9213a2d968e74b50ca070f30abe2,1420415130,Mike Bayer,4,18,272,267,272,215,8984,16,812,41
sqlalchemy,b3bf7915b59c9c749d335984e03b386605516d0f,1420416331,Mike Bayer,2,5,41,18,29,23,907,4,194,2
sqlalchemy,2f6ec41dc98c83c66e36d85fd236bd97402cadb4,1420418628,Mike Bayer,1,0,1,1,0,0,0,0,0,0
sqlalchemy,2a28dd93698b345f718e261adc7ba0a27d382058,1420423287,Mike Bayer,1,1,0,2,0,0,0,0,0,0
sqlalchemy,a3241649332e988bd46c104e56f689dc03a2122d,1420423553,Mike Bayer,1,0,0,3,0,0,0,0,0,0
sqlalchemy,8257b3a0173b4ee2665f70c7e068497c462bd5df,1420478474,Mike Bayer,1,0,4,2,0,0,0,0,0,0
sqlalchemy,1104dcaa67062f27bf7519c8589f550bd5d5b4af,1420502528,Mike Bayer,15,60,175,52,175,134,5794,0,0,41
sqlalchemy,57f684b4b4a661c78de0b5953603984714f01e0b,1420511899,Mike Bayer,2,2,68,37,38,31,1081,0,0,7
sqlalchemy,67778e20624bfb63990ff67598f911768867e439,1420562092,Mike Bayer,1,0,1,0,0,0,0,0,0,0
sqlalchemy,b8a8cdd1ff47b5774662f4c61fe49382b967de02,1420562717,Mike Bayer,2,5,14,12,14,13,862,0,0,1
sqlalchemy,f4b7b02e31e6b49195c21da7221bcbda0bad02b9,1421026850,Dimitris Theodorou,2,1,3,2,1,1,71,0,0,0
sqlalchemy,dc55ff6f99098450f20aa702a55ece30b7e5fc7c,1421087254,Mike Bayer,1,0,4,1,0,0,0,0,0,0
sqlalchemy,92cc232726a01dd3beff762ebccd326a9659e8b9,1421177613,Mike Bayer,6,14,194,65,62,53,2420,0,0,9
sqlalchemy,268bb4d5f6a8c8a23d6f53014980bba58698b4b4,1421180229,Mike Bayer,1,12,27,20,27,26,1026,0,0,1
sqlalchemy,b63aae2c232f980a47aa2a635c35dfa45390f451,1421186675,Mike Bayer,5,8,166,6,35,29,1165,0,0,6
sqlalchemy,79fa69f1f37fdbc0dfec6bdea1e07f52bfe18f7b,1421449425,Mike Bayer,2,1,60,3,7,7,280,0,0,0
sqlalchemy,f3a892a3ef666e299107a990bf4eae7ed9a953ae,1421456613,Mike Bayer,12,206,357,240,294,281,12259,0,0,13
sqlalchemy,469b6fabaf78fa0aad485005fd7bc8be7fe27f92,1421516780,Mike Bayer,2,0,3,1,0,0,0,0,0,0
sqlalchemy,f49c367ef712d080e630ba722f96903922d7de7b,1421548612,Mike Bayer,2,4,77,7,12,7,363,3,152,2
sqlalchemy,f5d4f2685f30817af493c32d2cf0ac77715bdb46,1421632646,Mike Bayer,9,0,484,455,0,0,0,0,0,0
sqlalchemy,28d0b8d1d1b135c2d6974f4d31e56b8d49c8ef09,1421641972,Mike Bayer,2,1,31,2,1,1,64,0,0,0
sqlalchemy,3f84a9408064bc2064bc706a369ecb463df17789,1421675384,Mike Bayer,1,1,3,2,3,3,118,0,0,0
sqlalchemy,6135c03230391a2230e2280f2cbb8b02d880db32,1421686048,Mike Bayer,2,4,35,4,8,7,263,0,0,1
sqlalchemy,dacfe7dec2d940ced2c96ef313404ab137bb69f6,1421706588,Mike Bayer,1,0,63,0,0,0,0,0,0,0
sqlalchemy,611883ffb35ca6664649f6328ae896c80f499780,1421708123,Mike Bayer,3,19,61,28,42,39,1626,0,0,3
sqlalchemy,26a1d8e77c26d69cdca6e6a41ed7c3526bf27495,1421708421,Mike Bayer,3,19,28,61,24,23,1085,0,0,1
sqlalchemy,234a5b9723fbbb9747c0f9e3917baf8500b73370,1421710270,Mike Bayer,3,14,75,21,38,34,1312,0,0,4
sqlalchemy,10dd5fe81062347905492ef66e6f0453479cc03b,1421769782,Mike Bayer,1,0,30,27,0,0,0,0,0,0
sqlalchemy,c3d898e8d06c7e549bb273fc8654f5d24fab2204,1421771833,Mike Bayer,8,14,233,17,190,130,6966,0,0,60
sqlalchemy,a33c250da273ba9b1c62b5ba6d99914870155faf,1422226421,Mike Bayer,3,14,88,77,88,77,3132,4,147,7
sqlalchemy,7b102eeaee12265a2c4f4f5619827178d379d210,1422228120,Mike Bayer,1,6,20,17,20,19,902,0,0,1
sqlalchemy,4a42bd5a2cba23782df7b6f98cadb7382d22498e,1422301703,Kai Groner,1,0,22,1,0,0,0,0,0,0
sqlalchemy,30ce7e93f4068b00ced0db785fdd578dc8a45975,1422301780,Kai Groner,1,3,16,2,16,13,471,0,0,3
sqlalchemy,f94d75ede5f5d2ed28d72ff98ca7caca016e5506,1415544751,Shaun Stanworth,9,6,73,9,61,42,1430,6,232,13
sqlalchemy,0953f2625046b98c7b6fbe157942eddde657e08a,1415546284,Shaun Stanworth,2,0,4,2,0,0,0,0,0,0
sqlalchemy,a826ff366bf979bcbb4f075d3c33540232b91873,1422313366,Mike Bayer,6,4,59,44,6,4,155,1,65,1
sqlalchemy,62f87749067684696dca32cacac17f7d33066d8b,1422330312,Mike Bayer,1,0,1,1,0,0,0,0,0,0
sqlalchemy,3712e35c329cc3b5106f026be90e04f65412586d,1422463700,Mike Bayer,2,2,109,9,17,15,663,0,0,2
sqlalchemy,383bb3f708168aedb1832050a84ff054f8211386,1422643131,Mike Bayer,4,12,65,29,43,38,1734,0,0,5
sqlalchemy,bf70f556b382dc376783efbcb598e0fab71ee235,1422749094,Mike Bayer,3,5,42,17,16,16,825,0,0,0
sqlalchemy,b2189da65019ed2f44e77933a122619489319c5a,1422835207,Mike Bayer,2,7,63,9,35,29,1011,0,0,6
sqlalchemy,54088c9b33809dd6d76cacfc86f9012d4f61d361,1422899904,Mike Bayer,1,1,2,1,2,2,97,0,0,0
sqlalchemy,9ea19b374630e6ae14cb144942007aa0f8686583,1422924373,Mike Bayer,3,4,91,17,18,16,637,0,0,2
sqlalchemy,9cbe235810b7c0c24d2556b4bb581b0207812e2d,1423087635,Mike Bayer,7,16,110,15,55,47,2682,0,0,8
sqlalchemy,068f9a1531c8114360d5fcd964c27fe6a21f4679,1423093884,Mike Bayer,4,2,30,0,8,7,428,0,0,1
sqlalchemy,503a40ad7080344f75cf3347197c44b574c60a9c,1423171043,Mike Bayer,3,17,173,77,40,35,1925,2,120,3
sqlalchemy,00f37f3984c35fc4a2ee5687e798c5ca36953d6c,1423183917,David Marin,1,1,3,1,3,3,146,0,0,0
sqlalchemy,ab1f7d20589412edc1cf00f8aeab8886ed368a0c,1423440801,Mike Bayer,1,1,2,0,2,1,25,0,0,1
sqlalchemy,7b9134be7129346e486a5caca7bdc87de7ccf015,1423443514,Mike Bayer,2,2,16,2,2,2,108,0,0,0
sqlalchemy,53da71fcc2e82c1e6f7b174436043c06257af927,1423444477,Mike Bayer,1,1,0,1,0,0,0,0,0,0
sqlalchemy,81aa5b376eb80793e3734eb420b82872d2941d6f,1423511906,Mike Bayer,2,1,72,4,2,2,115,0,0,0
sqlalchemy,03038f7e75500e7d5388dedd79d9b35e01b3a677,1423512532,Mike Bayer,1,0,99,74,0,0,0,0,0,0
sqlalchemy,1ad236127c060141426c84f446e7b7e773febb31,1423513754,Mike Bayer,2,2,53,29,7,7,331,0,0,0
sqlalchemy,8750596c110a284b290e22f6911fd02096a51665,1423531926,Mike Bayer,1,0,16,0,0,0,0,0,0,0
sqlalchemy,0843bbcfbb4ab57253e8de424b7b1b7538ba0781,1423531973,Mike Bayer,1,1,2,1,2,2,103,0,0,0
sqlalchemy,af4239874242000f0dd38252ef0d35550d7bd21a,1423532608,Mike Bayer,2,1,17,4,6,6,308,0,0,0
sqlalchemy,3c46eb17ed033d83592bf3b22b74ca72d73f7113,1423532959,Mike Bayer,2,0,9,0,0,0,0,0,0,0
sqlalchemy,3eff76c4b0c234717e6d8a157ef6883b72694927,1424292637,Mike Bayer,1,0,54,0,0,0,0,0,0,0
sqlalchemy,3209a73b92e17dd351a50c41352791baeefcd846,1424293699,Mike Bayer,10,45,223,121,149,112,4987,11,428,26
sqlalchemy,b86b239c87528cfd898b8b1c66fe1c78f127cccc,1424363864,Mike Bayer,1,0,43,39,0,0,0,0,0,0
sqlalchemy,140e8254a23c03f14d3f973e2ad3b197723007f8,1424365308,Mike Bayer,3,0,55,33,0,0,0,0,0,0
sqlalchemy,ad66266d3d275a6129e3270eaacdad171bc10817,1424408479,Mike Bayer,2,5,34,2,5,4,183,0,0,1
sqlalchemy,4f63e2497020681a4f2aa5d4a28495ded008d2b2,1424409108,Mike Bayer,1,2,12,5,12,10,276,0,0,2
sqlalchemy,305ea84004fe604f461cd3c9438fbc84e3d790b2,1424463248,Mike Bayer,3,2,159,13,4,3,210,0,0,1
sqlalchemy,a87b3c2101114d82f999c23d113ad2018629ed48,1422705020,Roman Podoliaka,4,3,57,0,33,24,1160,1,42,8
sqlalchemy,3a56c4f019052c5dcd4e1cb5fd01a5680e6fc80e,1424809770,Mike Bayer,2,2,55,0,2,1,51,0,0,1
sqlalchemy,955576fcf6e7aff7fe924ec3b33bb6d243ddd312,1424909131,Iuri de Silvio,2,2,19,2,9,7,244,0,0,2
sqlalchemy,79cbd377a62d291103aa0e378f0665e2e09185b2,1425244151,Mike Bayer,9,25,187,99,152,125,5153,11,519,16
sqlalchemy,cfb2eee0f3a11f79ca216ab805338868b503aa16,1425341797,Mike Bayer,2,0,9,0,0,0,0,0,0,0
sqlalchemy,34cb52e8d9f9bf345904315f16fb87ca9310d9cb,1425657510,Jochem Oosterveen,1,1,2,2,2,2,114,0,0,0
sqlalchemy,b3f9698c63e1b863bb780fbe7cd6460454f9ec6a,1425733454,Sebastian Bank,4,9,30,10,15,14,742,0,0,1
sqlalchemy,e0d7f5243947049b2d38792ecda11da2bdadd548,1425753401,Sebastian Bank,1,0,29,0,0,0,0,0,0,0
sqlalchemy,b3d3795de0d45fe4adda7393881f0f955409a45d,1425750493,Mike Bayer,6,13,215,93,172,118,4343,34,1628,20
sqlalchemy,17b2fd3fba8eef5bdd4040f2d71c75e4aeb4e215,1425786672,Mike Bayer,6,27,79,42,51,48,2116,2,97,1
sqlalchemy,9854114f578833aee49b65e440319a0ec26daab6,1425828550,Mike Bayer,9,13,69,69,36,29,1198,4,155,3
sqlalchemy,4ba715f80a003a621f107c374b118754ba760cb7,1425832418,Mike Bayer,4,13,96,16,35,33,1419,0,0,2
sqlalchemy,7c9a0e18beadd73c94b8de4cba06eae2d78d2061,1425838619,Mike Bayer,3,0,14,14,0,0,0,0,0,0
sqlalchemy,a92f6662b4e15d5924a686a46d1a6d9b7aa958d5,1425840222,Mike Bayer,1,0,109,0,0,0,0,0,0,0
sqlalchemy,a421106c9d1d660af7c5d9aba5928dda20c950e1,1425843141,Mike Bayer,6,3,33,26,21,18,690,0,0,3
sqlalchemy,fdd2b42db59c9a37c609217f3bbee99e53b3403e,1425918390,Mike Bayer,2,1,3,4,2,2,90,0,0,0
sqlalchemy,fcfa62bd76ee0cdb125f0eb46ec4c1f625cbd6e7,1425920829,Mike Bayer,1,0,52,0,0,0,0,0,0,0
sqlalchemy,9afe585f4599d8114abe8d11f924c206a8962cda,1425926183,Mike Bayer,6,20,50,30,46,38,1290,2,88,6
sqlalchemy,611d88d234319b730b521734418ff7e9aafb1716,1425928789,Mike Bayer,1,0,7,1,0,0,0,0,0,0
sqlalchemy,adaa003300357179514628cd1735a7adae76b839,1425929041,Mike Bayer,1,6,56,29,56,46,1610,1,25,9
sqlalchemy,b8a39b8636c8abef350e17ecca61e2a215931c9b,1425929077,Mike Bayer,1,1,2,3,2,2,113,0,0,0
sqlalchemy,6ac0555eaa6363ac9d0ad6566248dd294ad61d9e,1426011515,Mike Bayer,1,1,20,0,20,12,487,0,0,8
sqlalchemy,9fee9cb87e0d13db4426664f5758c1ddad0533e3,1418123292,Gilles Dartiguelongue,2,1,20,1,4,4,166,0,0,0
sqlalchemy,5d1206c10a96b6685e57baa9ae09f04f00cf425b,1426014327,Mike Bayer,1,1,18,0,18,10,470,0,0,8
sqlalchemy,ff846286f2f63fb48181b24ad0b64430eacf6aef,1426014962,Mike Bayer,1,1,1,1,1,1,15,0,0,0
sqlalchemy,50866d2f857dd45bb2d186a0fa076768437d62a3,1426015468,Mike Bayer,165,146,166,166,146,0,0,146,9503,0
sqlalchemy,a4a826021fb6d77fadbdac0071616d7e5486e4d1,1426021068,Mike Bayer,1,1,1,1,1,1,26,0,0,0
sqlalchemy,95e53d0b6072510c7a687e3bcc92246d9b3d7181,1426022506,Mike Bayer,2,3,62,0,21,17,463,0,0,4
sqlalchemy,66fa5b50a53ebe234f19e23b7dfa6ff310969996,1426024295,Mike Bayer,2,5,27,8,7,6,293,0,0,1
sqlalchemy,201ba16fc88439fa100023369dfdfe22625253c9,1426026203,Mike Bayer,3,1,39,13,1,1,40,0,0,0
sqlalchemy,710021d22e8a5a053e1c4edc4a30612f6e10b83e,1426031819,Mike Bayer,3,5,100,6,63,44,1844,2,86,17
sqlalchemy,71b8df2e5319773008e83f784543a716a80d7511,1426088512,Mike Bayer,6,26,241,41,141,114,5805,2,85,25
sqlalchemy,b815e9483319b93f98bef11c7d47378441f78d21,1426099612,Mike Bayer,2,4,29,14,8,8,306,0,0,0
sqlalchemy,e3b46bd62405b6ff57119e164718118f3e3565e0,1426119762,Mike Bayer,13,54,1522,131,711,551,23039,19,775,141
sqlalchemy,f211ad254d53b85aae319b41cc7b206f3e693660,1426169692,Mike Bayer,1,2,8,0,8,4,222,0,0,4
sqlalchemy,dcbedfd61ae07315cd4b2d9cc76b5d2cb6d47926,1426181683,Mike Bayer,1,1,1,1,1,1,60,0,0,0
sqlalchemy,a54b783c49b6f37654100fb6b129a14bddd6424a,1426191823,Mike Bayer,1,1,1,0,1,1,28,0,0,0
sqlalchemy,4077e99f3f51789474bfe4f7ebee666682bf5cdd,1426278121,Mike Bayer,1,1,1,2,1,1,78,0,0,0
sqlalchemy,64b7a50cbd64b44fa8ee8413213e9eae73483515,1426278192,Mike Bayer,2,1,2,2,1,1,23,0,0,0
sqlalchemy,69dadc88e0b95e0fe1936ae09fd7d3e085f1df0a,1426221863,INADA Naoki,1,1,4,2,4,3,227,0,0,1
sqlalchemy,175e5c97a7f20d774e27fe66a141a12f341be9ad,1426278483,Mike Bayer,1,0,1,1,0,0,0,0,0,0
sqlalchemy,3f23e65dabab7ef4c7cf305a9e07e6cb05aba801,1426342632,Mike Bayer,1,1,4,2,4,4,213,0,0,0
sqlalchemy,edfe2deffb7a3ab637e5ee7ab3379911483380fa,1426502706,Julien Castets,2,1,10,2,1,1,75,0,0,0
sqlalchemy,b7e151ac5cf5a0c13b9a30bc6841ed0cfe322536,1426609953,Mike Bayer,7,36,194,44,144,118,5923,0,0,26
sqlalchemy,d6a6cbaf99138d26fed249c9ef4be5fec89b5ea3,1426614816,Mike Bayer,1,1,1,1,1,1,23,0,0,0
sqlalchemy,5794b777cbb4a8f951ee19ac40c7aef0e2f429a1,1426677745,Thomas Grainger,1,2,9,1,9,8,278,0,0,1
sqlalchemy,6e8ecd161bfb95b39713ba406921fb277b2802a3,1426678803,Thomas Grainger,1,1,12,0,12,9,596,0,0,3
sqlalchemy,cd076470baf2fce0eebf5853e3145d96a9d48378,1426719433,Mike Bayer,2,1,39,9,6,4,138,0,0,2
sqlalchemy,e467db9edba1e629ba45704047fa76ecd08922ff,1426739937,Eric Streeper,6,0,3,9,0,0,0,0,0,0
sqlalchemy,45876612d2342250b73a9d3d9afd2bd6008db4c6,1426744578,Eric Streeper,3,0,9,6,0,0,0,0,0,0
sqlalchemy,0f0e305d25b6da1d42259e53ebd48712dfae5f40,1426836725,Eric Streeper,6,0,160,79,0,0,0,0,0,0
sqlalchemy,58ce4d53bf5e2f2d6fa28720dc9e3a130c77f7e3,1426877791,Mike Bayer,1,0,8,0,0,0,0,0,0,0
sqlalchemy,3971690731d1c22265e18ac7165a423b2310d79f,1426877848,Mike Bayer,8,13,79,21,79,59,2930,0,0,20
sqlalchemy,ffddfe1b17b5c09dcb6289f807200f7c8279190e,1426878652,Mike Bayer,2,2,5,0,5,4,272,0,0,1
sqlalchemy,e429f9ebe75f7eea15cfad5f9e4f153be9f9c1e3,1426882029,Mike Bayer,1,0,1,0,0,0,0,0,0,0
sqlalchemy,1bcd99bec9eb0d17dba76214d278d6012f35f41b,1426882196,Mike Bayer,1,0,2,2,0,0,0,0,0,0
sqlalchemy,3365a4f78ed54fc0c242c01a3f58e87b1518d68d,1426828689,Amir Sadoughi,3,8,22,7,9,9,525,0,0,0
sqlalchemy,3ae00fea903b3403c1900e9b9f440305362dd26c,1426895592,Mike Bayer,3,2,5,2,2,2,89,0,0,0
sqlalchemy,7d6dfb4cf75e5e18d0f3854b47b1a062397f09d1,1426895685,Mike Bayer,1,0,1,1,0,0,0,0,0,0
sqlalchemy,10593e77689cf3c9d6d0de957632d42fd74bf697,1426946221,Mike Bayer,1,0,1,0,0,0,0,0,0,0
sqlalchemy,c09c21c9f31826e126b97d6318a9df66986af774,1426957935,Mike Bayer,3,2,17,2,3,3,112,0,0,0
sqlalchemy,9a4a8a8684b0d7c1d47e26489ebaef15433284e2,1426965287,Mike Bayer,1,0,1,0,0,0,0,0,0,0
sqlalchemy,b1146821aa8899ea8724c61ca3d48ba4928a1db4,1426965516,Mike Bayer,3,3,10,2,10,8,379,0,0,2
sqlalchemy,ddab2d2351fc79138dcbe650c12f2e153dae4751,1427063437,Mike Bayer,5,13,63,75,63,53,3009,1,63,9
sqlalchemy,db853306c40437a8ad3dc9f510865820a941c3b5,1427065522,Mike Bayer,2,2,6,0,5,1,33,3,150,1
sqlalchemy,04545727d4117db51786189e591b1777bde1a40b,1427128428,Mike Bayer,3,4,12,2,3,2,106,0,0,1
sqlalchemy,bdcaa0f6ca580b54b9c25178441fcbe8f2a4e387,1427208929,Mike Bayer,3,1,170,18,38,33,1330,0,0,5
sqlalchemy,86cebccc4c3cfb687cbbe9703cf732641c55ce44,1427214499,Mike Bayer,2,1,10,0,1,1,42,0,0,0
sqlalchemy,50b7e818c232ecc483aced34e374074eb8a6ff16,1427214930,Mike Bayer,3,3,5,0,5,3,126,0,0,2
sqlalchemy,4c17337da60b8b126c4a7804f40da236656a1fc8,1427231482,Mike Bayer,1,0,1,1,0,0,0,0,0,0
sqlalchemy,a518b31f3b131ae8304026109cd826e38c2afc26,1427394487,Ernest Walzel,1,1,1,1,1,1,62,0,0,0
sqlalchemy,78b1850ae5649896da62135cb29b238adaad5c38,1427637916,Mike Bayer,1,0,2,2,0,0,0,0,0,0
sqlalchemy,a15b2ac0a184fecc50ea62315bd38478c4cf1ab8,1427750125,Mike Bayer,1,1,1,1,1,1,23,0,0,0
sqlalchemy,1a56177c21cd45a25cc28ccda3af6d2c92810e50,1427752179,Mike Bayer,2,5,322,22,70,55,2327,10,361,5
sqlalchemy,4318edf9bb3e08a9e59a2ff1270d69fc21fd0c93,1427772579,Mike Bayer,1,0,4,4,0,0,0,0,0,0
sqlalchemy,dedc85ba9d8e3292311c4593d2252a44556cd7fe,1427822950,Mike Bayer,3,19,94,22,53,46,1897,0,0,7
sqlalchemy,5ed49f38c372360dbbe5c9e0c0e8fc502d034c0c,1427827221,Mike Bayer,2,1,16,4,6,6,137,0,0,0
sqlalchemy,4b164935481c44c126500761f873c5b0c5bdbe80,1427921432,Mike Bayer,3,1,55,32,53,50,2015,3,140,0
sqlalchemy,59816435dae75db9712f80c34734813a0246205a,1427921758,Mike Bayer,1,1,1,1,1,1,41,0,0,0
sqlalchemy,fe1922764151454460dfabfd574d3ead12edf543,1427930316,Mike Bayer,4,11,79,70,46,42,1674,1,40,3
sqlalchemy,2cae4f262b2faff18cbc06331a20e265b3b6c328,1427931686,Mike Bayer,1,0,9,7,0,0,0,0,0,0
sqlalchemy,359f471a1203cafd5dc99b5b078ba7d788b67cec,1427991555,Mike Bayer,2,1,29,0,1,1,51,0,0,0
sqlalchemy,47e775be2bf0da77be1b9cf4b7b2eb8ebad50054,1428000400,jonathan vanasco,1,3,7,2,7,6,391,0,0,1
sqlalchemy,a0612a4d345019ea603a4d0bccb4ddcab3848af6,1428002481,jonathan vanasco,1,4,10,8,10,9,538,0,0,1
sqlalchemy,541a9751fc179720d2f0a6de062c238b16e5a65e,1428084156,Mike Bayer,1,0,2,2,0,0,0,0,0,0
sqlalchemy,06d9307ae237bcf9d01d6b4ad230cdb10c47d098,1428098029,Mike Bayer,1,1,7,0,7,5,279,0,0,2
sqlalchemy,09a2915457777c1d16a5013e931c4b25b4db6f78,1428098089,Mike Bayer,1,1,1,1,1,1,21,0,0,0
sqlalchemy,ecd7b31d5eaed138e699293719f70260da3c978d,1428163371,Mike Bayer,3,1,52,12,1,1,75,0,0,0
sqlalchemy,f30e35babc63f5613537bb62aef6acb26dadd503,1428188898,Mike Bayer,2,1,11,8,5,5,136,0,0,0
sqlalchemy,c75c6732b115c136043eb5c74d4388abe865d2a3,1428272094,Ramiro Morales,1,2,5,4,5,2,109,2,108,1
sqlalchemy,44a9820b4e02f65b3884fa2c016efce9663e4910,1428466254,Mike Bayer,1,0,18,6,0,0,0,0,0,0
sqlalchemy,1b83b588f5573799dee8d508be13c252c2e57115,1428508752,Mike Bayer,1,1,20,12,20,17,679,3,121,0
sqlalchemy,07153dc0926568b35a907241d8e954ecf0ca54f1,1428509696,Mike Bayer,2,2,12,3,4,4,195,0,0,0
sqlalchemy,ffec6ab936a73f5cbe63d9409beb12f1f0307d0b,1428528206,Mike Bayer,1,0,6,0,0,0,0,0,0,0
sqlalchemy,55c26710a1f6d6c6f87a9752035bc160f93b38d0,1428679214,Mike Bayer,2,2,17,1,4,4,178,0,0,0
sqlalchemy,fc702c9d809878c5a5d85876bfa23e17177940c2,1428857971,Mike Bayer,1,0,3,1,0,0,0,0,0,0
sqlalchemy,35a488ae5f4127b4bc2b4e5bfc388749e222a4e4,1428860708,Mike Bayer,2,2,50,2,9,8,447,0,0,1
sqlalchemy,09e698c6025b622de889dc11e3fbc38da11f291a,1428861100,Mike Bayer,1,0,0,2,0,0,0,0,0,0
sqlalchemy,2bc8c92279a165563b7ebcf82c96cd3cd7ede2a2,1429133423,Mike Bayer,2,2,18,1,7,6,303,0,0,1
sqlalchemy,9f468e305d0a6b42a1d384a70dcf8fb51effa693,1429210303,Mike Bayer,1,0,2,2,0,0,0,0,0,0
sqlalchemy,d349ad448c020d9c4ac976c048500d2cee51ab6d,1429301164,Mike Bayer,4,3,29,4,5,4,196,0,0,1
sqlalchemy,2d877868b4d2ae12c7d13cb0fe6999835893a824,1429301306,Mike Bayer,1,1,1,1,1,1,21,0,0,0
sqlalchemy,a3af638e1a95d42075e25e87474663348dcf5c14,1429565883,Mike Bayer,9,17,309,64,48,45,2195,0,0,3
sqlalchemy,3e80d628bd133d0fd0687e35b8d13abd1d31d6df,1429572060,Mike Bayer,5,12,69,16,36,32,1403,3,133,1
sqlalchemy,c2e3002503242331fc8f2b314e0d4f3c65de9d73,1429625042,Mike Bayer,2,2,20,1,5,3,143,0,0,2
sqlalchemy,732fb99fc0afbeb69d684b2bfa6d0be6250919a3,1429628661,Mike Bayer,1,1,13,0,13,10,655,0,0,3
sqlalchemy,39978060b0d81bd470aade97e608c189b6958dfa,1429726451,Mike Bayer,5,7,326,96,32,32,1628,0,0,0
sqlalchemy,ce1ab2bef3e5095d676f4e6c1e19e9a9cbfff835,1429786842,effem-git,1,2,2,2,2,2,89,0,0,0
sqlalchemy,dd4240e43b4138aeca41c393c3f97ae2e60b7c79,1429805130,Mike Bayer,8,12,18,16,14,14,755,0,0,0
sqlalchemy,0fc751e4abea999b5cc7ba8c3a87a7a84cd5aa8c,1429812829,Mike Bayer,1,0,2,2,0,0,0,0,0,0
sqlalchemy,e77cf339ee504ca9973d88e486d174f1ffa87302,1429878402,Gaëtan de Menten,1,3,4,3,4,4,121,0,0,0
sqlalchemy,e73f735382371ac5c05a46f2a51fd10971270fe4,1429897749,Mike Bayer,6,6,113,13,12,12,550,0,0,0
sqlalchemy,01700759346c82d6a39ee6a6c70581e8417b9c45,1429909414,Mike Bayer,1,2,2,2,2,2,130,0,0,0
sqlalchemy,f9275198c304ce0603594350b1e60fe753e80673,1429909475,Mike Bayer,6,7,27,7,14,10,516,0,0,4
sqlalchemy,42c9fe1d1df0aa9b66076a2b4a33ab6c046f5b07,1429911012,Mike Bayer,1,0,2,2,0,0,0,0,0,0
sqlalchemy,d48acff23bc04dafa958e76ef2ff614aa8d6751b,1430065997,Mike Bayer,3,2,24,3,2,2,95,0,0,0
sqlalchemy,6c0f30db81d127920ca7a68d7a28b8ea086866b6,1430086961,Mike Bayer,5,8,91,25,22,12,542,9,406,1
sqlalchemy,e25ef01fbb70c9e6af5714b246103a2564729ade,1430161541,Mike Bayer,2,8,66,8,13,12,494,0,0,1
sqlalchemy,e5c20fce93549d9af972e99a7bf826d7cc99189f,1430162478,Mike Bayer,2,0,166,97,0,0,0,0,0,0
sqlalchemy,34f98a63b54a17c06e48eab5a29e9c090488b4bd,1430170325,Mike Bayer,2,2,121,19,4,4,178,0,0,0
sqlalchemy,da327d0349b2af88700808c8e0041eda4c57882f,1430220376,Ernest Walzel,1,1,1,1,1,1,72,0,0,0
sqlalchemy,ac52239b328f6dc573fdfb9acbbc7d5d528fa982,1430251379,Mike Bayer,2,1,46,23,1,1,49,0,0,0
sqlalchemy,4f6e9ccae93b9c50298b041356953cb8a96b4895,1430263201,Mike Bayer,2,2,38,8,10,10,396,0,0,0
sqlalchemy,93b5eae9843d423378f68be928a4f1e6fcacfb87,1430280325,Mike Bayer,1,2,7,1,7,6,400,0,0,1
sqlalchemy,b0be9211c9a2d9032b659b63888ffc76f64d4247,1430330416,Mike Bayer,2,2,42,7,4,4,206,0,0,0
sqlalchemy,606a9b02e5c6081878aa331d1d2c3a678a671904,1430408304,Mike Bayer,1,1,27,0,27,19,1024,0,0,8
sqlalchemy,20e3df602846bb1d8940b5138f21ef203c99bade,1430412807,Mike Bayer,2,2,22,1,1,1,66,0,0,0
sqlalchemy,0e98795ff2c7a164b4da164d7b26af3faabf84d1,1430430674,Mike Bayer,8,30,445,22,194,145,7070,7,227,42
sqlalchemy,e0f9b279f43759886c61e6c82f97d95d0093fdf7,1430437456,Mike Bayer,3,8,87,9,31,24,1159,2,77,5
sqlalchemy,4992aafecceb7a6301cfa4926bc709c873f37cc7,1430439602,Mike Bayer,2,6,15,35,14,12,414,0,0,2
sqlalchemy,681276b5b4ae48924c85a1c26af3f9bde3d77b5f,1430443608,Mike Bayer,1,3,8,8,8,8,425,0,0,0
sqlalchemy,3cfda0a3c9026f0a80a9763fe12b9d61b3ad2910,1430444006,Mike Bayer,1,0,2,2,0,0,0,0,0,0
sqlalchemy,24d6ea362e757c79b3bada663cf6fc9f262dae4f,1430486410,Mike Bayer,3,5,33,5,14,13,510,0,0,1
sqlalchemy,088666e8f3de4816b6eeadc2dce0f473b7710bff,1430487501,Mike Bayer,1,0,1,0,0,0,0,0,0,0
sqlalchemy,635f06c3ebc787b98cf0ee1e94eff12fc96daff0,1430488823,Mike Bayer,1,0,7,7,0,0,0,0,0,0
sqlalchemy,95949db715ff54be01bfd260a51903ede60597ae,1430496394,Mike Bayer,2,2,317,150,8,7,225,1,41,0
sqlalchemy,2ef1c56436d25e8a710a8679c59400c0e4009cd6,1430500551,Mike Bayer,6,0,36,17,0,0,0,0,0,0
sqlalchemy,77db0ef6ac03d0f6f5622be373f7f85536924d3e,1430576823,Mike Bayer,2,4,75,8,16,10,472,4,219,2
sqlalchemy,8ac2bec0292daaefdfd4062a209ae4c44ba6d690,1430580834,Mike Bayer,2,1,139,1,5,4,142,0,0,1
sqlalchemy,bcc8e6c02b0fd063bf85edc5369899e5717d0232,1430834409,Peter Hoffmann,1,0,4,1,0,0,0,0,0,0
sqlalchemy,be81cb200d9efb45c3bf331315c54dff778b5de6,1430859309,Mike Bayer,1,1,1,1,1,1,75,0,0,0
sqlalchemy,5c852409219e18fb3d3b1403bfc872b3fe99f802,1430859673,Mike Bayer,1,0,2,0,0,0,0,0,0,0
sqlalchemy,1b120563905e29f9769fd6d2ce39922d15cebf7f,1430946444,Mike Bayer,4,3,100,4,19,14,584,1,34,4
sqlalchemy,633a61d978baecc01d8df20976be15471b2cab21,1431006637,Mike Bayer,1,0,2,1,0,0,0,0,0,0
sqlalchemy,148924821bf8c8537cf8ece740b26a61571215fb,1431046269,Mike Bayer,1,0,2,2,0,0,0,0,0,0
sqlalchemy,5c897d9c6a84ac0cc1d1300dc2456a14b6e6bdd8,1431101887,Mike Bayer,1,1,1,1,1,1,21,0,0,0
sqlalchemy,eb1bb84fbc10c801c7269a3d38c9e0235327857e,1431103075,Mike Bayer,2,2,50,1,15,13,567,0,0,2
sqlalchemy,4a0e51e7d2f334238d9eae6e697fed78ee54f7c2,1431626344,Mike Bayer,2,1,55,18,7,6,251,0,0,1
sqlalchemy,64c1f2e5688879e1cc087f4e4a893d32267fd1fb,1431645773,Mike Bayer,1,1,2,0,2,1,18,0,0,1
sqlalchemy,d178707ecaeb547470e2b7b37b9a939abc69cbd0,1431707721,Mike Bayer,8,8,142,5,45,37,1604,0,0,8
sqlalchemy,5ca14954b89a218e879f6833bb811b88ea537242,1431739098,Mike Bayer,3,0,14,0,0,0,0,0,0,0
sqlalchemy,164f2ad2f433b3d297df709d617a1fc421495921,1432230217,Mike Bayer,2,0,294,226,0,0,0,0,0,0
sqlalchemy,525cc6fe0247a76201c173e535d8309333461afc,1432232461,Mike Bayer,6,11,245,23,71,56,2870,0,0,15
sqlalchemy,c581b907b3f1bcee3ab347e9a93c2c2b37bfe7ef,1432315629,Mike Bayer,1,3,67,7,67,51,2503,0,0,16
sqlalchemy,04c625467e65ec4189d4fd73e0e10c727f04dce6,1432317060,Mike Bayer,2,4,12,9,12,11,473,0,0,1
sqlalchemy,e9921ad356fee4edb56007ae39793fb2211f13cf,1432386456,Mike Bayer,3,5,17,6,13,11,465,0,0,2
sqlalchemy,1bb9c99ea9f3e36e5d4a9f1d4f21f1d0a252db4a,1432475354,Mike Bayer,1,0,1,1,0,0,0,0,0,0
sqlalchemy,96f49085b8dd05062b97c4f9c892c071042dad66,1432501674,Mike Bayer,2,0,270,234,0,0,0,0,0,0
sqlalchemy,0198d9aa5fee96c7523cc3e827baaba442c0ba02,1432501682,Mike Bayer,2,0,41,13,0,0,0,0,0,0
sqlalchemy,9157911013532e081f9ec6e29e7a4c271438f8ab,1432515749,Mike Bayer,4,10,289,69,107,86,4213,0,0,21
sqlalchemy,0618357b84caff552ddc4ff20c722c026f9757af,1432578866,Mike Bayer,1,0,32,0,0,0,0,0,0,0
sqlalchemy,88f547900276ff969ca25d24287fd5f96eeec49c,1432579677,Mike Bayer,1,0,1,1,0,0,0,0,0,0
sqlalchemy,a50dcb31b9757ca7602b85458615b7c267454cf9,1432652183,Mike Bayer,7,5,60,9,16,13,568,0,0,3
sqlalchemy,19571e2f8f4b621f3a1eaea198a8556497178015,1432837556,"Allen, Timothy",1,2,6,2,6,2,140,4,240,0
sqlalchemy,36d2b40cf55bc0f4e850e9ec4e905f0051f573f2,1433250318,INADA Naoki,1,1,2,2,2,2,87,0,0,0
sqlalchemy,47d29eae8fa14ab7b1aab63797860a475338f950,1433340513,Mike Bayer,2,2,23,6,3,3,112,0,0,0
sqlalchemy,5a17d73648dde740c2190b5d9006472ca7707320,1433342745,Mike Bayer,1,0,2,1,0,0,0,0,0,0
sqlalchemy,dff81500b161cf41ff5d9e77c21a24010e1bd93b,1433346958,Pete Hollobon,2,3,41,0,17,13,623,0,0,4
sqlalchemy,b03ee45f32e53416ce1c73fa15966db17ed4bbf9,1433427129,Pete Hollobon,2,5,29,3,9,9,510,0,0,0
sqlalchemy,af19435b9c1cec28d0ac93aa832b45601af51597,1433432741,Pete Hollobon,2,7,32,3,13,13,635,0,0,0
sqlalchemy,4c90f355fd552e70009ffcdf3fdde9f3653e337e,1433535073,Mike Bayer,1,1,101,0,101,76,3177,0,0,25
sqlalchemy,4e6ec9eef4e65c6efabae36b2307f2ad167977da,1433540042,Mike Bayer,7,6,92,47,30,24,943,3,122,3
sqlalchemy,54b15aaf37917c946e3f4fa45cc1262e14b22ef4,1433627432,Mike Bayer,3,2,44,0,18,14,810,0,0,4
sqlalchemy,343734b95f910cf04ef4a8d50d30b0526451f960,1433713498,Mike Bayer,1,0,7,6,0,0,0,0,0,0
sqlalchemy,3873d7db340835a38e6b191e8466fb42c3a9d3f6,1433714018,Mike Bayer,1,0,2,2,0,0,0,0,0,0
sqlalchemy,0e1da3265445fc2afaa54c4025bcab442199dc2b,1433802896,Mike Bayer,1,1,1,1,1,1,21,0,0,0
sqlalchemy,657be357de569ced699f44bdd96c6ba4e650b492,1433802987,Mike Bayer,2,2,11,22,9,9,311,0,0,0
sqlalchemy,a9030d0241964c919b099e4bdb75d38fd420b546,1433907554,Mike Bayer,2,1,23,1,2,2,92,0,0,0
sqlalchemy,e765c55e8cc71bb3773b86b5260df6cb69aff102,1434055680,Mike Bayer,4,5,27,2,6,5,173,0,0,1
sqlalchemy,09485d733131b667813f44eb0b6807b698668ee7,1434219076,Patrick Hayes,2,1,39,10,5,5,262,0,0,0
sqlalchemy,235165d54618031f525f029e5686a03c273a7c7e,1434229167,Morgan McClure,1,1,1,4,1,1,15,0,0,0
sqlalchemy,2497d559ddeb68e52eb1838deeed7e3305280aa5,1434240917,Mike Bayer,2,0,23,1,0,0,0,0,0,0
sqlalchemy,bcbfcca2360a58ec1b5a9da1b2c45e8781904b82,1434241626,Mike Bayer,1,2,8,6,8,8,366,0,0,0
sqlalchemy,92ac4a9f88a5bfb1f7ea3e34b701e4eff9a65f91,1434242838,Mike Bayer,1,0,1,2,0,0,0,0,0,0
sqlalchemy,a8c6cce404caf4a9c20faefc8f11a3e37db3ea05,1434248875,Morgan McClure,2,4,9,3,9,9,358,0,0,0
sqlalchemy,e15d58695d6eff9a1d53e31e5ae3666434a4a1af,1434314534,Mike Bayer,3,0,14,8,0,0,0,0,0,0
sqlalchemy,9ccdea3a0fe57931e779b44eb2c278b78eea3d95,1434314596,Mike Bayer,4,7,144,53,30,21,1107,0,0,9
sqlalchemy,de906a2125c107102f67d181a338d5689b365c51,1434314906,Mike Bayer,1,0,0,12,0,0,0,0,0,0
sqlalchemy,4a25c10e27147917e93e6893df13b2b55673e0a7,1434479633,Mike Bayer,4,8,99,22,56,46,1811,2,41,8
sqlalchemy,370b237ddb6af0ba62f0ce5b1bedfe7556c6ccf3,1434647634,Mike Bayer,1,1,0,6,0,0,0,0,0,0
sqlalchemy,84e813aee4b47edb5220bc76083525d1ac4e45ba,1434728241,Sebastian Bank,2,1,14,0,7,5,196,0,0,2
sqlalchemy,3d78705cf4981e460d6d1b5bb08870286fc3fe93,1434728989,Mike Bayer,1,4,10,14,10,9,492,0,0,1
sqlalchemy,9f4149766c9355b303b669e0bbe4e635dd291ace,1434731049,Mike Bayer,2,1,29,3,4,4,220,0,0,0
sqlalchemy,e625d2ea88f4ae3e0a667b3d2a904dafbd0421b9,1434737447,Mike Bayer,3,6,58,32,17,10,493,4,213,3
sqlalchemy,7aa2100db3e6f768a280b4dfdb675d6709f94625,1434740066,Mike Bayer,1,1,4,2,4,4,250,0,0,0
sqlalchemy,61e83ec41bb0126e1c96a7a648e30a7f515c3ec9,1434748683,Mike Bayer,1,0,1,3,0,0,0,0,0,0
sqlalchemy,0e84dcc48563db66cbbc8952f4f7709003a1ae15,1434756250,Mike Bayer,1,0,8,3,0,0,0,0,0,0
sqlalchemy,e3c8eabb289786d8c133e8e915c3b39e4b81affd,1434981261,Pete Hollobon,1,0,1,1,0,0,0,0,0,0
sqlalchemy,24f8ab2bc360c1e0837ce7c5392839f87b57e916,1434987302,Mike Bayer,1,1,1,1,1,1,31,0,0,0
sqlalchemy,78095940a437c440266414b1fd122204b9c0312d,1435001081,Mike Bayer,2,3,112,69,20,15,553,1,17,4
sqlalchemy,ebe3e4569fc7e97c053c5bc8eb9a6288587d2b8b,1435004876,Benjamin Petersen,1,1,1,1,1,1,34,0,0,0
sqlalchemy,1e2f1f5baabd4ec8866ec19b586bb493ea099852,1435197195,Mike Bayer,2,2,152,1,18,11,480,5,220,2
sqlalchemy,1835be36fc9b940971efea0282d33d2dbca4fc6d,1435245060,Mike Bayer,1,0,6,2,0,0,0,0,0,0
sqlalchemy,447ee0af1d2fbb95f2f1244de301f2fe4a87a72f,1435246390,Mike Bayer,1,0,2,2,0,0,0,0,0,0
sqlalchemy,5717186122d5538e53205268846beb7143a3d4cc,1435340748,Yuri Baida,1,2,4,5,4,4,232,0,0,0
sqlalchemy,fcb7c784e9479b9bff7de20c41a05bc1aa550ffb,1435380034,Mike Bayer,6,4,71,4,5,3,118,2,83,0
sqlalchemy,f31c288b65281511338c518bdf7fbe78c985af58,1435394444,jakeogh,4,6,17,4,12,12,664,0,0,0
sqlalchemy,ad7caa69884bddf6f35da2facc516ab08904c71e,1435430229,jakeogh,4,4,21,5,13,13,790,0,0,0
sqlalchemy,85ebe01349e0b4314d9e25cacc6701d6fed7b87e,1435430926,jakeogh,4,3,20,3,8,8,526,0,0,0
sqlalchemy,66b9a71ce7457b618e9040c1c0bbc2dbd1966354,1435438186,jakeogh,4,6,39,5,33,33,1841,0,0,0
sqlalchemy,4d6f4ed184b94e60d5d39eff7fae678d64e9aeaa,1435600047,Mike Bayer,2,3,66,1,10,5,198,4,189,1
sqlalchemy,ee34f7276b8ce7ef4b5c746b5adf8f8c65f7c826,1435771168,Mike Bayer,2,1,112,2,4,2,133,2,74,0
sqlalchemy,d58846ba7ec9897fad6a0aea9261c9f033489275,1435787246,Mike Bayer,1,0,1,1,0,0,0,0,0,0
sqlalchemy,6fcc5d4a07e5c409a7d8438582598d0e90562ea0,1436109386,Mike Bayer,1,3,33,0,33,27,1632,0,0,6
sqlalchemy,cadc2e0ba00feadf7e860598030bda0fb8bc691c,1436402224,Mike Bayer,1,2,7,3,7,7,439,0,0,0
sqlalchemy,b68c9ac93eea62a1f4ae2c0701e5af7c432e9432,1436816344,Mike Bayer,3,3,42,2,12,5,236,6,306,1
sqlalchemy,eed8bcef3ae1341cc9c25f5abff55a9ff880cfac,1436980052,Mike Bayer,1,1,10,0,10,6,374,0,0,4
sqlalchemy,249bc5be0038dcf69a94ad558d7bd4c1012a47c4,1437089191,Dan Gittik,1,1,8,0,8,5,184,0,0,3
sqlalchemy,ae6fd1c3899f8197250e84bae363c75d0116d082,1437089303,Dan Gittik,1,0,3,0,0,0,0,0,0,0
sqlalchemy,4f2ede42060aeed539b877565e5197f6f9f9817d,1437142289,Mike Bayer,1,5,15,0,15,5,160,0,0,10
sqlalchemy,480dad983c39cef2ecf882958211929cf12c3994,1437145722,Mike Bayer,1,0,2,2,0,0,0,0,0,0
sqlalchemy,c8f38dff1143585226cd79865a6144d16ee0ba18,1437145769,Mike Bayer,2,0,4,6,0,0,0,0,0,0
sqlalchemy,18a078654da286c0adf51a20a21398e357ed12ed,1401872173,Jakub Stasiak,1,2,5,1,5,4,113,0,0,1
sqlalchemy,41aead96cdfd581c053a395992e1a3cf0b6a5572,1437314413,Mike Bayer,2,1,22,3,8,8,315,0,0,0
sqlalchemy,3cfe3fd81d7ce3539633b80c99327767cebd09d5,1437316053,Mike Bayer,2,2,63,2,5,5,146,0,0,0
sqlalchemy,d7ceb63c94e4f8ade58f9d9c9462f7acd5037cd6,1437322800,Mike Bayer,5,5,112,12,6,6,290,0,0,0
sqlalchemy,c00ef11a0c1472f7469fcbadf42e7117bd6869d4,1437336062,Mike Bayer,1,0,2,1,0,0,0,0,0,0
sqlalchemy,ddad19052965b4f1ed75ad0eb33217da18aa81e4,1437337951,Mike Bayer,2,2,22,4,12,12,341,0,0,0
sqlalchemy,c7312cc508eadc9e85a3de0dc56c9906dccdf7a1,1437342978,Mike Bayer,3,1,6,8,4,2,100,0,0,2
sqlalchemy,a4b8aa320d63f7c0dc7c70dfce56f0af593d95f0,1437415555,Mike Bayer,1,0,2,2,0,0,0,0,0,0
sqlalchemy,575f080850a0a061ccb7ac40e3ea1fbf6b0fedf4,1437438904,Mike Bayer,6,10,42,11,13,12,481,0,0,1
sqlalchemy,f39e692d1249aeffb4de85987f6a74303fc5dcc5,1437496415,Mike Bayer,2,1,9,1,1,1,75,0,0,0
sqlalchemy,4096ad0f0980f6940be57aaee85791df8f975cd7,1437602374,Mike Bayer,2,2,99,1,5,1,34,2,100,2
sqlalchemy,552f1f135f66a1a3b9a1a8c3d5e1e6431e4fd234,1437609613,Mike Bayer,1,0,2,2,0,0,0,0,0,0
sqlalchemy,9e092e339463e6c6e02cf85266ca49ab1c32832f,1437755058,Mike Bayer,3,3,5,2,4,4,148,0,0,0
sqlalchemy,3180f15837cc5b62f1a5798c112fe1c74898103a,1437776865,Mike Bayer,2,1,4,4,1,1,23,0,0,0
sqlalchemy,5ab9ab7940a683231180703154e5753f3ce105b9,1437778345,Mike Bayer,1,0,62,71,0,0,0,0,0,0
sqlalchemy,2e52f877638ded9d8440fa94632bff0f1705a83e,1438203242,Mike Bayer,1,1,1,1,1,1,60,0,0,0
sqlalchemy,d8efa2257ec650b345ec6e840984387263a957a6,1438206047,Mike Bayer,1,2,5,2,5,5,162,0,0,0
sqlalchemy,dd6110eed335154e0ae14b2dba13e44af76c4f2b,1438266876,Mike Bayer,2,1,31,5,1,1,34,0,0,0
sqlalchemy,292f5bec1cbfcaa9d16af8fe4149c7191f194f11,1438638394,Mike Bayer,1,1,10,0,10,7,486,0,0,3
sqlalchemy,69fcabb335130bd0f6e9889c5b191c68192559b5,1438896405,Leonardo Rochael Almeida,1,1,0,3,0,0,0,0,0,0
sqlalchemy,51870ddaef8abf61ee4c8d6337a72db5395a0a85,1439092817,halfcrazy,1,1,1,1,1,1,34,0,0,0
sqlalchemy,a7d7941d3ebafd16f603785c4677e371c675d1c0,1439215637,Mike Bayer,1,2,9,6,9,9,415,0,0,0
sqlalchemy,669a42c604e007623aeeb50a6f01b217badc8ceb,1439311718,Mike Bayer,1,0,698,536,0,0,0,0,0,0
sqlalchemy,5198b1de31029cc985102cd13569086a7056c2f1,1439312717,Mike Bayer,4,3,27,7,9,4,156,3,158,2
sqlalchemy,88749550f6b973efaa09b9571176dbb65c45574d,1439403971,Mike Bayer,6,3,242,7,17,14,598,0,0,3
sqlalchemy,44420423de34c54486c0210076c233e5b9f57ee2,1439491698,Mike Bayer,1,0,13,25,0,0,0,0,0,0
sqlalchemy,39517d10466eecb1411b2b3bd6569ae22a9ded0e,1439492273,Donald Stufft,1,0,16,1,0,0,0,0,0,0
sqlalchemy,b00b430e87512d721ad30c81fdcb35a5253dfc0a,1439580841,Mike Bayer,3,7,105,5,68,51,2729,0,0,17
sqlalchemy,e1129b2d3e21da8e7521211164418ebd23e46251,1439661144,Mike Bayer,3,0,39,7,0,0,0,0,0,0
sqlalchemy,10cacef2c0e077e9647e5b195d641f37d1aca306,1439661299,Mike Bayer,1,0,1,1,0,0,0,0,0,0
sqlalchemy,ceeb033054f09db3eccbde3fad1941ec42919a54,1439844234,Mike Bayer,21,104,1408,763,873,647,27200,20,733,206
sqlalchemy,d14a4b480c3b43885707e4a6e2466589971ff4d5,1439845473,Mike Bayer,6,10,310,3,89,67,3174,0,0,22
sqlalchemy,ba1e959e5316a8c17ca80dca950574038bd650c4,1439912036,Mike Bayer,2,2,45,0,45,32,1347,0,0,13
sqlalchemy,3f8f1f16bd9e284afee910a6036fcb0958a6c0c2,1439916018,Mike Bayer,3,2,60,3,5,5,163,0,0,0
sqlalchemy,b653fedca5f0fc384c990e93d82c0780c9e76f2c,1439917378,Mike Bayer,4,0,8,8,0,0,0,0,0,0
sqlalchemy,871330c37907d894f021b8ec0f44b31c2460ce0c,1439930054,Mike Bayer,1,5,21,23,21,18,588,0,0,3
sqlalchemy,acda2e7d0b736e349c24905a359a4e765f829683,1439933105,Mike Bayer,1,7,32,50,32,30,1173,0,0,2
sqlalchemy,8712ef2f81498fe59b9636ba150833d779e60781,1440262033,Mike Bayer,9,12,86,15,25,21,791,2,55,2
sqlalchemy,03e47a8255476d9ed50c5aec73e6c272761d67eb,1440273683,Mike Bayer,3,3,17,2,8,6,165,2,94,0
sqlalchemy,d57e5edbcdf915168c613cdd6da0bd7bea877fa4,1440428049,Mike Bayer,2,0,69,4,0,0,0,0,0,0
sqlalchemy,0127ac668e405584d74c92768a9f0dc7913798fe,1440467553,Mike Bayer,2,10,112,21,112,91,5427,0,0,21
sqlalchemy,7024745a142e261efb6d878389d01a06673b655c,1440453456,Mike Bayer,17,54,834,212,458,339,15145,12,534,107
sqlalchemy,cfae9c2eaf0020be8d8acbe104cb693e0fee0796,1440616545,Mike Bayer,3,1,59,2,22,13,523,0,0,9
sqlalchemy,7c4512cbeb1cf9e4e988e833589ddc6377b5e525,1440622693,Mike Bayer,9,30,415,48,296,207,9234,0,0,89
sqlalchemy,5295a683f9acdad59871ad7b7e6cead834c899e2,1440685681,Mike Bayer,4,4,116,2,71,43,1673,6,231,22
sqlalchemy,e2209f7534255855f33a2afedac913fbefe37484,1440686001,Mike Bayer,2,4,92,100,92,70,2768,1,18,21
sqlalchemy,410be197ef5df234205b35f0d318b106a34e7f92,1440688885,Mike Bayer,6,12,44,6,33,24,1002,0,0,9
sqlalchemy,d459afa8dbf73b8d9d620d09dede97e3461b6b3f,1440705360,Mike Bayer,1,3,17,21,17,16,1102,0,0,1
sqlalchemy,ed535649d423020c816e66869016992df25e456e,1440713065,Mike Bayer,3,3,44,9,14,10,444,0,0,4
sqlalchemy,956907a4b15f6dcc492582a7ad03706ff62d96fb,1440733094,Mike Bayer,2,3,26,3,26,22,1233,0,0,4
sqlalchemy,c39ff9978dbb77cbea4f1ee08234887d8aa1b165,1441035003,Mike Bayer,3,1,53,16,1,1,33,0,0,0
sqlalchemy,6d0c0994e9a08cf5d149af0314970d5f6e25b159,1441041184,Mike Bayer,1,1,13,0,13,10,619,0,0,3
sqlalchemy,8be93c23ee566de7cefd7d1b8ef044324132a70f,1440792363,Mike Bayer,1,17,83,140,83,59,3575,0,0,24
sqlalchemy,108c60f460c723a0f48c47597928d938a3b0a42d,1440798226,Mike Bayer,11,58,1107,164,510,378,18226,8,391,124
sqlalchemy,7699bd733bc109e1c39f764684c88dbaed63fe4a,1441293085,Mike Bayer,2,21,30,32,30,29,1277,0,0,1
sqlalchemy,68a6701c6d72d6c6ef1ea2b7d615273659e8b735,1441731626,Mike Bayer,2,4,60,2,7,1,32,3,124,3
sqlalchemy,0997e843f2cd81a7ddbfcc73d7f87a8061139976,1441735952,Mike Bayer,2,9,59,50,56,54,2184,0,0,2
sqlalchemy,8174e7236be3937d20fa0931af4799ab9b0f1f29,1441832594,Brian Van Klaveren,1,1,7,0,7,5,173,0,0,2
sqlalchemy,4d53b31247265422a36cc2e58e8db0bf200e8329,1441833807,Brian Van Klaveren,1,0,5,0,0,0,0,0,0,0
sqlalchemy,db824b535359abef145303556a227ccda3cdcccc,1441891434,Jason Myers,1,1,1,1,1,1,62,0,0,0
sqlalchemy,03797b78475bec9fb9c15f8e926414f3720a273c,1441893646,Mike Bayer,1,2,13,4,13,9,493,0,0,4
sqlalchemy,24a7241b5ef63f8e82c007d89f5c179d9596bf10,1442443613,Mike Bayer,7,6,249,65,109,77,3682,2,90,30
sqlalchemy,53defccab70831806c5a8e192fa0ebd10df62f03,1442499537,Mike Bayer,1,0,6,3,0,0,0,0,0,0
sqlalchemy,371f1a82c5981156a359f690923840d2627c9a6f,1442678330,Mike Bayer,2,3,40,1,14,10,466,0,0,4
sqlalchemy,80aeba3d5e0269eb689d991ca0b8e281715113ed,1442682728,Mike Bayer,4,6,110,8,64,49,2363,0,0,15
sqlalchemy,3dfcb10befc7a8c193ee992bdea009e39b2e798c,1442700383,Mike Bayer,4,5,47,79,37,28,1297,0,0,9
sqlalchemy,47fcb1d0b6ad6481e89d4b2e8c2cc29cf7c03d8b,1443040816,Mike Bayer,2,1,12,2,1,1,54,0,0,0
sqlalchemy,1195155937e46ea79ea38321cc69cd0310372636,1443036935,Eric Siegerman,1,1,3,3,3,3,215,0,0,0
sqlalchemy,f29be1e6f7f9de812633efdf6323dc5e87b18cd2,1443037043,Eric Siegerman,1,1,2,2,2,2,149,0,0,0
sqlalchemy,0854f82993c9bc07a64cc52bb4c092d1f5f11b8c,1443040751,Eric Siegerman,1,2,22,3,22,17,1103,0,0,5
sqlalchemy,a9b5fb3f497837c0a4f1122c49c5dd54c87474a0,1443115018,Eric Siegerman,2,1,86,0,32,26,1059,0,0,6
sqlalchemy,5b71858533ea153dec119b3592631fdb1500a15f,1443117145,Mike Bayer,3,3,50,2,30,20,611,0,0,10
sqlalchemy,91255618ddb47553774c620a23479adf88c27b74,1443122715,Eric Siegerman,2,1,27,4,1,1,61,0,0,0
sqlalchemy,a8e1d33ae514a045d71d0a26d0c1325eecd4ca99,1443370164,Mike Bayer,3,0,1585,1416,0,0,0,0,0,0
sqlalchemy,1704eacf24f803283033c172cb74b0fb4e9e36d8,1443370386,Mike Bayer,1,0,1,1,0,0,0,0,0,0
sqlalchemy,2e5e6ff96cc92f342bc53242703991f915741966,1443456499,Eric Siegerman,4,4,22,19,14,14,454,0,0,0
sqlalchemy,febe0c0faae68d33ae473aa59a8efa56127885b7,1443456747,Eric Siegerman,1,2,12,0,12,6,170,0,0,6
sqlalchemy,5bb2536cc57c55c7d8c5901b5b622d18a9a6c646,1443476116,Mike Bayer,4,4,65,33,20,20,840,0,0,0
sqlalchemy,7393ee8d4f20e84240623bb180681742813dd178,1443540825,Mike Bayer,1,0,1,1,0,0,0,0,0,0
sqlalchemy,ac08920284935e7e7519ce77ba369703390155dc,1443706673,Mike Bayer,1,3,6,5,6,6,318,0,0,0
sqlalchemy,4578ab54a5b849fdb94a7032987f105b7ec117a4,1444052974,Mike Bayer,2,2,29,0,3,3,129,0,0,0
sqlalchemy,414af7b61291b3fa77eb6da6a9b123399214089b,1444226565,Mike Bayer,20,25,571,159,214,184,8744,9,416,21
sqlalchemy,f8eb7c2858443649190b735c587c190ae90b6106,1444232328,Peter Demin,1,1,1,1,1,1,63,0,0,0
sqlalchemy,21b5d353ce8607eb90f0fcf192b5d6264732df26,1444275684,Mike Bayer,3,3,3,3,3,3,116,0,0,0
sqlalchemy,845500280d58a7c0cf6f08fb884b1428adb85635,1444338175,Mike Bayer,3,9,49,49,25,24,1560,0,0,1
sqlalchemy,a47e863dc5638977e2c9f58b3c17cf43156cdb0e,1444425008,Mike Bayer,1,0,1,1,0,0,0,0,0,0
sqlalchemy,9d08c6abc21dcf3d832897d38aaba84aeaa14fa6,1444428103,Mike Bayer,2,3,28,1,8,6,226,0,0,2
sqlalchemy,2a8a06e33af60705faf3e7601ec7b3e31e44f8fb,1444579239,Mike Bayer,1,0,17,9,0,0,0,0,0,0
sqlalchemy,e6779d84376e32941be36a97c75ecd4ab6d480d8,1444579733,Mike Bayer,1,0,49,44,0,0,0,0,0,0
sqlalchemy,affcfd1e529ccb11f56203f5805711a15072a7ab,1444580805,Mike Bayer,1,0,260,238,0,0,0,0,0,0
sqlalchemy,322f8f18f51985c75b78b425a3a768b2529410ed,1444581869,Mike Bayer,1,0,1,1,0,0,0,0,0,0
sqlalchemy,c7d04beeac6ad54d638afb01783dee2d769aef9d,1443168928,Martin J. Hsu,4,4,91,3,30,25,918,0,0,5
sqlalchemy,1e0afd584c12ff624259f03d8a6ab5f892c2c0cf,1445271457,Mike Bayer,2,1,89,1,1,1,65,0,0,0
sqlalchemy,8e9a81a19e9ba0502067665f3d2729bcd6b9447e,1445278916,Mike Bayer,1,1,1,1,1,1,45,0,0,0
sqlalchemy,5bc5adb6270bd5c7ef0564973cbd765aa371fbca,1445294938,Mike Bayer,1,0,25,13,0,0,0,0,0,0
sqlalchemy,13278d110804e4c28c6e81412d5ede1b8f4f6947,1445378480,Mike Bayer,1,5,8,24,8,8,502,0,0,0
sqlalchemy,2daaacef047718856623f43ea55d09abfa2a2dd7,1445529505,Mike Bayer,1,1,5,0,5,4,220,0,0,1
sqlalchemy,98c1dcc6bcade313a254fe11e8efa3c5b5ad959e,1446045775,Mike Bayer,1,1,20,0,20,15,901,0,0,5
sqlalchemy,e8a5ed9c1cbc5e9f0aebffad5ea78abb16167778,1446079926,Jacob MacDonald,5,8,12,8,8,8,461,0,0,0
sqlalchemy,e31211c578854d63128a30c036e40eee5c43edc7,1446143158,Mike Bayer,4,8,78,73,9,8,350,0,0,1
sqlalchemy,07a199d929aa920b5b2b5d8b2d7008626a731f1f,1446220052,Mike Bayer,1,1,5,0,5,2,91,0,0,3
sqlalchemy,6ab120558078bdcbfbe06d2ca55bd7a0d417bbb4,1446236458,pgjones,2,3,3,3,3,3,50,0,0,0
sqlalchemy,0d3ab3198a2863f28399a34a3bdbd1de0ca2530f,1446667168,Jeff Widman,1,2,2,2,2,2,154,0,0,0
sqlalchemy,a2e83dbd2aa14de19a309ad13144151b56804674,1446766467,Jeff Widman,1,2,2,2,2,2,158,0,0,0
sqlalchemy,887edc431a4c5198bb4f842419d729aed42a6ce8,1447140238,Sven Schliesing,1,1,1,1,1,1,29,0,0,0
sqlalchemy,33c378f768c699f3590f168f6c3c86448239268c,1447264652,Mike Bayer,3,2,31,1,16,13,513,0,0,3
sqlalchemy,3370cbde509b3e230c46a503956f11f78df74b88,1447269662,Mike Bayer,1,1,1,1,1,1,45,0,0,0
sqlalchemy,37565d2ce2b4f0db5023c2549e2ddcb4a4ba0f7c,1447430509,Mike Bayer,2,2,17,3,2,2,56,0,0,0
sqlalchemy,80ce23f6fd0f14ab656d3ec82773bd0cffbd4791,1447430261,Jacobo de Vera,2,1,3,1,1,1,33,0,0,0
sqlalchemy,0847097c29ab48a5f111518e2c6ee324d5242057,1447522569,Mike Bayer,2,2,89,3,2,2,72,0,0,0
sqlalchemy,14498364f82eadaf3de914d5ac588cd5b9563547,1447855593,Mike Bayer,2,1,31,5,21,16,504,0,0,5
sqlalchemy,c7f9aa281857eeeaf7963c370bda43d2eb4746f5,1447960988,Mike Bayer,2,2,67,7,21,16,881,0,0,5
sqlalchemy,9ed36c2eed34b23560abe3cdf373c720b24d3b30,1447963846,Mike Bayer,2,2,24,0,6,4,87,0,0,2
sqlalchemy,a6fe4dc0c8ebc346a90dd849a86dac9345d74515,1447965917,Mike Bayer,3,3,40,3,14,13,666,0,0,1
sqlalchemy,ef9a4cb60b4e7fe305367c5223e8bb2cbf2b3b0f,1448061573,Mike Bayer,1,0,4,1,0,0,0,0,0,0
sqlalchemy,068d37035a5d0004dc93712f4fa88703aefa4076,1448140825,Mike Bayer,1,0,2,0,0,0,0,0,0,0
sqlalchemy,60c36ca8418cec180733a4d97637699fa2d3c36e,1448141810,Mike Bayer,2,1,111,3,1,1,28,0,0,0
sqlalchemy,0921a6abbc8246c57f447af7a6ac240778127fae,1448302970,aisch,2,1,14,1,1,1,29,0,0,0
sqlalchemy,fd47fea6fbb11ee84b7eea5772f40855703ebe47,1448390467,Diana Clarke,3,3,19,3,3,3,196,0,0,0
sqlalchemy,054b22c7867722a256bfe8dd74eada4da378a601,1447511023,Bas van den Heuvel,1,1,1,1,1,1,47,0,0,0
sqlalchemy,58f73d2278393d813c7f39736fc96c5086f18f6d,1447077023,Nils Philippsen,2,1,25,1,2,2,130,0,0,0
sqlalchemy,2a2be6a2ce66ed1040c0345a20f959cbea218859,1448482535,Mike Bayer,1,0,10,0,0,0,0,0,0,0
sqlalchemy,1202e140b9876cf202c56d2f41bbbb573e15a39d,1448483344,Mike Bayer,3,3,145,3,15,8,328,6,268,1
sqlalchemy,c90f0a49f332867f6b337c79ddf192299788667f,1448739005,Mike Bayer,8,17,304,75,134,114,6312,0,0,20
sqlalchemy,b0308a7b3af91cc61fbe3347376024ad8b7be019,1448815375,Mike Bayer,2,1,30,0,6,2,64,3,143,1
sqlalchemy,4fcd93afb877ec8929586c2d7b671aef1783d883,1448851850,Mike Bayer,1,0,2,0,0,0,0,0,0,0
sqlalchemy,d9178320d6755d893638646503ed538b11b6536a,1448892662,Iuri de Silvio,3,2,6,2,2,2,103,0,0,0
sqlalchemy,03a3b5ffd3027c79ce9b17b9388fd074e69b889d,1448903966,Mike Bayer,2,4,43,5,10,10,434,0,0,0
sqlalchemy,ab6946769742602e40fb9ed9dde5f642885d1906,1448907340,Mike Bayer,1,1,2,1,2,2,93,0,0,0
sqlalchemy,9695faf32981406b12a6468b98d5c9b673f8e219,1449014583,Mike Bayer,2,1,26,2,1,1,44,0,0,0
sqlalchemy,935bc34dc50d5e4bdf181a8287d6e4cdbde073d0,1449076437,Mike Bayer,2,3,39,4,5,5,274,0,0,0
sqlalchemy,3ec9b9f6b601b8ef69d4978c7182e8efedefd191,1449247936,Mike Bayer,5,14,123,10,28,26,1392,0,0,2
sqlalchemy,012f3852bf0356c30eabab06c81f6c35a8fa1d89,1449268307,Mike Bayer,1,2,2,2,2,2,150,0,0,0
sqlalchemy,8fa62d652b8d1834e23ba36e56c7bd711cc37e37,1449509796,Mike Bayer,1,1,163,2,163,128,6927,0,0,35
sqlalchemy,d7eae8c95ca8c5963fc78fc997ed0f2da76aed31,1449526151,Mike Bayer,1,0,196,87,0,0,0,0,0,0
sqlalchemy,3f42743d6aa1326a80a0ed720a92266aa5fbf209,1449527049,Mike Bayer,2,1,13,2,5,3,135,0,0,2
sqlalchemy,7df4054b04ed54504be2c2ab8a83721748130780,1449589245,Mike Bayer,1,0,1,1,0,0,0,0,0,0
sqlalchemy,f4a1129e79e0cd938da3e7737b190f7f4db3ed63,1449600596,Mike Bayer,2,0,10,1,0,0,0,0,0,0
sqlalchemy,7e6f3312333d09a051d01509d8c423708d3fbca3,1449614291,Nils Philippsen,2,2,2,2,2,2,128,0,0,0
sqlalchemy,e57bf796169282f69187f50665f5ea233c2c9ab7,1449702925,Mike Bayer,2,1,29,2,3,3,176,0,0,0
sqlalchemy,b606e47ddc541952c1d4c1b6d010fc72249af234,1449706071,Mike Bayer,4,23,65,85,65,57,2426,2,73,6
sqlalchemy,d533b8e9223b9c938655e5b666fc928e2d996cd3,1449785387,Mike Bayer,1,0,144,69,0,0,0,0,0,0
sqlalchemy,741b8af31bb436356b9e8950c045761a0e054fe0,1449790034,Mike Bayer,1,2,5,0,5,2,52,0,0,3
sqlalchemy,5710a1e88bf669227959ca950b56d1072520b255,1449850906,Mike Bayer,2,1,42,0,10,8,202,0,0,2
sqlalchemy,7d96ad4d535dc02a8ab1384df1db94dea2a045b5,1449972445,Mike Bayer,3,3,40,3,5,2,112,2,76,1
sqlalchemy,03ee4bbda671f9d33dd2e990101840cdfde71e81,1450077275,Hanno Schlichting,1,1,2,0,2,1,64,0,0,1
sqlalchemy,0e4c4d7efc08d04c3c0ae960428b08ada37e4a91,1450131887,Mike Bayer,7,14,538,21,37,33,1481,0,0,4
sqlalchemy,26ed90ab22dde7bdafe933cb1d16acfe70c1ab78,1450132790,Mike Bayer,2,1,38,1,1,1,52,0,0,0
sqlalchemy,d0fc7269888247517ffa16d9472f961ebec892a7,1450133636,Mike Bayer,1,5,8,3,8,6,300,0,0,2
sqlalchemy,80bbf139597ecf3581cf7a64ad40679c54b509a8,1450134092,Mike Bayer,1,2,10,2,10,6,274,0,0,4
sqlalchemy,c42725ed54a61d7e5a0931404ee83aa6b94d0aea,1450142524,Mike Bayer,1,0,2,0,0,0,0,0,0,0
sqlalchemy,a8ec3491983ed5e68452514b4d52a4347377809f,1450206050,Mike Bayer,2,1,102,19,3,3,149,0,0,0
sqlalchemy,a22b2085068f860d05dbb98631d2ac2079a12b39,1450233840,Mike Bayer,3,3,25,2,7,6,226,0,0,1
sqlalchemy,03ee22f342bbef9b15bfc989edda6a4ac3910508,1450235327,Mike Bayer,1,1,1,5,1,1,56,0,0,0
sqlalchemy,738d515b95f1ff94d7dfd265883237d247d1c153,1450282327,jonathan vanasco,1,2,3,3,3,3,203,0,0,0
sqlalchemy,913858c949ae9ca6250217d82d72c7d79e9f6585,1450369475,Mike Bayer,2,1,18,3,2,2,71,0,0,0
sqlalchemy,5e5b8a96a7978f5a73a4bd248767122efc5ea265,1450370834,Mike Bayer,1,1,2,2,2,2,61,0,0,0
sqlalchemy,4b708c48398f6451b6ab0a940a1f247ebcfe26ac,1450752165,Mike Bayer,1,0,60,0,0,0,0,0,0,0
sqlalchemy,0c8242b26e6c7c2d373ae11ad5a3f97d75e6299c,1450801184,Mike Bayer,1,0,1,1,0,0,0,0,0,0
sqlalchemy,8c54b14b5c0feee41bd9b9032f6b17b2dbd560a9,1450803885,Mike Bayer,2,1,32,1,1,1,59,0,0,0
sqlalchemy,c7d6c667b53d96a65e0dedcb83c098e03d4c7453,1450929584,Mike Bayer,2,1,14,3,7,4,202,3,101,0
sqlalchemy,04b1a52783a38148e52d50566161bdaf5262cd43,1451946433,Mike Bayer,5,10,1536,1489,1534,1064,48176,73,2446,397
sqlalchemy,197ffa2be2cadce3df8bfb0799b3c80158250286,1452007536,Mike Bayer,4,7,27,1,10,7,219,0,0,3
sqlalchemy,a80bb4e5aabc4850a202f3a4d114c543357e37d5,1452102034,Mike Bayer,24,127,1050,401,541,428,19772,8,304,105
sqlalchemy,93d71b80f25408a91644a9daf817ba4f0984f0bd,1452104284,Mike Bayer,1,0,45,1,0,0,0,0,0,0
sqlalchemy,cfb631e0897cf3a8cde67c120eed431eaa5f841d,1452104474,Mike Bayer,1,1,2,1,2,2,104,0,0,0
sqlalchemy,c8b7729338ba32a726be72b5409b4651326042e9,1452118857,Mike Bayer,6,8,160,10,125,91,4708,0,0,34
sqlalchemy,5c8bdcab90cf52d74e9c305fc1527a1cb54f2935,1452119250,Mike Bayer,1,0,16,3,0,0,0,0,0,0
sqlalchemy,cd8adfe418434a9c3172a750cf34ccff8a7b66eb,1452129028,Mike Bayer,1,0,1,0,0,0,0,0,0,0
sqlalchemy,ff803b1a2a326bad5c7de7810905dee4a1940c81,1452182698,Mike Bayer,4,1,13,0,1,1,34,0,0,0
sqlalchemy,777e25694f1567ff61655d86a91be6264186c13e,1452288457,Mike Bayer,1,9,16,15,16,14,801,0,0,2
sqlalchemy,89facbed8855d1443dbe37919ff0645aea640ed0,1452309069,Mike Bayer,13,43,504,49,145,115,5724,2,88,28
sqlalchemy,c7ae0daf0ed24e2697d6f948db2d9fdc5953c795,1452352220,Mike Bayer,3,7,81,4,23,19,835,3,121,1
sqlalchemy,331caf11d307430552139c032a822b52da8c1e75,1452396356,Mike Bayer,2,2,3,1,3,3,170,0,0,0
sqlalchemy,d03477d4b761132f44c48417be09d622ad9adfd3,1452444533,Mike Bayer,1,1,1,1,1,1,29,0,0,0
sqlalchemy,b301f009e18246db9277a4b9d7e3a1bf01a92ae9,1452466058,Mike Bayer,2,15,163,34,38,34,1470,2,70,2
sqlalchemy,6fbfadc7388dad4576ad99ce597e0878ee1d297f,1452540956,Mike Bayer,10,40,124,62,122,96,4272,0,0,26
sqlalchemy,c4f415d97988bc8a8d901b150bfb67571f29712e,1452573992,Guillaume DOUMENC,1,1,1,1,1,1,37,0,0,0
sqlalchemy,215167d8d38a381d27c8448f5c6e50c70b9ba0cc,1452610389,Mike Bayer,1,0,12,0,0,0,0,0,0,0
sqlalchemy,f2b00f1048e74975a1e14c35580d8f092e812784,1452613754,Mike Bayer,1,1,1,1,1,1,46,0,0,0
sqlalchemy,d5d7284bdd0ffc96e7a79354944627cf9b5d8e4d,1452809901,Mike Bayer,1,3,7,8,7,7,417,0,0,0
sqlalchemy,0ff3f95d5b41335c977e1bdbe88b7dfd4ae581e1,1452811803,Mike Bayer,1,0,1,1,0,0,0,0,0,0
sqlalchemy,1f7a1f777d8fe1bdea1e793c8ec8ebb7c625e347,1452812786,Mike Bayer,8,36,546,188,346,272,13814,28,1192,46
sqlalchemy,d4d9a6524886eb33644e8ce42212267fa569e555,1453156544,Mike Bayer,2,5,71,12,12,9,435,2,93,1
sqlalchemy,2a7f37b7b01930fb4e9227e5cab03ea26e0a4b55,1453225482,Mike Bayer,3,5,95,9,20,18,628,0,0,2
sqlalchemy,b7bc704f3d05bed8d0771cbff65adcdb7b49f796,1453228482,Mike Bayer,3,2,55,10,16,16,731,0,0,0
sqlalchemy,39837686b068a6e7016169f31a96a058546e4bdd,1453240036,Mike Bayer,9,6,135,11,55,38,1439,0,0,17
sqlalchemy,5a279e7ae4417062bf4b73921f382c5e5e415a0b,1453241330,Mike Bayer,1,1,1,1,1,1,70,0,0,0
sqlalchemy,a2badb751f09299c925bd96a9fd2e76acca04269,1453271775,Chase,1,1,1,1,1,1,56,0,0,0
sqlalchemy,165fa15b0f9dbca50539aa7da377c5da5ac0fc79,1453309840,Mike Bayer,1,2,11,1,11,9,544,0,0,2
sqlalchemy,a53bd6f74b4f41fd04c8cde1f8b58bbb766fe18d,1453321715,Mike Bayer,1,2,16,0,16,8,256,0,0,8
sqlalchemy,24dba714cb56e1f5a4dca5453cc5f442e6ee08ab,1453323504,Mike Bayer,1,1,1,2,1,1,90,0,0,0
sqlalchemy,47d8858c54401cdf10285b7935049faf87432f55,1453324808,Mike Bayer,1,2,5,10,5,5,332,0,0,0
sqlalchemy,61016f17d1a5aff1224d6609d74952be1d6e09ad,1453325547,Mike Bayer,2,1,12,8,1,1,75,0,0,0
sqlalchemy,963aa3029742b4f52082f5ea89fac2100130e15b,1453330564,Mike Bayer,3,7,280,1,44,35,2042,0,0,9
sqlalchemy,89fa08792e98b9e31452aa3c949d9b909b10e7cd,1453407693,Mike Bayer,2,3,34,12,14,6,338,4,127,4
sqlalchemy,38958f7b3f3e6009c419ba8e021f2b14c1f2b89a,1453408373,Mike Bayer,1,0,4,0,0,0,0,0,0,0
sqlalchemy,24bad4bf1af8c794948270c0e043adf2ecf8b7e2,1453414852,Mike Bayer,1,0,3,3,0,0,0,0,0,0
sqlalchemy,edc0b8678bc06ae27fa0f7e80c3eb074978fbe10,1453541026,Carlos Rivas,1,1,1,2,1,1,63,0,0,0
sqlalchemy,269313218ddd06a21387085295c553becbd00e46,1453577365,Mike Bayer,2,0,11,23,0,0,0,0,0,0
sqlalchemy,d18d6d9baf4c98c47af70c0a7c796423396a51c1,1453577430,Mike Bayer,1,0,0,60,0,0,0,0,0,0
sqlalchemy,65010e97bca995657c2843f6aa8ad48bab370182,1453579122,Mike Bayer,1,0,2,2,0,0,0,0,0,0
sqlalchemy,77a4794ed24c326d77c4395c7776cc4ccee9c856,1453581130,Mike Bayer,1,0,3,3,0,0,0,0,0,0
sqlalchemy,2419bfe34cd5a1f4ead67d556ba74f3f1950762b,1453588262,Mike Bayer,1,0,4,1,0,0,0,0,0,0
sqlalchemy,926784f51361f510fffcc192bdbde78ff2189438,1453591837,Mike Bayer,1,0,2,2,0,0,0,0,0,0
sqlalchemy,6b0515039214fa16aa83c9f8164d7011e4748175,1453678089,Mike Bayer,2,0,15,0,0,0,0,0,0,0
sqlalchemy,9d9fc93b7065d25a088e244961cf54606ad80b31,1453840916,Mike Bayer,3,8,19,7,14,12,556,0,0,2
sqlalchemy,8163de4cc9e01460d3476b9fb3ed14a5b3e70bae,1453844486,Mike Bayer,2,15,28,20,9,9,472,0,0,0
sqlalchemy,5742e321b261c0c1303835b80418cd3cdc1b5643,1453847320,Mike Bayer,1,1,1,2,1,1,44,0,0,0
sqlalchemy,de0d144a395c31eb74084177df95a4858b830f88,1453912543,Mike Bayer,1,3,10,5,10,8,259,1,36,1
sqlalchemy,8aa95fa2cd0e15b77af3e5976436adc6ed6123b9,1453916461,Mike Bayer,1,3,5,10,5,4,116,1,36,0
sqlalchemy,49dfeda6d7578aeae9ec954945cda38ee5aae6a9,1453922613,Mike Bayer,1,0,6,0,0,0,0,0,0,0
sqlalchemy,516a442f233d90eb7b8bb844e2dea7865bb21f66,1453924180,Mike Bayer,1,3,10,5,10,8,259,1,36,1
sqlalchemy,b3b3c68a4a0899d2065df36bbb93363f20cebb93,1453953245,Diana Clarke,3,2,45,5,10,7,401,0,0,3
sqlalchemy,f84ef1f83cc64a5ea3a910b8d1bdf00b05e9ceab,1453968280,Lele Gaifax,2,2,27,1,8,3,117,5,198,0
sqlalchemy,8a1e619fb20df1be6ad2e0c563e451e17eb17628,1454011291,Mike Bayer,6,4,70,18,9,7,417,2,90,0
sqlalchemy,13dfc532ac02657d75da40cc52d97b3b50a6bcfe,1454019415,Mike Bayer,1,0,1,1,0,0,0,0,0,0
sqlalchemy,14b1e6fe8e18d139846c1aba6761d4eea3dc25c3,1454021988,Mike Bayer,1,0,16,7,0,0,0,0,0,0
sqlalchemy,abeb762f885ae59cc05380ec7702680df6fae7ef,1454025312,Diana Clarke,1,4,3,4,3,3,117,0,0,0
sqlalchemy,859379e2fcc4506d036700ba1eca4c0ae526a8ee,1454084422,Mike Bayer,172,153,172,172,153,0,0,153,9958,0
sqlalchemy,c59bf0007f0148b73c80a3d6b86d6c66ae0ab422,1454085898,Mike Bayer,2,2,19,18,9,8,275,0,0,1
sqlalchemy,c8b3d4ed3f2638599fc73486cf0f724fa033a638,1454087957,Mike Bayer,1,0,14,1,0,0,0,0,0,0
sqlalchemy,e0a580b3d055a600afae61840058a5a30ef5fe74,1454426140,Mike Bayer,4,3,37,2,5,4,152,0,0,1
sqlalchemy,5401c4d8514aa42e8ac4b5579454e68151e78a93,1454440817,Alex Grönholm,2,7,128,34,72,62,2754,0,0,10
sqlalchemy,df55695f8e99f0523795a7b9e9cb9babee2e00e1,1454436019,Mike Bayer,4,26,301,110,143,116,5295,0,0,27
sqlalchemy,ba1bfef0f281dc131eb296eb84cec915638cd012,1454450396,Mike Bayer,2,0,20,24,0,0,0,0,0,0
sqlalchemy,c9b03fa8afd52646aba8c59fc038330eeee6db60,1454455202,Tim Tate,3,4,21,4,5,5,225,0,0,0
sqlalchemy,150591f9e0a94902cb2a76b68ac7c9d8a1a3ec83,1454515664,Mike Bayer,2,1,26,17,1,1,71,0,0,0
sqlalchemy,c01d11907cbc98ddefe323c6115bc954b908f101,1454541960,Mike Bayer,1,0,29,0,0,0,0,0,0,0
sqlalchemy,c1316a299257fae8264c8038d83e415f4605fde7,1454546069,Mike Bayer,2,1,2,2,1,1,70,0,0,0
sqlalchemy,93c5328e66d8491e73027f6e789df2255c4fa767,1454549862,Mike Bayer,2,0,10,5,0,0,0,0,0,0
sqlalchemy,fd07c22e6e104b2d8f295e2e4a8ca19d7f218513,1454611005,Mike Bayer,1,2,13,0,13,11,450,0,0,2
sqlalchemy,c70d7226ee1ced742b0ef4536e2c33aa480a437f,1454612372,Mike Bayer,1,0,5,0,0,0,0,0,0,0
sqlalchemy,7e619d0be41afc3b6cd5e5fceba9dbc5f39b012d,1454955219,Mike Bayer,1,0,3,9,0,0,0,0,0,0
sqlalchemy,80853059a9f4bebfe41f9c340eddc2d6a86ef70f,1454956536,Mike Bayer,1,0,6,5,0,0,0,0,0,0
sqlalchemy,308244a90b95d2b78ed8f76e3af0d0c3d2329720,1454958483,Mike Bayer,1,0,6,0,0,0,0,0,0,0
sqlalchemy,860d07ff89a8fd8b6a4d3036837c0e129d6cc233,1454959000,Mike Bayer,1,0,17,0,0,0,0,0,0,0
sqlalchemy,6831c67b8e8aa7bc78d01b8c73268430d64eb23a,1454959212,Mike Bayer,2,0,6,0,0,0,0,0,0,0
sqlalchemy,0f6d1b7efbed691b23d7bfb17c8738d071671ddc,1454966864,Mike Bayer,1,1,4,1,4,4,141,0,0,0
sqlalchemy,7cb2a2d6c0cb85f7c51fcd572136589c23aa7a1b,1454966875,Mike Bayer,2,0,11,0,0,0,0,0,0,0
sqlalchemy,7eff4e8f3e3999d9eb914647d8776e6e5b7ee88e,1454972751,Mike Bayer,2,5,48,12,48,35,2072,0,0,13
sqlalchemy,40c836172c6ca0ac1189736027eb9794201db706,1454978987,Mike Bayer,1,0,2,1,0,0,0,0,0,0
sqlalchemy,00a05e357b5bcc37c66256bc08c1198541475739,1454990162,Mike Bayer,1,0,5,5,0,0,0,0,0,0
sqlalchemy,11a8440bc43aa9f7eb6f2cb7b7f43e0cf6680f41,1454990222,Mike Bayer,2,1,56,9,24,17,673,0,0,7
sqlalchemy,ff3be95620b6505943b2d7e4688abc29dca3e493,1455058178,Mike Bayer,3,3,170,22,33,29,1020,0,0,4
sqlalchemy,29dcaa2b0ae2d26b36ec624be80f56e03ab9095e,1455059140,Mike Bayer,1,0,11,0,0,0,0,0,0,0
sqlalchemy,3f1f1895ac99963da1a989c69c2dce59ae916ffc,1455070101,Mike Bayer,1,0,21,6,0,0,0,0,0,0
sqlalchemy,287aaa9d416b4f72179da320af0624b9ebc43846,1455117465,Mike Bayer,1,1,12,0,12,10,725,0,0,2
sqlalchemy,e5f1a3fb7dc1888ed187fdeae8171e4ff322dab6,1455210739,Mike Bayer,9,42,428,177,273,219,9741,2,68,52
sqlalchemy,366f97b5617af0d15cfaf594ec5ef0408c70e873,1455247758,Mike Bayer,2,2,53,3,3,3,133,0,0,0
sqlalchemy,1b6422a603a131c4a400853e472e5958a760f99e,1455356670,Jeong YunWon,2,1,297,1,79,60,1973,0,0,19
sqlalchemy,f7354b43e4c993e9070ad104fcaab424ad2df276,1455358812,Jeong YunWon,2,1,260,1,65,49,1591,0,0,16
sqlalchemy,e310a8e423d9a4eeb511b7b84dbeccc90c234a1f,1455635158,Mike Bayer,1,2,2,2,2,2,89,0,0,0
sqlalchemy,a99a32d3d1669e1a66776b7e168119656e6aed02,1455655825,Mike Bayer,1,4,41,1,41,26,1307,0,0,15
sqlalchemy,591e0cf08a798fb16e0ee9b56df5c3141aa48959,1455733889,Mike Bayer,3,11,195,14,110,94,3420,0,0,16
sqlalchemy,bf1d03a9e58a0256db0b1f7389e23a6d11c4a964,1455740460,Mike Bayer,2,2,25,4,7,6,268,0,0,1
sqlalchemy,2965da0a5d89119787bd45ac6f5459a7b755656d,1455745981,Mike Bayer,4,1,33,3,1,1,42,0,0,0
sqlalchemy,594a974ede97941a61c2e657a63cb11a7137c1ae,1455749683,Mike Bayer,2,1,160,9,13,9,385,4,190,0
sqlalchemy,c97aa63789036fc145503f03123275253ae02d2c,1455813199,Mike Bayer,1,3,6,4,6,6,325,0,0,0
sqlalchemy,8ad968f33100baeb3b13c7e0b724b6b79ab4277f,1456017758,Mike Bayer,8,9,84,16,9,7,346,0,0,2
sqlalchemy,6713817e1186cd1e36c9aea9d89a30bc299ffe27,1456019016,Mike Bayer,1,0,23,27,0,0,0,0,0,0
sqlalchemy,01809bddff5b6e93010eb139aed54526c6e6c058,1456105963,Mike Bayer,3,4,21,3,6,6,241,0,0,0
sqlalchemy,eff7b4f29d2a98ef4ccd95b693c7d653eaa543eb,1456112791,Mike Bayer,2,1,44,1,4,4,196,0,0,0
sqlalchemy,f8914288f012c4ef635531f09a0e13bcacacdb2a,1456460550,Mike Bayer,2,2,80,8,8,8,282,0,0,0
sqlalchemy,0210695bd97e76f58d8781b69337816501482fb0,1456464039,Mike Bayer,2,1,59,2,1,1,76,0,0,0
sqlalchemy,8a20d277c52bae6863512c90c64fba2e451950e3,1456504032,Mike Bayer,1,1,4,2,4,4,178,0,0,0
sqlalchemy,399f92cd116b747f742b919ac9a3e79eb0637e8a,1456946069,Athena Yao,1,1,1,1,1,1,54,0,0,0
sqlalchemy,a1de176d23ee03724ce269d143790686f862b400,1456947789,Athena Yao,1,0,38,0,0,0,0,0,0,0
sqlalchemy,6b7c207801d826db872aeda02e7c7b531df68034,1456968289,Mike Bayer,3,0,62,48,0,0,0,0,0,0
sqlalchemy,0e7904e730c3d2b0d3a394ad60010158ee29050c,1457020218,Mike Bayer,1,0,3,12,0,0,0,0,0,0
sqlalchemy,be7f8e0b81106c21fa7956f0c27cf207375681c4,1457447324,Mike Bayer,1,0,1,1,0,0,0,0,0,0
sqlalchemy,6e5e64e27ef2c6a86c9aebdcefdf2cd726f1476a,1457898011,jfinkels,1,3,28,3,28,19,744,0,0,9
sqlalchemy,af92f6763d72fa853f2ac0968e077c24e88b0c93,1457992617,Mike Bayer,3,3,56,17,31,26,1180,1,52,4
sqlalchemy,8bc370ed382a45654101fa34bac4a2886ce089c3,1458054981,Mike Bayer,2,2,41,0,41,33,1446,0,0,8
sqlalchemy,31f96c27a5fea302358ba580313a2f742c12b83d,1458076268,Mike Bayer,3,6,63,36,39,31,1474,2,76,6
sqlalchemy,4d147c3b169a3d57c0528b0a2633a30866fcb2f9,1458078454,Mike Bayer,4,6,93,1,88,71,2752,0,0,17
sqlalchemy,edbb32649960db29761e765fc74c025e9999c7dd,1458079283,Mike Bayer,1,0,5,3,0,0,0,0,0,0
sqlalchemy,e3abb63293be80379d20b4c3f0d1cd093459a9eb,1458554449,Marius Gedminas,1,1,1,1,1,1,38,0,0,0
sqlalchemy,07a4b6cbcda6e6ee6e67893c5a5d2fd01e5f125f,1458572260,Mike Bayer,4,4,55,1,13,7,346,6,300,0
sqlalchemy,0a29071b16e1844b5e1d71aead0e8a1ae83b48d0,1458766443,Mike Bayer,2,13,62,14,31,25,1128,0,0,6
sqlalchemy,d594691a1af4e0d6b12aa4a5c1f1ede178a8985c,1458832733,Mike Bayer,1,0,1,1,0,0,0,0,0,0
sqlalchemy,8a776122a378f92a97a7bc5a54422a2fe1ecd8f9,1458945077,Mike Bayer,3,15,130,22,70,50,2362,2,97,18
sqlalchemy,63d2a486bf84f798387bd45db558610b247e0aa5,1458948795,Mike Bayer,1,2,2,2,2,2,56,0,0,0
sqlalchemy,d61919118072f4c31ba2ee0bd8c4ac22a92e92f4,1459180209,Mike Bayer,8,39,134,35,78,69,3381,0,0,9
sqlalchemy,fb9d481e898b7695de8f75402970f67776fc47e1,1459288562,Mike Bayer,7,19,213,10,79,53,2336,0,0,26
sqlalchemy,4a3205df84b737f5fe55914fe22eef7264f20764,1459370740,Patrick,1,0,2,2,0,0,0,0,0,0
sqlalchemy,dd20f56bc9a32f0c3afc545ed519dce8b028792c,1459373273,Mike Bayer,2,2,26,15,4,2,94,0,0,2
sqlalchemy,03d35a833cff68013781640b1192d079ab7e1154,1459373763,Mike Bayer,2,0,336,333,0,0,0,0,0,0
sqlalchemy,fdb65744d44ae9aa9d9d9635f830151f9454f319,1459378741,Mike Bayer,1,0,1,0,0,0,0,0,0,0
sqlalchemy,b1c9b3bd384fc40e1c411abef12eaf04b574612f,1459766767,Ville Skyttä,1,1,1,1,1,1,137,0,0,0
sqlalchemy,bef15a950ec4140479bc244f9ca57b5da7c9bb3f,1459897101,Diana Clarke,4,5,120,6,20,12,498,5,232,3
sqlalchemy,c8db0862c102281da617d395b1826ff523af302e,1460000474,Rachid Belaid,1,1,1,1,1,1,68,0,0,0
sqlalchemy,2880f24d93a774d02cde83dbabfd80ad279cbb05,1460026634,Eoghan Murray,1,1,2,1,2,2,107,0,0,0
sqlalchemy,b59cbb5fd7d2ab56334774c6354fffa0b50448bc,1460430925,Christoph Zwerschke,6,3,259,9,248,193,7203,8,340,47
sqlalchemy,243b222a232da0da0ac42386f3f38364750b1fcc,1460314561,Mike Bayer,3,6,313,16,25,19,778,0,0,6
sqlalchemy,6f6e2c48ba0be827ee434891f54eb2173edf9bfc,1461010711,Mike Bayer,2,3,65,1,12,10,295,0,0,2
sqlalchemy,33921261f8ebfd710ffa6e855d90c142ceb3303c,1460430915,Adrian Moennich,5,5,174,0,65,45,2155,0,0,20
sqlalchemy,81bd994c0adf43eb158a533b605c011fb552dd50,1461095197,Mike Bayer,3,8,22,23,15,13,595,0,0,2
sqlalchemy,23825a2591760285d5d42b05f81248f4f7a23631,1461096683,Mike Bayer,16,2,120,61,9,7,377,0,0,2
sqlalchemy,1f3e5d9826fe989f2212745f6b3592b2ef9b5e32,1461249379,Mike Bayer,2,1,16,0,1,1,77,0,0,0
sqlalchemy,84ba09a7d7b0160d8e3e52269519d0df0cd175ac,1461715243,Mike Bayer,1,0,43,47,0,0,0,0,0,0
sqlalchemy,8aa7369125f831a74c9f024ce5dde73ecf812e63,1461738955,jfinkels,1,6,7,7,7,7,362,0,0,0
sqlalchemy,f3bc60bdd809235cbeb3f414717ac0e273269cf9,1461775078,Mike Bayer,2,3,62,14,15,8,389,5,212,2
sqlalchemy,9a3c9ba7beb18dfd6232deb895528ea8593a12b0,1461787711,Mike Bayer,1,1,1,1,1,1,75,0,0,0
sqlalchemy,1322edc7b1effb5bad411742b997cb2103eedfc2,1462289381,Ville Skyttä,2,2,4,4,2,2,118,0,0,0
sqlalchemy,e6251c3e40e623aaadc7356c0b3c94101710079c,1462322780,Jeffrey Finkelstein,1,5,10,8,10,10,577,0,0,0
sqlalchemy,7a1e2dd92f28ad1b43e0e487b4fbc8088364713f,1462428028,Ville Skyttä,3,3,3,3,3,3,179,0,0,0
sqlalchemy,61f9e3761245a55f8997ec40b6983bb0770fdec4,1462428127,Ville Skyttä,3,2,3,3,2,2,109,0,0,0
sqlalchemy,9bdd6f2b1f6b34a82b77849ec05811aa0279931d,1462482460,Mike Bayer,3,2,22,1,3,1,69,2,55,0
sqlalchemy,ba3d4aa5baebacfef8a56de66a5c06cd1372e893,1462584391,Mark Sandan,1,0,1,1,0,0,0,0,0,0
sqlalchemy,743e9d4589946f1a29cdec7f2f1a2e4ec0853db7,1462892730,Mike Bayer,2,3,56,3,15,4,209,9,566,2
sqlalchemy,0604116814a862d4d9dbc1a8866a2a3b0126caf1,1462898996,Mike Bayer,3,2,40,1,15,11,395,0,0,4
sqlalchemy,8ecad78ba3473d97df8ed4f20f28ddf966ce0277,1463188854,Iuri de Silvio,1,1,1,0,1,1,65,0,0,0
sqlalchemy,ff71283e535b078b294f05e056f01f354c08ccdb,1463396550,vytotas,1,1,1,1,1,1,75,0,0,0
sqlalchemy,9611ba3a9d7cb134869d3b17949a33647bd56045,1462454760,John Vandenberg,1,2,7,3,7,6,210,0,0,1
sqlalchemy,1873d8107ac8cf4258440914d68f12332220e244,1463408768,Mike Bayer,1,0,16,10,0,0,0,0,0,0
sqlalchemy,a51ab916622dd016ce51d6be0969112817cc42ad,1463409127,Mike Bayer,2,1,17,2,4,4,105,0,0,0
sqlalchemy,c124fa36d5af2c85c87c51d24e92387adffbe3d2,1463584022,Mike Bayer,7,10,103,5,51,41,2114,0,0,10
sqlalchemy,4cec791774b859a4800ed6e607bfa6838b1ab6af,1464121417,Mike Bayer,1,0,1,1,0,0,0,0,0,0
sqlalchemy,513a045395b4cb5d8e1a9deb69bc9761d79eee37,1464528535,Adam Chainz,3,1,3,3,1,1,54,0,0,0
sqlalchemy,3f55039e7f15efafacc3e8e0fbf0ba38fa612b09,1460402943,Sheila Allen,2,3,30,1,27,19,660,1,45,7
sqlalchemy,a8e7bb8782ca8fd858ac036082104b4ac2991cfc,1460408502,Alex Grönholm,8,6,183,0,117,84,3404,6,274,27
sqlalchemy,ef0da7eb66d173a487adbee96311bf4996da0556,1460430935,beenje,2,4,62,1,19,12,635,0,0,7
sqlalchemy,7a4aa46ae49f3ddcdadd4f3f10ef9cbce1fbf9aa,1464886005,Mike Bayer,1,0,3,2,0,0,0,0,0,0
sqlalchemy,afb466fb8bd9c2f8709e79fd0fce422b83ff1d6b,1464889947,Mike Bayer,2,2,35,1,7,4,179,2,81,1
sqlalchemy,cafebe160434973d07b1fa3412064c2870d781f2,1460430972,Josh Marlow,2,3,46,1,10,8,408,0,0,2
sqlalchemy,e28b44813721f258bf76fb7c85bf5559ecd219ec,1433993895,Mike Bayer,4,3,223,6,114,91,5391,1,41,22
sqlalchemy,eb28ebb0f8a48ba57f68f21d64479b56bf689d24,1464903771,Mike Bayer,4,3,23,6,3,3,106,0,0,0
sqlalchemy,e8f97c9e357ed0793ce11086823f83aa4a8bb4ad,1464703306,Jack Zhou,7,11,69,5,22,18,995,0,0,4
sqlalchemy,0e88bcc30ed49193b91f248123f526fa30007f22,1460430984,Michal Petrucha,2,6,52,4,15,15,812,0,0,0
sqlalchemy,74ca7f627ea8f31a8312f965d5249ce1f701d627,1464907246,Mike Bayer,1,0,18,12,0,0,0,0,0,0
sqlalchemy,daf209bd6b6fe94cbec162cef2a53c49e9f31cde,1464980834,Mike Bayer,4,1,59,2,1,1,36,0,0,0
sqlalchemy,061bae6e043b8c97a42f7ab28878699cdeb6b506,1464983836,Mike Bayer,2,3,45,13,2,2,106,0,0,0
sqlalchemy,6f71cb7c4eb8275d41eeed6b7457d3e2b011d664,1464986652,Mike Bayer,1,0,1,0,0,0,0,0,0,0
sqlalchemy,991346d5bbc29479c6c500c3f2b64fd6cc2e9a39,1465001688,Mike Bayer,2,1,12,3,2,1,77,0,0,1
sqlalchemy,9393317affc11e8545e5029cb8d55cea7e57c342,1465231051,Ville Skyttä,3,3,3,3,3,3,143,0,0,0
sqlalchemy,a5f92314edd45a2e411b0f5b3c4d4bec0c7d92f8,1460431005,Saulius Žemaitaitis,2,8,77,12,39,34,1437,0,0,5
sqlalchemy,ec2004d8c278b3aefd32c8743fe5c4d4a6c40bd4,1460430999,Sebastian Bank,1,7,34,94,34,34,1924,0,0,0
sqlalchemy,3351f5f93ca1968653becbed7f1ddef7afb96077,1460430992,Sebastian Bank,6,8,131,2,54,39,1939,0,0,15
sqlalchemy,528509e1bc41c7fe4e51f7bb550db6343b29e841,1460430977,tsauerwein,3,11,64,12,39,36,2162,0,0,3
sqlalchemy,824c8664ed18f115fc109c46cec0c25d223f8aad,1460430999,Sebastian Bank,2,3,57,3,36,28,1458,0,0,8
sqlalchemy,d34063aa32211c9c2763fbff753601f6c20b8845,1462155970,Phillip Cloud,4,13,209,9,142,115,5014,0,0,27
sqlalchemy,3ebd1b30eb392ff62f08f0755e79a228d61ba7d2,1464703328,Sergey Skopin,6,10,114,12,21,21,1023,0,0,0
sqlalchemy,c99fc44e170be61696206872701ff75e4c8a3711,1462688517,Mike Bayer,2,2,29,17,6,6,264,0,0,0
sqlalchemy,31a0da32a8af2503c6b94123a0e869816d83c707,1461770820,Iuri de Silvio,2,6,62,5,36,28,1382,0,0,8
sqlalchemy,7189d0bc82598c2d6dcbb55b054837416db2ee7d,1465593876,Mike Bayer,2,1,25,0,8,7,278,0,0,1
sqlalchemy,f38f890849700ee1bf719a31275260e2da455bc3,1465845493,Mike Bayer,19,3,177,141,25,19,784,0,0,6
sqlalchemy,4e9ab7a72f0ad506cf519069fd67127f63e5f2aa,1460653035,Robin Thomas,7,12,1046,15,483,373,17112,6,239,104
sqlalchemy,0620a76b582cc93d55e3ddfb74ac22682e148a36,1460430964,Jeong YunWon,4,2,675,0,324,232,9778,6,226,86
sqlalchemy,51e4512abd25340b016279b92ae9ecadb41e237d,1466015784,Mike Bayer,1,2,2,2,2,2,129,0,0,0
sqlalchemy,20f2f5b169d35cfee7cc21ff697e23fd00858171,1464272124,saarni,6,9,163,2,109,76,3336,0,0,33
sqlalchemy,345cc1e304f3dc75bf5362e6c9f1975230a94753,1466028646,Mike Bayer,1,0,128,106,0,0,0,0,0,0
sqlalchemy,e5bdf96bc0b1503c4e4c8461748cd061f624e346,1466028946,Mike Bayer,1,0,14,12,0,0,0,0,0,0
sqlalchemy,d7b8b475f8a5c0ddf955157f89db3d44d0dc0d9a,1464048516,Mark Sandan,2,2,26,1,10,7,275,0,0,3
sqlalchemy,42078107f160d52e358db309d54c966440cc8a26,1461364939,Mark Sandan,1,0,4,2,0,0,0,0,0,0
sqlalchemy,d59cf4eb3f98f4a309693d2d3e128ea142e197a6,1466103730,Mike Bayer,1,0,1,1,0,0,0,0,0,0
sqlalchemy,13f9578082ae669734d65a38cb6058e21df88362,1466256954,Mike Bayer,1,0,1,1,0,0,0,0,0,0
sqlalchemy,4e811fd72e615116c448fba323aa57f7efd4798c,1466437373,Mike Bayer,1,1,1,1,1,1,23,0,0,0
sqlalchemy,91a1022227499c8efce038c4a0a9bdcdb14a69d0,1466431716,Mike Bayer,4,6,94,10,26,15,726,8,509,3
sqlalchemy,bf03d4332ae35e2087b175f8a2e0291d2f4c9aa0,1466437141,Mike Bayer,3,3,26,3,9,8,480,0,0,1
sqlalchemy,7c74d702a9632a8c7264d6972e46985de3fb2487,1466724388,Mike Bayer,3,2,112,2,2,2,61,0,0,0
sqlalchemy,acd8b1c107d536669ca7200edbca0f039f1e79fb,1467213077,Mike Bayer,2,4,62,6,15,9,535,3,147,3
sqlalchemy,fcfff77128174fe5f5e82d2897c5c76df308c8ed,1467213344,Pieter Mulder,2,2,37,2,2,2,93,0,0,0
sqlalchemy,f8781840aff51058bc8b1180012eed2a722a3e6f,1467383945,Mike Bayer,1,0,0,31,0,0,0,0,0,0
sqlalchemy,0e4469150acae9374aec5dff66ca996683c7c744,1467384440,Mike Bayer,1,0,2,2,0,0,0,0,0,0
sqlalchemy,5c60aaefd32a7bdee611fb340911409e0b8223ed,1467391487,Mike Bayer,2,1,7,1,1,1,73,0,0,0
sqlalchemy,428dfeee48c1fc4ceb5712b8934e90132ee57e33,1467664646,Mike Bayer,2,1,23,1,3,2,95,0,0,1
sqlalchemy,7c8c124dbe71602daed471e43af45051c5626c09,1467738307,Mike Bayer,1,1,1,1,1,1,23,0,0,0
sqlalchemy,5a2d2f47d6681ce3085f4d4e4a8d384eb442c96f,1467549915,Jeong YunWon,2,1,5,3,1,1,38,0,0,0
sqlalchemy,f2ee514c757fc9ec33afaddc2a7b96d08b83a164,1467737321,Mike Bayer,2,5,95,3,22,17,951,1,45,4
sqlalchemy,6b6bdb354252830a1a099c92cb98064337240a1a,1467922028,Mike Bayer,1,1,1,1,1,1,27,0,0,0
sqlalchemy,21349b23dcfd0857785aa53007cc6636259d2395,1467552225,Jeong YunWon,2,8,56,4,31,25,910,0,0,6
sqlalchemy,bfa57063d49bcf355b00caaeb5e58d0b9d23acb3,1468346872,Mark Hahnenberg,2,1,23,13,2,2,112,0,0,0
sqlalchemy,e486ef666f39f136c770c68db28f475d68e0173f,1468355902,Mike Bayer,5,28,161,34,66,58,2639,0,0,8
sqlalchemy,889c011a0f7bce82cea1c9c2ac0c46cec4353d4d,1468356817,Mike Bayer,2,1,33,0,1,1,29,0,0,0
sqlalchemy,8952a30f0a27d6b57e7b054b8b464382b67e3828,1468946181,Mike Bayer,2,1,70,12,0,0,0,0,0,0
sqlalchemy,02190234a25bb5ed2b07d25e6adcece2f5bba763,1469392587,Mike Bayer,8,0,46,17,0,0,0,0,0,0
sqlalchemy,ab244748d65ac91ce9223f65cdf416a9be000399,1469396913,Mike Bayer,1,0,6,4,0,0,0,0,0,0
sqlalchemy,98c66d19a0571fa0ddbffbe7846b698a9a97e0e9,1469399365,Mike Bayer,1,0,1,1,0,0,0,0,0,0
sqlalchemy,96c4208bf83607120d2f716070ed22ee10312dd0,1469416487,Mike Bayer,2,1,3,38,1,1,8,0,0,0
sqlalchemy,2c8643b0e98070bbf51bc38d32258526634ee67d,1469396245,Mike Bayer,3,3,18,2,3,2,42,0,0,1
sqlalchemy,924a47fc4fd0012bad151af5a99e5faea41bad8b,1469452123,Michael Williamson,1,1,1,1,1,1,75,0,0,0
sqlalchemy,360b4e0565dc1ecdcef0625b23256268361e2c9d,1469546752,Mike Bayer,1,0,2,2,0,0,0,0,0,0
sqlalchemy,0d92f79fd86073203a2a956460140c311c85a396,1469628292,Mike Bayer,1,1,20,0,20,15,710,0,0,5
sqlalchemy,6f9e8f482c133eca993124d63d61463fd2770f66,1469804728,Mike Bayer,1,0,1,4,0,0,0,0,0,0
sqlalchemy,64424b870beef2bdb5a7b97ddb5c2602277d16ac,1469830690,Mike Bayer,1,1,1,1,1,1,21,0,0,0
sqlalchemy,05f28ba2fb6b9fe1e36748bb16969afc8375a9fb,1469811262,Iuri Diniz,2,1,66,1,15,11,447,0,0,4
sqlalchemy,fb647e5219a87cf15c026711ba0943ba3a080316,1469832618,Mike Bayer,2,2,82,5,4,4,215,0,0,0
sqlalchemy,e467e899e126db2db7c25d533aee12d78c2dbdfb,1469887613,Mike Bayer,2,0,370,371,0,0,0,0,0,0
sqlalchemy,6327c59d4f34947128bd9b2860a1732a6932b4d7,1469830663,Mike Bayer,2,1,27,2,4,3,164,0,0,1
sqlalchemy,1269b08b1baecc50ed78f5e5facce0a736b125f8,1469938204,Mike Bayer,2,3,17,1,3,3,128,0,0,0
sqlalchemy,af6f4ab938f1ef66491cf239c91ffff393275d95,1470328495,Mike Bayer,2,4,39,4,4,4,237,0,0,0
sqlalchemy,f2fa9d000b44a54b0fd3ae6114eb5d53ef20c3b8,1470326191,Mike Bayer,6,13,180,25,101,79,3380,0,0,22
sqlalchemy,87d5982e582f2439e6d6fad8b38d9f2122811f1c,1469484123,Frazer McLean,2,2,15,0,6,4,240,0,0,2
sqlalchemy,fd164a6c849289b81f29059dda822c3d5902e40e,1470663555,Ville Skyttä,9,7,11,11,7,6,438,1,46,0
sqlalchemy,09cf0376524dc0bac6c1ab05d3c43cdd29c362b1,1470930303,Mike Bayer,1,1,5,5,5,5,329,0,0,0
sqlalchemy,bec5d6991e4eacdba3529ea71d30bb7fd614fdc9,1471057114,Mike Bayer,1,0,15,7,0,0,0,0,0,0
sqlalchemy,b07eb3cb45d1a344759a2eee9d2166fbf3e44888,1471059340,Mike Bayer,2,1,46,13,1,1,24,0,0,0
sqlalchemy,323e6e7f9f6a731103cfd19d774024f7f0f84377,1471293552,Mike Bayer,2,6,206,43,47,41,1514,2,59,4
sqlalchemy,117997cd5b849a236208cf9ea16f0f09c6962804,1472230561,Mike Bayer,2,1,43,1,5,5,301,0,0,0
sqlalchemy,b42bcb2573980d314ec429f0bde4050706afbb82,1472296669,Vladimir Magamedov,1,4,28,18,28,24,1108,1,40,3
sqlalchemy,2b0fa0f8a190a65aea5a284e4f7d0a22488ae560,1472383362,Michael Williamson,1,1,1,1,1,1,74,0,0,0
sqlalchemy,94fe6fe05dacf6f38dd0541fd59b0ca76b440c4e,1472384284,Michael Williamson,2,3,20,2,7,6,269,0,0,1
sqlalchemy,c7b9c84312b6b252e68ea704670d0ea7fc0042f0,1472668494,Mike Bayer,7,7,49,10,29,21,894,2,57,6
sqlalchemy,16dcc8bec1218835590766f0cb2a019a1b30e340,1472736873,Mike Bayer,1,3,14,0,14,14,769,0,0,0
sqlalchemy,9a6947427af58eeb6ebf09ec6de2a1b7ec12d828,1472831295,Mike Bayer,2,4,19,5,8,6,297,0,0,2
sqlalchemy,ce577d48449588d3e5395c08c7f4d04cb8bb325f,1472830078,Mike Bayer,5,2,171,7,16,15,755,0,0,1
sqlalchemy,1e4f69d561d56ba2e4fe07a8115bfdcb7f3fb42e,1473614969,keeyip chan,1,2,2,2,2,2,78,0,0,0
sqlalchemy,2cd53196ea2df7b9006dcc48fb79555eb533f5cc,1473718638,Mike Bayer,1,1,26,0,26,22,1302,0,0,4
sqlalchemy,6deb514992ce7d84196fedc191672eae8cc6dc37,1473719761,Mike Bayer,1,2,10,0,10,8,437,0,0,2
sqlalchemy,25804aeae262fa01256dbd2f045ad4a380644f66,1473915017,Mike Bayer,3,1,90,2,1,1,58,0,0,0
sqlalchemy,65d8deac95b63ea5702a9ce6b5d9a6c9a6a60991,1474044933,Mike Bayer,2,0,6,5,0,0,0,0,0,0
sqlalchemy,01a0a2d542909456a28fba8e6f16c0e0346e1278,1472843432,Mike Bayer,11,22,232,60,98,75,3293,0,0,23
sqlalchemy,881369b949cff44e0017fdc28d9722ef3c26171a,1473880410,Ken Robbins,1,1,1,0,1,1,62,0,0,0
sqlalchemy,7ea54611516147a1af917691c60e1823b77c7ecf,1473880273,Mike Bayer,2,2,22,6,4,4,210,0,0,0
sqlalchemy,8c3b9d6083709311c6125d812b242f9e31a90065,1474316528,Mike Bayer,4,2,64,5,3,3,134,0,0,0
sqlalchemy,2c4119d1eb9e231676bf4facedf46849970b8253,1474314226,John Passaro,2,1,9,1,1,1,78,0,0,0
sqlalchemy,f8ecdf47f0975b8b4e357fde2008d9aae8c50239,1474385596,Mike Bayer,3,10,88,9,19,17,883,2,85,0
sqlalchemy,e95aa257aa3145a5db478d33fb1803494a38b46d,1470419149,John Perkins,3,1,13,9,3,3,173,0,0,0
sqlalchemy,0c90cac2c37453a6688d9c1da62bbfb0bfa13d02,1474394177,Mike Bayer,1,0,3,2,0,0,0,0,0,0
sqlalchemy,319c49e64ac52ef559d7a3f630de9291bb89e1dc,1473880242,David Fraser,2,7,82,12,47,38,1714,1,52,8
sqlalchemy,97b294093617eca7298a2fe97bd23bd6dc3b59bf,1474494939,Mike Bayer,2,3,84,12,8,4,242,2,85,2
sqlalchemy,7827dfb6726a682c630d66b24423582d5dc09589,1474486640,Mike Bayer,6,31,141,33,50,46,2182,0,0,4
sqlalchemy,0cc8267286f848f3cc3ab46c1e543956866a561e,1474556889,Mike Bayer,1,4,36,5,36,28,1583,0,0,8
sqlalchemy,e9b2625753fba02358d9cb4ef1d9dd07b8761d21,1474692562,Mike Bayer,2,12,111,10,111,84,4760,4,132,23
sqlalchemy,800a18aff2927433163afec3b7a4671eabe1c2e3,1475100117,Mike Bayer,2,2,23,8,1,1,39,0,0,0
sqlalchemy,079df65dc0f71ea4d1771b6ae17e13242c766517,1475241830,Mike Bayer,2,1,30,1,2,2,129,0,0,0
sqlalchemy,dce32062236001ed89258cfe60c89bbca5db18c5,1475328126,Dmitry Bogun,1,4,5,8,5,5,231,0,0,0
sqlalchemy,9bfd0289383bfcaf650fe516862df545dcf95c2e,1475329341,Mike Bayer,2,5,24,5,24,16,772,0,0,8
sqlalchemy,333414fe94941a6a58e7d8e45042548eb2d58119,1475244596,Mike Bayer,7,27,107,28,60,51,2370,0,0,9
sqlalchemy,728ce8cc480d0ada690e5a97067cff821b9a65f3,1475511942,Mike Bayer,3,7,87,6,23,17,699,3,79,3
sqlalchemy,f0ea9e37f94bd39fa4f0785dbdcd0ee1759c4a11,1475594246,Mike Bayer,3,8,27,13,27,21,780,5,200,1
sqlalchemy,562e37ee7eaab8b19a9f081d4b170b95fce4f619,1475595140,Mike Bayer,1,2,6,10,6,6,271,0,0,0
sqlalchemy,c3abfe50645abdb27e41639701a68d2e6eaeff2c,1475528154,Mike Bayer,2,1,63,14,13,8,317,4,190,1
sqlalchemy,95d4cd30420414fcede2662aed87b0f2e5a861d4,1475524504,Mike Bayer,8,39,142,75,83,75,4179,0,0,8
sqlalchemy,20384e894577bc6cd7e686a71e6e859207565d00,1475613968,Mike Bayer,2,3,102,13,5,4,113,0,0,1
sqlalchemy,09b685b24b19636e11169c181b45333f9739ca35,1475679450,Mike Bayer,4,3,42,5,9,9,576,0,0,0
sqlalchemy,71030d67bd7c7948ef4a4d868821703ef5a57476,1475690398,Mike Bayer,4,6,58,3,17,13,669,1,53,3
sqlalchemy,56e199416f386b796b834016f85572ef99588d40,1475701140,Mike Bayer,1,0,2,2,0,0,0,0,0,0
sqlalchemy,b1fe748feafd83e256af01766d703ae5d552a413,1475721091,Mike Bayer,1,1,1,1,1,1,21,0,0,0
sqlalchemy,ae9300cac0ec398f92d9e523273403126a709134,1475846182,Mike Bayer,1,2,3,2,3,1,30,2,84,0
sqlalchemy,8a13957db790c77b76c11f5f43fad1492a50fcf0,1475845534,Mike Bayer,5,5,141,94,5,5,203,0,0,0
sqlalchemy,80861dffa9f2a2564dd5e854d97006d9fff48a18,1475852677,Mike Bayer,1,0,2,2,0,0,0,0,0,0
sqlalchemy,e47063bfe0de1318c12a4f9ef67b9538cad34489,1475834769,Ville Skyttä,15,10,18,18,10,10,628,0,0,0
sqlalchemy,8c2c464cb8e1b40f90f544295afbf9a83b372eb7,1475835538,Ville Skyttä,31,126,138,138,130,128,7726,2,82,0
sqlalchemy,e5a063a87ce50552cb451075386563a38a7e2666,1475835624,Ville Skyttä,1,0,2,2,0,0,0,0,0,0
sqlalchemy,4b94ee113baab901aee881ad94851587c912f785,1476114187,Matt Riedemann,1,1,8,4,8,8,568,0,0,0
sqlalchemy,6b7b77896dd296b3891bc67a774c4cb2e1236902,1476376071,Mike Bayer,1,1,1,1,1,1,21,0,0,0
sqlalchemy,665b92d83f3a93d8df54338a35f2b3e70e7f21a0,1476465995,Mike Bayer,2,1,15,1,2,2,78,0,0,0
sqlalchemy,d18221c542bf4d7381be2afdcd4c098698ff8eae,1476629154,Pierre Jaury,1,1,0,3,0,0,0,0,0,0
sqlalchemy,ae7d2837b3c5ae3fd6e9dad6b14a26abb32cfee5,1476479167,Mike Bayer,5,4,125,5,18,16,553,0,0,2
sqlalchemy,c02675b407b8326643b559770d6d9686b880c113,1476376038,Mike Bayer,5,13,126,15,36,17,827,14,644,5
sqlalchemy,8ef4f6a53864ce9c57c4879d6b2aa0f81ddbf596,1476678158,Mike Bayer,2,1,44,6,3,2,67,0,0,1
sqlalchemy,f917b353e88aa11d0efff1dc8bf1dbd079d57efb,1476716834,Mike Bayer,4,3,144,88,3,3,150,0,0,0
sqlalchemy,2ee5d42e24d20e9e7a6bcef08976e018ccbcc718,1476728941,Mike Bayer,1,0,2,2,0,0,0,0,0,0
sqlalchemy,76ec285ba452acf36d725799896904477a9c2dbd,1476895975,Mike Bayer,3,3,20,0,20,10,545,6,322,4
sqlalchemy,39ac19510989390dddf7a51f65ec7c8830ec04d1,1476978401,Mike Bayer,1,1,1,1,1,1,21,0,0,0
sqlalchemy,30bd28fca2091e4b2b093154a14c668c09ae3ccd,1476973480,Mike Bayer,3,3,71,2,4,2,122,0,0,2
sqlalchemy,c97b1b82282553d42e5893a094926602b0a2406d,1476993586,Mike Bayer,2,1,32,0,13,10,434,0,0,3
sqlalchemy,232eec47d13974e9c7bc7bafacba93ddbd59747d,1476999419,Mike Bayer,2,1,18,1,2,2,112,0,0,0
sqlalchemy,1f32d014da5d40406cd5d3996be5283c2fc57b26,1477056872,Mike Bayer,2,6,36,1,6,6,246,0,0,0
sqlalchemy,9974ab67f508a16423e8bc22122180b0bcdee807,1477233265,Randy Barlow,1,2,2,2,2,2,113,0,0,0
sqlalchemy,e56a9d85acd165cfea08f9dc7e9d747054ce6fdb,1477576310,Mike Bayer,4,5,61,4,9,5,319,3,171,1
sqlalchemy,2af8c155977651ecfac8215e62e2e1375e672b6b,1477579646,Mike Bayer,1,0,2,2,0,0,0,0,0,0
sqlalchemy,60b68ff4ee15ad1be42031f90156072cdfe1f1d0,1477678472,Mike Bayer,1,1,1,1,1,1,21,0,0,0
sqlalchemy,dd4e09d38729c2479af19da082a07f0c44f7026c,1477678411,Mike Bayer,2,1,34,0,10,5,166,4,212,1
sqlalchemy,c4a8afa4c6bf5e76c24e8ed0b5c11acc0c8904e3,1478454388,Mike Bayer,3,15,66,23,17,16,557,0,0,1
sqlalchemy,942c2429c033255979b6a55de836b9b26370673e,1478572871,Mike Bayer,3,1,51,6,1,1,44,0,0,0
sqlalchemy,b141f9f3c8c5c7348daff5aa2a30850c3bf673ba,1478625136,Kevin Jurczyk,1,1,1,1,1,1,62,0,0,0
sqlalchemy,6a688b736429e27a892bc02111414491fe4103b0,1478794132,Mike Bayer,3,2,114,1,11,10,345,0,0,1
sqlalchemy,ea934b95396d4796ceee8ae949a964a4d3005211,1478794537,Benjamin Dopplinger,1,1,0,3,0,0,0,0,0,0
sqlalchemy,d1e31ab1582e2d9275c70a89b72efc2a8651df3f,1478212265,Roman Podoliaka,10,18,269,176,113,92,4042,3,152,18
sqlalchemy,e81660d5c0ace2a805557d6dbb0f190991aaeaec,1478794874,Kevin Jurczyk,1,3,16,2,16,13,583,0,0,3
sqlalchemy,c9d8a67b52d1f86e694fab4ccab357432941334b,1475700943,Mike Bayer,2,2,57,1,6,4,178,0,0,2
sqlalchemy,f2eb4aac9517a3775411c2ecf0f588ffd0d790f6,1478805888,Mike Bayer,2,2,30,2,2,2,68,0,0,0
sqlalchemy,5fba7db9be7a03076d50051fb84dade31d55262e,1478815686,Mike Bayer,3,4,63,2,19,14,455,0,0,5
sqlalchemy,88ca587eae19afb8e069d896b95580aaed8b0e24,1478972041,Mike Bayer,2,1,18,1,1,1,36,0,0,0
sqlalchemy,3e063525f3721ef6fa2c3dd3e6ded67c2fa9cb0b,1479157753,Mike Bayer,2,2,38,1,7,7,322,0,0,0
sqlalchemy,ce17fd4bf361e6cd08b6e698e49c118643abe724,1479232732,Mike Bayer,1,0,2,2,0,0,0,0,0,0
sqlalchemy,772042ea851062b75df3baf22b08740bd7820656,1479308315,Mike Bayer,1,1,1,1,1,1,21,0,0,0
sqlalchemy,68d3018ceefc33e42135ee208d6d492a47e695c7,1479308256,Mike Bayer,3,2,42,24,3,3,129,0,0,0
sqlalchemy,7de0d1785335961ce0f723877ca7a8fd85b2c0ca,1479487740,Mike Bayer,2,8,61,19,11,10,469,0,0,1
sqlalchemy,df9b6492e5ca47e26d539d2283fa816a2d5c8ad6,1479846992,Mike Bayer,4,2,126,8,52,39,2002,0,0,13
sqlalchemy,868e98bf407175b016e9e5cbc95bcf0cc859362a,1479912227,Ionuț Ciocîrlan,2,2,8,4,4,4,210,0,0,0
sqlalchemy,55ad10370f9eb50795e136aac595193168982e92,1479910442,Mike Bayer,5,17,73,12,34,27,1277,3,148,4
sqlalchemy,3c0fc9b95f458f608bf10c266e52b2cd919467d5,1481994553,Brian,1,1,1,1,1,1,43,0,0,0
sqlalchemy,675f021368a375c330c07d0826e30049f2f0e016,1482169155,Mike Bayer,2,2,110,19,7,6,155,0,0,1
sqlalchemy,910347aef28f662a1f183936624f6f193d87ee6d,1482243355,Mike Bayer,1,1,1,1,1,1,49,0,0,0
sqlalchemy,c19ebfc3dc3f9a707920ee7f3b533d4919eeefb1,1482333619,Mike Bayer,1,0,6,2,0,0,0,0,0,0
sqlalchemy,afb3a528330fb9c0669d946cd065ff96bba8573d,1482334293,Mike Bayer,1,0,2,0,0,0,0,0,0,0
sqlalchemy,d5bb919aa6d5b9961f85987dfaa58d5999910d15,1482345596,Mike Bayer,2,1,21,2,1,1,49,0,0,0
sqlalchemy,f472405e598ad3088308db8bfef2879a57b26025,1482333391,Mike Bayer,2,1,52,1,2,2,108,0,0,0
sqlalchemy,04d799863f710aa3308fcbab63070b719f7e7f81,1482959671,Mike Bayer,1,1,1,1,1,1,82,0,0,0
sqlalchemy,cd95d4a5b928a6bc4f07c988ba3791a0a63c8d15,1483549608,plumSemPy,2,1,16,3,4,4,88,0,0,0
sqlalchemy,64e72b58fd74db0c5c87407c824d08ad699e5e8e,1483551564,Mike Bayer,174,155,174,174,155,0,0,155,10088,0
sqlalchemy,2b4d028a69270c1c7918281a60280dd0b65963a2,1483628578,Mike Bayer,1,1,23,0,23,15,544,0,0,8
sqlalchemy,6b489db89970b1fcec38a7c3772960ed3291a2ed,1483740152,Mike Bayer,3,8,59,8,9,9,440,0,0,0
sqlalchemy,51a72503b0279ca71ee6f0454bfd36a4c84d508f,1483989382,Mike Bayer,2,1,73,3,2,2,108,0,0,0
sqlalchemy,4fec72f178f0da016301a0d12ad9abe02cc2b62a,1482960773,Mike Bayer,2,1,13,1,1,1,56,0,0,0
sqlalchemy,c703b9ce89483b6f44b97d1fbf56f8df8b14305a,1484001985,Carlos García Montoro,2,0,50,1,0,0,0,0,0,0
sqlalchemy,0460bc79d9986132646049d8167bd5dbe3388a65,1484254666,Mike Bayer,1,1,19,0,19,15,628,0,0,4
sqlalchemy,fa6dd376bb24845724287d980a98ea50eb1cfab1,1484147532,Mike Bayer,74,245,437,423,346,340,17142,0,0,6
sqlalchemy,afd78a37dafe8e84e23bccfb570bd758797e2142,1484329404,Mike Bayer,4,5,133,15,49,42,1818,2,96,5
sqlalchemy,3aefc6e8a4a02892de91bdac9a917d1697c90ea6,1484586608,Mike Bayer,2,2,137,3,17,14,686,0,0,3
sqlalchemy,bccc1419a67c06636b5d5a8d5c00612b7d843edd,1481898128,Valery Yundin,3,2,10,8,3,3,142,0,0,0
sqlalchemy,46828cc157a48d73352a3a910798b705aa23f0d5,1484602068,Mike Bayer,1,6,16,6,16,12,583,0,0,4
sqlalchemy,1f407c2a47150ddd550d3167015a9315e018d7bc,1484665337,Joseph Schorr,2,3,33,0,25,16,712,0,0,9
sqlalchemy,bd6ba3ac8274381e578c8e6c8018a7878fe94208,1480788607,Lele Long,2,1,13,0,1,1,75,0,0,0
sqlalchemy,3a6c55fb5175ec9ffa03dd7c1325a4746f081486,1484672918,Mike Bayer,1,2,2,2,2,2,120,0,0,0
sqlalchemy,f2028dc5afec506fd3ad8c78b0275e76bf172b2a,1484686262,Mike Bayer,1,0,2,2,0,0,0,0,0,0
sqlalchemy,2f86267f07d53d66d08a21533b9dc0e8ad70ff13,1484687599,Mike Bayer,1,0,0,59,0,0,0,0,0,0
sqlalchemy,60781659934dd66975f8689403b9a664ba0ab85d,1484688180,Mike Bayer,1,0,2,2,0,0,0,0,0,0
sqlalchemy,17b85b34454e8fef5400f910ca1eaa3462e9b3c6,1484844553,Mike Bayer,1,1,1,1,1,1,21,0,0,0
sqlalchemy,4ae02f46e944ac11af5ad77e5ff5f06963b63b3d,1484844069,Mike Bayer,2,2,84,2,5,2,114,3,180,0
sqlalchemy,42027de3fce1d4ce2e3a684c59ee87f440b51ae8,1484853139,Mike Bayer,1,1,1,0,1,1,25,0,0,0
sqlalchemy,8795472c875d5f424f96a1e19e93d6dd4a7df6a8,1484902335,Frederic Junod,1,1,1,1,1,1,66,0,0,0
sqlalchemy,a24801ae8de469f1e78bdb0c02b28de263c2310e,1485464480,Mike Bayer,1,4,51,3,51,41,2033,0,0,10
sqlalchemy,3757c0cdfb1c5078c8829abe3f6a995126de8ce6,1485467642,Mike Bayer,1,1,4,0,4,3,163,0,0,1
sqlalchemy,3bd845f3ff2af203a79c76a5b493ccf9c58ad79e,1485536937,Mike Bayer,1,1,0,1,0,0,0,0,0,0
sqlalchemy,f55d466cad2d7c741f391eb2df15a23652132fe4,1485615190,Mike Bayer,1,1,3,3,3,3,229,0,0,0
sqlalchemy,1c578a710f14568856dad6a1c0bad1269b4108c4,1485796216,Mike Bayer,2,1,27,1,3,3,140,0,0,0
sqlalchemy,f411cac35001e0d40a6217846d3df40f676a2d4d,1485527399,Jeong YunWon,2,3,18,2,4,4,188,0,0,0
sqlalchemy,ecfda6512cf8a50238529168932586444b657954,1485369047,Mike Bayer,2,2,73,2,35,25,931,0,0,10
sqlalchemy,9a5943bf76cd436484a85a6d9478507c9bac3b08,1485465109,Mike Bayer,2,1,44,3,6,6,255,0,0,0
sqlalchemy,6b27d78030a754f4c95cba6dce20734de9673025,1485985188,Mike Bayer,1,2,15,6,15,15,959,0,0,0
sqlalchemy,388d8db68d0db6f38e72d60386023c9eef263034,1485984331,Mike Bayer,3,8,90,21,40,31,1834,0,0,9
sqlalchemy,8342ca6c6932b8a30f4ea9650721244eeda35d51,1485990585,Mike Bayer,1,2,8,3,8,7,348,0,0,1
sqlalchemy,772374735da27df1ddb907f4a0f5085b46dbe82b,1486058541,Khairi Hafsham,150,0,11589,10399,0,0,0,0,0,0
sqlalchemy,7db699163bed203d8060f06097e1489eea7ba079,1486594049,Mike Bayer,1,3,43,2,43,28,1524,0,0,15
sqlalchemy,000e9603065edeb997cfcb492c4063029a931de9,1486608154,Mike Bayer,3,2,62,2,22,18,739,0,0,4
sqlalchemy,540bcff90d3e9234a776790e3fdeb8c9b8a8b443,1486605916,Mike Bayer,2,2,84,5,11,6,271,4,227,1
sqlalchemy,02ae6ab3fdf2c0c07910d06aa1d7d5048cdabd9d,1487013431,Mike Bayer,1,0,56,0,0,0,0,0,0,0
sqlalchemy,4e54f9fc078d13ebbd8a685697983e48997bcd3e,1487014401,Mike Bayer,1,0,9,0,0,0,0,0,0,0
sqlalchemy,f107dd78eccb9a6d38d84364d9efd6ad5e1c71da,1487014855,Mike Bayer,1,0,2,0,0,0,0,0,0,0
sqlalchemy,3b6004e6ab3fef8e37fb42981c02f4dfa34fe3b7,1487013638,Mike Bayer,2,2,19,0,8,6,257,0,0,2
sqlalchemy,1a7e8d77bae26450dadc292d4b717f64c2e1af0c,1487262686,Mike Bayer,3,6,184,8,42,30,1168,3,148,9
sqlalchemy,42bb86568919a7198090235b4ab8293366866fdd,1487268028,Mike Bayer,1,0,9,0,0,0,0,0,0,0
sqlalchemy,fe1cabb88a060378c839bda53992882f67b525c7,1487878800,Mike Bayer,3,5,43,28,23,20,731,0,0,3
sqlalchemy,b2820e190f14a39730da0c1f2ccae6aa32a455f0,1488298257,Hanno Schlichting,1,1,3,0,3,2,87,0,0,1
sqlalchemy,d8080933f55f1a72aa672fab3cda451a0191d707,1488300084,Mike Bayer,1,0,2,2,0,0,0,0,0,0
sqlalchemy,ff2090336f7c160e58774e7504bd4f7aca919dff,1488311344,Mike Bayer,1,1,1,1,1,1,21,0,0,0
sqlalchemy,b4e880534e1e02815e95f105a4363bef8ee86130,1488308627,Mike Bayer,4,4,56,2,11,8,417,0,0,3
sqlalchemy,3a6b75870bdc7aa8fe70296cc3fc94ea06f16417,1488837013,Mike Bayer,1,1,1,1,1,1,83,0,0,0
sqlalchemy,f4c4f784cde8e51301b09f187d2f086bfae47453,1488821161,Mike Bayer,2,1,53,5,7,4,147,3,142,0
sqlalchemy,74bec18c2a3cc8e9c031808fc44bc0f2c5af8b43,1488916493,Mike Bayer,1,2,22,0,22,14,447,0,0,8
sqlalchemy,9e627159733da48e2fd2d25de93589eb079a75f4,1488916818,Mike Bayer,2,4,5,4,4,4,278,0,0,0
sqlalchemy,c04870ba7b8098c7d408ad66f60efe7229496fde,1488909180,Mike Bayer,7,27,262,24,86,72,3277,0,0,14
sqlalchemy,75ceae6ea6493d44d616df1f21d180b3e7a2e8f5,1489099101,Mike Bayer,1,1,7,0,7,6,417,0,0,1
sqlalchemy,e82df50d9853a5a6a1c2d982ebd020918bf9dd3a,1489172889,Mike Bayer,2,1,4,4,1,1,23,0,0,0
sqlalchemy,1da9d3752160430c91534a8868ceb8c5ad1451d4,1489174129,Mike Bayer,1,0,2,3,0,0,0,0,0,0
sqlalchemy,fb33f9c54be842e191c893c91b3233cd1ae545bc,1489422471,Mike Bayer,3,7,32,17,24,17,687,6,278,1
sqlalchemy,0612829fb04565c00f8993b978697a8701204977,1489420122,Mike Bayer,1,0,25,1,0,0,0,0,0,0
sqlalchemy,4a886e519ff227039a9d603aa4727c6f828f93ff,1489442923,Mike Bayer,1,0,4,0,0,0,0,0,0,0
sqlalchemy,6b0e12fd6f50a75750daf71ddff4bf32565fdf86,1489418453,Mike Bayer,3,1,12,3,2,1,54,0,0,1
sqlalchemy,7b07ea67dc4a578be977a9f618dfb12fd12e852e,1489497277,Mike Bayer,1,0,1,1,0,0,0,0,0,0
sqlalchemy,2895c57b29c500fe4388ef23e61f13c5e1e9b4b2,1460315943,Diana Clarke,2,11,221,26,110,81,3924,0,0,29
sqlalchemy,596e322543df6ff380243c9cb0cf9997252329f6,1489513092,Mike Bayer,3,3,36,5,5,3,144,0,0,2
sqlalchemy,4ece86eb41274ba059211807e23273178c3c3384,1489247563,Mike Bayer,3,4,78,28,12,11,676,0,0,1
sqlalchemy,86cf3eb71c3c4d4c9f2e5cdb5059762f8f851ad9,1489077379,Mike Bayer,3,2,36,17,4,3,140,0,0,1
sqlalchemy,f3b6f4f8da5223fae0a1dd948d4266b2e49e317c,1489507256,Mike Bayer,8,10,200,49,92,79,3883,0,0,13
sqlalchemy,b6a6ffa4c0e0911bb6c5e66b67da9789989c7699,1484590004,Mike Bayer,2,2,32,7,12,6,314,4,154,2
sqlalchemy,3771af0af45c2a7ea79a055b953c32f23c53e256,1489543358,Jamie Alessio,2,2,3,3,2,2,108,0,0,0
sqlalchemy,7b056709c0f8a37744d18f37d40f94fa30c50c71,1489587312,Mike Bayer,2,1,31,1,1,1,31,0,0,0
sqlalchemy,2bfe19152d49b969acdc4607bf7c33727f796f5a,1487090384,Mike Bayer,4,3,20,10,7,6,352,0,0,1
sqlalchemy,63a7b2d2d9402b06f9bc7745eed2d98ae9f8b11c,1484591695,Mike Bayer,3,6,78,17,19,17,694,0,0,2
sqlalchemy,9974e9a46bdf6c570c650aa911b76c2dcfd9327b,1485363064,Mike Bayer,5,19,133,19,96,77,4186,1,45,18
sqlalchemy,fadb8d61babb76ef7bdbc98279096a8900c7328d,1465674453,Frazer McLean,17,41,366,46,271,215,9581,0,0,56
sqlalchemy,8f7cf2990f9010ea4924f2525318dff0ba1028d7,1489774761,Катаев Денис,23,28,41,43,32,32,1683,0,0,0
sqlalchemy,8dad0f93e8a7f1dcd79ff5c3640c997667d06248,1489728229,Paul Brown,2,0,30,30,0,0,0,0,0,0
sqlalchemy,a40467152cbbc7e65d629dafbcc04ad1c85d3025,1489728255,Paul Brown,4,0,33,20,0,0,0,0,0,0
sqlalchemy,f881dae8179b94f72ab0dc85d8f62be8c9ce2fe0,1487951414,Mike Bayer,7,16,266,14,100,80,3754,5,227,15
sqlalchemy,caeb274e287f514a50524fc9fe4aeedcb3740147,1489694718,Diana Clarke,2,17,305,21,192,142,6848,5,25,45
sqlalchemy,711d29f8e4dc096f5083c075a1f64eb38e2d2e4a,1490130678,Mike Bayer,3,5,92,16,54,42,2105,0,0,12
sqlalchemy,28edc2604a96d5ecd8318232c95a034433aa07d1,1490191995,Mike Bayer,2,1,5,0,2,2,46,0,0,0
sqlalchemy,1fcbc17b7dd5a5cad71ee79441aa3293c00b8877,1490201783,Mike Bayer,9,27,413,76,196,156,6926,2,10,38
sqlalchemy,0883d8213bcfbeb5e0ae6dd1cbcf70494eb06dac,1490296263,Mike Bayer,5,3,41,12,14,9,393,0,0,5
sqlalchemy,f214f4d4f46de24008c63f2e034329a64f510833,1490494637,Mike Bayer,1,1,4,0,4,1,42,3,142,0
sqlalchemy,c0a224aba3d4e2a41f92a29f9d18c6cb9d09d61f,1490626378,Mike Bayer,5,3,76,27,9,7,304,0,0,2
sqlalchemy,a4cdd0bc00a9985f0c775a644f7f004d6d4cab0a,1490636920,Mike Bayer,2,14,96,47,71,63,3645,0,0,8
sqlalchemy,a86764d99b3a440cdc27b437ef2de9d393ca8036,1490818442,Sean McCully,2,1,5,2,1,1,62,0,0,0
sqlalchemy,74f6c21747d07a8cf9902900df9280a84aadc2bb,1490885654,Malaclypse The Younger,2,1,29,1,1,1,73,0,0,0
sqlalchemy,4eb4010c1a1c3e5c2529b9be9d8d56f1d6a4ec00,1488231839,Mike Bayer,4,2,66,62,13,12,490,0,0,1
sqlalchemy,07b63894cb8ff9529b406f196b5d7cb9af209e9e,1490910730,Mike Bayer,2,3,62,1,19,15,617,3,163,1
sqlalchemy,6d7d48af0dec6325f87ce497f769827107ad5035,1491060976,Mike Bayer,2,1,77,3,5,5,157,0,0,0
sqlalchemy,7bb4923391f98db517dde59d813322a948d10bfe,1489699721,Mike Bayer,2,3,18,4,4,4,211,0,0,0
sqlalchemy,9609f5ffb52ce8a4969059e299773ac7176dbb0d,1491254726,Mike Bayer,5,9,92,12,19,13,441,6,234,0
sqlalchemy,d13734add349ec6763cce8b194806c5afe988000,1491311173,Mike Bayer,2,1,6,3,2,2,134,0,0,0
sqlalchemy,4a4b17e0d3a154094858e73ed1e32c5733047de8,1491314559,Mike Bayer,2,1,16,1,3,3,229,0,0,0
sqlalchemy,9f82afea25958910038ec768d81b157d9d2fdc7c,1491246327,Mike Bayer,5,11,205,14,110,91,3480,0,0,19
sqlalchemy,86ef507cc73ee4a0a104b334d7ce08ad045e0c76,1467662069,Mike Bayer,7,10,100,58,24,22,840,0,0,2
sqlalchemy,b39b6023c57b25c00bbed946a83bc44c36d52940,1491411339,Mike Bayer,2,7,81,9,22,19,758,0,0,3
sqlalchemy,93b11905e599a6d73a85d2085e15385ebf46cdc6,1491440382,Mike Bayer,2,5,66,5,29,23,989,0,0,6
sqlalchemy,90c72c31a55337bef61cdd0cb75f5d128bcc34f9,1491508330,Jonathan Suever,1,1,1,1,1,1,73,0,0,0
sqlalchemy,7d9f241d63b76cf3d4a5f1c146554cd9dc140656,1491244498,Mike Bayer,10,22,326,21,172,147,6537,4,157,21
sqlalchemy,86c43d2e0f0c7c28b933f470678571077c5d5035,1491845150,Mike Bayer,3,1,209,1,2,2,116,0,0,0
sqlalchemy,1b463058e3282c73d0fb361f78e96ecaa23ce9f4,1491920798,Mike Bayer,3,7,153,114,21,16,763,0,0,5
sqlalchemy,cef4e5ff38dc7d2200800837c110ab6beec10d8a,1492011439,Mike Bayer,4,6,76,31,26,23,1041,0,0,3
sqlalchemy,b1f8d46fca951467ce0c05fe648f9f34de95c2ed,1492024516,Mike Bayer,1,0,35,30,0,0,0,0,0,0
sqlalchemy,bfaef1eaf54e0901b964ee163e179f6ec6cbd6e5,1492025285,Mike Bayer,1,0,30,29,0,0,0,0,0,0
sqlalchemy,c0b85ad6ad1df2497a95c87d837c32d87f17291f,1492092701,Mike Bayer,3,1,87,4,0,0,0,0,0,0
sqlalchemy,b7644319e85ce38c1a576802317a9058a6aed82d,1491589102,Mike Bayer,12,70,881,350,370,282,12139,44,2293,44
sqlalchemy,212132958f6cde1bbfcb91d2876e81d9d43c640f,1492444938,Mike Bayer,2,1,40,3,5,5,207,0,0,0
sqlalchemy,920f77e3c17ec43382e60a992dc4dcec2ba173b8,1492796138,Mike Bayer,2,1,22,2,7,5,240,0,0,2
sqlalchemy,e53009e25378990ee48d4c0c6a194d2d8d3ed01e,1492810811,Mike Bayer,1,29,70,87,70,61,3017,0,0,9
sqlalchemy,029d0f75385298f8056c04eba1d2f9563126a8a6,1493065148,Mike Bayer,2,2,45,8,19,16,566,0,0,3
sqlalchemy,19d2424e05fadf66044d914b13a405cb212b4100,1490306143,Mike Bayer,10,19,2390,12,306,233,9781,10,429,63
sqlalchemy,63ff0140705207198545e3a0d7868a5ba8486e93,1493318034,Mike Bayer,2,2,1,1,1,1,55,0,0,0
sqlalchemy,1b63306a973f13588216fbb097b6dffb4a5c4c63,1493321195,Mike Bayer,1,0,11,2,0,0,0,0,0,0
sqlalchemy,433d2ee9f14a028399e848f3552a1a71f223c976,1493303170,Mike Bayer,4,4,21,4,11,11,596,0,0,0
sqlalchemy,cedb11925fc7dd652f479370b59c38324e0e3951,1493329469,Mike Bayer,1,0,11,11,0,0,0,0,0,0
sqlalchemy,36275b0c2d8d3501bc0023e80d8433c0d54c0d9a,1493306681,Mike Bayer,2,2,101,2,2,2,46,0,0,0
sqlalchemy,6224df56a6fa28efda6e6e5007b015ad9d6d7d14,1493659811,Ben Fagin,1,1,1,1,1,1,62,0,0,0
sqlalchemy,8e17496421efe0db8dc52d3f25ca2ef6cc65aab4,1493966321,LunarShaddow,1,3,2,5,2,2,163,0,0,0
sqlalchemy,339e2c13b0fc8e95a47d00c0f8fc5afc4b6dff9a,1493990358,Mike Bayer,1,1,13,0,13,11,721,0,0,2
sqlalchemy,8f830d78ba1d68ea3e10006e10e65ddb571f45ee,1493995158,Mike Bayer,1,1,12,0,12,10,758,0,0,2
sqlalchemy,654514c5b225f9be80a95b365403ae9fb775804c,1494010779,Mike Bayer,1,1,28,20,28,20,1219,0,0,8
sqlalchemy,3d19fb6d53c2aa0fdb7944569fa697c75785634c,1494217910,LunarShaddow,1,5,10,6,10,10,495,0,0,0
sqlalchemy,22570c3181ef4e98c548c2f6254a0c7585568f06,1494283017,Mike Bayer,2,3,8,4,8,7,299,0,0,1
sqlalchemy,735fbfdf4907ba7888b8408bceaf8ffb99602720,1494275166,Jacob Hayes,2,1,7,1,1,1,65,0,0,0
sqlalchemy,13c2a8a51053f1bb85b4847632801a7e41f20d64,1494346624,Mike Bayer,2,2,33,2,12,10,355,0,0,2
sqlalchemy,3e3554d37ca589218c13f9b2969801dccbbdfa2c,1494419596,Denis Kataev,1,2,6,8,6,6,402,0,0,0
sqlalchemy,c4f28097aa6a01efaa02b9792d5d15f33ae6baac,1494439408,Mike Bayer,2,1,61,4,10,10,385,0,0,0
sqlalchemy,6194483b73c94565aee62c5867a251a1841db5a9,1493658272,Mike Bayer,1,2,4,6,4,3,106,0,0,1
sqlalchemy,4352e220ac04d09e120c441e79b1ac12c7ca2c45,1494595424,Mike Bayer,1,4,16,19,16,10,486,0,0,6
sqlalchemy,0f8721fa52e335ab2abeb548c8914b99a8c5e1fd,1494600834,Mike Bayer,2,2,149,4,10,9,354,0,0,1
sqlalchemy,94a089bc2b425f7896659868630836c013e80dd0,1494604913,Mike Bayer,5,11,75,9,23,22,960,0,0,1
sqlalchemy,5329fc481ed1dcea0e922fd63def3094bda12c91,1494942666,Mike Bayer,4,0,334,173,0,0,0,0,0,0
sqlalchemy,2869b86ea44225d17602e54f663055290a86d4f4,1494987220,Mike Bayer,2,8,24,9,24,21,997,0,0,3
sqlalchemy,4c6917e1d68a8baab7efe10e9ce5e5c8187f65ca,1495032412,Mike Bayer,1,6,45,13,45,35,1971,0,0,10
sqlalchemy,912fb6c2d54d7f2fcda654a8f7702d122e8b8d70,1495040704,Mike Bayer,3,9,78,6,43,33,1697,0,0,10
sqlalchemy,4d4ea792e7ea7945de9c9b1e005ce09b2feb45b5,1495143850,Mike Bayer,1,1,16,0,16,12,619,0,0,4
sqlalchemy,2574ca4b215cb06720d3ff4352d87ce87ebdd160,1495394880,Mike Bayer,1,1,30,15,30,29,1143,0,0,1
sqlalchemy,1a08c41048efd204959f47804b7006c351cae04b,1495472438,Mike Bayer,2,2,30,11,7,7,313,0,0,0
sqlalchemy,0a67c1305266ba9c4558e371fa9b193788c65bea,1495478846,Mike Bayer,2,2,69,0,7,3,174,4,156,0
sqlalchemy,9f0fb6c601829cb7c9f449d57e12e8b95dab51f5,1495476535,Mike Bayer,6,5,92,7,19,15,658,0,0,4
sqlalchemy,990d4c799f2a48530616e289418af395d168b56c,1489510991,Diana Clarke,2,1,78,0,5,4,222,0,0,1
sqlalchemy,1c692f019b16ff4f3eb17ea8d09731837cc3be76,1495480090,Mike Bayer,4,14,89,17,36,31,1515,0,0,5
sqlalchemy,f46551de450a76de4105bda3be8d0d5c5fc0d52c,1495482179,Mike Bayer,5,12,92,6,59,46,2053,0,0,13
sqlalchemy,1b98ce355a60b7ad9898aeb412c21591bb438231,1495549071,Mike Bayer,2,8,46,35,21,16,923,0,0,5
sqlalchemy,de11c5217b4c62f86dfd05a28689159095ab1024,1494855559,Mike Bayer,5,9,144,6,46,39,1759,1,49,6
sqlalchemy,a78718b9340e9840a470300932af178ce57c0f7d,1495721831,Mike Bayer,2,1,39,0,16,11,496,4,168,1
sqlalchemy,f8a3f14e4f862a4bf0be591699f1f72815c72514,1495725081,Michael Birtwell,3,1,25,17,13,10,156,0,0,3
sqlalchemy,b1369b47217558779a5b8a17ecd945cedd608dc7,1495812265,Mike Bayer,2,3,49,3,18,12,414,0,0,6
sqlalchemy,8b82369347641d1c9d64406462fa5527132c4880,1495819600,Mike Bayer,2,2,68,1,5,4,198,0,0,1
sqlalchemy,f8b4f7289e3b07be489ede3f54b983d1461a2ac4,1481562594,Eloy Felix,4,6,148,6,109,86,4264,0,0,23
sqlalchemy,4779ddd865d693f4c3521fbe200a96b88ed67186,1495458186,Lele Gaifax,1,5,5,5,5,5,323,0,0,0
sqlalchemy,bb6a1f690d4a749df44a1ef329b66f71205968fe,1490713237,Mike Bayer,10,44,600,37,302,231,9492,8,418,63
sqlalchemy,e8ad3988621a3caa69074fae8e9320bcabcf806d,1496692144,Mike Bayer,2,2,80,0,20,15,411,0,0,5
sqlalchemy,9dee44ae2f8b113d23f8a6e192f77fb4e3837894,1460490962,Mike Bayer,2,6,107,6,39,32,1546,0,0,7
sqlalchemy,6b68a70b5f903079f3c42a827daa3ea08a1a4b53,1496771673,Mike Bayer,2,1,17,1,1,1,69,0,0,0
sqlalchemy,4e1f5377d1c5443016cc6c5ae86b8053ead41647,1496783634,Mike Bayer,4,2,52,2,13,10,572,0,0,3
sqlalchemy,acf64c4178169b765f3f7ae492b1774955cf541f,1496789583,Mike Bayer,2,1,33,27,8,8,578,0,0,0
sqlalchemy,b6d3f60791834ead92564fc58afebc2c3eb4a2ff,1496853022,Mike Bayer,2,1,7,2,1,1,67,0,0,0
sqlalchemy,ec422fb70e0044ed42dcfda5fb1a7a65db322cf1,1496940923,Mike Bayer,2,1,32,3,9,7,221,1,18,1
sqlalchemy,27a0bdcae0eb534dac9844e2ffa3d6bd3b1e8989,1497286564,Mike Bayer,2,8,220,37,68,61,2736,0,0,7
sqlalchemy,740f6b0d5ae3bda77f5c1829e9220d4ce9db8175,1497459180,Mike Bayer,2,42,66,51,66,56,2314,0,0,10
sqlalchemy,770e1e399cb0c91db73a551e1962ccbb57f42e76,1497542602,Mike Bayer,2,2,72,3,7,7,350,0,0,0
sqlalchemy,9541e30e869e1ef90cbb2db97fb1e426893fd115,1497549074,Mike Bayer,1,0,1,1,0,0,0,0,0,0
sqlalchemy,7af05fcc9387cea4172cc35eb6a198776488f90d,1497557226,Mike Bayer,1,0,0,15,0,0,0,0,0,0
sqlalchemy,64b0760faa45a26c727a76b9fda97f2b4ea15417,1460491040,Mike Bayer,2,12,229,17,93,79,3675,0,0,14
sqlalchemy,3a314fcea8539133947d5ec8e42a6c86e30fdf9a,1497621483,Mike Bayer,2,1,11,1,1,1,45,0,0,0
sqlalchemy,a991eedcf559e6992ada92913a29ed7022d62caa,1497546736,Mike Bayer,3,3,106,12,15,8,267,7,395,0
sqlalchemy,5650a0c306391216a9c9ce1961c5b548e534b5eb,1497634225,Mike Bayer,2,6,46,12,27,25,861,0,0,2
sqlalchemy,83c1e03c5c74c69facfc371840ffae890f05c338,1497904553,Mike Bayer,4,5,212,1,106,73,2911,2,93,31
sqlalchemy,bff001187f5ad7192103d6255158a6c88e848049,1497965374,Eloy Felix,2,2,7,2,3,2,85,0,0,1
sqlalchemy,1776597131ef96472b5188cebc72c31a387c90f4,1498189912,Mike Bayer,3,1,36,1,1,1,19,0,0,0
sqlalchemy,fae82dda00aaba597deae862088f15c9b5255716,1498495455,Mike Bayer,2,15,56,40,32,19,914,8,336,5
sqlalchemy,9ac0f8119e34a696fbf711e00262e9c0851b749c,1498497862,Mike Bayer,6,15,78,17,27,24,1081,0,0,3
sqlalchemy,563180f7d46b24bd334d227104c90bf8cdb81158,1498510224,Mike Bayer,2,1,2,1,2,2,83,0,0,0
sqlalchemy,1db3029abc371c0808fb622ae2bd716ada81281a,1498856540,Michael Stewart,1,1,1,0,1,1,51,0,0,0
sqlalchemy,7d3da6f850dca54b941275279470c37bec64a48f,1497535909,Michael Doronin,5,5,304,3,200,149,7041,1,32,50
sqlalchemy,5c30910759b288d2686a063d1372a33bc6414162,1498854993,Ben Fagin,1,1,2,1,2,2,89,0,0,0
sqlalchemy,faa6609dac2ce6e55e0f690df3ba88c13133ec5c,1499281609,David Moore,4,5,34,3,22,18,918,0,0,4
sqlalchemy,a66979fe1efaa93ba25b1bcd8b67ea2eae2fc48b,1499619779,Mike Bayer,1,0,3,10,0,0,0,0,0,0
sqlalchemy,e6555083d41accf983e5e8045956779c4fbc97a3,1499693008,Mike Bayer,1,0,1,1,0,0,0,0,0,0
sqlalchemy,3cb29af876024e137b2d8b5faa1f007ad12ef7d7,1500069941,Mike Bayer,1,1,1,1,1,1,23,0,0,0
sqlalchemy,3d41ea09a899b06feedd02864a69b8dc833f5a6b,1500404306,Mike Bayer,2,1,20,0,1,1,48,0,0,0
sqlalchemy,7628ff39dcea080171f3f8bcbc7153c4c0119857,1500392472,Mike Bayer,3,2,46,7,2,2,117,0,0,0
sqlalchemy,39c72682b85c1d3912ced383733d03eca7a43845,1500755521,Mike Bayer,1,0,7,6,0,0,0,0,0,0
sqlalchemy,3d8049e32d63920f053f10328cc7152a16385ec2,1500303982,Mike Bayer,1,8,38,15,38,34,962,4,220,0
sqlalchemy,7d4005156b5a48989dae7c4424faafc03cc8410d,1500912785,Mike Bayer,1,0,1,1,0,0,0,0,0,0
sqlalchemy,32c4c8ace41a8eb269d4b6294a9cfac1d8411e7d,1500931343,Mike Bayer,1,0,2,2,0,0,0,0,0,0
sqlalchemy,54670897701fa9b30ac3dd3cdb1511960e338e01,1501018015,Mike Bayer,1,1,1,1,1,1,23,0,0,0
sqlalchemy,7997d7fdc3634e7dba9fd0113b8b85ef311bfeaa,1501268725,Mike Bayer,1,3,13,4,13,8,453,5,244,0
sqlalchemy,54cdda032ea59789be15972ed0529f71fd4f0214,1501860500,Mike Bayer,2,0,3,2,0,0,0,0,0,0
sqlalchemy,de1f8f8345ecd6af0ec1177703465e9471cfe862,1501875796,Mike Bayer,3,0,17,9,0,0,0,0,0,0
sqlalchemy,7765724d51f78690c814eda6533fc0ac81ca9077,1501932666,Nils Philippsen,1,2,2,2,2,2,135,0,0,0
sqlalchemy,4b4f8fbf25f1a5a76c1579c1a3fd6ffad07c8c66,1501983984,Mike Bayer,2,3,11,0,11,6,267,0,0,5
sqlalchemy,68879d50faa9e2602e55d5d191647b1cf864e5ab,1499985162,Mike Bayer,9,21,451,57,104,91,4057,3,125,10
sqlalchemy,0a23654649e9b121001b24213bfa946409774e55,1502215336,Mike Bayer,1,0,12,3,0,0,0,0,0,0
sqlalchemy,725298ea4bdd874990940ca93c406ccb533c732d,1502227463,Mike Bayer,1,0,6,1,0,0,0,0,0,0
sqlalchemy,03560c4b83308719067ec635662c35f9a437fb7f,1502213449,Mike Bayer,2,2,22,1,6,4,161,0,0,2
sqlalchemy,c86b95038d84b40617fccd485e4596da4b139f5a,1502211403,Mike Bayer,2,4,28,6,26,22,690,0,0,4
sqlalchemy,3568e508d065d3ca9a17b11363249e8cf7c2a107,1502394294,Mike Bayer,1,0,8,8,0,0,0,0,0,0
sqlalchemy,f1fd7f1e01bd9901fab7b5f33183e310bf0c0fd6,1502459656,Mike Bayer,1,0,8,8,0,0,0,0,0,0
sqlalchemy,1a990ee33239aa275567cb926a5b421b2087294b,1502481148,Mike Bayer,7,8,134,24,26,15,559,3,144,8
sqlalchemy,bb9d511e52ee5ab3621d8595328ee2400242461a,1502717528,Mike Bayer,1,0,3,4,0,0,0,0,0,0
sqlalchemy,2c594da2148bf15bcb8e10fc9616bbacc70b61a3,1502726666,Mike Bayer,3,0,92,29,0,0,0,0,0,0
sqlalchemy,03255a5a0fc6aa8acfff99ed9e62d58054b8b6af,1503075854,Mike Bayer,3,2,12,2,3,2,96,0,0,1
sqlalchemy,ecdd922d9627c60058833fbcc2c8c2bc06d7332b,1503178206,Mike Bayer,1,0,5,5,0,0,0,0,0,0
sqlalchemy,a0b58403205b68b5719d7c27ffb4ccc436c7e840,1503180362,Mike Bayer,1,0,1,1,0,0,0,0,0,0
sqlalchemy,ed197d4c303603f74122cbcab5c9f4ea12ff5cd7,1503181248,Mike Bayer,1,0,6,0,0,0,0,0,0,0
sqlalchemy,00309662008b8c4a66f3e008d417ff836c91004b,1503197131,Mike Bayer,1,0,2,0,0,0,0,0,0,0
sqlalchemy,cc741e1ac7fce9ce7117b4855d56e38749c04868,1503267694,Mike Bayer,4,2,48,41,1,1,38,0,0,0
sqlalchemy,64032a35ae3dbed0bd5bbdf4d07b3f0094684f87,1503269825,Mike Bayer,3,0,23,11,0,0,0,0,0,0
sqlalchemy,63d47c051d92ffa78f1006d9c9f83f1508bc358e,1503285117,Mike Bayer,1,0,1,0,0,0,0,0,0,0
sqlalchemy,97e455f21b513936b7afda760c2ab0f3c04a12fd,1503331681,Mike Bayer,1,0,2,0,0,0,0,0,0,0
sqlalchemy,a61ff195b5687b32828e1bc4d958c5cd87e94ff0,1503349992,Mike Bayer,1,0,8,1,0,0,0,0,0,0
sqlalchemy,ddefe6cf8c84a91c089100d34478b6346ed115ea,1503352526,Mike Bayer,1,0,10,1,0,0,0,0,0,0
sqlalchemy,1d82b4057ad3d2cff9e7d71176ed5ebe6f0eb3b4,1503353942,Mike Bayer,1,0,1,1,0,0,0,0,0,0
sqlalchemy,f3f6116c57c00b6e8ab6302624514b559cf2731b,1503356425,Mike Bayer,1,0,11,0,0,0,0,0,0,0
sqlalchemy,fe5eede555973044aceda038e28a190ebb483579,1503367950,Mike Bayer,1,0,6,23,0,0,0,0,0,0
sqlalchemy,e0ddf30bf65f0cc90ae3c471bf9b3aae56cbc824,1503409794,Michael Smirnov,1,1,1,1,1,1,73,0,0,0
sqlalchemy,df01130bb12f789e233c79363912322463ca1591,1503421644,Mike Bayer,2,0,21,1,0,0,0,0,0,0
sqlalchemy,4c306818396c8cc98a16a14c5ed3361cf6ff373a,1503421963,Mike Bayer,2,0,11,5,0,0,0,0,0,0
sqlalchemy,41549de9609bce90942ca6afc75978d5254c8fd5,1503424549,Mike Bayer,1,0,4,3,0,0,0,0,0,0
sqlalchemy,8b53548b9e972f243adaf5b4599b0ddd9e43927b,1503339710,Mike Bayer,3,1,110,3,1,1,53,0,0,0
sqlalchemy,2db525614371de011b2c65a41a8b342b15865f3c,1503435019,Mike Bayer,2,6,17,6,17,15,792,0,0,2
sqlalchemy,d8a80a35a0f117c7659c7a9c62e27994d3aadc01,1503440159,Mike Bayer,1,1,1,1,1,1,60,0,0,0
sqlalchemy,3f9df2b86b4a8d7912d1190aead4aa084daf802c,1503441309,Mike Bayer,3,1,68,1,1,1,42,0,0,0
sqlalchemy,827b495b8bc1c6c32ef7a872b7995abcb31a14d6,1503520390,Mike Bayer,2,2,141,3,17,6,282,11,588,0
sqlalchemy,3a5bbe4cbe12d180fba2b942d0467b46be705bea,1503668478,Mike Bayer,3,13,44,37,26,23,1029,0,0,3
sqlalchemy,f87069a3b0e9c2d79eced81a0326a9a904106dc6,1500070008,Mike Bayer,2,5,35,20,35,25,882,9,459,1
sqlalchemy,2392ae1900f112c44ed966783d1dedfb88f13353,1503689162,Mike Bayer,6,3,44,9,9,6,316,0,0,3
sqlalchemy,ec4f567f31856a92bd91144112cd29df356a8ca8,1504028222,Mike Bayer,3,0,55,0,0,0,0,0,0,0
sqlalchemy,56950a78db62d880a2f2c240c8c5873af86310c2,1504031503,Mike Bayer,4,4,25,1,24,18,838,3,118,3
sqlalchemy,43447c4254f0d1a9778911bc2d6b794760d83fa7,1504110357,Mike Bayer,1,1,1,0,1,1,69,0,0,0
sqlalchemy,3e855cd277aac8a71be31082cbc11927005f5b37,1504110211,Mike Bayer,1,1,1,1,1,1,66,0,0,0
sqlalchemy,51c24329181f8bef17348f9b3899303569d32c81,1504109994,Mike Bayer,1,3,12,1,12,6,285,2,113,4
sqlalchemy,888f112b78e1cabc73eb410ecd8133df7b5cb957,1504130767,Mike Bayer,2,2,7,7,7,6,246,0,0,1
sqlalchemy,d0470e296ea589620c94d8f2dd37e94b8f03842a,1504188262,Mike Bayer,1,1,1,1,1,1,70,0,0,0
sqlalchemy,b9b1e374bfbcece8259a4df5372ca68d45aaaf01,1504199570,Mike Bayer,6,7,53,23,20,17,693,0,0,3
sqlalchemy,c4d6596ba3dfe2674df39370bb1097df09919e42,1504207646,Mike Bayer,5,3,63,28,12,9,364,0,0,3
sqlalchemy,2efd89d02941ab4267d6e2842963fd38b1539f6c,1504024614,Mike Bayer,34,19,383,278,75,56,2854,4,175,15
sqlalchemy,3feea4503ff211cdd1f6046b4b8ae16cf0dd08a3,1504208813,Mike Bayer,2,2,41,5,5,5,248,0,0,0
sqlalchemy,65680b2343ef421a62582e23e2b35293732933ad,1504283498,Mike Bayer,1,1,2,1,2,2,98,0,0,0
sqlalchemy,919b8bc4acf8de4720e8fff5077557f366fb3fb0,1504276530,Mike Bayer,5,15,100,14,69,52,2329,0,0,17
sqlalchemy,37c5ed2ed948250d7244d1e6e17da37a27c24698,1504554814,Mike Bayer,2,4,84,12,22,16,447,6,266,0
sqlalchemy,130f31ca79c7b40b2cb8aa1a4af7049408074d12,1504556474,Mike Bayer,2,1,37,1,12,12,484,0,0,0
sqlalchemy,1e21f9c4f8984b9d0c228e49cb3fa1b03c667c25,1504541479,Mike Bayer,1,2,24,18,24,20,943,1,45,3
sqlalchemy,5ae984b946f87cc485c29c4c947a8649d4c4c422,1504921253,Mike Bayer,2,0,20,0,0,0,0,0,0,0
sqlalchemy,70be7312f10a2241cde3e6472af15ef5a9ae222a,1504920879,Mike Bayer,4,13,33,31,19,19,1078,0,0,0
sqlalchemy,e83024d3fa45973d4dc1809282588dda8ac9bfce,1504831080,Mike Bayer,3,3,3,63,3,3,127,0,0,0
sqlalchemy,db170dd4529c5176d38db649dd75427a932b47fe,1505016078,Mike Bayer,3,4,36,10,17,17,822,0,0,0
sqlalchemy,4c97ea116c3686cb03f566f16b0a0e9a9fd33968,1505099310,Mike Bayer,2,2,4,3,3,3,173,0,0,0
sqlalchemy,31f80b9eaeb3c3435b7f6679b41e434478b1d11c,1504239070,Mike Bayer,19,99,2905,2899,421,350,16975,8,369,63
sqlalchemy,70516536107a44230762206342c51239c5d85417,1505235460,Mike Bayer,2,1,27,1,3,2,94,0,0,1
sqlalchemy,01ed5c4009ce77876345107b3f8385caa93edf84,1505328809,Mike Bayer,2,2,59,5,10,6,442,4,239,0
sqlalchemy,509d19e6fd38b8e9fec1c588ec958ad1246414a1,1505226117,Spitcyn,4,3,103,2,67,45,1750,0,0,22
sqlalchemy,339416b821ed543f289fccff8f6fc9c44dbc9d23,1505488476,Mike Bayer,2,2,33,0,16,11,286,0,0,5
sqlalchemy,aed2324b4de3c4f3e6cc7f801fc8ddd8e2d9012b,1505317187,Mike Bayer,5,9,154,4,90,73,3632,0,0,17
sqlalchemy,8e219c56614b787592887aa9097d83f0f210e695,1506182920,Mike Bayer,2,2,24,5,2,2,66,0,0,0
sqlalchemy,35a1f5481a28837490037a6bd99d63590f748933,1506183596,Mike Bayer,9,41,287,133,223,172,6955,6,266,45
sqlalchemy,8e002c87b343a4e7f103cc8aef922b0e63856d29,1506407532,Iryna Shcherbina,1,0,1,1,0,0,0,0,0,0
sqlalchemy,ec1700ba29f7f15859ee6576855a4d6675265640,1506438187,Mike Bayer,3,11,92,9,52,40,2119,6,246,6
sqlalchemy,04bbad660bcbb7b920f3e75110a7b1187d9ddc38,1506384020,Mike Bayer,1,0,40,1,0,0,0,0,0,0
sqlalchemy,5abb036e9b9eba0f61cf9617dea2d879c2d5b09c,1506454384,Mike Bayer,3,3,55,1,14,10,436,0,0,4
sqlalchemy,6652f72352730df12adb93d462f309a7efe1ff1f,1506520097,Mike Bayer,2,1,27,2,4,4,134,0,0,0
sqlalchemy,944c662d8add498577d6359251d4b94cd84d4011,1506521697,Mike Bayer,3,4,73,1,35,19,1006,4,154,12
sqlalchemy,6a38697261e271b3600d8f1bbc56f663e5ee9890,1506605994,Mike Bayer,3,2,39,2,10,9,388,0,0,1
sqlalchemy,e1a923dc5ab70ed0d0a259614f9ecd6e2b78c216,1506607156,Mike Bayer,1,2,21,4,21,18,1099,0,0,3
sqlalchemy,1ec7ba52e1c7e6d232223912f154e25252fb9b92,1506613428,Mike Bayer,1,2,27,12,27,25,1593,0,0,2
sqlalchemy,21bf37f6e429276aa8cc60c1aa756e4bafa74b3e,1506616314,Mike Bayer,1,1,15,0,15,13,788,0,0,2
sqlalchemy,21ff71b0eb032d8ffd125ba7532ca2d29a206fb9,1506618356,Mike Bayer,1,0,1,1,0,0,0,0,0,0
sqlalchemy,68b52c48b775f9a99d0bc3666ebe02c54e401303,1506631648,Mike Bayer,4,2,62,6,11,11,579,0,0,0
sqlalchemy,29b752f8b24909c9c715e1b2c5e01119d1f46aa7,1503182348,Mike Bayer,6,10,97,38,49,37,1387,6,271,6
sqlalchemy,6ff05dae071fcf3213024a4004511a9bd049d1e6,1506705727,Mike Bayer,1,0,3,3,0,0,0,0,0,0
sqlalchemy,67ee56be69687a828d3998b2f6e2caccb3fe9072,1506959405,Mike Bayer,1,0,2,8,0,0,0,0,0,0
sqlalchemy,f846a789b78f977b4d7e8e16b412b07e77f2ab13,1506977409,Mike Bayer,2,1,72,67,3,2,46,0,0,1
sqlalchemy,8ba8dd23b7cbf9aa423b6aa965abc4d7174b84de,1506991856,Mike Bayer,2,4,177,0,15,10,430,0,0,5
sqlalchemy,fadebedff0049fee9575632f57561143aa8a801e,1506973966,Mike Bayer,4,6,174,20,79,51,2027,2,79,26
sqlalchemy,1281e6e6c41ad3d7240fe50f4fecab4083b79975,1507217110,Mike Bayer,3,5,41,4,9,8,405,0,0,1
sqlalchemy,4bb8397ae3a9d65bd18eb1d7c951bf5121ea280a,1507302869,Mike Bayer,2,1,45,2,8,6,270,0,0,2
sqlalchemy,2b2cdee7994d4af8dbd3dab28a5588c02e974fc8,1507561954,Mike Bayer,1,2,36,2,36,27,997,0,0,9
sqlalchemy,4fbeec9d61b6bcbb40ef931b2aa2c82bd6bc8379,1507656839,Mike Bayer,2,6,127,2,45,32,1616,0,0,13
sqlalchemy,c63658973c95996b73251e0953cf4c598cdb262b,1507758974,Mike Bayer,4,8,204,53,37,31,1488,0,0,6
sqlalchemy,9cf6ac32d605f6c0bfb485ddcfe503a8c1a7769d,1507915019,Mike Bayer,1,0,2,2,0,0,0,0,0,0
sqlalchemy,1fbed902ede72e5a663b7e685843f0a8ed250c45,1507917526,Mike Bayer,1,1,1,1,1,1,23,0,0,0
sqlalchemy,b343dc5611f0ab280f9a324948775c38b65efd1c,1508149958,Paul Anton Letnes,1,1,1,1,1,1,38,0,0,0
sqlalchemy,1de16235906e67fe112bcb31965b8f426ebccc6a,1508289799,Jan,1,0,2,2,0,0,0,0,0,0
sqlalchemy,1210f49bb5a691324a55b4c3bf4600c359f396a9,1508375820,Mike Bayer,1,0,5,1,0,0,0,0,0,0
sqlalchemy,f14a58dea4b825beb4baaef44389880927543cc4,1508524456,Mike Bayer,2,2,38,1,12,10,345,0,0,2
sqlalchemy,57f7788ec2ea0de56137c8ac6909948e2ae91489,1508530069,Mike Bayer,2,1,43,2,3,3,144,0,0,0
sqlalchemy,41cfe44b5e5806b3d3b13949e41dbb347bfa29e1,1508518795,Daniel Thorell,1,2,8,1,8,7,286,0,0,1
sqlalchemy,f34b180ca9059a74c3bf1db1b79e187c3f4b81c9,1508863225,Mike Bayer,1,0,113,142,0,0,0,0,0,0
sqlalchemy,654ca5463d2045d8dc74d7d790081f58554d796d,1508882885,Mike Bayer,3,40,401,99,247,192,10903,0,0,55
sqlalchemy,cd3db26cc90fcb896120b05e17528cc4c7c8e82e,1508513519,Ben Shen,3,7,69,14,26,17,796,3,162,6
sqlalchemy,8d318dee6cdccd0751ad8b0832774398a45f9cdb,1508958115,Mike Bayer,2,0,47,10,0,0,0,0,0,0
sqlalchemy,fd4289c5829d6498495ac59fe1dccb23b4975281,1509211738,Mike Bayer,3,2,63,0,10,2,98,6,373,2
sqlalchemy,8965f3021539f3132311d6277aab475d6c44ebbe,1509408141,Mike Bayer,1,2,8,0,8,6,391,0,0,2
sqlalchemy,5acc9b149a4f7c44b8e7fbe926c0c5de8f13b2c4,1509464050,Nicolas CANIART,2,1,2,1,1,1,49,0,0,0
sqlalchemy,5d1a718214eb67d3bd25d62ae1570b09a7a22993,1509644443,Mike Bayer,2,3,5,4,5,4,193,0,0,1
sqlalchemy,152522b3f28de290d9ea2903fa2c414b8579515a,1509645214,Mike Bayer,1,2,13,1,13,11,514,0,0,2
sqlalchemy,75bdcd096f12012bf45cffebd597c33b501c2ef2,1509734718,Mike Bayer,6,32,57,55,57,52,2936,0,0,5
sqlalchemy,e6b290df2774efbafaea8374b27f72eb712853e9,1510200877,Jacob Hayes,1,1,1,1,1,1,62,0,0,0
sqlalchemy,3937fc7dfc0f000505ff181ebb8e6b432f116231,1510530281,Mike Bayer,4,9,170,15,56,47,2149,0,0,9
sqlalchemy,4f054550b768985f1c3393e46e0fc26bfefeeaf6,1510582908,Mike Bayer,2,6,24,8,7,7,430,0,0,0
sqlalchemy,da8ff6a7d896cf5bccf52160bff6b4d91b5d186d,1510787363,Cleber J Santos,3,5,17,2,16,10,376,0,0,6
sqlalchemy,d507ea00a9523cf5dc00a7c663ed4a44d1fdddcf,1510787465,Lele Gaifax,2,2,4,0,4,4,58,0,0,0
sqlalchemy,e447582b8575eaf165f02864a4b0b977930b3a52,1512152543,Mike Bayer,5,2,83,1,6,6,311,0,0,0
sqlalchemy,e6438cf8c3d2200262815840ac597d3f4a22e944,1512406574,Mike Bayer,2,2,46,2,12,10,306,0,0,2
sqlalchemy,36d0a27770efdebb0b1891083cb72d8ac65c4788,1512423620,Mike Bayer,3,1,31,1,2,1,60,0,0,1
sqlalchemy,8ab652c6cb48ca6e157233aa3a23049e318d9d2b,1509721908,Mike Bayer,2,5,199,3,22,20,943,0,0,2
sqlalchemy,d12b37f90ef538300f8ebb454eec75beccbe929f,1509379309,inytar,16,15,418,14,161,136,6148,0,0,25
sqlalchemy,5e8396a60ed69341b1e73ac415c7cd6dceec0c8a,1512587562,Mike Bayer,2,1,15,3,1,1,37,0,0,0
sqlalchemy,1cbaff643f8d524fc0f7b347f659d18a67884f16,1512595351,Mike Bayer,2,1,22,1,2,2,113,0,0,0
sqlalchemy,31dd4824d33572b708abd331b3271a298d14966c,1513277938,Mike Bayer,2,12,33,18,28,24,1115,2,78,2
sqlalchemy,a5d027ab665585f65581fdc6fd2bd00874d3c714,1513353378,Mike Bayer,3,3,58,25,12,10,502,2,89,0
sqlalchemy,756d5782870029f2d97b1aa171abd61dbf4cbcb4,1513349819,Jacob Hayes,2,1,4,1,1,1,64,0,0,0
sqlalchemy,50d9f1687a6e0c3ce9b62fe98b76b25af7b20c11,1513264850,Mike Bayer,13,39,322,177,112,101,4443,5,249,6
sqlalchemy,6498e7a8fd634e824038303b3d182a3d1d801652,1514315907,Mike Bayer,2,4,4,4,4,4,138,0,0,0
sqlalchemy,064f82986ca3573b124fc88518e99d3d43874b61,1512774520,Mike Bayer,5,29,156,25,87,66,2398,2,114,19
sqlalchemy,fdece0a0cc5a614cef7073979afb097a6d9b6b45,1514391204,Mike Bayer,1,0,2,2,0,0,0,0,0,0
sqlalchemy,51f404b44892ec04b423e491f47a01850dfd38a1,1514405445,Mike Bayer,1,1,1,1,1,1,21,0,0,0
sqlalchemy,435aaff20effbc914bbb4d19f177df3c1f5f15ab,1514567210,Mike Bayer,1,0,3,1,0,0,0,0,0,0
sqlalchemy,1bfe2230e485a10ebed86b8833932e4262b2afd4,1514928849,Miroslav Shubernetskiy,1,1,1,1,1,1,65,0,0,0
sqlalchemy,dcf66590d2d4dda35cdb2db25755de4fb1cd84a5,1514933805,Mike Bayer,2,1,43,1,1,1,67,0,0,0
sqlalchemy,1071c3040c9adde19ea587265198921c69694925,1515080436,Mike Bayer,2,0,0,10,0,0,0,0,0,0
sqlalchemy,43c7c4f347fa6a5a6493bd03e2233fd5d14aee9e,1515080693,Mike Bayer,2,0,12,0,0,0,0,0,0,0
sqlalchemy,5811276bb7515af3418a6d20f5213d658e320121,1515092972,Mike Bayer,2,4,38,4,10,4,214,4,182,2
sqlalchemy,127ead7452f326509cde38fcf7c9f38f69d9ae0a,1515103135,Mike Bayer,2,1,103,1,11,5,127,5,233,1
sqlalchemy,80a2241ec03efdd8ea34101ee981a3b9e9ae58c1,1515445523,Mike Bayer,4,1,26,4,1,1,73,0,0,0
sqlalchemy,cdd090b11e14b7e1b33a3f836809093ffa99209b,1515558923,Mike Bayer,1,0,10,4,0,0,0,0,0,0
sqlalchemy,4332b970c9ec0b32170b1206b965fa7eb5d62a3f,1515616053,Mike Bayer,2,1,81,0,1,1,34,0,0,0
sqlalchemy,fa2f0c93e6d5be42b21aaf3c63290a276ae4cb75,1515184954,Mike Bayer,3,0,32,11,0,0,0,0,0,0
sqlalchemy,ab2165e6d6e9b33f772e9eb3668b3e32175093c4,1515182783,Aubrey Stark-Toller,2,1,55,17,22,18,753,0,0,4
sqlalchemy,a216625bd03313e85f8063c2c875730e15edc4a4,1515557020,Mike Bayer,3,8,162,9,18,14,673,4,203,0
sqlalchemy,7402987fd218c42ed2a909a5031186d2b702bb88,1515554279,Mike Bayer,9,8,136,7,23,18,828,0,0,5
sqlalchemy,699272e4dcb9aa71ebbc0d9487fb6de82d3abc2b,1515785033,Mike Bayer,173,155,173,173,155,0,0,155,10088,0
sqlalchemy,c3fe4b585bb6e3d238dc3283030f1f0c011cdc8d,1516026052,Mike Bayer,1,0,1,1,0,0,0,0,0,0
sqlalchemy,f9fbace89dee6a43b3e8ab1b50daa30caaacab79,1516026264,Mike Bayer,1,0,2,2,0,0,0,0,0,0
sqlalchemy,92cabe2d8803c5f4aa3e627ef131ffa765ddc1c6,1516027819,Mike Bayer,1,1,1,1,1,1,21,0,0,0
sqlalchemy,42cf8ea91d2604a3b705e9f8eccbaf5e212ca572,1516125737,Mike Bayer,1,1,2,1,2,2,84,0,0,0
sqlalchemy,ff4898fd42d0b6f5166b1c41a71adafd0d9fed40,1516124489,Mike Bayer,1,3,2,2,2,2,81,0,0,0
sqlalchemy,afb121b0af8bd8a08f02031b5cf443b72dac952b,1516225130,Florian Apolloner,1,0,7,4,0,0,0,0,0,0
sqlalchemy,e46883e27e7e032915df64e51a53648570a74e07,1516228236,Riccardo Magliocchetti,1,1,4,2,4,4,285,0,0,0
sqlalchemy,8250a4248fceaa3f4fbaebea3ff6a7f626299659,1516834984,Mike Bayer,2,14,82,31,82,68,3311,0,0,14
sqlalchemy,907c3dc1954d35cad50d9db4f652586e1066ed5d,1516832830,Mike Bayer,3,1,40,13,0,0,0,0,0,0
sqlalchemy,4e2d825c63869a36aa3fbbca4550717a2e48e56f,1516810187,Mike Bayer,3,27,133,57,61,42,2250,10,525,9
sqlalchemy,0db496e2b8d236d0f372784877a29858996f3fd3,1516847076,Mike Bayer,1,0,2,2,0,0,0,0,0,0
sqlalchemy,9b08318077e75cb30106045edd03da97fe3d953c,1516847447,Mike Bayer,1,1,1,1,1,1,21,0,0,0
sqlalchemy,bc9cdd5de0781b93f9cf581f1c5e0d96179ad12e,1516889861,Mike Bayer,1,1,10,5,10,10,712,0,0,0
sqlalchemy,5fac520b2a1d168387319548c6674d89928f0067,1517076150,robin,1,2,2,2,2,2,63,0,0,0
sqlalchemy,606eefa5c64e14e83d81e449ca46b1585e69e800,1517267239,Mike Bayer,3,1,43,1,4,3,72,0,0,1
sqlalchemy,3d60b4158ee1485f3c5510796bd19042292eedd5,1517345490,Mike Bayer,2,0,9,1,0,0,0,0,0,0
sqlalchemy,a721e7083f3a824c4503b78d83e58f2235cd4991,1517582185,Mike Bayer,3,2,70,1,5,5,271,0,0,0
sqlalchemy,56ff3c5270b4393c1ae800756f3619583a0fb255,1517604390,Mike Bayer,1,8,58,12,58,48,2639,0,0,10
sqlalchemy,00570a6ac9453a48b06ca094de6e0502c3b73fa5,1517839388,Mike Bayer,8,22,59,42,41,29,1270,3,51,9
sqlalchemy,2826484206b9211062d6228afea3f5d25ddc6030,1517840747,Daniel Knell,2,4,22,8,8,6,227,0,0,2
sqlalchemy,d53533fbd12b2cbb91cb35613be25735a50a6d66,1517839650,Miroslav Shubernetskiy,4,7,50,29,29,28,1169,0,0,1
sqlalchemy,2bc7dfebe6dd708573fcc08b769241b36d675588,1517950063,Mike Bayer,3,1,10,6,7,6,206,0,0,1
sqlalchemy,4065352c7e9779cfeae34f01073ef6c43aeae488,1517958807,Mike Bayer,3,11,148,56,46,25,998,12,552,9
sqlalchemy,a54b3bb0a8a3a33c4c68349484ef4f3dc915416e,1516225079,Jon Snyder,5,7,122,9,24,21,1318,0,0,3
sqlalchemy,ea3fd424957620ae6a93b5e65d6a4bc7b4048ab7,1518126416,Mike Bayer,1,1,1,1,1,1,75,0,0,0
sqlalchemy,cf64e2574cfdd29aaf9b60bbd1b18e026e18049a,1518129559,Mike Bayer,1,0,6,1,0,0,0,0,0,0
sqlalchemy,1e6b9b04de9fffdca9a76e9b9a3b05c98d4a84b2,1518119549,Mike Bayer,3,4,72,6,9,9,375,0,0,0
sqlalchemy,c3ec789ecdd4e33786b8ac0f1ccdf155c15eda9d,1518099399,Mike Bayer,2,3,53,2,17,12,653,0,0,5
sqlalchemy,650b9eddae0eb198c8f8dc2d1e1e3c6ac53b18f3,1518210751,Mike Bayer,3,7,228,13,70,48,1757,8,384,14
sqlalchemy,8607ae51fc5b74c181cdde6b89ade3ee30c12dad,1518471939,Mike Bayer,2,1,35,0,1,1,53,0,0,0
sqlalchemy,15ea75981305fdad8286f6803671b864ccda13f2,1518552713,Mike Bayer,5,6,164,8,37,30,1222,0,0,7
sqlalchemy,2f03ec08b5a1c633133c0a38d82b05eb83708f69,1518710987,André Cruz,1,1,1,0,1,1,57,0,0,0
sqlalchemy,283a969d68688018abee04fde479a6fd8495b6f6,1518734568,Mike Bayer,3,3,97,7,28,20,951,6,362,2
sqlalchemy,c94e4d888a87b82c062c5ecb9d97fca89bfdde12,1518822810,Mike Bayer,1,0,14,18,0,0,0,0,0,0
sqlalchemy,0b11ce6656055b1edbd8add5b02f2eb62ffd0a4d,1518822947,Mike Bayer,1,0,2,2,0,0,0,0,0,0
sqlalchemy,20aee85b44cb8847aedb4196dc720a7feea0f584,1518823327,Mike Bayer,1,1,1,1,1,1,21,0,0,0
sqlalchemy,1393eac44c49299e733a5181f387ba140aaa3e44,1519077582,Mike Bayer,3,1,70,0,3,2,42,0,0,1
sqlalchemy,66a246bd31730d53fb6b0e606d67ea4247f5e56c,1519146957,Mike Bayer,2,1,33,1,6,4,128,2,98,0
sqlalchemy,8ab7c9639881e75eb93014438d30cc7208d3f796,1519229769,Mike Bayer,2,1,85,1,2,2,103,0,0,0
sqlalchemy,b6e4a16809744255213a4598dc49a9cff9738b0b,1519326974,Eric Atkin,2,1,44,1,2,2,120,0,0,0
sqlalchemy,d5745e3595738b3c17d7b8622f30a49e9bd8c668,1519333042,Mike Bayer,1,0,2,2,0,0,0,0,0,0
sqlalchemy,680ffffe9cc60deaeb340fc8339ec7dddd14db3d,1519333534,Mike Bayer,1,1,1,1,1,1,21,0,0,0
sqlalchemy,d746ea9579238d41c66f173e5c39d561d094f7f8,1519346844,Mike Bayer,2,1,186,123,1,1,69,0,0,0
sqlalchemy,3859256312c8114ca7104f59c90f68623893a630,1519412117,Mike Bayer,2,1,31,2,2,2,95,0,0,0
sqlalchemy,4a31c30fa5ebd6af0e72937b21b2e5ee79e12631,1519606477,Mike Bayer,5,7,147,22,63,52,3183,2,101,9
sqlalchemy,5f60dc649cde2525f5eb1e7008a75304603b751c,1519919139,Mike Bayer,2,11,256,50,56,51,2462,1,53,4
sqlalchemy,a833c9f7012cb8dd31001443eb745819f5e6dcf8,1520005542,Mike Bayer,1,2,5,3,5,5,301,0,0,0
sqlalchemy,ea36338b2e5f621287e9890deeffb6c5f6ff0874,1520009932,Mike Bayer,1,3,11,0,11,7,417,0,0,4
sqlalchemy,15c458d349f30af8e08b0d1fb268a968753481de,1520019663,Mike Bayer,2,1,4,4,1,1,23,0,0,0
sqlalchemy,6ec0f97e37140666a929c36de45802c12a0f76a5,1520021288,Mike Bayer,5,6,24,38,24,16,531,5,276,3
sqlalchemy,7300469f71f161d47795dcf7415d5a22db8e2ef0,1520267610,Mike Bayer,1,1,2,1,2,2,37,0,0,0
sqlalchemy,08a8e8cf3b06ed9eb4003f5727a3551d2b479509,1520279280,Mike Bayer,2,4,44,13,12,12,600,0,0,0
sqlalchemy,9a13f007e2342def94cc7362eeadd5ec8c988340,1520303778,Mike Bayer,3,1,87,2,1,1,58,0,0,0
sqlalchemy,611f7f4e94026926c8c85717e1a2d481bd2c5657,1519851638,Eric Atkin,3,3,35,1,13,10,405,0,0,3
sqlalchemy,c4fcf556528e787b1b3930671bf990538a8514d6,1520456587,Mike Bayer,1,1,4,1,4,4,204,0,0,0
sqlalchemy,4982a250a9b22795b47caf5fc42225689c1da919,1520458046,Mike Bayer,2,2,20,3,2,2,146,0,0,0
sqlalchemy,0fd508ad32a6f94653757a5ae10c1eae14e099fc,1520873452,Mike Bayer,2,2,26,0,4,4,112,0,0,0
sqlalchemy,ef2859bbc8bb8104bf4e429a52efb50a712d834a,1521039883,Mike Bayer,3,5,54,2,9,6,333,0,0,3
sqlalchemy,37955a52995cdbb66a9d5835c20ee58fb98ddffc,1521640786,Mike Bayer,2,2,16,2,3,3,136,0,0,0
sqlalchemy,c5437296713288cbfcd323032ca48a75a97e10e5,1522252727,Mike Bayer,2,5,37,4,8,7,268,0,0,1
sqlalchemy,f55c4f6bd2cb2f2b18e62159361ce7ecb5897396,1522423350,Mike Bayer,3,5,38,4,7,5,232,2,87,0
sqlalchemy,0174d698a8ed155b51cc44c503b10bc67b16dfc9,1521118847,Vsevolod Solovyov,2,3,32,1,12,8,312,0,0,4
sqlalchemy,9f986ce10c6755af3f347a56f9ea03e0e2c5943e,1522682708,Sebastian Bank,3,5,57,3,17,11,460,0,0,6
sqlalchemy,e1ac5dc63cc13cfbabe0ec7fbb3521bfb1b7b750,1522784100,Mike Bayer,2,1,143,68,5,5,197,0,0,0
sqlalchemy,b4eb29253cb29a069973503f36d1103d4a18311c,1522863388,Mike Bayer,6,4,41,6,4,4,165,0,0,0
sqlalchemy,036cdbe7fb2d651ba5fbbc758c8584df011c8043,1523029155,Mike Bayer,3,3,94,4,7,7,301,0,0,0
sqlalchemy,6ca11d1b6a9f7743d684c83f2ecd29ea446e362f,1523460080,Michael Williamson,1,6,6,6,6,6,247,0,0,0
sqlalchemy,9d5e117f6fcc38d8773bc943c615888dc8a3a819,1523453340,Mike Bayer,4,1,101,5,1,1,75,0,0,0
sqlalchemy,a3473c08d35e2cce32b014519df5f774c0166cf1,1523481686,Kent Bower,2,2,51,4,5,5,207,0,0,0
sqlalchemy,5d5b9fe63d6d416bf21969bd1c27c1e1a754a2d3,1523887573,Pat Buxton,1,0,3,3,0,0,0,0,0,0
sqlalchemy,6c2a1e1760867ca2818780b3bd1242ba24e45e64,1523985733,Mike Bayer,5,12,124,5,46,32,1356,3,202,11
sqlalchemy,4f2d0913fe4fe4f5182f85903a6b3be65ac4fd94,1524172052,Mike Bayer,3,1,86,6,8,8,361,0,0,0
sqlalchemy,887636beb14235fb56af8e361d07d96de7ea152e,1524242527,Mike Bayer,1,0,3,3,0,0,0,0,0,0
sqlalchemy,e6e1c02c96b077700187420019194989ea55a646,1524245505,Mike Bayer,1,1,31,0,31,22,986,0,0,9
sqlalchemy,c8bb359b7406b70cf964f8b3ed6a25bb0603ad5f,1524246798,Mike Bayer,1,0,2,2,0,0,0,0,0,0
sqlalchemy,65ba2606be7f0eef2736270a099940ab2c218c4d,1524249292,Mike Bayer,1,0,6,0,0,0,0,0,0,0
sqlalchemy,43f278356d94b5342a1020a9a97feea0bb7cd88f,1524239049,Mike Bayer,6,35,187,48,144,119,5865,9,467,16
sqlalchemy,30b02003a70f37aa83e20de6229afe2a3600b648,1524664440,Olivier Grisel,2,1,51,5,3,1,51,2,118,0
sqlalchemy,7541d9b258e4d0c115d6160592ac7e17f8fd50cc,1524855921,Mike Bayer,2,0,778,0,0,0,0,0,0,0
sqlalchemy,453cdfd75688e869637f0bbd171594e1fe7b6a39,1525102308,Mike Bayer,3,2,310,3,10,4,221,6,365,0
sqlalchemy,4b71933489cae21ad94b71b0bc7271c075ad0dda,1525365323,Mike Bayer,4,10,70,7,19,19,784,0,0,0
sqlalchemy,70f8f6a169daa3e4f25f2b6983ff4750443a8307,1525556577,Mike Bayer,5,0,246,72,0,0,0,0,0,0
sqlalchemy,513a6e5bcea5dccabaf86166906233542a4669e7,1525611722,Mike Bayer,1,1,3,0,3,2,159,0,0,1
sqlalchemy,bd1d6012dcbe5fbc6d1097a79d85b972b0d4fd8a,1525966746,Mike Bayer,4,3,47,2,5,5,257,0,0,0
sqlalchemy,29ce87273e3f66797d87edc9673fd3868e28249a,1526044750,Mike Bayer,2,0,4,2,0,0,0,0,0,0
sqlalchemy,dada909a1009ad2f77063752ac8c13a7808dd916,1526415351,Mike Bayer,2,3,40,3,6,6,288,0,0,0
sqlalchemy,2e46f73f35b9036287f5f567c09a8cb786fe5fd3,1526498185,Mike Bayer,1,1,1,1,1,1,61,0,0,0
sqlalchemy,3fa38a1a2313b4644daa431d629394d6bb14497a,1526483817,Mike Bayer,4,12,101,28,28,24,1294,1,44,3
sqlalchemy,0b0b58c938c6a38fccc3e0ba59876b3b6b4f8009,1526331418,Miguel Ventura,2,1,16,4,1,1,61,0,0,0
sqlalchemy,2c7f2954f793cbb4d991a870c1f725fc98e2e83f,1526502700,Mike Bayer,2,0,183,2,0,0,0,0,0,0
sqlalchemy,d2bacad469c0b07cc707b563e37e835abcf96eb8,1526601421,Mike Bayer,2,0,17,1,0,0,0,0,0,0
sqlalchemy,c7ae04d1c5c4aa6c6099584ae386d6ab9ef7b290,1526662300,Mike Bayer,3,7,104,20,22,21,980,0,0,1
sqlalchemy,6c27bf5048fc7335a1d1fdd49b651b1a164b8e32,1527106968,Mike Bayer,6,19,211,51,64,46,2199,3,118,15
sqlalchemy,2ac7cad7179ff594d8bb3df9856c891bf4e51097,1527443120,Mike Bayer,2,3,107,43,48,44,2163,0,0,4
sqlalchemy,5628da627c4f248a817eafd72ecdf4793809f68d,1527890051,Mike Bayer,2,1,70,1,21,1,30,19,1020,1
sqlalchemy,a574b409296ef793cec8e1d00f1f7be48f15325e,1527526994,Mike Bayer,7,10,189,24,42,34,1672,0,0,8
sqlalchemy,006da86a398f98b899c04bb9e4eee2e9a4cf10d4,1528317334,Mike Bayer,4,6,365,57,68,58,2506,5,233,5
sqlalchemy,7ab8d604584972678b234836fae726207a24ba65,1514383363,hendawy,1,1,1,2,1,1,70,0,0,0
sqlalchemy,58540ae93db30fb12f331587c32bb2d76db79ab3,1528919975,Mike Bayer,2,4,59,4,13,11,445,1,28,1
sqlalchemy,8f7766cc61479f3c9220c640230eeecd3d49ccc8,1529031381,Mike Bayer,2,1,34,1,2,2,112,0,0,0
sqlalchemy,8581059c3a7a8a2bdce16f3637d27ec14dad03d8,1529078667,Lele Gaifax,1,8,8,8,8,8,544,0,0,0
sqlalchemy,cca5482221c0e94955a3d30162e0fe942adf5424,1529078770,Lele Gaifax,1,1,1,1,1,1,79,0,0,0
sqlalchemy,e0dd82f26703f56e5fda7fb6deb579d1f96ecab9,1529078804,Lele Gaifax,1,7,10,9,10,10,357,0,0,0
sqlalchemy,3619edcb8aa3ceef2a44925b85315fc0e90c5982,1529029020,Mike Bayer,11,5,286,9,11,9,440,0,0,2
sqlalchemy,ef78334c0f48ac6ef3390010ba93f6c1a0fa0a77,1529358149,Mike Bayer,1,0,2,1,0,0,0,0,0,0
sqlalchemy,7d2a581a58e9ca4ffbcb39a384ba6950a966de7a,1529900634,Mike Bayer,2,1,45,1,3,3,127,0,0,0
sqlalchemy,c99345ee9994c3ea2a5e6536cc3365f18d017cc1,1529859998,Mike Bayer,9,13,69,67,25,22,1362,1,65,2
sqlalchemy,e2913f65c4e5720394105584c69e7b9e8c2d373c,1529331176,Mike Bayer,2,4,73,9,12,10,384,1,23,1
sqlalchemy,40a5d0a4b006780167976b296984eb9790f3df7f,1529855225,Nils Philippsen,1,0,1,1,0,0,0,0,0,0
sqlalchemy,f683ddf16b34513d9f589202f2cdff9d0e0fad6b,1528928001,Mike Bayer,2,1,112,0,7,5,299,1,46,1
sqlalchemy,f243c00dda1484da97e706b7237670cdce6f10b9,1529895006,Mike Bayer,3,4,178,5,10,9,363,0,0,1
sqlalchemy,c270efdfb38a266ac042be2a0d11b6ff7e5ee619,1530046431,Mike Bayer,4,15,147,17,132,104,6081,0,0,28
sqlalchemy,83750628d180b9b9e5a6ae9a2ecb3a001553cb81,1530130103,Mike Bayer,3,5,62,4,54,38,1698,5,171,11
sqlalchemy,536d5187a038a44aec624dd2a99792f49dec82ed,1530200942,Mike Bayer,2,11,73,13,73,65,2995,0,0,8
sqlalchemy,9d2dc7911b7767b97814479d228072b6f566a864,1530210794,Mike Bayer,2,3,66,2,3,1,66,2,98,0
sqlalchemy,b694a309e89e7c3e57e83dd10e9a75c66672c396,1530216267,Logan Rosen,1,1,1,1,1,1,41,0,0,0
sqlalchemy,ca94ea8ab583f8ab366ee5971bfc1bdd96e54cc9,1530282417,Sean Dunn,4,2,49,0,4,4,240,0,0,0
sqlalchemy,c7d364b385e6c4605c50d0ee9264dfac0bc84dde,1530397825,Mike Bayer,1,1,3,0,3,2,139,0,0,1
sqlalchemy,aec57258b3b33fe070ebb54f31f1627db07f072b,1531091436,Mike Bayer,2,2,55,3,4,4,211,0,0,0
sqlalchemy,9700eb126b05cee7dee39cac784242d411e6c3ea,1528921163,Mike Bayer,7,5,1570,1507,1567,1178,50707,46,1905,343
sqlalchemy,bd3255760b24bf9f3772415afd2e87c7a12a91e6,1530549272,Maxim Bublis,3,4,32,1,32,29,1003,0,0,3
sqlalchemy,f34f634824da18a71f3c898a2e19e19e5f26bede,1531175052,Mike Bayer,4,6,88,2,24,21,794,0,0,3
sqlalchemy,f7076ecf361f276f5ddb81f80931e5c88215e8ca,1531165634,Mike Bayer,5,7,239,3,114,84,4217,0,0,30
sqlalchemy,321265aa3b6a8aeb275dd570756a5826bd8f88b2,1531256421,Mike Bayer,1,25,36,7,36,31,511,0,0,5
sqlalchemy,62d59088dfe86d7ecabd85ad626ee108b668acc5,1521123493,Ilja Everilä,6,11,177,7,111,77,3245,6,367,28
sqlalchemy,532566ba1f28ff8a6afa6eacc10c59eb918501f6,1531230081,Mike Bayer,4,4,100,6,11,4,175,5,332,2
sqlalchemy,aaa60cd17e5d883f954f8510744408cf565460ee,1531280825,Mike Bayer,3,4,85,3,36,27,1339,0,0,9
sqlalchemy,9f09b6ef1807574a1fa9d155d5a80dba455285fd,1519836617,Mike Bayer,2,4,23,12,11,9,554,0,0,2
sqlalchemy,cfe0bfd911fc318c47f52bf8ac3ddb972c5ed86a,1531450501,Mike Bayer,1,0,5,1,0,0,0,0,0,0
sqlalchemy,2fdf26020878edcbaa7792a869b3d45b715cc05a,1531501101,Mike Bayer,2,1,40,1,1,1,62,0,0,0
sqlalchemy,fb377229cd4c4e503bde9c44b78d30ad48f3cf7e,1531585589,Mike Bayer,3,1,43,14,1,1,19,0,0,0
sqlalchemy,5469dd1b8f19960a319464327bcd2425f31543bf,1531924852,Alex Rothberg,1,0,1,0,0,0,0,0,0,0
sqlalchemy,893eac06e511f3765c0c89bab76d7933d83ffccc,1531750255,Phillip Cloud,2,3,32,2,7,7,246,0,0,0
sqlalchemy,65469442ad30b97d5901347e0a5a64f3179f765d,1533140013,Mike Bayer,2,9,55,46,13,11,426,0,0,2
sqlalchemy,1c32206120b1a6555f8bb7a20a0c4c53ea2f52a8,1533140842,Mike Bayer,1,0,19,10,0,0,0,0,0,0
sqlalchemy,a51b0528d3dca59e655e4d19b50bb271015f8196,1533088787,Nathaniel Knight,4,5,14,5,13,7,253,2,103,4
sqlalchemy,85dd7668530612e2cf7de7f575d68fc7c683a988,1531151678,"Korn, Uwe",2,1,10,1,3,2,103,0,0,1
sqlalchemy,19cd4d4bc01d6176a23c72d37634c8ee4acbac40,1533139319,Mike Bayer,4,10,343,7,32,27,1231,2,98,3
sqlalchemy,75d48e65eaac9e97283bb14fdec54a143d9997f1,1533147169,Mike Bayer,3,1,41,5,4,2,54,1,82,1
sqlalchemy,abeea1d82db34232bbef01e98fa4d1de0f583eb6,1533404707,Mike Bayer,3,6,146,15,15,13,646,0,0,2
sqlalchemy,b17fa2513e412b8f9aa1f62c0acc7fa3805e632b,1527269242,Nicolas Rolin,9,8,130,16,32,22,963,3,149,7
sqlalchemy,f03c7918796e1080d971a9c03943962478be4caf,1533682745,Mike Bayer,4,5,230,18,43,34,1520,0,0,9
sqlalchemy,82dfcf43de1d1647306ee2840b79be4f9df7588a,1533836043,Mike Bayer,1,1,4,0,4,2,64,0,0,2
sqlalchemy,dfa47b454a1d873b5746263f638d757c70edd3e1,1531937167,Maxim Bublis,3,14,144,14,94,70,3261,5,270,19
sqlalchemy,462ccd9ff18d2e428b20ec3f596391a275472140,1534367474,Mike Bayer,5,13,65,3,32,24,1071,0,0,8
sqlalchemy,9a5be7bb92de692c13215ea9b336c831400d5a5e,1534365390,Mike Bayer,3,0,63,8,0,0,0,0,0,0
sqlalchemy,4c931b2ec7e0f09ac8c3ebe28c794f5858d54efb,1534520250,Mike Bayer,2,10,136,10,45,33,1323,5,208,7
sqlalchemy,c3869f23836bd35d5ed565a4b84b4ab70293c0f7,1534548320,Mike Bayer,1,4,39,12,39,27,1817,2,22,10
sqlalchemy,3e2f61c439dab76133a49b7a16b03bf4071d4c4c,1534731599,Mike Bayer,3,4,84,4,8,8,394,0,0,0
sqlalchemy,32ce703a98eba8a7685e609b4a7ca86b79dd0904,1534899544,Mike Bayer,2,2,38,1,3,1,45,1,45,1
sqlalchemy,52a3f5b7635583ae6feb084b1db654b9c65caec2,1534950834,Mike Bayer,3,4,42,3,5,5,262,0,0,0
sqlalchemy,469931514a1517dde82ba56f780c3007c66d5943,1534972728,Mike Bayer,2,1,8,1,1,1,73,0,0,0
sqlalchemy,1b5393db36a6c4353d41c7065b29a377d7c3b9b2,1535039713,Mike Bayer,2,1,171,4,3,2,54,0,0,1
sqlalchemy,626356842d77d4ec6427b3bfc04bdff93d24d246,1535042426,Mike Bayer,5,5,69,3,23,11,506,5,217,7
sqlalchemy,fb9f4c4d44947d29ac87f4f87b5cb2d21fa18386,1535305812,Hugo,1,0,7,0,0,0,0,0,0,0
sqlalchemy,c09b07fbb36ac288d32221349b019b490efc9ff3,1535301359,Mike Bayer,2,5,43,4,17,14,799,0,0,3
sqlalchemy,b1aa737a05bb34c96283628e69948eac3d413641,1535379495,Mike Bayer,1,2,5,4,5,3,145,0,0,2
sqlalchemy,d3dee71c24eabf60e67ecbc6b42d31a38d493105,1535382664,Mike Bayer,2,1,28,19,1,1,34,0,0,0
sqlalchemy,90a772b19339b97517bc46f016122341528e440a,1535395919,Mike Bayer,2,4,82,12,82,53,2752,0,0,29
sqlalchemy,b601051b217c435934cd41011c8a47de4c783e09,1535382468,Mike Bayer,2,2,111,0,51,38,1876,0,0,13
sqlalchemy,cbd661e0cdfdba98663ae542c6af2863fc30ae09,1535202862,Alessandro Cucci,2,4,68,3,17,13,677,0,0,4
sqlalchemy,d8bb208a85f6366c58426a85b3d4ec1d6e43ac6c,1535482685,Mike Bayer,2,5,18,20,18,17,1037,0,0,1
sqlalchemy,081d4275cf5c3e6842c8e0198542ff89617eaa96,1535663578,Mike Bayer,4,0,25,14,0,0,0,0,0,0
sqlalchemy,71b01adc7b31baab7bbcf40123633b87ee53bf64,1536245049,Mike Bayer,2,7,47,36,42,36,2322,1,5,5
sqlalchemy,35a458c7822a8071a61da84fce021fb42cd9b086,1536274692,Glyph,1,1,1,1,1,1,52,0,0,0
sqlalchemy,67a2cd92295bef55d914a5c560b4cead5d456837,1537207546,Mike Bayer,1,5,27,5,27,21,1010,2,133,4
sqlalchemy,505941259e4e7181a176e74b3de0b7d96c444e29,1537199090,Romuald Brunet,1,1,7,0,7,2,42,3,183,2
sqlalchemy,43f2c66ea7413cc0aaf6ca040ad33fb65ca4412d,1537198732,Mike Bayer,3,5,236,1,10,4,172,3,173,3
sqlalchemy,b64a3dd87a4204ce6d4f2793a7a3f7fbf72eb01f,1534863285,Taem Park,5,9,122,5,45,31,1618,3,45,11
sqlalchemy,33fccc486111fc6b41eab651cc7325c83099ad45,1537378224,Samuel Chou,2,4,50,9,13,10,478,0,0,3
sqlalchemy,fb991a4474fa0d4df69af10a808fe234016c6a52,1528926531,Mike Bayer,5,22,216,111,112,96,5046,0,0,16
sqlalchemy,a6419eeb3c8699d6d0261871f7d46191c553081f,1537790504,Agam Rafaeli,1,5,6,5,6,6,268,0,0,0
sqlalchemy,0737f45d4ff8fdb2e12972cc58c18345e4d6dde2,1537886320,Mike Bayer,2,2,24,2,1,1,66,0,0,0
sqlalchemy,b7ba3f0d9395236cbf05f830d82f6494163d1dfb,1537888301,Mike Bayer,2,3,38,2,13,11,476,0,0,2
sqlalchemy,fe8ddb71d98f9f8b5e8e5bcf54b4208a1dfad2fd,1538002364,Mike Bayer,3,2,57,46,1,1,65,0,0,0
sqlalchemy,2d2fa49130249f757f6f1100dad879e1071ad385,1537806234,xtreak,5,8,8,11,6,6,375,0,0,0
sqlalchemy,6446e0dfd3e3bb60754bad81c4d52345733d94e3,1519755310,Mike Bayer,4,46,298,173,220,179,7644,9,388,32
sqlalchemy,fc5dbc30168710ef20c467a54610979cd06a58c7,1538120430,Denis Kataev,1,0,2,2,0,0,0,0,0,0
sqlalchemy,313879d6adedd4fd2a07a4ec30530766f3016885,1538416839,Mike Bayer,3,2,30,1,6,2,114,4,164,0
sqlalchemy,f1ca155cea10e32fec3dfe9fdae6674ee81c0ef4,1538425413,Mike Bayer,2,2,48,2,3,3,169,0,0,0
sqlalchemy,b171a2ed0351aff755c34ca9cf51e8e33c2df95e,1538426090,Mike Bayer,3,3,27,2,4,4,185,0,0,0
sqlalchemy,11947c3f1fce71a8b383eb1fc9af28a0ee0fdb80,1527882625,Mike Bayer,2,5,167,10,4,4,165,0,0,0
sqlalchemy,cacc3c2057ab14faaf6c5b679bb2dbb6f8b98f8e,1537378823,Joe Urciuoli,1,1,1,1,1,1,70,0,0,0
sqlalchemy,56fb68ca8620a211ca29b3d47d649dfa332d354a,1538516984,Mike Bayer,2,4,98,1,53,41,1662,3,118,9
sqlalchemy,aa2128427064a2bdeaeff5dc946ecbb3727c90aa,1538577638,Mike Bayer,7,9,87,10,45,41,1614,0,0,4
sqlalchemy,681bd7eb8876c8b83912b8307b2fc7500a11e6f0,1538665961,James Owen,1,4,29,1,29,18,863,3,76,8
sqlalchemy,3081269e6f1fc51d8d5cfc5120dd10ee2872e871,1517963455,Mike Bayer,5,4,120,14,52,40,1769,0,0,12
sqlalchemy,21fbb5e38f04affb8ac4502428672b3a629c2bec,1538413126,Jayson Reis,7,14,180,105,121,97,3665,16,870,8
sqlalchemy,7405392299492c83e6fa1546d3b36f52042e3c5e,1539399732,Mike Bayer,1,0,2,2,0,0,0,0,0,0
sqlalchemy,a8781b51b4039eee56791b9dbfdee183f7a5b797,1539546946,Mike Bayer,1,0,6,0,0,0,0,0,0,0
sqlalchemy,c5e888a3ddb5019cdbc537f9706de537aa7b92e0,1539582253,Mike Bayer,1,0,6,4,0,0,0,0,0,0
sqlalchemy,b4d42a84e22652c16b914a2f76421718be913027,1539791387,Mike Bayer,1,0,2,2,0,0,0,0,0,0
sqlalchemy,d080aae128b081e6870dae325cb90202329784b4,1539787370,Mike Bayer,2,2,35,0,5,3,136,0,0,2
sqlalchemy,9335c24d6c98033f4aa1ceafd23a70b88c8ae811,1539983442,Mike Bayer,2,1,53,3,2,2,157,0,0,0
sqlalchemy,801b37bd2a983b441ea2d97b04865a188be10f2c,1540053145,Mike Bayer,2,1,27,1,12,11,374,0,0,1
sqlalchemy,3cd9c81c1c91e69993c21871b471cb6dda222b7a,1540065875,Mike Bayer,1,1,1,1,1,1,76,0,0,0
sqlalchemy,1963fdceae7e362f317df3621854c6276fa3fc2c,1540072270,Mike Bayer,1,1,2,1,2,2,128,0,0,0
sqlalchemy,ac358a04a7b077602ac668c19c3c40389d9e77e4,1540088406,Mike Bayer,1,0,4,2,0,0,0,0,0,0
sqlalchemy,580d114405f3d200682f3a219dcb9004c81300c7,1540386572,Mike Bayer,1,0,1,1,0,0,0,0,0,0
sqlalchemy,90574aabef36fd59841b7df7d8ac30e2030e9854,1540337926,Mike Bayer,3,12,205,36,81,67,2613,1,60,13
sqlalchemy,83864ffe634bb1e3e9e530fbe51c03a186799110,1540304229,David Poggi,1,1,4,4,4,4,278,0,0,0
sqlalchemy,f041f1d198689cc6bc0a52377e5d50dcc07a29f0,1540469483,wodim,1,1,1,1,1,1,78,0,0,0
sqlalchemy,38c81328e91884f71af175a115dfdb423d8f4910,1540918849,Alex Hall,1,1,4,4,4,4,230,0,0,0
sqlalchemy,3ed79a5c18c14d842280805d1dae8a9c99ec8f18,1540919143,Tom Manderson,2,2,74,5,5,5,238,0,0,0
sqlalchemy,1c3b2d71863f6aefbc060798c2f50d1e029feef1,1540991030,Chris Macklin,2,1,53,0,3,2,77,0,0,1
sqlalchemy,e991684a39fa9fae2628ce583e141b9aea99d856,1541123598,Mike Bayer,2,4,67,13,7,1,57,6,232,0
sqlalchemy,2e2af8d918a568ca3036f88e457caaf59f6af644,1541092514,Mike Bayer,5,9,222,25,52,35,1618,12,567,5
sqlalchemy,bc04e63475e94f99a6e21a48824adf6ec6b37319,1541085063,Mike Bayer,4,7,234,5,17,15,586,0,0,2
sqlalchemy,9a29ae2267e957199e2b1cc9ec719edccdd9ed9d,1541181985,Iwo Herka,1,16,38,42,38,26,1133,10,481,2
sqlalchemy,88bfa1b89c5b3b2290fa266c53322f003833af40,1541191259,Mike Bayer,2,2,159,1,11,4,144,4,220,3
sqlalchemy,664290ab54b654e13a116ed4534e77663267a0e7,1541192061,Mike Bayer,1,0,1,1,0,0,0,0,0,0
sqlalchemy,1f13c8c833ebd96c09d1499b2504aa4950dca709,1541535183,Mike Bayer,1,12,80,21,80,55,3089,0,0,25
sqlalchemy,de804d7245dd203bc63e4493162bcdf5e8646440,1520869234,Denis Kataev,3,10,324,11,189,146,6220,0,0,43
sqlalchemy,af159c56957b26c523e7fe324edf7d17882f88be,1541823535,Mike Bayer,2,7,120,21,32,14,576,17,828,1
sqlalchemy,be705595846cd2205c72f9d87c025f8dc530cb73,1541447555,Mike Bayer,5,9,272,50,85,69,3401,6,323,10
sqlalchemy,d5c2db437e584af9f1224ce28e3cec3618b7d90e,1541607699,Mike Bayer,6,12,478,52,115,62,2925,34,1295,19
sqlalchemy,8318a98a60dabf0919f4998e4df32db804ffd3bb,1541902251,Mike Bayer,2,1,15,0,3,2,119,0,0,1
sqlalchemy,40c1a46e993b5c5ff917ce41c3dca66c139bde94,1542053377,Mike Bayer,2,1,49,1,7,1,69,6,342,0
sqlalchemy,4ee5b2c4a9e7ad9f3df75940b9837d5c65cba6fd,1542213082,Mike Bayer,3,2,170,2,17,13,673,0,0,4
sqlalchemy,6629d9f89273eda53a578cce41af6c79135254c7,1541903778,Mike Bayer,5,18,212,55,103,95,5198,0,0,8
sqlalchemy,fdfd1680603f6663182ba4766ae2f5abdd3ced45,1542211360,Mike Bayer,2,2,28,2,5,5,243,0,0,0
sqlalchemy,7dcfd1e019e1c0ebceba06d6684f5bf64a2efb71,1542065254,Mike Bayer,6,46,687,160,403,243,10995,109,4596,51
sqlalchemy,996727ed89cd2403e75e3ab924f01754d408075d,1542304353,Mike Bayer,1,3,41,21,41,32,1724,0,0,9
sqlalchemy,e0e6fe44e38230363bc471d1c0a467900c81077a,1542301872,Mike Bayer,4,15,173,49,55,48,2385,0,0,7
sqlalchemy,19590812c02945b776a85a709dd6345e30c0dd71,1542427482,Mike Bayer,1,0,1,1,0,0,0,0,0,0
sqlalchemy,f39a6216eed6939c29bbea554f8fb84238c84d10,1542427988,Mike Bayer,1,1,1,1,1,1,23,0,0,0
sqlalchemy,6ec40eca1a03a9156ee82f3ce75850778220b39e,1543211941,Mike Bayer,2,3,71,0,14,10,502,3,154,1
sqlalchemy,50417cf758508e970f3fccc99af6a501ceac8eb2,1543291130,Mike Bayer,1,0,2,3,0,0,0,0,0,0
sqlalchemy,835444be72bb595b1ed3ee5458a86202813412a6,1542901169,Mike Bayer,2,1,56,2,7,5,190,0,0,2
sqlalchemy,971f0867856d04cb7da5eeea10daad5ad984d776,1543397937,cclauss,1,0,4,2,0,0,0,0,0,0
sqlalchemy,6837e875a3367b466e2ce04ca16c7bff8fa5c575,1543422466,Mike Bayer,1,0,22,0,0,0,0,0,0,0
sqlalchemy,0a0b36686d5da0e7d04974c8df0ece574b71f3cb,1543536684,Raphael,1,1,1,1,1,1,79,0,0,0
sqlalchemy,3ff39757673b6c1aa8c96c4b951d39afd8e3e379,1543504383,Mike Bayer,3,13,38,29,22,21,706,0,0,1
sqlalchemy,6a8454ded311010927af04db30a57d683cf67dd4,1543555289,jun923.gu,2,1,2,0,1,1,55,0,0,0
sqlalchemy,fb05e085fe48a1c48fcb4bcf89ba58c0d7584b8c,1543606580,Mike Bayer,2,1,126,5,9,9,387,0,0,0
sqlalchemy,46f9c3c7d4d2c31f3f1627dcf777bd3215e13e3d,1543688803,Jakub Synowiec,2,4,29,5,10,7,299,1,55,2
sqlalchemy,87cdda008673e01e2c32049f103e9cdebd2a5d77,1543692537,Mike Bayer,5,0,310,259,0,0,0,0,0,0
sqlalchemy,eacb31a89fe883edd0ada7f2724239c1f8c5b685,1543794880,Mike Bayer,2,1,7,13,2,2,155,0,0,0
sqlalchemy,23224f6e997e4a2a4ecad42924e6c10efae206b7,1544044379,Agam Rafaeli,2,5,5,5,5,5,219,0,0,0
sqlalchemy,c89729cf67f441359da8289104050b01eb53160b,1544203079,Mike Bayer,16,0,107,126,0,0,0,0,0,0
sqlalchemy,5851bf113821af6ce2e61484f103a44f4fabe430,1544209283,Mike Bayer,1,0,279,0,0,0,0,0,0,0
sqlalchemy,099f3fd812ff4424f90f3c2b41ddce7049a54022,1544216464,Mike Bayer,2,4,190,6,7,7,255,0,0,0
sqlalchemy,d6f406e6331a3311fffb54f89b32934482d6c98d,1544206109,Mike Bayer,2,18,336,21,136,97,4066,16,720,23
sqlalchemy,65ea042302693492cbaee96dfed5e9337e0d96a4,1544477871,Chris Wilson,7,20,147,12,86,64,3197,0,0,22
sqlalchemy,d4a130bb1b92869efe33675262c7b1fde364e477,1544637080,Mike Bayer,2,1,78,1,3,3,178,0,0,0
sqlalchemy,99fc012d727da637f05e9b6aa5e7a1b80ef401ff,1545063609,Agam Rafaeli,1,40,138,143,138,108,3612,8,403,22
sqlalchemy,b1e4b597811768378d964e16bd142e8ee8c448d8,1545069499,Agam Rafaeli,1,1,3,0,3,2,54,0,0,1
sqlalchemy,8722fb84a67905aaf9ac6be79255f58e422fa6ea,1545085263,Konstantin Tretyakov,1,7,8,12,8,8,457,0,0,0
sqlalchemy,7f12f63c3a8c77715135126aac88ac6055b279c0,1545412393,Mike Bayer,2,5,75,36,75,59,3478,0,0,16
sqlalchemy,0b0a4c8ba2465fce5fa1954a0d31b44840f1b4b8,1545408254,Mike Bayer,6,19,318,56,79,51,1971,14,604,14
sqlalchemy,c495769751e8b19d54fb92388ced587b5d13b85d,1545431712,Mike Bayer,2,8,83,34,48,38,1950,6,273,4
sqlalchemy,ec5c9ebe6e7b8822de0c7bd19aea11ea2a582e29,1545932355,Mike Bayer,2,1,21,0,4,3,139,0,0,1
sqlalchemy,07cea66ccb74c68fa505b5fbba91984e0375993d,1545966645,Mike Bayer,4,13,53,34,36,28,1201,2,101,6
sqlalchemy,847d1359421ebb3b4ba653ca1a9d238e62e8e8a8,1545524210,Mike Bayer,4,5,132,7,46,24,881,16,708,6
sqlalchemy,c0f9708fde39175c8695fdd87873464f516fdf98,1546222571,Lele Gaifax,8,8,14,14,9,6,454,3,158,0
sqlalchemy,1eaf9dc7776b9833a9fb62fe630b4b9ac63a31f4,1546225332,Mike Bayer,1,0,18,12,0,0,0,0,0,0
sqlalchemy,d229360a8d4071c2f150558897f37e13eb09f430,1546572489,Mike Bayer,4,7,11,12,8,8,483,0,0,0
sqlalchemy,404e69426b05a82d905cbb3ad33adafccddb00dd,1546746128,Mike Bayer,17,6,320,276,3,3,107,0,0,0
sqlalchemy,1e1a38e7801f410f244e4bbb44ec795ae152e04e,1546755266,Mike Bayer,430,6604,111057,79555,21726,21001,698706,28,1042,697
sqlalchemy,1e278de4cc9a4181e0747640a960e80efcea1ca9,1546755587,Mike Bayer,419,759,8317,6854,2931,2793,101498,7,246,131
sqlalchemy,2a840c147e49d833f8a11de3964a0a8588d72508,1547050682,Mike Bayer,5,4,44,1,20,15,566,0,0,5
sqlalchemy,08994cb97c501a3cf984fd827eba9aa9614b9dd3,1547052122,Mike Bayer,4,3,49,3,10,10,382,0,0,0
sqlalchemy,2db54ee92ebd0970f52b271e152a6df9b563693f,1547139820,Mike Bayer,6,11,175,11,46,22,921,21,800,3
sqlalchemy,6f270fb0e344016ce526e0a1ecb3e3de9ffd1e3b,1547219170,Mike Bayer,177,158,177,177,158,0,0,158,10283,0
sqlalchemy,a6094d6682c956ce8a77fbec2a2700f901f3e75e,1546987615,Mike Bayer,32,88,373,204,356,298,16646,0,0,58
sqlalchemy,8fac612ec0de7da6dc6f5153833f4430a80d2f4c,1547307961,Augustin Trancart,9,4,84,9,26,19,706,0,0,7
sqlalchemy,b229a50c7786d8cbe65a2bf471b57a806f4259e3,1547400981,Mike Bayer,4,4,4,4,4,4,275,0,0,0
sqlalchemy,836178d42620869c3cab4b7f41d24560f0098c87,1547510038,Mike Bayer,2,8,141,25,25,23,1002,1,61,1
sqlalchemy,150ccf1716a41439c6ed9b06ac9cbf68fa5db1c4,1547486560,Mike Bayer,10,42,246,118,110,96,3775,6,380,8
sqlalchemy,c0e6ebd70b04c7941b7750c77cd4329b043679f8,1547421352,Mike Bayer,6,4,148,33,20,14,516,0,0,6
sqlalchemy,885f15a306efc4c907ca82fa13871992ee556466,1547567376,Mike Bayer,44,127,11,427,11,11,493,0,0,0
sqlalchemy,26a8e46527b6443839044855a920ec1f298b03c8,1547586759,Mike Bayer,10,54,72,59,72,63,2143,0,0,9
sqlalchemy,313be7c78db070169bd863948f922c74871d7000,1547688045,Mike Bayer,1,1,2,1,2,2,92,0,0,0
sqlalchemy,0717ce9d1dc28b67b4568351f4e98e59a831b1f1,1547671014,Vraj Mohan,4,0,93,102,0,0,0,0,0,0
sqlalchemy,d038f66b2aa31db8fec0883769f6a86bd0353d3b,1547748964,Mike Bayer,3,19,87,107,87,87,3531,0,0,0
sqlalchemy,c8d7141c79829f36e123bf3e4be1721dd34aaeb4,1547773690,Mike Bayer,3,3,215,2,2,1,77,0,0,1
sqlalchemy,5ea803494a8c8fe93474d33758ca64687b275e4d,1547789700,Mike Bayer,1,2,5,1,5,4,226,0,0,1
sqlalchemy,894acf7b8eaa166a6ec231d0a139c699239b5008,1547791327,Mike Bayer,1,3,12,10,12,9,403,0,0,3
sqlalchemy,1c56b6049a3fdd1122a4c82ae5757332d3753146,1547786320,Mike Bayer,5,18,85,59,63,40,1754,18,852,5
sqlalchemy,5832f7172907a8151345d95061f93784ce4bb9b1,1547865021,Mike Bayer,2,6,57,13,10,2,70,6,276,2
sqlalchemy,bd735eba637cbf2c157046f72dc795a8b2b803e7,1548211747,Mike Bayer,3,6,149,1,95,66,3180,0,0,29
sqlalchemy,4c2c2c40fde17c85013e00a6f3303a99e2b32c12,1545361536,Mike Bayer,98,214,5315,4137,827,736,30376,23,1140,68
sqlalchemy,f9c9f6453a7ed4b9ad01f6d4d808f5cd273f8290,1548289439,Irina Delamare,2,1,9,0,3,2,50,0,0,1
sqlalchemy,377f12696bb1af17bb14f676a49ef21428d537d3,1548367004,Mike Bayer,2,3,28,2,13,9,382,3,89,1
sqlalchemy,93855ed623ceedffc02dee06c9a46c37dd26286b,1546134869,Mike Bayer,27,137,1520,572,275,246,12075,3,176,26
sqlalchemy,2bbd3ac1fb6049fc7195821798f02ce7fa56a7e9,1548365716,Daniel Lister,6,9,95,10,64,38,1456,0,0,26
sqlalchemy,5e48f8445c33a45ba36c9612f52fcaeca5edd27f,1548434214,Mike Bayer,3,3,26,6,15,10,491,4,209,1
sqlalchemy,66e88d30a86fc37e2eaf7367e988ced3834e3250,1547483193,Lele Gaifax,50,73,88,88,74,70,4605,4,194,0
sqlalchemy,f0b344ee9db22085ede906f1041cd6680e2682e3,1548447228,Mike Bayer,2,2,4,4,4,4,251,0,0,0
sqlalchemy,2eb3f211dae1188a6c1b3664f612f4628fd7b9a9,1547017276,Mike Bayer,14,31,225,91,116,106,4653,0,0,10
sqlalchemy,f814da2f4c8fac2aeecad3466c45177861f961fe,1548470401,Mike Bayer,1,0,2,2,0,0,0,0,0,0
sqlalchemy,d3227c09f113837ba852dfdb76f5e8a19251d821,1548471095,Mike Bayer,1,1,1,1,1,1,23,0,0,0
sqlalchemy,29e033f496c28e4d7b9a5bfc46096711f0aa5571,1548532425,Mike Bayer,2,2,55,1,7,2,134,4,212,1
sqlalchemy,147f6d382c3b6f06c8efa5a24c07c9849473e7af,1548827590,Mike Bayer,7,13,228,2,92,75,3274,0,0,17
sqlalchemy,5ae8a54ed381735a88141b8ec5326b21c36e793b,1549074893,Mike Bayer,1,0,1,1,0,0,0,0,0,0
sqlalchemy,620bfde695079eeab35467086956764616de037c,1548945181,Bartlomiej Biernacki,2,2,75,5,3,3,145,0,0,0
sqlalchemy,d427d0643b235ea0f6b50a357bbe5bdb087403c4,1548995069,Parth Shandilya,2,0,6,208,0,0,0,0,0,0
sqlalchemy,11845453d76e1576f637161e660160f0a6117af6,1549218546,Mike Bayer,2,4,73,2,38,30,1156,0,0,8
sqlalchemy,95c371f1d3007071a32fad1d67329e6f9d56931b,1548550184,Mike Bayer,7,19,272,52,110,88,3697,8,542,14
sqlalchemy,30307c4616ad67c01ddae2e1e8e34fabf6028414,1549313429,Mike Bayer,20,48,490,314,263,224,8566,3,107,36
sqlalchemy,38d34ca4dadb68d80422e80ce17fc95f7ded6006,1549656738,Mike Bayer,1,0,2,2,0,0,0,0,0,0
sqlalchemy,6c177df67c9ea8d89ed26ac4996d24301be04583,1549657180,Mike Bayer,1,1,1,1,1,1,21,0,0,0
sqlalchemy,833583458c69e24e797c300c934da0ff04348db5,1549732959,Mike Bayer,2,6,37,2,37,25,1445,0,0,12
sqlalchemy,b2afef966dcc44e991f22a8fb68de4f1220bd674,1549694766,Mike Bayer,3,4,22,3,13,7,340,3,171,3
sqlalchemy,49197c7b36573d91b015019d4635071f9da1c216,1549894023,Mike Bayer,2,2,116,1,3,2,57,0,0,1
sqlalchemy,c1f310df44033d943413170de878ce95fafa387e,1549922447,Mike Bayer,5,12,165,6,38,30,850,7,421,1
sqlalchemy,71d642711d26ee8e1e7e8b19d70be8be1eca22eb,1550075214,Mike Bayer,3,2,73,30,12,12,588,0,0,0
sqlalchemy,12dad561a77506fe262d791d3135babc0be50e66,1550071066,sanjana,3,2,40,0,5,4,160,0,0,1
sqlalchemy,5fe9da55c72effe8f8425be339375dd904277ef2,1550596384,Mike Bayer,3,5,28,8,5,5,151,0,0,0
sqlalchemy,d71f34cb2a28e8dfc410bc5bec68372be6d7c333,1550623577,Mike Bayer,2,1,18,0,3,2,111,0,0,1
sqlalchemy,a3135c494e510095c938d0e7a08c4ffc0b4bb364,1550685160,Mike Bayer,1,0,4,3,0,0,0,0,0,0
sqlalchemy,c89a93e9530511d54fa73c76c32cee11eaa418df,1550635632,sanjana,2,5,95,10,55,43,2314,0,0,12
sqlalchemy,8f318692d4443300c90c7be9dc44ae3c8707f818,1550685498,Nate Clark,8,4,83,46,18,16,696,1,11,1
sqlalchemy,4ca3092c0a89855cd740bafb4e0fb4c99051f89e,1550692809,Mike Bayer,8,22,233,127,160,124,5846,0,0,36
sqlalchemy,40401d7933aa9c241a4f8064085efdd5e25f1dbf,1550776968,Toni Karppi,1,0,4,0,0,0,0,0,0,0
sqlalchemy,a690ec082451ca0636fb45a0d9773a240ae30373,1551369581,Mike Bayer,5,19,197,23,89,79,3470,0,0,10
sqlalchemy,9268c320bf6ea35696951875df518286dd79ad54,1551366973,Sanjana,2,2,30,1,4,3,99,0,0,1
sqlalchemy,740bb50c227d5a918e21329a3818081097fdb51a,1551722744,Mike Bayer,1,0,2,2,0,0,0,0,0,0
sqlalchemy,4f62c23cf3ce667376ceb6b0a50240c4f1c19220,1551723022,Daniel Demmel,1,1,1,1,1,1,48,0,0,0
sqlalchemy,cfaf830a6f85fd08ec969ad7cb5d4617a46f62d5,1551736217,Mike Bayer,1,1,1,1,1,1,21,0,0,0
sqlalchemy,837d9640049be78473e2afa360cf9bfbfee91a5c,1551803643,Mike Bayer,2,3,11,5,11,9,512,2,118,0
sqlalchemy,201c4a60e4b8af56d9c02a3675d1443ba4171c89,1551835745,Mike Bayer,11,6,28,25,9,6,193,0,0,3
sqlalchemy,2a2011389ab0d3c80cac175b8e35a18413641358,1551881123,Mike Bayer,2,3,23,7,8,4,212,3,154,1
sqlalchemy,cb968b6dcd4dd8ce805827202ca55a7ce10fc871,1551878306,Mike Bayer,1,0,4,1,0,0,0,0,0,0
sqlalchemy,b78f4604658dc875221bda5a23423cb34742e428,1551810534,Mike Bayer,2,1,56,0,4,3,130,0,0,1
sqlalchemy,203de6946ef09b9fed2875491d2ac087a6dbfec6,1551886128,Matt Schuchhardt,1,0,2,2,0,0,0,0,0,0
sqlalchemy,e6d0963040b6043bfb89d1e72958c158b830ada9,1551970485,Mike Bayer,1,1,4,0,4,2,87,0,0,2
sqlalchemy,312d529dbbaa9bb7d8d804280cb39797c6402931,1552056898,Mike Bayer,1,2,1,32,1,1,58,0,0,0
sqlalchemy,7b0dfe3c4659b651da614d5d507a03d2c4127b17,1552074144,Mike Bayer,1,3,5,38,5,5,272,0,0,0
sqlalchemy,d514c032cd0349afc93f89d5b99835198ae70112,1552106702,Mike Bayer,1,1,1,0,1,0,0,0,0,1
sqlalchemy,cbc31716c2cef29f45506c6227c2154e3093c845,1552088193,Mike Bayer,2,1,36,0,2,2,62,0,0,0
sqlalchemy,f7d2556cd35735182822760d22338e1c6b35ef31,1552159952,Mike Bayer,1,0,2,2,0,0,0,0,0,0
sqlalchemy,16411cd8d64446ca705bb42320380a1fc3ef567e,1552160294,Mike Bayer,1,1,1,1,1,1,21,0,0,0
sqlalchemy,25fc9562f08fe26e4e2f6d4cf69c34b666f0180a,1552275273,Mike Bayer,3,1,204,1,8,4,174,2,97,2
sqlalchemy,e209df356a38a1885f2b0fdab3c5d7e7d58837d9,1552772052,Antony Gelberg,1,1,8,1,8,8,539,0,0,0
sqlalchemy,8eaccf16aca90ef09e8e39cd06940ac8a51b5b38,1552920686,ericdeansanchez,1,2,2,2,2,2,206,0,0,0
sqlalchemy,8acbc2624fb4b457e47fab93e6a44a1e37caeddc,1553116939,raylu,3,5,46,4,22,18,667,0,0,4
sqlalchemy,a31da95e002e34d639daef27d972eb364a1ebd13,1553205262,Julian Mehnle,2,2,52,4,37,26,1300,3,139,8
sqlalchemy,da04aa577b6e539a6472df62ee39c4a51cca9dd9,1553393122,Mike Bayer,3,4,50,8,22,19,793,3,175,0
sqlalchemy,c8fca639c914e79b1bffe6f6546b49f474255701,1553621397,Mike Bayer,1,0,13,0,0,0,0,0,0,0
sqlalchemy,51f81d00dc6103c1dea939513a3437a5ab433e75,1553619522,Mike Bayer,2,5,95,6,21,17,504,0,0,4
sqlalchemy,fd2ecb5f87c1c0132263b5a35067c4bb76160fb2,1553866963,Mike Bayer,1,2,9,2,9,7,261,0,0,2
sqlalchemy,8442a6e2b3cea69ac971b5382b6fc8463c591bf5,1554225111,Mike Bayer,1,0,2,2,0,0,0,0,0,0
sqlalchemy,df62c5462990ca235ba26faddb02c4ec4268bb76,1554226314,Mike Bayer,1,1,1,1,1,1,21,0,0,0
sqlalchemy,25a42e93f4ef5ce1a9f9c23fbcdea3e21a7b3f1a,1554257529,Mike Bayer,2,2,86,0,11,8,236,2,73,1
sqlalchemy,a326869cf9c166afea43b1bd7d7f5dbab27abb75,1554300197,Mike Bayer,2,3,46,0,21,17,507,1,56,3
sqlalchemy,97d4d15fde7999eba29c9708b65e11d82623f686,1554331155,Matt Lewellyn,2,2,38,2,8,3,93,4,240,1
sqlalchemy,6845be0927245e47c27f8e160472cf9a55a41dc4,1554428592,Mike Bayer,2,4,20,3,20,15,717,0,0,5
sqlalchemy,2b25827b8455aaaa8c73180d0c26afb3e3187adc,1554472272,jaskiratsingh,2,3,37,16,37,29,1712,0,0,8
sqlalchemy,1ec2f7cfd6c1fa8acf9a41330df597af99dcadc7,1554474008,Mike Bayer,1,1,1,1,1,1,52,0,0,0
sqlalchemy,c29b352d560120d9243010fd90fee88b0be745d7,1554815776,Mike Bayer,2,2,27,1,6,3,86,3,154,0
sqlalchemy,21099479daf98dca84cb97e928951ea0c486b479,1554845933,Mike Bayer,3,2,103,7,8,4,138,2,56,2
sqlalchemy,36949938e83f1e3096d24b74d33f19512d014520,1554911487,Mike Bayer,2,1,10,1,1,1,36,0,0,0
sqlalchemy,17413bbf10c3b993d343c28035713a23c745712c,1555007009,Mike Bayer,6,4,9,14,4,4,191,0,0,0
sqlalchemy,dfd20fbbdb3cbbb6e74df2ecf1af236d6e067a59,1555127082,Mike Bayer,1,0,9,5,0,0,0,0,0,0
sqlalchemy,47a2ab9e35e6e3b8963342809b75ca48d99ae667,1555343207,Mike Bayer,1,0,2,2,0,0,0,0,0,0
sqlalchemy,e5b0993197e78c32d21e3d94cbab3b896106f14a,1555344481,Mike Bayer,1,1,1,1,1,1,21,0,0,0
sqlalchemy,6758a459597e5221607a81a693bd98352bb1c94f,1555544920,vpsx,1,1,2,2,2,2,141,0,0,0
sqlalchemy,e9737a9d9b1becc7dba1661f17b247db3213c511,1555594803,Mike Bayer,2,2,20,7,4,4,177,0,0,0
sqlalchemy,a09b879a38788eb532fc58ffb56b22dc85dff16e,1555809835,Mike Bayer,1,1,1,1,1,1,21,0,0,0
sqlalchemy,95dd8768d430b667ef2d7c104733aff2bae757b2,1556058788,Mike Bayer,2,2,29,7,8,7,299,0,0,1
sqlalchemy,049386648b6bf37194cab05a82842b00fffd4db0,1556230603,Mike Bayer,1,1,1,1,1,1,20,0,0,0
sqlalchemy,6874ee22771e3e91dfa794c4287dcc812f6e0fc5,1556230992,Mike Bayer,1,2,2,2,2,2,115,0,0,0
sqlalchemy,2f55c844051d9fe8865576bd77107e94c6de16c1,1556399971,Mike Bayer,1,0,3,3,0,0,0,0,0,0
sqlalchemy,23a1c60982dc4799c76f0cec276a3bae8a24395b,1556469631,Mike Bayer,2,1,38,0,7,6,276,0,0,1
sqlalchemy,099522075088a3e1a333a2285c10a8a33b203c19,1555522659,Mike Bayer,10,23,911,228,380,294,11065,11,529,75
sqlalchemy,08da8115a6eb7eb125fa5f92f662d915b076fded,1555522659,Mike Bayer,7,46,434,0,326,269,9386,8,478,49
sqlalchemy,a10a4ea1248902349d789de7f5470bb8e437a584,1555351158,Adrien Berchet,3,3,269,5,63,49,2229,8,445,6
sqlalchemy,ae14861a3197513db5f5a4e3991243482053a46c,1556573472,Mike Bayer,3,4,28,213,6,5,191,1,61,0
sqlalchemy,1c3e92627362604472ca483055fc827a97942e6b,1556990350,Mike Bayer,3,1,33,4,0,0,0,0,0,0
sqlalchemy,aa94afcdaf4faeacf13836de2475954e06a7fb67,1556921226,Mike Bayer,2,1,19,0,1,1,63,0,0,0
sqlalchemy,61c47cbdc6058c040b301caa0864710a8d85d3a4,1556899337,Adrien Berchet,2,2,52,1,12,6,221,3,129,3
sqlalchemy,174f2ae33b5235d709b17f3371946a173defaa0d,1556897517,mollardthomas,2,3,32,1,23,15,651,0,0,8
sqlalchemy,05bcd4c6eb600b0ab7866183315c05384575db64,1557243528,Mike Bayer,3,3,26,19,13,12,502,1,52,0
sqlalchemy,c608c3f2f8af0e4cd9e2ffbd3b6f7f487e785282,1557330012,Mike Bayer,3,9,27,6,27,19,1186,1,27,7
sqlalchemy,3abced7bd2842d41e17f438a65efc15aa71d4bb4,1557448324,Mike Bayer,1,1,2,1,2,2,97,0,0,0
sqlalchemy,f601791a914d3181252493800871c458ad6c46d1,1557439475,Matthew Wilkes,4,2,19,2,1,1,49,0,0,0
sqlalchemy,bdafff8982d9e7fbf9a39182f1fb8e65d475bbb9,1557542200,Mike Bayer,2,5,82,10,10,8,249,2,90,0
sqlalchemy,b26642e2364836fe9a8ee25c1cf4551901ce0c37,1557589256,Mike Bayer,1,0,3,1,0,0,0,0,0,0
sqlalchemy,663ed1a0772f6c6d53b1f4f9a2f652d0e5ce0b8a,1557762737,Mike Bayer,5,9,10,10,9,9,529,0,0,0
sqlalchemy,b6619f267ba6a327d6bff1aa650dd3ab9b718b29,1557773772,Mike Bayer,4,1,133,3,1,1,46,0,0,0
sqlalchemy,02c18e753b26aa038ce47d0b46b8f0281093d88b,1557866710,Jon Schuff,2,1,4,0,1,1,64,0,0,0
sqlalchemy,89e6beaf46ebdd626e292eb20f7b6ae0c3a9ae5c,1557966450,Mike Bayer,2,7,29,3,24,18,1015,0,0,6
sqlalchemy,5039c6f01d0bd1f58f950e80cddf7472444a70a4,1558020364,Mike Bayer,2,8,90,6,12,11,399,0,0,1
sqlalchemy,614dfb5f5b5a2427d5d6ce0bc5f34bf0581bf698,1558215562,Mike Bayer,2,1,12,1,1,1,67,0,0,0
sqlalchemy,f07e050c9ce4afdeb9c0c136dbcc547f7e5ac7b8,1556594796,Mike Bayer,81,319,2154,1150,1470,1184,47078,27,1253,259
sqlalchemy,c785a528ea200a8905d1b5d7ab4088d501606d2b,1558283894,Mike Bayer,3,4,56,14,13,11,382,0,0,2
sqlalchemy,999bd50753a46785d8031d080af661f608b867c5,1558539781,Mike Bayer,1,13,55,6,55,35,1870,0,0,20
sqlalchemy,174ece15cb167b774d0b48aa2083e13837f99017,1558625751,Mike Bayer,3,2,112,19,4,4,219,0,0,0
sqlalchemy,f146f19d4bf1f9150785e22d37a62dcbe3436c9a,1558648867,Mike Bayer,5,35,69,74,44,44,1916,0,0,0
sqlalchemy,0694c7f272819d013b5e1931f1baf0ebfb05e666,1558790085,Mike Bayer,1,0,6,3,0,0,0,0,0,0
sqlalchemy,402da5f3f0bade44c2941ab8446f69cf33f5dd67,1558969784,Mike Bayer,1,1,1,1,1,1,23,0,0,0
sqlalchemy,e573752a986dec84216d948a1497b7d789d039ea,1558821898,Mike Bayer,10,25,174,24,79,63,2492,3,124,13
sqlalchemy,c55023641d390b2b09601b10dbc5663e4bd5a466,1558643241,Hannes Hansen,2,3,40,2,10,10,388,0,0,0
sqlalchemy,9feec16b149aaaadb5b55933c7bb020becca45f5,1558992395,Mike Bayer,1,0,4,0,0,0,0,0,0,0
sqlalchemy,8b2eb2a2d0f4c7e283d96cf3e5263b5dd48e3b14,1559006147,Mike Bayer,1,0,17,5,0,0,0,0,0,0
sqlalchemy,47552aa93bedcce3756dc89774f02db9f1868e68,1558226101,Mike Bayer,19,33,682,98,142,113,5129,2,79,27
sqlalchemy,fff65b814a16914aae41bd63cdef6bf55a676c67,1559051180,Mike Bayer,1,0,1,1,0,0,0,0,0,0
sqlalchemy,5ac10699e1111283ae848f9d3a6dcc4e09d8c1ef,1559137633,Dmytro Starosud,3,4,131,37,29,14,600,11,558,4
sqlalchemy,df99e1ef5f334ce7f4c8118c3e0bdf2949f54de3,1559165239,Mike Bayer,1,6,40,18,40,33,1034,0,0,7
sqlalchemy,754e7f52cf64b72988bdf8211c603809b32c16de,1559263355,Mike Bayer,2,2,30,1,3,3,138,0,0,0
sqlalchemy,e6572789bb6fec5f1ac07653908c0f29d7904ece,1559335639,Mike Bayer,2,2,116,19,2,1,68,1,42,0
sqlalchemy,52044c78918078935c21800a2362895072ee7d6f,1559580494,Mike Bayer,1,0,122,101,0,0,0,0,0,0
sqlalchemy,4bd3cf69b2a7f5b1977e7be2b8588fd5d3424d11,1559933422,Mike Bayer,1,1,2,1,2,2,87,0,0,0
sqlalchemy,4518cb0d6c39af15c958d08bdecd0d550c88de87,1559937862,Mike Bayer,1,0,1,1,0,0,0,0,0,0
sqlalchemy,b0bf421f1b12eeedd77ec6c39df8e5e6cc1fcc3f,1560092363,Mike Bayer,2,6,45,11,26,15,767,4,200,7
sqlalchemy,85568fc596c301563270efe217715f14aea8aa19,1559920763,Mike Bayer,3,14,83,18,52,45,1697,0,0,7
sqlalchemy,59e9276f04beef4459571cba4226f9d4eaef6be9,1560180293,Lukas Banic,2,2,21,6,6,3,169,1,68,2
sqlalchemy,3f7840c2ade87e415c24c69ac5d0494d294750e0,1560359759,Mike Bayer,3,4,193,53,20,15,564,5,311,0
sqlalchemy,3002c560ee0e23e045ff67617838220e736d31fc,1560444305,Mike Bayer,6,24,114,33,42,40,1810,0,0,2
sqlalchemy,de08740d7c21fa9dcef453bfd07a3defa428e88f,1560458112,Mike Bayer,3,12,195,80,38,32,1585,1,46,5
sqlalchemy,79d07c9abc7d4d3abb6bf2ca5ca66e87d3a11f08,1560566699,Mike Bayer,4,2,20,3,5,5,163,0,0,0
sqlalchemy,009acc95b8804b5b62fbd43c6fdd61d6fd407ef7,1560636410,Mike Bayer,6,6,224,8,22,12,330,10,571,0
sqlalchemy,b4be7ceb86baeb8e1db4de38911a8c9e7acdd532,1560436636,Eli Collins,3,11,132,4,55,46,1915,4,184,5
sqlalchemy,0fff647a8f1fb863ec99195a65cf6e64ce204445,1560777061,Mike Bayer,1,2,0,6,0,0,0,0,0,0
sqlalchemy,190e0139e834e4271268652e058c280787ae69eb,1559230263,Mike Bayer,75,16,434,705,9,9,447,0,0,0
sqlalchemy,0ad64da3971bd4ac42699cf891fd689e7291cd2f,1561065539,Mike Bayer,2,0,31,7,0,0,0,0,0,0
sqlalchemy,6da5242953feffac7be29ecab256de372ffc1d31,1561145032,Mike Bayer,1,0,2,0,0,0,0,0,0,0
sqlalchemy,5cf8e14d58c89fdb94c60bf5e94d8b13d296da25,1561563950,Mike Bayer,9,6,75,21,20,20,876,0,0,0
sqlalchemy,e52eb47e3916284455aed49ce9b658710c6ad8ad,1561644424,Mike Bayer,1,0,40,35,0,0,0,0,0,0
sqlalchemy,ec2c32bf93cc6fd60db87009643ece32c7926021,1561666033,Mike Bayer,2,0,11,7,0,0,0,0,0,0
sqlalchemy,401a2691fbeebd5a26341e732644584cb096bc58,1561656312,Mike Bayer,2,1,21,5,4,4,136,0,0,0
sqlalchemy,f0d1a5364fa8a9585b709239f85c4092439c4cd8,1561059479,Mike Bayer,3,7,347,6,100,74,2996,2,68,24
sqlalchemy,345f2eb05b07713cec19c620b95ca2dfa1ca5aa0,1561732898,Mike Bayer,2,3,23,6,6,6,450,0,0,0
sqlalchemy,a02ed10d5f6aa0e30970305172f51b69e0c49165,1561730267,Denis Kataev,2,3,55,3,2,2,145,0,0,0
sqlalchemy,3b60ccaed4844d25617221c853b3e46a78fd7974,1562000984,Mike Bayer,1,12,59,11,59,38,1721,0,0,21
sqlalchemy,6636cd9d256ccbad651eba6553ec46391380cc93,1562034806,Mike Bayer,4,6,40,8,7,6,229,1,11,0
sqlalchemy,9b52c8ae927ae2628dcc1763d2e31245285f4d88,1562105798,Mike Bayer,3,4,31,5,14,11,474,0,0,3
sqlalchemy,e03f7ab50e69ffce67585cdc7a0cb7a3cc5c0cc1,1562253410,Mike Bayer,1,6,24,2,24,14,652,0,0,10
sqlalchemy,28daa34cb887e0f07e9f53e4b9e7596e6df12cd9,1562335576,Mike Bayer,2,2,2,2,2,2,130,0,0,0
sqlalchemy,4bd4bae5c1132e1ca41425f742402d06026a918a,1562343595,Mike Bayer,9,9,46,4,46,33,1752,0,0,13
sqlalchemy,ef7ff058eb67d73ebeac7b125ab2a7806e14629c,1560443842,Mike Bayer,47,211,2936,1157,1030,813,36030,47,2173,170
sqlalchemy,dd453e19a79785e91463cd2b37d12a1d0f36c03a,1562442436,Mike Bayer,1,2,26,0,26,19,1056,0,0,7
sqlalchemy,3238d953b42f67761dc3019bd27f2960ae2e525f,1562596940,Mike Bayer,4,3,20,1,11,7,215,0,0,4
sqlalchemy,7b8ff3c335938532b70e6ffff212bd8f67c56add,1562603540,Denis Kataev,1,1,1,1,1,1,60,0,0,0
sqlalchemy,6bc7e0bfa9cd284e439c3b7ea67ab53014ac2773,1562615195,Mike Bayer,2,3,139,3,28,23,988,0,0,5
sqlalchemy,2cc7308c96f5598ba0aea9a240b9a52629042d07,1562789568,Mike Bayer,2,2,40,5,3,3,138,0,0,0
sqlalchemy,81b68ac3e491bfc57218c60d6f44a4ad8123279a,1562860614,Mike Bayer,2,0,42,7,0,0,0,0,0,0
sqlalchemy,aceefb508ccd0911f52ff0e50324b3fefeaa3f16,1562512351,Mike Bayer,17,106,1137,409,450,384,15733,16,768,50
sqlalchemy,116faee662f618d5ecd13b1e074a27d5e5a40564,1562985811,Mike Bayer,4,3,35,0,11,8,240,0,0,3
sqlalchemy,be9f433ae38d04a8a52d86df09b760dbbfc6cd3e,1563119009,Mike Bayer,2,0,12,3,0,0,0,0,0,0
sqlalchemy,26ef5ed862270bda4ab6abe544add9f8bb7ac72f,1563162688,Peter Schutt,1,1,1,1,1,1,65,0,0,0
sqlalchemy,dfb20f07d8796ec27732df84c40b4ce4857fd83b,1555006873,Mike Bayer,20,51,763,2001,720,535,27071,29,1004,156
sqlalchemy,234723fa296c9fa7ac63f1c4d877edc7ba120edd,1563296536,Mike Bayer,2,5,47,10,21,20,963,1,40,0
sqlalchemy,5e8c7c88de2d9bac58e82bc1e5af7fcad5405855,1563461904,Mike Bayer,5,3,100,15,19,18,763,0,0,1
sqlalchemy,736186f840646773217d3f7ba3f6a5d0bbfe1fdb,1563462769,Mike Bayer,2,1,24,5,5,5,220,0,0,0
sqlalchemy,88168db8e9a51ce438e06bfe792e758ed9297ab8,1563295269,Mike Bayer,8,12,62,13,29,25,1204,0,0,4
sqlalchemy,a739a3449ff20ba90f92305ed4bbdd36e05bc862,1563547227,Mike Bayer,2,1,21,3,1,1,56,0,0,0
sqlalchemy,a5a66f1e580150a55a729e7b6dc804adb55b2f5c,1563555906,Mike Bayer,2,28,494,61,158,137,5354,5,250,16
sqlalchemy,7e588aadaab27a53b226a4637be9b4022ab46956,1563670289,Min ho Kim,18,9,20,20,9,5,373,4,233,0
sqlalchemy,8f5b65f4316e21d19b00266cdd9eded3d4ec51b2,1563888272,Mike Bayer,2,2,86,1,8,1,49,7,316,0
sqlalchemy,33616a85c7c35ec1b1756a43e44a621b744e75fa,1563921528,Mike Bayer,2,6,52,21,17,16,639,0,0,1
sqlalchemy,d08d27b897569ff8f18ca869b00a058652111c24,1564238639,Mike Bayer,1,41,62,60,62,62,1267,0,0,0
sqlalchemy,9a6654e3af74710b55feb6b5b0218dc767d7013b,1564423641,Mike Bayer,2,7,56,35,22,16,836,3,100,3
sqlalchemy,2ce8a04e726daecbf060684dcee7559634506700,1564426162,Mike Bayer,2,8,49,10,19,16,698,0,0,3
sqlalchemy,896d47f318c5c27620fd6da805f98811941b88c5,1564674334,Mike Bayer,2,1,23,1,1,1,71,0,0,0
sqlalchemy,f17b4976d862a8f23efce91107274ffc115f5a2d,1564680463,Mike Bayer,1,0,7,6,0,0,0,0,0,0
sqlalchemy,e091775f1c4c817093e9a936a3abc79b5e311f93,1564765409,Mike Bayer,3,4,109,15,20,12,459,7,339,1
sqlalchemy,e22d2b089fad1f79d53bc6238626f32f0e796ad0,1564802406,Mike Bayer,3,3,44,0,17,13,822,2,112,2
sqlalchemy,d45bd29918e217662ea2c0ee44608b0bbf0d4a06,1565026986,Mike Bayer,2,1,10,2,1,1,31,0,0,0
sqlalchemy,00b5c10846e800304caa86549ab9da373b42fa5d,1564763656,Mike Bayer,16,44,459,268,124,114,4979,1,19,9
sqlalchemy,d8da7f5ac544f3dd853a221faa5fab4ff788e25b,1565122209,Mike Bayer,6,11,243,9,61,50,2314,0,0,11
sqlalchemy,104e6907284e602a8485f32fc67fd6af0c00e4d0,1565321660,Mike Bayer,5,5,115,2,59,48,2387,0,0,11
sqlalchemy,731a20049b372ee2e0c7408519623363e22a4db4,1565490031,Mike Bayer,1,1,9,0,9,5,208,0,0,4
sqlalchemy,f5e57f7c311288d892894edcc44d901b5bfbb3d1,1565559779,Mike Bayer,2,1,17,1,16,11,425,0,0,5
sqlalchemy,97d2a2091ed4caee1e19168d0db39e4d94a6d12f,1565535289,Mike Bayer,4,3,106,3,7,7,337,0,0,0
sqlalchemy,3a542005a5f38556dc45c5bc8f256a154ee72c8a,1565570682,Mike Bayer,1,1,2,1,2,1,60,0,0,1
sqlalchemy,2a079cdc76b3a0f5b4f37299d280d328586e2f7e,1565551453,Mike Bayer,3,2,108,10,45,36,1458,3,173,6
sqlalchemy,65f8edd45816f91688220b68cc0563797c3dc4ba,1565621099,Yuval Dinari,2,19,342,38,149,125,6166,6,306,18
sqlalchemy,7e0dfd2ad4141289a992adc65d2a6641f46dc82d,1565385373,Leonel Atencio,3,5,54,0,44,30,1199,0,0,14
sqlalchemy,a34664040a8727394dc62d7db4843baad2dce631,1565793278,Mike Bayer,2,0,18,7,0,0,0,0,0,0
sqlalchemy,2051fa2ce9e724e6e77e19067d27d2660e7cd74a,1565993226,Mike Bayer,7,9,256,15,50,45,1806,0,0,5
sqlalchemy,0a7ca00e04f7c1cfdbb8bdfe7da5f62fc9b40930,1566009531,Mike Bayer,3,7,185,21,22,18,894,1,64,3
sqlalchemy,f06c6ba67303e5c75d8ad044494193d8f97b2e2e,1566147829,Mike Bayer,2,3,121,4,20,10,402,9,421,1
sqlalchemy,4b321e8a5e6b728a818a801c3ad90bb759c584bc,1566422995,Mike Bayer,5,19,130,11,62,60,2121,0,0,2
sqlalchemy,0396fb761ee3a5778d4a3414bc724f43d041ffe1,1566497478,Mike Bayer,1,0,1,2,0,0,0,0,0,0
sqlalchemy,9405089dfce141196157c6d89323c3f9aec2c0c0,1566433183,Mike Bayer,4,10,129,5,40,27,1199,5,231,8
sqlalchemy,e429ef1d31343b99e885f58a79800ae490155294,1566572133,Mike Bayer,1,0,1,1,0,0,0,0,0,0
sqlalchemy,2fc7078a08db057ea7e43991205aaee5562d7fd3,1493247005,Mike Bayer,10,17,137,39,59,40,1814,11,624,8
sqlalchemy,4b5d162ed028558ac38c687d69f26ce93741789d,1566827106,Mike Bayer,2,1,77,3,0,0,0,0,0,0
sqlalchemy,cd2ccee9d807eb601db2d242ce4cdfa8acb98111,1566834249,Mike Bayer,4,5,168,30,36,32,1040,0,0,4
sqlalchemy,3980a9a455d08c5073cabc3c2b77de46fa36d7b4,1566922917,Bill Finn,3,4,48,13,21,15,568,4,132,2
sqlalchemy,75b2518b2659796c885396fd0893dd7f9b19a9ef,1566497789,Nicolas CANIART,8,12,216,6,62,45,1895,0,0,17
sqlalchemy,3bb402ff8ed980ae393def7462b1da49c0e0a8a7,1566940091,Mike Bayer,6,7,250,12,51,38,1205,0,0,13
sqlalchemy,2df613243de33aaa202b3ac458304b8ab403e9e7,1567185065,Mike Bayer,1,0,15,3,0,0,0,0,0,0
sqlalchemy,36e8fe48b2332ecc44b506d1f86cc6ab3bb65f07,1566136944,Mike Bayer,25,64,1338,740,346,290,12672,16,826,40
sqlalchemy,f6c9b20a04d183d86078252048563b14e27fb6d2,1567094957,Mike Bayer,6,18,300,69,138,107,3917,6,219,25
sqlalchemy,c3dcdbd21de44b23e527f5580c318e47ea6930a7,1567519001,Mike Bayer,3,4,116,1,21,19,689,0,0,2
sqlalchemy,d7aa017d83b416187b54ad38400475fd86d80671,1567637213,Mike Bayer,3,1,65,5,7,7,227,0,0,0
sqlalchemy,75c3950732a66ff7f4aca152653d6cb14eb9783c,1567698404,Mike Bayer,1,5,37,10,37,29,1778,0,0,8
sqlalchemy,129a9ded7bbb7faa3427d5e2605ee4ab78255ea0,1567698613,j00356287,1,0,1,4,0,0,0,0,0,0
sqlalchemy,af3078e673c1cfb021932cb01a7ff55d099f5273,1567728608,Gord Thompson,1,1,1,0,1,1,23,0,0,0
sqlalchemy,fc48050e5d0c56fc5a6cd85679859e71961c59eb,1567788353,Mike Bayer,4,9,47,20,34,22,777,10,493,2
sqlalchemy,7afcb39a962d383e5ba04179c1b13131fb08a787,1567809646,Mike Bayer,2,1,40,1,9,9,364,0,0,0
sqlalchemy,17b7b3027f0e994cf47bf5fa3e536d3971076dcd,1567906454,Mike Bayer,1,1,5,3,5,5,250,0,0,0
sqlalchemy,edcfc262a33bf8cbe509f2640e55d3361232c185,1568040509,Steven Loria,11,16,21,26,19,18,589,1,43,0
sqlalchemy,3b85eeb5d2e662141139ad54ccaad5df24ad9b7d,1568133981,Mike Bayer,2,1,21,0,12,11,518,0,0,1
sqlalchemy,ed02d924dd0bd1bce56b40bea74e1d382c352833,1568306258,Mike Bayer,1,17,148,20,148,106,6030,0,0,42
sqlalchemy,6a60d7305bafc311115543e0c2cb5136a254edf2,1568648429,Stepland,2,2,8,1,8,6,350,0,0,2
sqlalchemy,f92fa1b5dfceb5c079a46db598294db133cb0cac,1568738986,Mike Bayer,1,0,17,0,0,0,0,0,0,0
sqlalchemy,33648643f227929f083b67d817701f930078f901,1568768661,Mike Bayer,1,0,10,0,0,0,0,0,0,0
sqlalchemy,f79967441fd092ba9cc81f53b6a71e8cf0223b35,1568810866,Mike Bayer,1,0,7,0,0,0,0,0,0,0
sqlalchemy,6cfbd5fefef51374d3c60fb58e094db00643faa0,1568814993,Mike Bayer,2,0,7,0,0,0,0,0,0,0
sqlalchemy,adb495503dab660f014cad0200491c854d2f6a50,1568985940,Mike Bayer,3,7,152,23,117,83,4070,16,881,18
sqlalchemy,48d22c040694bbc00bcd0e343770408648616bb6,1569270784,Mike Bayer,2,0,4,2,0,0,0,0,0,0
sqlalchemy,cb9215504c0131facc8ed1b22746d3dc53e628b9,1569447771,Mike Bayer,12,71,396,226,277,234,9157,0,0,43
sqlalchemy,2c34d2503a17316cae3282192405b9b9d60df6fe,1569535666,Mike Bayer,4,6,98,90,98,82,3665,0,0,16
sqlalchemy,9f3539b1745cbb287a1338812872d27cde4ebf24,1569851740,Mike Bayer,3,9,134,4,26,11,509,13,593,2
sqlalchemy,6ddb62a8ba66b19afd41b967911ce5982250856e,1569619930,Mike Bayer,16,66,276,233,209,174,7120,10,471,25
sqlalchemy,9a2a0f324c13b5a1b334a3982a766cb9f21f428e,1569893168,Mike Bayer,5,7,69,4,11,4,165,5,256,2
sqlalchemy,cc718cccc0bf8a01abdf4068c7ea4f32c9322af6,1559683760,Mike Bayer,13,108,340,251,288,235,10119,15,705,38
sqlalchemy,70c9bc03395fc372e1451bd1bc47c737bd0a44d4,1570029658,Mike Bayer,6,13,343,9,210,167,8676,4,114,39
sqlalchemy,f7fa67de8d2c8825fe299aa775fb7b2e05a81ef3,1570046813,Gord Thompson,1,1,0,5,0,0,0,0,0,0
sqlalchemy,cff9544ab3aba84b65b008e51b79cdf486567d12,1570045044,Mike Bayer,4,7,23,55,20,20,1276,0,0,0
sqlalchemy,66a7befa0c549b92d42afbb5be2b45da13793250,1570115886,Mike Bayer,3,2,95,19,12,12,405,0,0,0
sqlalchemy,e21afbcd8c78e4e3f9400da1a2565472682de825,1570126194,Mike Bayer,3,1,38,0,1,1,35,0,0,0
sqlalchemy,f94940e4d88b4011fd089bed37cebb76acb1a385,1570141134,Gord Thompson,1,3,12,0,12,8,276,1,59,3
sqlalchemy,4aa43ecbd78e5a7dd3d983ca46a377af4e01877e,1570201947,Mike Bayer,7,7,83,3,28,27,1320,0,0,1
sqlalchemy,485216dea6d7a5814d200b4f14b8a363ed0f8caa,1569965921,Mike Bayer,18,38,1131,322,150,109,4642,34,1999,7
sqlalchemy,08757f05e027ead82a24cd8b7d4a3e90c5b01b59,1570325328,Mike Bayer,13,47,6,2682,6,4,254,0,0,2
sqlalchemy,e0396633e72bc09bd7cec715101d516ea87fa840,1570314464,Mike Bayer,6,11,258,36,62,25,1257,27,1242,10
sqlalchemy,a0d94763f8369939ae6b731d6b599b5edb05d37e,1570476327,Mike Bayer,5,12,31,1037,20,19,887,0,0,1
sqlalchemy,2ba70aba90c69152641b2cce838b3afa35c8586c,1570479150,Mike Bayer,2,2,1,4,0,0,0,0,0,0
sqlalchemy,c4dcf3dda63bfd9254ac5864cc3d7003093c9a54,1570479521,Mike Bayer,2,1,6,3,1,1,44,0,0,0
sqlalchemy,ebd9788c986c56b8b845fa83609a6eb2c0cef083,1570480152,Mike Bayer,1,1,1,1,1,1,34,0,0,0
sqlalchemy,65aee6cce57fd1cca3a95814feff3ed99a5a51ee,1570138587,Mike Bayer,9,34,396,71,111,76,3357,26,1281,9
sqlalchemy,9406ec8eb0591956de4c399fa0876fb9f717c9b6,1569970227,Gord Thompson,1,1,1,1,1,1,38,0,0,0
sqlalchemy,105810c92123c74b0066ef01db5d1696932800c6,1570567341,Mike Bayer,2,1,27,6,1,1,74,0,0,0
sqlalchemy,19aa98d4cf270f9d55361f686967f57535ac22c1,1570651534,Mike Bayer,2,7,131,25,25,21,925,2,80,2
sqlalchemy,31e3fc94ad268cf762f564209113d66221b04b42,1570723575,lukens,1,1,2,1,2,2,131,0,0,0
sqlalchemy,9488480abea15298ded6996aa13b42edf134e467,1570643719,Mike Bayer,7,24,183,15,34,31,1138,0,0,3
sqlalchemy,d9d576f1fda3687c3475511805895925ceba53b0,1570379530,Asif Saif Uddin (Auvi),7,26,9,484,8,4,233,3,132,1
sqlalchemy,8a55fb6017b01c5b7503be2bedfa82b9663f8a94,1571022142,Mike Bayer,2,2,33,2,5,5,174,0,0,0
sqlalchemy,41dc71ad2fc1963a44e5f308f53aed6b8d7d662a,1571013204,Mike Bayer,7,8,174,28,42,31,1214,8,444,3
sqlalchemy,2ef87804e9b7d3048dcbd70d526282f727b48eb0,1571153271,Mike Bayer,1,3,14,20,14,13,919,0,0,1
sqlalchemy,e4a5da1c5a4ed038c1c28f236e2e963b27554549,1571104424,Mike Bayer,2,4,41,22,8,4,140,2,104,2
sqlalchemy,33119301bb3efa143ebaaef22a7b5170f14a1331,1570819524,Mike Bayer,18,46,530,58,156,126,5398,11,653,19
sqlalchemy,6fd38744890b79da7e7046cb58f87b2053043dfa,1571253204,Mike Bayer,1,1,1,1,1,0,0,1,59,0
sqlalchemy,a727f250ccc55df8532f6498ad46dd747ce32250,1571297790,Matt Livesey,1,2,2,2,2,2,173,0,0,0
sqlalchemy,e45878bf4f9cdfb714dce8b2a4d705178947674d,1571339087,Mike Bayer,1,15,108,69,108,79,4148,0,0,29
sqlalchemy,d25c03310fd3523392d37b88c23c48cf26836248,1571364691,Mike Bayer,1,1,1,1,1,1,77,0,0,0
sqlalchemy,add9cdd6628f7663229c5e549afac7041a06cfd9,1571362191,Mike Bayer,2,1,15,1,3,1,67,2,107,0
sqlalchemy,82cf32a6cf265927de49d0f5220ad13e0131d95e,1571490778,Heckad,1,0,1,1,0,0,0,0,0,0
sqlalchemy,8ebc3ebffcd5d06ae9edc6d80a6e943d3499ea14,1571583891,Gord Thompson,1,2,24,0,24,18,809,2,98,4
sqlalchemy,ed553fffd65a063d6dbdb3770d1fa0124bd55e23,1571332164,Mike Bayer,12,0,1041,847,0,0,0,0,0,0
sqlalchemy,d76cb7213557c24609a1a75d8c391aea0179562a,1565636977,Mike Bayer,2,9,238,3,43,35,1648,0,0,8
sqlalchemy,240d9a60ccdb540543a72d9ff30a6f50d33acc5d,1571693524,Mike Bayer,9,0,1139,1325,0,0,0,0,0,0
sqlalchemy,26d9a29514ea0949f09f75622065e737fabeabe1,1571845069,Ales Dokshanin,1,1,1,1,1,1,55,0,0,0
sqlalchemy,174f6c0605b309f9a430d7b1d355281c9bfbd054,1571850189,Mike Bayer,1,1,29,0,29,23,1181,0,0,6
sqlalchemy,f9000e2a38bc879a4964a4f396e87185d0d21cd2,1571842384,Mike Bayer,6,7,129,71,59,43,1426,10,420,6
sqlalchemy,4b61b81dba8d90165d764050d9466b286c7a80f2,1571941677,Anders Kaseorg,1,1,1,1,1,1,26,0,0,0
sqlalchemy,12ad9204a241c2c48477f717d184b1c8dec8270b,1571970568,Mike Bayer,3,0,13,1,0,0,0,0,0,0
sqlalchemy,172d99a8a1282b534aeadafebdd2af0162758931,1572012498,Mike Bayer,1,1,7,0,7,6,441,0,0,1
sqlalchemy,c2e8b48a668a7ae7c1467a00e44fb1e4daa660a3,1572023430,Mike Bayer,1,0,18,1,0,0,0,0,0,0
sqlalchemy,d6db28556b095dc85fff3e0e09b0e70358a9538b,1572017677,Mike Bayer,5,10,173,9,50,37,1911,4,220,9
sqlalchemy,e55e749e182e257fcc60db383751d5afbe52ddfb,1571926312,Patrick Hayes,3,4,44,14,30,21,855,0,0,9
sqlalchemy,c312b3b2def89029c76a60ab84e3f58cb49a3a96,1571784041,Mike Bayer,1,0,11,31,0,0,0,0,0,0
sqlalchemy,ac1d61f0aeeb8c856a0b103998e0458b40c79ac9,1572290864,Pedro Cunial,1,1,0,2,0,0,0,0,0,0
sqlalchemy,997f4b5f2b3b4725de0960824e95fcb1150ff215,1572291221,lizraeli,3,2,47,15,9,9,389,0,0,0
sqlalchemy,d36b1f7f03841b9b346a6fd3395dd29333dce588,1572290528,sumau,3,7,50,48,11,11,493,0,0,0
sqlalchemy,9b774743952fa4f459a914604cc8395175eca07e,1572460930,Mike Bayer,3,3,60,1,20,16,899,0,0,4
sqlalchemy,9fc54801c8235a6327e0ce80b145f7ba756ae47a,1572528612,Mike Bayer,2,1,12,5,1,1,66,0,0,0
sqlalchemy,65466dec6346ad84340af1cf3e431020add0f9a5,1572532246,Mike Bayer,1,5,18,13,18,18,1304,0,0,0
sqlalchemy,7f260c95d65f9bb77e4e0bbb8ef78f57b183fc7c,1572689343,L0stLink,1,1,1,1,1,1,73,0,0,0
sqlalchemy,6b5d94da84452b125f6788f0e1472b94a43ffc16,1572730610,Nils Philippsen,1,0,3,2,0,0,0,0,0,0
sqlalchemy,29330ec1596f12462c501a65404ff52005b16b6c,1567104323,Mike Bayer,34,242,4426,3385,1733,1356,54888,43,2194,334
sqlalchemy,4a2dd4902a1168234f14bdd0634728086d53c406,1573224507,Mike Bayer,1,0,2,1,0,0,0,0,0,0
sqlalchemy,3a0e0531c179e598c345e5be24e350c375ce7e22,1572905481,CaselIT,24,22,792,15,187,151,7013,3,151,33
sqlalchemy,b3c3562ecf67ae7c94091287504579fcace6a500,1573333950,Mike Bayer,3,1,28,2,4,4,158,0,0,0
sqlalchemy,042aea980d61024fab3abac55e9e32b6b9ff6692,1573323133,Mike Bayer,4,0,29,55,0,0,0,0,0,0
sqlalchemy,bbe754784ae4630dd0ebf30d3bc2be566f8a8fef,1573320796,Mike Bayer,3,0,77,20,0,0,0,0,0,0
sqlalchemy,5c7754d685df3715da76327c7401e99177611daf,1573418560,Mike Bayer,2,4,164,4,7,6,289,0,0,1
sqlalchemy,01cbf4d7b8acab54a054bb36dc2792b518b5cd1f,1573158708,Mike Bayer,10,32,526,144,251,188,8480,14,637,49
sqlalchemy,3cf0a1642eafe53e3c3b40b06cf105a32676a27f,1573502228,Mike Bayer,5,0,25,5,0,0,0,0,0,0
sqlalchemy,31a66b5add39b9193975f9995ce5cd9235179f00,1573507070,Mike Bayer,2,1,32,1,4,4,144,0,0,0
sqlalchemy,163306cb81e4aa866972b77c3b4f142e3f1dc676,1573509106,Mike Bayer,2,3,19,21,2,2,98,0,0,0
sqlalchemy,2644d4cb51ed580cb9c4eb3cb600a056a2c893a3,1573657794,Mike Bayer,1,2,3,3,3,3,150,0,0,0
sqlalchemy,560044748a8ff5488769f8ebfa8a353a8d0115fa,1574173831,Mike Bayer,2,1,34,4,2,2,67,0,0,0
sqlalchemy,431b019c435654162b0d61b8131a170c5b858fb0,1574438062,Mike Bayer,3,0,202,197,0,0,0,0,0,0
sqlalchemy,1bf1a9c0d8e122da79898835c007ea904e238c21,1574438917,Mike Bayer,3,3,4,4,3,3,120,0,0,0
sqlalchemy,ff4b63c2bc5f118d5ec1aacff06708dbc08a37a7,1574436422,Mike Bayer,2,2,32,4,21,13,368,7,304,1
sqlalchemy,22d1f0706bd6a6742ad13f0bec75b04e705ff46b,1574270157,Mike Bayer,3,12,363,12,74,55,2398,13,687,6
sqlalchemy,26ba917996ec67ca24afa8c853f634edc08b06bb,1574450901,Mike Bayer,3,5,239,248,9,9,428,0,0,0
sqlalchemy,c2432d9d190bdc67f274b8da9296ff9ed044bef1,1574529920,Mike Bayer,3,3,82,4,7,5,175,0,0,2
sqlalchemy,f7fe966a4c40fbe98e6321d275ffee8f898a211b,1574712587,Mike Bayer,5,17,140,59,59,49,1816,0,0,10
sqlalchemy,6f99bdf013f3a0637f0544c4c3daeac0392553d6,1574347420,Gord Thompson,7,9,156,24,49,36,1265,5,211,8
sqlalchemy,d9e43c518f90c0a79c05d7e6ea2559aef5157f52,1574784540,Mike Bayer,1,0,8,5,0,0,0,0,0,0
sqlalchemy,bb338b91752f4f758edd9b2549a228e891596ae0,1575042644,Mike Bayer,2,3,52,1,20,16,497,0,0,4
sqlalchemy,f521577f6e1ebc8029b4395a3bff6783522ae8b8,1574780268,Gord Thompson,5,8,241,5,152,122,4442,2,91,28
sqlalchemy,380f4389922004589bfa7cb4f9b8c8208aa68659,1575305228,Mike Bayer,2,0,19,1,0,0,0,0,0,0
sqlalchemy,511964302467140a25fb50c68a1c96d24a079b80,1575417739,Gord Thompson,1,1,2,0,2,2,130,0,0,0
sqlalchemy,9592a7afccc5ed0a245b0fca6ad34e748a38336a,1575420116,Gord Thompson,1,1,10,5,10,9,497,0,0,1
sqlalchemy,565a56153149f0d27934abf1bc1a7fa81e59c484,1575456444,Gord Thompson,1,2,17,2,17,15,411,0,0,2
sqlalchemy,1ab483ac5481cb60e898f0bfdad54e5ca45bbb80,1575505137,Mike Bayer,4,0,351,287,0,0,0,0,0,0
sqlalchemy,a7a8804a836ce9edcfdee7d7406cd3c050b34f05,1575645865,Mike Bayer,4,1,66,5,4,4,154,0,0,0
sqlalchemy,926952c4afe0b2e16c4a74f05958bded7b932760,1575650335,Mike Bayer,2,1,10,1,1,1,59,0,0,0
sqlalchemy,686f3c269dc84c21a063f6d0388f1ad312b1f5f1,1576019317,Federico Caselli,1,2,2,2,2,2,158,0,0,0
sqlalchemy,ff471152b62f71accda62d9ede87e0107b8a8bcb,1576259063,Mike Bayer,2,5,77,18,24,22,776,2,113,0
sqlalchemy,89bf6d80a999eb31ee4a69b229b887fbfb2ed12a,1576341546,Mike Bayer,9,50,283,149,204,167,6478,22,883,15
sqlalchemy,5411bef285c50b03ea6d8b45193d43c207d4746b,1576355798,Mike Bayer,2,1,10,1,9,9,252,0,0,0
sqlalchemy,e7c78be2e737591d637b6acde6117893fd29dfe0,1576532286,Mike Bayer,3,4,35,31,33,30,1122,2,66,1
sqlalchemy,c18a04affd117cd6d7deb5b389de81b040b749a1,1576683599,Marat Sharafutdinov,3,10,41,4,19,17,833,0,0,2
sqlalchemy,944fa6952157651faae53a12a92782b4265ddc8d,1576765193,Mike Bayer,1,3,25,6,25,20,1264,0,0,5
sqlalchemy,7e9f273835ac68df894568ba4292bfbc74ce187b,1576723824,Mike Bayer,5,7,114,6,18,15,543,0,0,3
sqlalchemy,e6afc0a8cf7a8fb18855cab9da488a0d48c42386,1576855037,Mike Bayer,3,1,143,74,8,6,206,1,47,1
sqlalchemy,c54b27ab123a4bf29ba7bc76924e188e2bc88e9f,1576864153,Mike Bayer,2,0,18,2,0,0,0,0,0,0
sqlalchemy,c6554ac52bfb7ce9ecd30ec777ce90adfe7861d2,1576860010,Mike Bayer,2,1,48,0,2,1,41,1,55,0
sqlalchemy,60e7034a7423955cd89d5624f8769d3804ca6d82,1575932700,Mike Bayer,26,48,675,535,310,251,10746,20,978,39
sqlalchemy,f1a22596e2283371f2216245ac4b7ff9a0fb6a9a,1577473836,Mike Bayer,2,1,29,1,13,0,0,12,799,1
sqlalchemy,f7a7af70c4f6f07011fa2d521fb1560917896427,1577466330,Carson Ip,2,3,19,4,6,6,252,0,0,0
sqlalchemy,57fa3c067083a7d5a67301a251e5cd492865401c,1577479163,Gord Thompson,1,0,2,2,0,0,0,0,0,0
sqlalchemy,92fd25f3e1f69b6fbdc3b2bbd81508a01a2668b3,1577586203,Federico Caselli,1,0,25,0,0,0,0,0,0,0
sqlalchemy,b59f87e6185b26e286147316c20022df4d729f77,1577603344,Mike Bayer,2,6,3,18,3,2,71,0,0,1
sqlalchemy,2d5fa22c7d53ff8109d47ba5ae4fe3b9849ddd09,1577729297,Mike Bayer,3,1,81,1,1,1,44,0,0,0
sqlalchemy,04fbb9e63c098dd2de40b545eed210dfd93893ce,1577476951,Mike Bayer,21,81,605,103,187,136,5387,19,958,32
sqlalchemy,915983cd0ee2a08d500e685ae0c177eb0713d625,1577754083,Mike Bayer,1,0,5,5,0,0,0,0,0,0
sqlalchemy,7210595a79cd33b3b0da48db2806856fe018f495,1577811187,Mike Bayer,3,2,279,109,8,6,264,0,0,2
sqlalchemy,ae354ce347336ba7efc1222c161e0da80314b485,1577755773,Federico Caselli,2,0,38,31,0,0,0,0,0,0
sqlalchemy,0d316e42f0645283c222f050c403c9c8d20463ec,1577814129,Gord Thompson,2,2,3,3,2,2,124,0,0,0
sqlalchemy,748bf710fdeeed327933a5e7c277c7f79f6053a6,1577893875,Mike Bayer,9,9,21,67,13,13,697,0,0,0
sqlalchemy,5881fd274015af3de37f2ff0f91ff6a7c61c1540,1577898587,Mike Bayer,176,159,176,176,159,0,0,159,10348,0
sqlalchemy,a076b1f30406cbb59a55e2c01ddd17a84636778e,1577908021,Heckad,8,24,18,56,17,16,466,0,0,1
sqlalchemy,0a8b11bb6528c38dc441caadc6eb2d25046fc376,1577987303,Mike Bayer,6,36,209,63,89,78,4229,0,0,11
sqlalchemy,b5bddb2ca17fe2e711b69205d9ed809dbfc77bfa,1578097387,Heckad,2,1,2,2,1,1,51,0,0,0
sqlalchemy,a54a0c6ec7aae89003cbb47c79a1850248f57a29,1578071457,Mike Bayer,2,0,28,10,0,0,0,0,0,0
sqlalchemy,217948f5c79e03956de998af86fef77ebc3edb76,1577921043,Mike Bayer,16,21,139,82,60,52,1830,0,0,8
sqlalchemy,5ecb7732fb62d80adb4434bdd0e606e43aa14a98,1578089360,Carson Ip,3,2,16,2,1,1,39,0,0,0
sqlalchemy,a697fcc1cb87b5a4e4f0c70361bd598086f4210f,1578337741,Mike Bayer,3,6,45,3,29,21,993,0,0,8
sqlalchemy,2734439fff953a7bb8aecdedb5f851441b5122e9,1578362770,Mike Bayer,5,3,115,6,6,5,243,0,0,1
sqlalchemy,4b17d0306421cab9821125fb774d1ff89b36e77e,1578670213,Mike Bayer,2,1,62,3,7,6,238,0,0,1
sqlalchemy,48b37a062a26a41bd5c9243d2365a6c06a77a347,1578680203,Mike Bayer,3,0,26,2,0,0,0,0,0,0
sqlalchemy,615ec3e640373bcb10311ba1d5cfc72e570b6534,1578680203,Mike Bayer,2,1,49,1,5,5,194,0,0,0
sqlalchemy,7cc2de880b0de2b127a54910761f357f3753c689,1578941438,Mike Bayer,4,8,170,18,47,11,564,34,1304,2
sqlalchemy,a5a6643a95dd00ec653150335ae6bf03b445c9e5,1579041132,Mike Bayer,5,8,270,20,25,20,1010,2,69,3
sqlalchemy,bdbe164d392d41991b64ced0f097930a04a2c420,1579289470,Mike Bayer,3,1,140,1,1,1,74,0,0,0
sqlalchemy,9e31fc74089cf565df5f275d22eb8ae5414d6e45,1579300301,Mike Bayer,30,16,43,715,12,8,290,1,57,3
sqlalchemy,d8ac1e9e6bfc931d2f14f9846d6924106f56b7e6,1576776039,Gord Thompson,2,2,24,5,3,2,130,1,36,0
sqlalchemy,20e14633fb15018ccf1f5d127fd67609bfe2b3e5,1579542082,Mike Bayer,3,2,200,43,53,21,815,30,1045,2
sqlalchemy,c506e01324cac524ee15257d31d9821aa8a23b95,1579650108,Mike Bayer,10,13,1323,1295,1323,969,50491,23,856,331
sqlalchemy,8426f97cdb77076abddabbd2a755022e85b870e8,1579708919,Mike Bayer,1,1,25,3,25,22,1415,0,0,3
sqlalchemy,3809a5ecfe785cecbc9d91a8e4e4558e3839c694,1568560344,Alessio Bogon,22,44,646,72,211,169,6629,10,493,32
sqlalchemy,f5eeac3d18892206abcaa30a295d12a799a8fb9b,1579728446,Mike Bayer,4,2,89,4,19,18,581,0,0,1
sqlalchemy,b98403f0c269a1073e8e25599d4a98147cfa425f,1579800498,Mike Bayer,2,1,26,2,2,2,54,0,0,0
sqlalchemy,9e3977738c7c698442cb88f4201f995d8901a45f,1579551677,Gord Thompson,2,0,11,2,0,0,0,0,0,0
sqlalchemy,1de64504d8e68e2c0d14669c7638cf6f6d74973f,1579819898,Federico Caselli,9,24,214,51,103,75,3954,16,786,12
sqlalchemy,6fb7b527426b564302d6fd8ca11dfa7b78cc2e7a,1578877702,Gord Thompson,12,10,423,317,364,276,10380,17,850,71
sqlalchemy,9a7c65c908dc00b66e10205d5a039a2b578f116e,1580161768,Gord Thompson,1,0,2,0,0,0,0,0,0,0
sqlalchemy,bfddff4c9f72adc5d326cee9783c77d358254837,1580161865,Federico Caselli,13,2,37,33,2,2,91,0,0,0
sqlalchemy,c9406e58a4fd2de4bb2fd53530e04cc9fc786cbf,1580232846,Mike Bayer,3,1,119,21,0,0,0,0,0,0
sqlalchemy,c741b89bd57eb31b7a1bbd187a4d159bdfea5111,1580247893,Mike Bayer,4,9,215,38,37,35,1477,0,0,2
sqlalchemy,10b7937bb9994c365436af5e0c1931b2b07d12b1,1580487008,Mike Bayer,5,42,293,28,198,164,8313,6,268,28
sqlalchemy,c797056413230cc5c11bc458e5f7760063c2682e,1580578029,Mike Bayer,6,5,15,70,0,0,0,0,0,0
sqlalchemy,ee1d914888113ceb9928ece6e0a715c813bdfcfa,1581002810,Mike Bayer,1,1,38,0,38,28,1576,1,28,9
sqlalchemy,ab1799a2a1951fe8f188b6395fde04a233a3ac0d,1580914274,Elkin,3,5,68,4,45,38,1432,1,53,6
sqlalchemy,47aa62abde6eba67802f2f7126cc79fbd95b5d1a,1581116107,Mike Bayer,1,2,13,2,13,11,521,0,0,2
sqlalchemy,f136cc893a2cd765c019654157af42aeb5135a1d,1581184086,Federico Caselli,2,4,4,4,4,4,242,0,0,0
sqlalchemy,660ff51df0433607b12c58a12c7355107c1773f5,1581191601,Mike Bayer,7,35,118,73,118,114,5720,0,0,4
sqlalchemy,12ec0e06858d84097a051a50a60fe9a1582ee95c,1581367119,Mike Bayer,3,0,139,78,0,0,0,0,0,0
sqlalchemy,532ddb0fa717bc10c3a95b7ddf3a60bbfad7ac56,1580773365,Gord Thompson,2,1,146,51,15,10,379,5,244,0
sqlalchemy,4376c2e5b016e8dfec7bc1b0d2ebbebae737c063,1581443506,Mike Bayer,2,2,39,0,21,20,1265,0,0,1
sqlalchemy,9fca5d827d880ccc529c94bb65c46de6aafd227c,1579892844,Mike Bayer,24,55,485,143,349,290,11647,9,381,50
sqlalchemy,8fabe50d7a47b50215a7ea4cf1d39409d9529e51,1581616106,Mike Bayer,1,22,75,38,75,53,2809,0,0,22
sqlalchemy,4ef180e25b53966cf001926c67b4474a6ab0d80f,1581626464,Mike Bayer,2,4,130,11,21,19,1065,0,0,2
sqlalchemy,55f6d61e85b7f16df0b77f1c55a4fb051cd696e3,1581626585,Mike Bayer,2,0,8,1,0,0,0,0,0,0
sqlalchemy,2f27dd35020be46b35717cffdccaefc97b5f67dd,1581872477,Mike Bayer,2,0,13,3,0,0,0,0,0,0
sqlalchemy,a8b4ea8819e08c0eaa74b53385a91c22916401c7,1581950519,Mike Bayer,1,0,15,8,0,0,0,0,0,0
sqlalchemy,60f627cbd0d769e65353e720548efac9d8ab95d9,1581621282,Gord Thompson,7,1,138,123,2,2,99,0,0,0
sqlalchemy,386012597b9e7aa2a7f987930d00b892ed54121d,1581958293,Mike Bayer,5,0,53,22,0,0,0,0,0,0
sqlalchemy,89b8c343ed6247a562e0bcd53ef3fc180d0d4e46,1581970919,Mike Bayer,3,2,76,3,8,7,339,0,0,1
sqlalchemy,1149a81d53ff6825048dd8dea09fb95c803a8944,1582153192,Mike Bayer,2,0,156,157,0,0,0,0,0,0
sqlalchemy,60f2e841c8540490abfe77f39dd8027a7ddf735b,1582207296,Mike Bayer,2,5,17,17,16,16,1150,0,0,0
sqlalchemy,93b7767d00267ebe149cabcae7246b6796352eb8,1580667880,Mike Bayer,20,60,502,272,297,261,10919,8,402,28
sqlalchemy,f559f378c47811b5528ad1769cb86925e85fd1e5,1559683760,Mike Bayer,50,243,2661,1357,1807,1427,59325,41,1916,339
sqlalchemy,bebd757b06f10f29f9e3555dc0a3ba6fe3ec93d5,1582238289,Gord Thompson,2,0,207,213,0,0,0,0,0,0
sqlalchemy,ffc375d1f02205838485dd1e3e181037b2c0a580,1582384938,Mike Bayer,8,7,144,16,6,6,207,0,0,0
sqlalchemy,3cb614009ee87a115ec7230949c031402efb17c1,1582395080,Mike Bayer,3,7,19,11,14,14,681,0,0,0
sqlalchemy,8fe61c4dfe2d2dcd98fdeccb4f1d9490fdceea6d,1582488861,Gord Thompson,1,0,71,65,0,0,0,0,0,0
sqlalchemy,996654df341a30b539434bb4fd1e0d53f46641a0,1582559054,Mike Bayer,2,1,41,2,1,1,52,0,0,0
sqlalchemy,5d42051c2e575713ffb8ea4f43ef1c2145b83c97,1582570477,Mike Bayer,3,1,15,7,3,3,111,0,0,0
sqlalchemy,88c23da948e76b1c273b6c48389d6671878696eb,1582573538,Mike Bayer,1,1,2,3,2,2,83,0,0,0
sqlalchemy,cdc195ff48f12e4bf54b99e4269db693f5a46a15,1582649208,Gord Thompson,1,0,1,1,0,0,0,0,0,0
sqlalchemy,a836e3df5d973f75bd8330cecb76511b67c13612,1582733369,Albert Tugushev,16,44,51,51,45,45,2133,0,0,0
sqlalchemy,f78db5e1f68d6b2fb6a7acc04036f682d9a22974,1551818220,Mike Bayer,2,7,103,15,21,20,977,0,0,1
sqlalchemy,e5e5bb640abc5c98b39a6a3a955a20ef1525fc02,1582753892,Mike Bayer,18,10,254,30,46,42,2235,0,0,4
sqlalchemy,c155ae910bac2e31f5499b321c19d6b7c061deec,1582914363,Federico Caselli,9,2,30,12,7,5,184,0,0,2
sqlalchemy,0fe528483afeb53300ff7a9770f7fb9c81a3a874,1582905913,Eric Borczuk,2,2,45,2,8,6,250,1,43,1
sqlalchemy,ca2e4f385802799c2584782a8528e19a9e5513bc,1582919785,Mike Bayer,4,6,40,50,31,27,1114,0,0,4
sqlalchemy,649de79950dcf952d7a44069faf36925c23c4e63,1583162912,Mike Bayer,2,35,128,60,128,96,4390,4,188,28
sqlalchemy,49d78c335403802b8035d0d6f61c92b3f7969174,1583087456,Gord Thompson,3,2,8,47,0,0,0,0,0,0
sqlalchemy,57dc36a01b2b334a996f73f6a78b3bfbe4d9f2ec,1583005245,Mike Bayer,48,148,754,434,637,603,25669,23,942,11
sqlalchemy,4c81d99bab0e884473abfcb573772aa5d94264c7,1583243915,Mike Bayer,1,4,27,1,27,16,735,1,5,10
sqlalchemy,598f2f7e557073f29563d4d567f43931fc03013f,1583269419,Mike Bayer,10,8,42,9,37,28,1085,0,0,9
sqlalchemy,41001d5358549f89b7a4843b3421742b7e3adf3e,1583271139,Federico Caselli,4,9,5,83,0,0,0,0,0,0
sqlalchemy,7fe400f54632835695f7b98f0c1a54424953dfad,1583274150,Mike Bayer,3,2,40,2,5,4,136,0,0,1
sqlalchemy,3c682d225d21faf751fe6c4d5bcb1efc0c5bf5f8,1583280955,Mike Bayer,2,7,100,30,31,24,948,6,234,1
sqlalchemy,f9753f5c8f7c4427fa7b21076d3f46177afbfcd0,1583326110,Federico Caselli,1,1,1,1,1,1,60,0,0,0
sqlalchemy,57b2aae0d9efe91c2338e5a762e04366f86c2651,1583361880,Mike Bayer,3,4,67,9,25,21,869,1,25,3
sqlalchemy,851fb8f5a661c66ee76308181118369c8c4df9e0,1582483038,Mike Bayer,24,145,1225,448,820,664,26105,46,2338,110
sqlalchemy,eda6dbbf387def2063d1b6719b64b20f9e7f2ab4,1583605027,Federico Caselli,36,150,329,300,284,264,12818,0,0,20
sqlalchemy,0c294d356f7cbb22a8da3fc4552a9c4232c3f69a,1583790653,Gord Thompson,2,1,6,1,1,1,33,0,0,0
sqlalchemy,71e368081a63b323bea092b379523d8cd0ab3fdb,1583865231,Federico Caselli,4,2,19,5,2,2,141,0,0,0
sqlalchemy,693938dd6fb2f3ee3e031aed4c62355ac97f3ceb,1583528686,Mike Bayer,19,180,732,739,613,514,20429,15,659,84
sqlalchemy,7d8c64f9087bcde14dc641fe75f93a04823b86d6,1583880522,Mike Bayer,2,4,39,24,18,18,1192,0,0,0
sqlalchemy,ceba13d4be5e73fed4522d6f66ab4c54f60fd983,1583937672,Mike Bayer,2,1,24,1,1,1,64,0,0,0
sqlalchemy,4cf10e7deb15dc3c5424a209fd243ca760bbbb8b,1583950181,Federico Caselli,2,2,2,2,2,2,84,0,0,0
sqlalchemy,993e6449e3f5f3532f6f5426b824718435ce6c6d,1584056677,Mike Bayer,2,0,22,0,0,0,0,0,0,0
sqlalchemy,f1429823d31c56b589017e60328f826f5e721f0e,1584069078,Mike Bayer,2,3,33,2,7,6,250,0,0,1
sqlalchemy,79a53645ba8e6c12aff33d9ba1318ea4328ab7de,1582746601,Gord Thompson,11,16,75,32,36,25,949,7,345,4
sqlalchemy,4dfc449839f011db5b84f9a8dbf80896d34f4204,1584188863,jonathan vanasco,1,1,2,2,2,2,99,0,0,0
sqlalchemy,62b7dace0c1d03acf3224085d03a03684a969031,1584190662,Federico Caselli,12,27,365,27,126,106,4268,2,120,18
sqlalchemy,64ccf4d02a497f0e584c544f5e5fb55d5cbf8c30,1584139045,Mike Bayer,1,1,1,4,1,1,59,0,0,0
sqlalchemy,ee9bd719b7fc5f9ad34df8815ccca56d5a7a65cc,1584572720,mike bayer,2,5,54,4,22,18,745,3,150,1
sqlalchemy,9ec75882203b2c01aa1d362f939e21ebcd188e8d,1584190964,Federico Caselli,66,113,1559,929,255,226,11210,2,90,27
sqlalchemy,becab22dcbe9d68b0671a9246e022c9810f7e319,1584825984,Mike Bayer,7,7,92,3,19,17,795,0,0,2
sqlalchemy,01299b6bdaf91691923a99fd8c0241dac6abc432,1584039277,Gord Thompson,6,3,186,24,57,38,1710,6,360,13
sqlalchemy,0a4f7f38ce2b878a4e59da74373938b64bbb6e92,1580661577,Mike Bayer,8,18,11,255,7,7,413,0,0,0
sqlalchemy,8e3a05ab987dcb783385e555aa607248df1469ca,1576803532,Gord Thompson,7,9,514,0,169,129,4983,0,0,40
sqlalchemy,64e8303debd8064d7d9c01c3300cca5f54c02db1,1582379045,Gord Thompson,3,4,32,2,31,24,1203,0,0,7
sqlalchemy,cadfc608d63f4e0df46c0daaa28902423fd88d71,1584989525,Mike Bayer,16,60,226,185,130,111,5034,1,24,18
sqlalchemy,7f863344b96c945c56791d31b15a302c2ddd800f,1584994621,Federico Caselli,2,3,17,3,6,6,258,0,0,0
sqlalchemy,cdbe3f84ba4656fd54205212b5adcd5ad9c8e8d2,1581766477,Federico Caselli,5,3,139,21,33,29,1637,2,116,2
sqlalchemy,478185d05df86c73ad212a11732eb5374c8637a1,1585150459,Mike Bayer,13,51,124,120,124,124,8311,0,0,0
sqlalchemy,5b6a1a98903830ac563f936ccbe1fe30d88ec77c,1585389884,Federico Caselli,4,0,35,14,0,0,0,0,0,0
sqlalchemy,48eb5180dd07600eddc3dbda8fe09666211b3cc9,1585497989,Mike Bayer,1,0,93,5,0,0,0,0,0,0
sqlalchemy,83eb1b23cbe5a7ee0f2534256cf16f0f865bdbbb,1585086946,Federico Caselli,3,2,65,0,26,16,451,0,0,10
sqlalchemy,4bd4b483e07bd81dd2417aa2a3e737fedb7ee5b4,1585508228,Federico Caselli,8,10,9,39,4,4,69,0,0,0
sqlalchemy,a65d5c250e9fd7090311ef12f28d7d959c6c738e,1585506279,Mike Bayer,11,47,263,82,192,156,6778,4,191,32
sqlalchemy,d3cc4cdcf10db1f50fb2806358532821bc6ed796,1585580664,Mike Bayer,10,4,47,59,11,10,449,0,0,1
sqlalchemy,379e878c5854f8d0b4e65338571ba03986901ba8,1585595093,Mike Bayer,1,0,3,1,0,0,0,0,0,0
sqlalchemy,442b30c3ca18350aa451d7232ba8f0f5f400fc46,1585656299,Gord Thompson,1,0,2,2,0,0,0,0,0,0
sqlalchemy,5bcdbacae447083eb14471c8a82f7c798beea623,1585658035,Gord Thompson,1,0,19,18,0,0,0,0,0,0
sqlalchemy,57cf5371d0ccfc26aef1eb02b27fe4ce9ce68323,1585660753,Gord Thompson,1,0,46,44,0,0,0,0,0,0
sqlalchemy,83c8231ac1821703a2ec7f07bbd68e8712101e73,1585438445,Gord Thompson,5,0,508,482,0,0,0,0,0,0
sqlalchemy,c99f6781d3a0c555561149cada66cb02fe263225,1585682001,Federico Caselli,1,0,1,1,0,0,0,0,0,0
sqlalchemy,e6250123a30e457068878394e49b7ca07ca4d3b0,1585763495,Mike Bayer,1,0,1,1,0,0,0,0,0,0
sqlalchemy,a9b62055bfa61c11e9fe0b2984437e2c3e32bf0e,1583788355,Mike Bayer,32,180,876,240,482,382,15439,30,1427,70
sqlalchemy,49b6c50016c8a038a6df7104560bb3945debe064,1585780276,Mike Bayer,4,18,165,134,54,48,1887,2,76,4
sqlalchemy,207e0b2fc0b36acca398b163c698412deec7077e,1585849871,Gord Thompson,7,5,103,3,38,31,1247,0,0,7
sqlalchemy,c7d3ca0da477451885158a923aa9ee7e49794541,1585874744,Mike Bayer,12,11,145,26,18,16,600,0,0,2
sqlalchemy,a32c528c541670c0c4469523a3964712d79b7edd,1585944022,Mike Bayer,2,2,113,2,4,4,139,0,0,0
sqlalchemy,139aac4aba98b170787a63f0f0ca785c1fdfc63b,1586035126,Mike Bayer,1,0,2,0,0,0,0,0,0,0
sqlalchemy,50f1e1392a92f31f1f2d5110e6632bc5a32467e7,1586029190,Gord Thompson,2,0,26,21,0,0,0,0,0,0
sqlalchemy,a902660f711da0b428fd2b9abf9b281a1ef6a118,1585080364,Federico Caselli,2,3,47,1,18,15,744,0,0,3
sqlalchemy,9243f6feea676bbaada52293d44e5d069b0f0574,1586204363,Mike Bayer,2,1,13,0,1,1,44,0,0,0
sqlalchemy,bba3be4b9844d855698862fcc33663ec03d428a6,1585670356,Gord Thompson,2,0,127,114,0,0,0,0,0,0
sqlalchemy,978755e851e505e2715e71efcb51b0904ded9f80,1586301661,Mike Bayer,2,1,34,1,8,8,252,0,0,0
sqlalchemy,17e31604ae13ebd58b148a4319cfed09e5448ee2,1586295434,Mike Bayer,3,13,183,30,92,79,4101,0,0,13
sqlalchemy,ae26007d52caab1575a9aef4fecb90785f7e118d,1586366342,Federico Caselli,2,2,11,1,11,3,65,6,240,2
sqlalchemy,a9b068ae564e5e775e312373088545b75aeaa1b0,1586370381,Federico Caselli,53,129,220,2004,157,145,6218,5,235,7
sqlalchemy,0aa38a973778114b9b63c74f89a47adcb1cbab82,1586445303,Mike Bayer,2,1,21,1,3,3,136,0,0,0
sqlalchemy,10fb4d4d2f755d813993852b8cb9de3a9c0a2b3f,1586346036,Gord Thompson,1,0,1,1,0,0,0,0,0,0
sqlalchemy,fe591913030a244a9ccfdd47b371609f1f1b44af,1586469810,Mike Bayer,3,2,1085,1041,8,8,365,0,0,0
sqlalchemy,046934083bbf0193e29c990bed0527fdac56f9a8,1586543334,Mike Bayer,1,0,2,2,0,0,0,0,0,0
sqlalchemy,24137da80da879e7792f45302ae5c100524253be,1586535812,Mike Bayer,1,3,10,5,10,9,385,0,0,1
sqlalchemy,e228b4143274152aae599b3dbbcaa4ad7178147b,1586552321,Mike Bayer,1,0,12,10,0,0,0,0,0,0
sqlalchemy,3b10414c8974625622dfff08262272b39bcff85e,1586547482,Federico Caselli,4,3,33,7,16,14,594,0,0,2
sqlalchemy,aa07b7a8144cc10dede80efbafcc19cbe7af8d01,1586623935,Gord Thompson,1,0,48,52,0,0,0,0,0,0
sqlalchemy,43bcb0de1ecc1dc2abd7e7c3eb0c39f3eab9adc0,1586627216,Mike Bayer,8,13,22,11,22,19,650,0,0,3
sqlalchemy,28e971a6db8f9ac4c3bc41fd77940ad9fd917b0b,1586629642,Gord Thompson,1,0,101,87,0,0,0,0,0,0
sqlalchemy,35b74d8a33aedaa29af1be2d6bac8bc23fa7c412,1586631037,Federico Caselli,2,1,19,0,2,2,59,0,0,0
sqlalchemy,0738a1f74924306331e0fa37a3aa36a2a3368a89,1586635915,Gord Thompson,1,0,38,39,0,0,0,0,0,0
sqlalchemy,ddca48235e7a91a8e293c1c7213a37d4bc3aa00d,1586646226,Gord Thompson,1,0,36,36,0,0,0,0,0,0
sqlalchemy,f564a15feca1dcead62a12b496940a863d5165c1,1586696605,Gord Thompson,5,0,82,65,0,0,0,0,0,0
sqlalchemy,6eb11d877799cc42983c011ff16730af174b71e5,1586714338,Gord Thompson,1,0,396,374,0,0,0,0,0,0
sqlalchemy,a731c005b84517fe6f857467151ce9a3aa60119c,1586726826,Gord Thompson,1,0,194,182,0,0,0,0,0,0
sqlalchemy,b4a835044d270d58f17377557a23244e773ef450,1586734684,Gord Thompson,1,0,413,397,0,0,0,0,0,0
sqlalchemy,4349e6ec9732fe85f8ce073ec2ecee80683bc7f2,1586781067,Gord Thompson,1,0,220,188,0,0,0,0,0,0
sqlalchemy,f947d744d09ecd9c004d77e8173b32177c87d9ef,1586864075,Gord Thompson,1,0,92,92,0,0,0,0,0,0
sqlalchemy,b99012d143e0f61bada9c86f524c421fd41c20c2,1586719082,Mike Bayer,14,40,94,60,52,50,2798,0,0,2
sqlalchemy,cea03be855514d592b6671fa6dbc074a19a795fb,1586884521,Mike Bayer,77,2160,3643,2702,3643,3639,194083,0,0,4
sqlalchemy,447c0750e1f739c4db1d0d20de182c297dc86e36,1586896782,Mike Bayer,34,172,248,189,248,248,13087,0,0,0
sqlalchemy,8725d89abaf1a6ce870e71fbf1a4962dc4899204,1586892628,Mike Bayer,48,0,475,469,0,0,0,0,0,0
sqlalchemy,2f617f56f2acdce00b88f746c403cf5ed66d4d27,1586283343,Mike Bayer,45,170,2459,303,1167,961,41464,18,904,188
sqlalchemy,405fc9717048b0adc852a72da540048df7a8142a,1587074796,Gord Thompson,8,0,13,13,0,0,0,0,0,0
sqlalchemy,6e208823a66723c842975e0b75ec0e8b34ce0d2f,1587220864,Gord Thompson,1,0,1,0,0,0,0,0,0,0
sqlalchemy,430ce5eab26d46301ae741f9068f13ba09907d8e,1587329574,Mike Bayer,2,2,52,2,12,12,575,0,0,0
sqlalchemy,0358e275dd960f5bddd11342c6502f7769e2a9f5,1587251043,Gord Thompson,1,3,18,5,18,15,983,0,0,3
sqlalchemy,50cee43fbcbfba8a630007ce4ff867c6b913f20b,1586870107,Gord Thompson,3,0,83,84,0,0,0,0,0,0
sqlalchemy,07d6d211f23f1d9d1d69fd54e8054bccd515bc8c,1587071792,Federico Caselli,13,10,86,22,34,28,1589,2,99,4
sqlalchemy,aaec1bdedfc73ead3aef3a3e4d835a8df339e2dd,1587319779,Federico Caselli,6,26,231,54,91,78,3006,3,158,10
sqlalchemy,469e786c9d77e182ef403ba18e7f19b3f58fe3bf,1587410180,Gord Thompson,1,2,3,2,3,3,162,0,0,0
sqlalchemy,6abbda34ebb2c154ccae12d749968fe72f27f372,1587399880,Mike Bayer,2,3,73,1,29,23,899,2,83,4
sqlalchemy,50d283af1a254ef981ac9a2466399b4828de0117,1587070863,Federico Caselli,1,10,29,12,29,23,1019,3,154,3
sqlalchemy,483a644959f396e3abdcb8f0f373936569958970,1588020703,Mike Bayer,4,2,63,2,4,4,142,0,0,0
sqlalchemy,f554209ebd676fd7c30e4c494a42a049d8afd3f0,1588097946,RamonWill,2,1,26,0,7,5,211,0,0,2
sqlalchemy,0c9812e50568fdfb5649e8449fcb877567f990e8,1588105713,Federico Caselli,1,21,21,21,21,21,1438,0,0,0
sqlalchemy,0faee1bbf20cb4a2599888b427b8015ec5f3c890,1588171488,Mike Bayer,1,1,1,0,1,0,0,0,0,1
sqlalchemy,18ce4f9937c2d6753acbb054b4990c7da298a5d7,1587236321,Federico Caselli,13,20,88,121,83,68,3128,1,18,14
sqlalchemy,8c5aa7d3e0f853e30249cf1ad9e1f7e7d426a245,1587740747,Gord Thompson,1,1,8,1,8,8,329,0,0,0
sqlalchemy,ebe558f956fd63d47e23e3bb56070edab1079e96,1588273563,Mike Bayer,1,0,2,1,0,0,0,0,0,0
sqlalchemy,7baf42883f177a6f666a1cb550f4357aa7606a25,1587730999,Gord Thompson,2,2,47,0,11,8,349,0,0,3
sqlalchemy,aded39f68c29e44a50c85be1ddb370d3d1affe9d,1587487873,Mike Bayer,25,290,3884,2081,2653,2145,89113,107,4734,401
sqlalchemy,45a334e38c1baab34d3195c899cb9ca617fb52a7,1588379418,Mike Bayer,2,2,21,2,3,3,133,0,0,0
sqlalchemy,f247bb20007190ae7aa89929c02c03317b1e6876,1587913174,Mike Bayer,23,53,117,49,111,86,4727,3,115,22
sqlalchemy,bbf644862ab05734d153d74abf59aa3492278563,1587756859,Mike Bayer,10,36,168,154,117,81,3091,19,1039,17
sqlalchemy,00d40775b73cf94fa5d1b765dac1e600e93e172f,1588445955,Mike Bayer,1,4,4,4,4,4,220,0,0,0
sqlalchemy,35552e88ca798b809c7391bae11890c1557a3dd2,1588552044,Mike Bayer,2,13,50,48,27,27,1056,0,0,0
sqlalchemy,dd244758a218201e6b38c44f7a9779a40177742b,1588548954,Mike Bayer,3,2,112,37,2,2,74,0,0,0
sqlalchemy,9f6b67a37e820b9a5be54301d08f20161bd20ee8,1588621728,Mike Bayer,5,28,251,206,179,146,8556,1,37,32
sqlalchemy,04c990a011db5629f1a53a8e5af2080180ac8ec3,1587590757,Federico Caselli,3,10,264,32,77,59,3087,7,404,11
sqlalchemy,3ab5e3781b9f44d458cb6213e89f50d01ea167dd,1588772846,Mike Bayer,3,18,105,71,105,85,5259,0,0,20
sqlalchemy,8782469b789585d3f0c3a642f0bb9519816f6b11,1588886015,Mike Bayer,4,8,168,25,66,62,3744,0,0,4
sqlalchemy,e70e8a7f89f9b50d8f1e3161c44bbfcf64e8b9f3,1588951514,Mike Bayer,2,0,11,5,0,0,0,0,0,0
sqlalchemy,fb28e40b31797dc9ad72f11a8edd4f2eb555a36d,1588874198,Mike Bayer,4,5,56,69,4,4,208,0,0,0
sqlalchemy,187a3a27cf8303ba332e011a482bd3b21cd3c01c,1588789043,Dylan Modesitt,3,6,89,4,14,11,529,0,0,3
sqlalchemy,587f6c77153235e3defcc6b0b6598634e1ee2828,1588938722,Gord Thompson,1,4,9,3,9,9,384,0,0,0
sqlalchemy,447f16bc7fd5afa1e0b1ca8a558354915ead239f,1589114241,Federico Caselli,1,0,3,0,0,0,0,0,0,0
sqlalchemy,cc97dade0de008ce923dbb94db21a8e1ccb5bb22,1589229877,Gord Thompson,2,2,5,1,5,2,87,2,92,1
sqlalchemy,916e1fea25afcd07fa1d1d2f72043b372cd02223,1589388128,Mike Bayer,5,7,102,5,39,21,985,15,531,3
sqlalchemy,79de84b25e87bbb7fa94f0dd513b4abc76e05a7e,1589467889,Mike Bayer,2,2,18,16,3,3,184,0,0,0
sqlalchemy,3f08d54d30b139b5925772b40778746b94cc4f76,1589544477,Gord Thompson,2,6,16,13,16,16,1012,0,0,0
sqlalchemy,8c10e29dc7aa2356d0f3f5110b2c9dade9d87096,1589485919,Federico Caselli,2,2,22,1,10,9,433,0,0,1
sqlalchemy,103260ddb476c5354b3201f92636c474f2a83c35,1588188179,RobotScribe,6,6,313,7,32,21,889,2,102,9
sqlalchemy,1160d60a14466287b8287f3ef3ab452e1b3dbf55,1589489876,Federico Caselli,3,8,75,17,75,66,2476,0,0,9
sqlalchemy,88bffda3feb83356f8bd6ce0443efea6ef725c24,1589641026,Gord Thompson,1,1,5,0,5,3,102,0,0,2
sqlalchemy,0d611b88911217727a174916b83e296e8c7105b1,1589648700,Mike Bayer,3,3,26,6,25,24,1186,0,0,1
sqlalchemy,0e53221eef50b3274841fbd1eb41e32f5dfc4e69,1589475011,Mike Bayer,12,107,1138,542,469,341,13787,66,3215,62
sqlalchemy,53af60b3536221f2503af29c1e90cf9db1295faf,1589832513,Mike Bayer,9,34,51,142,48,42,1738,6,317,0
sqlalchemy,87949deb04068868e941bb99947c70e78c4afc8a,1588364571,Federico Caselli,3,11,84,28,67,55,1815,6,396,6
sqlalchemy,af0e59ff16a2a02ec5dc1195212236e63fd941a7,1588863195,Mike Bayer,6,8,163,19,79,61,2635,0,0,18
sqlalchemy,3d55263c92ee29a0257d823124c353a35246cf31,1589928916,Mike Bayer,1,1,1,1,1,1,70,0,0,0
sqlalchemy,4550983e0ce2f35b3585e53894c941c23693e71d,1589996504,Mike Bayer,18,110,487,228,308,271,10933,8,370,29
sqlalchemy,2644693c0bf5b775f7a7283cdbf566a37872586f,1590054887,Miguel Grinberg,2,1,6,1,1,1,72,0,0,0
sqlalchemy,5b2abf4d269b0c58bbec90ce0b16830e6e048a17,1590099519,Mike Bayer,4,57,224,134,129,95,3631,2,98,32
sqlalchemy,29534cf13939c7f7fe59399f12d50df2fcab7a38,1590167698,Mike Bayer,2,1,9,1,2,1,43,1,52,0
sqlalchemy,88ae6a6cdd9f37d65ea212736f1229bb62d677a9,1590177857,Mike Bayer,2,2,16,0,16,10,499,0,0,6
sqlalchemy,d163088de1d68919b6811a25745d3becbbf5b069,1590184610,Federico Caselli,2,4,17,6,10,9,413,0,0,1
sqlalchemy,2632a8db05d69607260d412852f7cc5c0ac0f368,1590185506,Federico Caselli,2,2,2,2,2,2,153,0,0,0
sqlalchemy,fcbd03e48af50e301e0dcbade75765a4d3e4999f,1590120366,Mike Bayer,12,14,182,31,77,59,2146,0,0,18
sqlalchemy,9a04c2f65754ac7bf93e0f58f68e59b41e43e67e,1590099648,Gord Thompson,2,1,51,1,5,5,246,0,0,0
sqlalchemy,7bbf5f88629ff98715c66549321f1c70e6e13ffa,1590180496,Federico Caselli,0,0,0,1257,0,0,0,0,0,0
sqlalchemy,f79953a874c201a31a8972b999d18547bf227f25,1590090649,Federico Caselli,4,11,48,27,38,31,1279,3,127,4
sqlalchemy,360583a00abc0bf99a29a40b918bb5f741dc5198,1589030241,snowman2,2,2,23,21,8,8,351,0,0,0
sqlalchemy,b46978dc63788152b170c64ae6ddd876a024c5df,1590327711,Mike Bayer,4,23,136,45,76,57,2319,5,190,14
sqlalchemy,dce8c7a125cb99fad62c76cd145752d5afefae36,1575239067,Mike Bayer,75,547,8006,3576,4805,3637,146937,412,18887,756
sqlalchemy,6930dfc032c3f9f474e71ab4e021c0ef8384930e,1588006692,Mike Bayer,67,416,3073,1429,2005,1530,62301,154,7563,321
sqlalchemy,95106a9175741528cebfde8b6d0fd9756f82bd20,1590435838,Federico Caselli,1,2,45,1,45,31,1220,0,0,14
sqlalchemy,903b18828461bb8cb8dca4acc56809b3df2b14d5,1590460604,Mike Bayer,3,15,90,77,87,72,2658,10,434,5
sqlalchemy,6b3513f56c2a5d3ba45215b2438c47dba4336740,1590463368,Mike Bayer,1,0,14,23,0,0,0,0,0,0
sqlalchemy,366e88ea0e5c5417184c1dd4776cff752560631d,1590463578,Mike Bayer,3,15,77,90,74,64,2241,7,297,3
sqlalchemy,7dc411dc63faf59b4e28fa0dea805887821d0d99,1590589113,Mike Bayer,2,1,38,0,3,2,74,0,0,1
sqlalchemy,8a6e64323abeb9d08de3f68c63c6401ba1a5f847,1590669444,Mark Amery,2,1,2,2,1,1,60,0,0,0
sqlalchemy,77f1b7d236dba6b1c859bb428ef32d118ec372e6,1590460604,Mike Bayer,34,340,1154,845,881,709,29993,89,4367,83
sqlalchemy,5e1d11573350f8035ed607e9c97b9f8896ab3132,1590704192,Mike Bayer,2,0,17,2,0,0,0,0,0,0
sqlalchemy,668872fe0108c3885adcf6cb10b653b812dc258f,1587318439,Gord Thompson,23,32,410,223,124,100,4164,2,82,22
sqlalchemy,9272ae4f77d670bd2ff4c55f50bf47ad374e8319,1590696851,Mike Bayer,4,10,22,24,16,15,586,0,0,1
sqlalchemy,4ecd352a9fbb9dbac7b428fe0f098f665c1f0cb1,1588204003,Mike Bayer,35,132,1495,927,572,413,17297,66,3149,93
sqlalchemy,ddff320473dcbd3cc11d577715f96237276bc685,1590758454,Gord Thompson,2,2,46,5,3,3,79,0,0,0
sqlalchemy,9be0e9e5477cd6a494d9e3b3c13ceed1e50cc5a9,1590777067,Haoyu Sun,3,9,63,11,33,25,961,1,4,7
sqlalchemy,a7a19f292451e10aef489d87df27be7f58f831a8,1590971643,Mike Bayer,3,11,130,58,35,21,830,7,283,7
sqlalchemy,b05c8a0ef8b6e7bfd169a21e7c1f834fdb00da19,1591043201,Mike Bayer,1,0,19,0,0,0,0,0,0,0
sqlalchemy,3d99ee28ed368c3bdbeaf872ef65b0c9a7c0da33,1591053079,Mike Bayer,4,6,325,191,16,13,596,2,68,1
sqlalchemy,7c2b699c07c38ad31944b39fe4c7e6757c6b77eb,1591054249,Mike Bayer,1,0,2,0,0,0,0,0,0,0
sqlalchemy,7f0cb933f2b1979a8d781855618b7fd3bf280037,1591192204,Mike Bayer,6,18,149,48,48,40,1521,2,108,6
sqlalchemy,c516f607b616b2be606e418f17483afc1812782e,1591201481,Elmer de Looff,2,2,2,8,2,2,87,0,0,0
sqlalchemy,8dcf876fe9a06f3360b8d260459cdff050b2aa00,1586772981,Federico Caselli,8,13,219,85,130,106,4291,2,76,22
sqlalchemy,97cd0a5db8bb2e47f38899592740d1bc75ec0412,1591122063,Mike Bayer,7,8,177,46,37,32,1923,0,0,5
sqlalchemy,a4de30c50eb660a08c8d025c158c54a0bd84f051,1591291701,Mike Bayer,1,6,25,11,25,22,1330,0,0,3
sqlalchemy,14bc09203a8b5b2bc001f764ad7cce6a184975cc,1591295893,Gord Thompson,2,1,4,4,1,1,61,0,0,0
sqlalchemy,3512d51600c250f72911313e3f204552c250ece7,1591408703,jonathan vanasco,1,0,33,33,0,0,0,0,0,0
sqlalchemy,3ab2364e78641c4f0e4b6456afc2cbed39b0d0e6,1591220315,Mike Bayer,31,144,1123,507,667,568,23500,19,830,80
sqlalchemy,b0cfa7379cf8513a821a3dbe3028c4965d9f85bd,1591490443,Mike Bayer,52,251,1780,699,917,690,23991,135,7166,92
sqlalchemy,ed4a4896aea7dd77dd5d8a9861302811ac421e47,1591887041,Thodoris Sotiropoulos,2,1,2,0,1,1,21,0,0,0
sqlalchemy,dbaf82d258cc12d92ef28de4677d147fdb7808fd,1591900317,Mike Bayer,3,3,35,10,7,4,179,0,0,3
sqlalchemy,5624430eb1d07c68d0931bc89f7146bc003fde19,1591981755,Mike Bayer,3,4,28,5,6,5,268,0,0,1
sqlalchemy,5d7d96b53ef6b046fcd4d19a42e31f99898d1c81,1591459474,Gord Thompson,2,5,108,3,29,24,941,3,88,2
sqlalchemy,699da7ecb96e9e1af8df8072d53199a560311260,1592541120,Mike Bayer,7,14,107,52,59,35,1393,16,843,8
sqlalchemy,332b8b78f6ba728b0994457420cb66e1c9bd5846,1592579168,Mike Bayer,1,1,13,0,13,12,790,0,0,1
sqlalchemy,9ca81f5f79498356c4f3387c17edda0ed3dad451,1592520340,Mike Bayer,1,0,1,67,0,0,0,0,0,0
sqlalchemy,62be25cdfaab377319602a1852a1fddcbf6acd45,1592756481,Mike Bayer,18,60,621,122,340,277,10512,20,1109,43
sqlalchemy,0fd256d9937222ddf9f9d138641a59247ce0d450,1593006716,ramonvg,1,0,13,0,0,0,0,0,0,0
sqlalchemy,003333f0612562f2d97aa9090795dc0801779b5a,1593042472,Mike Bayer,4,7,5,4,5,5,200,0,0,0
sqlalchemy,ca56d8dc32f939b2bdb1f590986d4c46d280d186,1593097960,Mike Bayer,2,4,94,14,15,7,268,5,242,3
sqlalchemy,f1a3038f480ee1965928cdcd1dc0c47347f270bc,1592943664,Mike Bayer,33,72,756,528,350,290,13492,13,711,47
sqlalchemy,2a1a9f5f5a9723f757439657d2bdf224baed8748,1592840079,aplatkouski,57,340,519,501,460,449,24986,9,510,2
sqlalchemy,90a97ad9b63d5aa80439a20e7a9db450026d58de,1593287188,Federico Caselli,1,1,9,1,9,3,97,4,179,2
sqlalchemy,08c46eea924d23a234bf3feea1a928eb8ae8a00a,1587135308,Mike Bayer,14,25,820,366,144,121,5057,17,922,6
sqlalchemy,5f5b56d646f154ee572c9de80449423304103bad,1593313072,Mike Bayer,1,0,16,0,0,0,0,0,0,0
sqlalchemy,0286dcb23d8f6facb09391b46581d525982c20a0,1593362852,Mike Bayer,6,5,12,974,7,7,259,0,0,0
sqlalchemy,2c1e517d0368934b70a571163ff56638673cc96b,1593269603,Gord Thompson,12,20,150,84,72,61,2393,0,0,11
sqlalchemy,a2c2dcaf082ecf97c7e06cd23adf5a614b5a4a2b,1593455722,Mike Bayer,2,3,73,1,73,55,2704,1,77,17
sqlalchemy,30f8843e97a49121323a4f75d9341f77c9935312,1593459920,Mike Bayer,1,3,22,3,22,18,593,0,0,4
sqlalchemy,b421c51b94fdef2bc542b0a40bfb21490b23ca15,1593534718,jonathan vanasco,1,1,1,1,1,1,77,0,0,0
sqlalchemy,3dc9a4a2392d033f9d1bd79dd6b6ecea6281a61c,1576534003,Mike Bayer,28,95,2257,165,884,649,25584,61,2798,174
sqlalchemy,5ca8d8494585ce77f971dfb1d71526a71b7aa1ae,1593869419,RamonWill,2,0,8,4,0,0,0,0,0,0
sqlalchemy,cf7bfb79847266148f6add22120479d287a259ab,1593883060,RamonWill,1,1,3,0,3,3,187,0,0,0
sqlalchemy,9204b6610c9667ba2e4f73440339d2f520631777,1593959300,Mike Bayer,1,1,26,0,26,18,942,1,53,7
sqlalchemy,c6c9d5f925e4418c10c93c47fef53200dca11f00,1593971098,Mike Bayer,2,7,180,6,31,21,924,8,372,2
sqlalchemy,67504137e96547664754691bdd3269b473a488d1,1593960650,EwenGillies,2,1,29,1,1,1,53,0,0,0
sqlalchemy,6eea9ca437084feae6a7b00276547e70ef6b40ad,1594135599,Mike Bayer,3,4,65,2,19,10,323,5,189,4
sqlalchemy,47052cab2a4d9fe4640ccc64d6cf545cb1b4b490,1587590757,Federico Caselli,2,5,50,82,24,22,1078,0,0,2
sqlalchemy,91f376692d472a5bf0c4b4033816250ec1ce3ab6,1593202519,Mike Bayer,100,117,2635,2513,620,498,22099,9,517,113
sqlalchemy,54b0cebc2b22475e4ae153d7e84ecb953797f4c5,1594235550,Mike Bayer,1,0,7,7,0,0,0,0,0,0
sqlalchemy,43a111e326acae85f4623b8dd507468d99d5ef3a,1594237712,Mike Bayer,2,0,8,1,0,0,0,0,0,0
sqlalchemy,35f7fda3eb214b9e6172852bb00f44ccab53886b,1594305333,Rafi Shamim,1,0,5,6,0,0,0,0,0,0
sqlalchemy,cc638994aedf0ff7c0c4ab09bbb0a22196c9a716,1594487426,Federico Caselli,3,2,5,0,2,2,70,0,0,0
sqlalchemy,5de0f1cf50cc0170d8ea61304e7b887259ab577b,1594233077,Mike Bayer,34,210,2934,1247,1227,944,40550,42,1809,241
sqlalchemy,96dba1a9f4bdbce43159c5b3741e7626ddd21d47,1594508055,Mike Bayer,1,16,54,79,54,50,3015,0,0,4
sqlalchemy,f9f9f0feb785ad08a3bbf8b24ce879c985d0975b,1594565283,Mike Bayer,1,0,1,1,0,0,0,0,0,0
sqlalchemy,28fbb0cb94ddf92a014adbfe63a15b7d0797ccee,1594597974,Mike Bayer,7,7,36,14,25,16,659,0,0,9
sqlalchemy,9d0fb152069caa8de887aba28cef87f7acb32e37,1594651797,Mike Bayer,5,12,176,20,20,20,944,0,0,0
sqlalchemy,6158fe6cbf69c29d51a8e57aab4e36d6b4598079,1594850456,Gord Thompson,1,0,1,0,0,0,0,0,0,0
sqlalchemy,e984450255e7f487efddb0bb9f04caec6e261431,1594925712,Mike Bayer,1,0,5,0,0,0,0,0,0,0
sqlalchemy,547e959157f841f4f6d1e405ceed14755fcbd0bd,1595030801,Gord Thompson,2,1,20,4,4,3,120,0,0,1
sqlalchemy,83b3ce6b7c7991d2faf314dc44571de9e6e9c27b,1595194754,Mike Bayer,3,19,154,60,154,118,5112,16,863,20
sqlalchemy,e385fc6215aea605e4b09babbb2c21702000b84f,1595278284,Mike Bayer,2,1,95,0,1,1,27,0,0,0
sqlalchemy,30ec982ba697eb320d804164c6bc965ae239abe8,1595349380,Mike Bayer,2,1,27,0,7,6,154,0,0,1
sqlalchemy,448c1aef216e274d21deb03fdcafad1289f7951b,1595709205,j00356287,1,1,0,3,0,0,0,0,0,0
sqlalchemy,a26b88cd6b2034b7048d5b4729d3fa90ddfb255d,1595634341,DefteZ,1,1,2,2,2,2,114,0,0,0
sqlalchemy,07e57a0330fb7b1bbe0c59f442111a34e4b7c960,1595796614,Jim Bosch,2,9,60,23,9,9,581,0,0,0
sqlalchemy,f582fd48b15ad6d2f57269bb1fbe6b8062f84d87,1595969213,Mike Bayer,2,1,62,1,12,9,303,0,0,3
sqlalchemy,47b51e5a4335ced29de5d751451c4fb67ad1cce5,1596095799,Vlastimil Zíma,4,7,3,31,3,3,111,0,0,0
sqlalchemy,14fdd6260a578488bdad95b738ea6af5c2fcd13c,1596308753,Mike Bayer,15,15,572,331,54,48,2187,0,0,6
sqlalchemy,0721a6bede7222386b2a2508aac5590909fbb148,1596304624,Mike Bayer,6,3,72,21,24,21,719,0,0,3
sqlalchemy,64f3c097970dd8f2e141ef9bc71c685b19671267,1596550431,Mike Bayer,1,2,11,7,11,10,666,0,0,1
sqlalchemy,c813fe1678c4edbce32f0652353ed70f0a14566f,1596552046,Mike Bayer,1,1,1,1,1,1,34,0,0,0
sqlalchemy,2a946254023135eddd222974cf300ffaa5583f02,1596637881,Mike Bayer,2,1,3,0,1,1,21,0,0,0
sqlalchemy,cc57ea495f6460dd56daa6de57e40047ed999369,1596660146,Mike Bayer,15,134,1520,343,935,715,29871,42,2135,178
sqlalchemy,71a3ccbdef0d88e9231b7de9c51e4ed60b3b7181,1596664728,Mike Bayer,21,116,437,963,358,304,11901,6,330,48
sqlalchemy,5668fd73ea51bffbccb8b1ae8923ef2d545efacb,1596673922,Mike Bayer,2,0,19,5,0,0,0,0,0,0
sqlalchemy,c7b489b25802f7a25ef78d0731411295c611cc1c,1596678463,Mike Bayer,20,99,1666,96,478,391,16780,7,268,80
sqlalchemy,30885744142d89740d459f4dae670ba4775d1d8c,1593359974,Mike Bayer,17,21,1154,366,141,109,6109,0,0,32
sqlalchemy,9a3fee2cb6b608eb5c0263cf5a7e9085f74f2e73,1596743597,Mike Bayer,4,2,170,6,33,21,1222,7,329,5
sqlalchemy,ed50a003e296ac6bfb998f2b401091d87874cb4c,1596813869,Mike Bayer,2,1,80,1,3,3,134,0,0,0
sqlalchemy,24a9e6974c177e90d2213080b1f6d8270d78f69b,1595879852,Federico Caselli,3,2,9,12,2,2,74,0,0,0
sqlalchemy,302e8dee82718df6c3a46de4c5283bdae51a650a,1596826293,Mike Bayer,5,7,95,13,23,19,807,0,0,4
sqlalchemy,c0685e5f419e203acd5e46f25c90e851e30e6f03,1596906197,Mike Bayer,4,46,234,56,167,158,5619,0,0,9
sqlalchemy,71f14f6de8ee1865fd68d7989f751eed95dde719,1596967377,Karthikeyan Singaravelan,2,2,2,2,2,2,133,0,0,0
sqlalchemy,32e0b128f6c077017673f7049e2b667bf96f53e3,1596755992,Gord Thompson,2,1,30,0,2,2,84,0,0,0
sqlalchemy,5b44be7a13ccefc46b8a69fd95677051de5f3bf7,1597163230,Mike Bayer,1,1,20,13,20,15,1005,0,0,5
sqlalchemy,180ae7c1a53385f72b0047496ac001ec5099cc3e,1597182371,Mike Bayer,2,1,8,4,5,5,225,0,0,0
sqlalchemy,6d4dcbb40571644494524738cd76e2e281323534,1597099249,Mike Bayer,5,171,1002,582,882,747,32246,14,514,121
sqlalchemy,65da69910944ccbad0c6d008b94ae8271aae4762,1597277655,Mike Bayer,3,17,133,24,29,28,1112,0,0,1
sqlalchemy,cd03b8f0cecbf72ecd6c99c4d3a6338c8278b40d,1597272385,Mike Bayer,8,21,206,90,103,77,3514,4,209,22
sqlalchemy,9c0b7baa956a7309f0a95fc36322a759b293eba1,1597329833,Mike Bayer,3,5,108,6,13,10,413,0,0,3
sqlalchemy,0d874b36664d2f817edaa009358d5d2455711fdc,1597352653,RamonWill,1,0,19,0,0,0,0,0,0,0
sqlalchemy,da4302a92de49a3819061ac21663266fc9890cf0,1597353796,RamonWill,2,1,28,1,8,8,296,0,0,0
sqlalchemy,5fb0138a3220161703e6ab1087319a669d14e7f4,1593879696,Mike Bayer,53,56,3762,116,2602,1889,74516,50,2390,663
sqlalchemy,788ba204a43b37d28cc690138b83e6782f8a46da,1597374357,Mike Bayer,1,0,4,1,0,0,0,0,0,0
sqlalchemy,743d22f3607d24243f55521a5de286f4651faca7,1597381342,Mike Bayer,1,1,1,1,1,1,15,0,0,0
sqlalchemy,3231e281efb2f36dd0dbd628efcd684175064386,1597421234,Mike Bayer,5,3,138,10,17,15,475,0,0,2
sqlalchemy,fc97854f69ee589774627f14ce78bb8a1bbb3236,1597381136,Mike Bayer,19,78,477,403,226,199,9581,2,95,25
sqlalchemy,7ab5e4e4dd8acfe28b8e9ab44d2e821b984f0d02,1597258220,RamonWill,3,4,76,13,29,27,1140,0,0,2
sqlalchemy,3b4bbbb2a3d337d0af1ba5ccb0d29d1c48735e83,1597518489,Mike Bayer,14,42,194,60,93,76,3165,1,38,16
sqlalchemy,db2b2e21d6458d29a156a8532a52425333e0317a,1597674935,Jesse Bakker,2,9,66,6,31,25,1303,0,0,6
sqlalchemy,e7875b39f8e28e0c27d96926f7cab3f7839c0250,1597699790,Federico Caselli,1,0,24,0,0,0,0,0,0,0
sqlalchemy,06f1929b866abc2af0ff5c838e472a8b1c98d6e6,1596395966,Tony Locke,11,20,162,109,135,94,3615,4,43,37
sqlalchemy,8bc793c4dbc876722dfaad0ca731938c70b54b6c,1597774626,Mike Bayer,3,4,49,2,10,4,140,4,192,2
sqlalchemy,8e01a928d9559014413d08855c187b563c35ae72,1596832704,Federico Caselli,2,1,27,0,11,9,343,0,0,2
sqlalchemy,26e8d3b5bdee50192e3426fba48e6b326e428e0b,1590842700,Federico Caselli,19,44,1124,172,385,330,13899,1,36,54
sqlalchemy,d1005e130558b33fd455be6d994e8e863799a318,1597805589,Mike Bayer,3,5,121,12,47,34,1620,0,0,13
sqlalchemy,0c7a867ac73f1ed0ecfa134e907654fd4f7c084b,1596318972,Gord Thompson,12,24,324,35,256,180,8248,26,1569,50
sqlalchemy,a1939719a652774a437f69f8d4788b3f08650089,1597853306,Mike Bayer,9,51,431,119,212,178,6779,15,592,19
sqlalchemy,9ab4da7018eae8fc86430c24a38f8ffb0a5951ab,1598049044,Federico Caselli,12,31,313,181,178,111,4381,40,1991,27
sqlalchemy,a1a081398e3b0fb9ce2703ae862778b55b735bc9,1597962373,Gord Thompson,5,6,277,204,15,12,494,0,0,3
sqlalchemy,05bb556d721d1b4859752f1fce543661d15c4779,1598296429,Federico Caselli,1,1,1,1,1,1,76,0,0,0
sqlalchemy,aff9d06e00019ee171ea98fbe9ae1687c53a3e25,1587405409,jonathan vanasco,2,3,55,2,17,17,738,0,0,0
sqlalchemy,3668b3a30c4b9a9f4af13457f43bfc34c28cf448,1598035444,Mike Bayer,16,56,910,161,698,546,24873,6,195,146
sqlalchemy,fe772672b4fc00df0b66aca92e2092779a844a2d,1598456674,Mike Bayer,1,1,7,4,7,7,428,0,0,0
sqlalchemy,d78686b4f109fdc78ca6239e5a5af791717bc48d,1598557847,Mike Bayer,2,1,24,0,6,5,217,0,0,1
sqlalchemy,b1b97ed1fcac777c4f42fdf84e05f8d59f63b679,1594927972,Federico Caselli,18,20,1111,3,407,327,13856,0,0,80
sqlalchemy,dc91c7db7ff32243cd2f6fc04f4e3a6d62f7b11b,1598027369,Gord Thompson,12,8,337,87,30,28,1126,0,0,2
sqlalchemy,1e800285508ecd869c6874fed6f46ff68815d184,1598651803,Mike Bayer,9,16,19,51,7,7,341,0,0,0
sqlalchemy,672087176eaf3d0e867c6b5c67bfea3c713be42e,1598309611,jonathan vanasco,28,0,141,131,0,0,0,0,0,0
sqlalchemy,34dfd7eb88f42e259d3049dbbc823a97b11cb555,1598725940,Mike Bayer,2,2,80,28,4,4,191,0,0,0
sqlalchemy,3acfaf3ad7030b893b2283fc0355bd273927143c,1598550815,StefanosChaliasos,1,2,2,0,2,2,33,0,0,0
sqlalchemy,575b6dded9a25fca693f0aa7f6d7c6e735490460,1598825616,Mike Bayer,5,21,343,19,146,107,4472,0,0,39
sqlalchemy,cae33a79017d955c7a35bf1810c18e13fd00b4f3,1598859660,Fantix King,2,1,13,1,1,1,41,0,0,0
sqlalchemy,2e887c7a4105a973a015b9ecbb4ea5a11dafb26a,1598792706,RamonWill,2,0,46,10,0,0,0,0,0,0
sqlalchemy,603f7d30f68ecd515b57ce902fb12bbbebdca453,1597924814,Georg Richter,5,3,247,1,244,178,6225,27,1435,39
sqlalchemy,9c5b989cf08c3e625fc08a8c5e037c44ba465579,1598719054,Fantix King,2,1,11,1,1,1,44,0,0,0
sqlalchemy,17090c004e19afab35c837bf880ea5b328e1fb56,1598314455,RamonWill,2,2,63,3,24,22,1036,0,0,2
sqlalchemy,516131c40da9c8cd304061850e2d98e309966dd5,1597265219,Gord Thompson,7,8,147,12,67,61,2346,0,0,6
sqlalchemy,f806491fca4b08623d7fcffc375bd5cbe3790e5f,1597679936,Václav Klusák,5,7,253,6,21,16,674,2,87,3
sqlalchemy,b050169600019ef249a8b315e7435c752623c900,1599072423,Mike Bayer,2,1,38,0,6,5,305,0,0,1
sqlalchemy,55843040b1b4e1493e27051f5125fa322a43dc31,1599158937,Mike Bayer,1,0,7,2,0,0,0,0,0,0
sqlalchemy,bcfb12f813983d3215a6e2513cfc0b64534d8efe,1599163890,Federico Caselli,4,4,26,4,9,9,321,0,0,0
sqlalchemy,fc612d17145453ad95e5f9ba6a40ba70d2f507c3,1599313665,Mike Bayer,1,0,2,7,0,0,0,0,0,0
sqlalchemy,b0e9083eb2a786670a1a129d7968d768d1c4ab42,1599349504,Mike Bayer,6,24,162,52,66,60,2431,2,73,4
sqlalchemy,5b6dfc0c38bf1f01da4b8faabe3bf78c0807d072,1599330163,Gord Thompson,1,0,255,286,0,0,0,0,0,0
sqlalchemy,6dc8d1dc6955db8107b683f2c2f3e4b62aad574b,1599577288,Mike Bayer,1,6,29,17,29,23,1169,4,175,2
sqlalchemy,e3716012c535c0aeac2a8cc5a32609ed2d4197c1,1599510287,Mike Bayer,10,27,546,25,289,224,9310,1,28,64
sqlalchemy,548afbb846292cfb12186cf9feb5d3e46c558e49,1599238983,Gord Thompson,1,0,4,0,0,0,0,0,0,0
sqlalchemy,721b00e7531fe61376fb0e5eb258c5ee56c9266f,1599595225,Federico Caselli,2,2,5,2,2,2,52,0,0,0
sqlalchemy,17f7faf3df8dc3d30e632c60a5d69d342876ad3d,1599599361,Federico Caselli,1,1,2,2,2,2,148,0,0,0
sqlalchemy,e8600608669d90c4a6385b312d271aed63eb5854,1599083166,Federico Caselli,99,152,1724,1980,177,176,8448,0,0,1
sqlalchemy,5ed90cb05a1526c854e3e8f84a5c29d0379bfa95,1599661455,Mike Bayer,2,3,41,7,41,34,2058,0,0,7
sqlalchemy,e78c8f84958a031056684d7056aff0eab6ced226,1599753394,Mike Bayer,2,7,23,2,23,16,936,0,0,7
sqlalchemy,450f5c0d6519a439f4025c3892fe4cf3ee2d892c,1598888815,Mike Bayer,32,62,11121,10003,2846,2100,86840,159,6652,587
sqlalchemy,fe6c3605df25d083c20f39fbd176a0c0a6736056,1599835858,Mike Bayer,3,3,61,13,19,19,686,0,0,0
sqlalchemy,73cdd6c21fb5a9699ab8987f59c21ddef3d0b896,1599839060,Mike Bayer,1,0,2,0,0,0,0,0,0,0
sqlalchemy,26d2c43c141ba6240fd2d2e01c280ecbe64c3faf,1599848850,Mike Bayer,1,0,9,0,0,0,0,0,0,0
sqlalchemy,881d6f12f70e1b594695e2bbc7b87ab846407f58,1599855180,Mike Bayer,1,0,16,4,0,0,0,0,0,0
sqlalchemy,ce0b2f3cd1869331b6bcc971219789f3578ff705,1599856676,Mike Bayer,1,0,12,21,0,0,0,0,0,0
sqlalchemy,01c34a7389d8c71b1f24107e66eba129feb1d65e,1599862171,Mike Bayer,1,0,4,18,0,0,0,0,0,0
sqlalchemy,e2eba7d74403316b4df4d2cc12f1aea36d209c2f,1599862551,Mike Bayer,1,0,2,0,0,0,0,0,0,0
sqlalchemy,1d40a4ae159086b9ff6452a310d4cd57ef850813,1596836282,Federico Caselli,10,13,31,46,19,18,795,0,0,1
sqlalchemy,69502725db4829a84872697fd6569631d2a3c47f,1597950339,RamonWill,6,13,124,13,28,23,991,0,0,5
sqlalchemy,1a08d1aade046e9516d0527ffd2ac8bb43906171,1598992600,Gord Thompson,7,14,205,77,47,38,1604,2,88,7
sqlalchemy,a4bfde4a18e50d93e44aec5c6216be8a6f9fbacb,1599941270,Mike Bayer,1,4,16,8,16,15,566,1,40,0
sqlalchemy,25b8e89d3d425656e51438b5cac7e6e1f2592817,1600007776,Mike Bayer,14,26,149,53,97,72,3389,1,20,24
sqlalchemy,5de0688fae17f60dc3c9e1c2782c9f6c8a621291,1600017329,Mike Bayer,3,18,34,98,34,31,1686,0,0,3
sqlalchemy,4d17fe4063adef50c1d529993e0b047f503940e2,1600085049,Mike Bayer,9,13,57,9,51,42,1324,0,0,9
sqlalchemy,fe413084c53642b0de0728afbd78f6856d359bef,1598993813,jonathan vanasco,8,22,131,35,46,33,1316,4,108,9
sqlalchemy,3d803a8ed3e07332dff872180680bed6175dd483,1600092888,Mike Bayer,3,6,65,1,9,9,337,0,0,0
sqlalchemy,31c3ed715ad2e6007bf6b98ae7670cb1a902731c,1600036693,Gord Thompson,3,1,36,12,1,1,46,0,0,0
sqlalchemy,43b486917bceb130419abdfbfafbd14a8cd503ca,1600119374,Federico Caselli,3,9,50,15,20,18,586,1,38,1
sqlalchemy,07ba8e0a37daeb4304e8fede43b13e402b01dbeb,1600210116,Mike Bayer,2,6,78,64,39,31,1224,4,177,4
sqlalchemy,de8e53a831fdd834eb9cca697b5793a7c38b22a7,1600264225,Mike Bayer,1,0,4,2,0,0,0,0,0,0
sqlalchemy,362c9277b2d4d27cbcff359ba29c1e71005fed18,1600259174,Mike Bayer,2,3,12,23,12,8,407,4,192,0
sqlalchemy,7e864fc7b1b950760cbf02e6dcd5aa5aac267400,1597699467,Mike Bayer,44,14,1457,1024,32,29,1249,0,0,3
sqlalchemy,dcd2be16b9c9a6a52b6bb7e144e31998b7cee631,1600360351,Gord Thompson,3,3,30,3,10,10,523,0,0,0
sqlalchemy,f0f08db5715e41cc08e57dbc76a85300bd68f8de,1600450182,Mike Bayer,18,31,1962,541,174,125,5143,16,899,33
sqlalchemy,cec14b77e62d301540a29e5a81a671231239849d,1600468397,Gord Thompson,2,8,43,14,27,26,1069,0,0,1
sqlalchemy,c4f28fb414c342ba362fdee8a68bd169f01aa7d2,1600534066,Andrzej Bartosiński,2,3,28,5,10,5,215,3,146,2
sqlalchemy,0d1efeec475621b5c2c2aca0632b02edef54c1a6,1600723683,Mike Bayer,7,3,191,31,19,12,508,4,220,3
sqlalchemy,277c6ca679729b36b5d19c9a1b2949a672c50f46,1600733824,Mike Bayer,2,4,23,1,12,9,307,0,0,3
sqlalchemy,468766d6bac1e54a59c5f7d7167467dbc7d29a82,1600779644,Mike Bayer,1,1,3,0,3,2,61,0,0,1
sqlalchemy,96888aee7611c15532af2ae47e567f68c28b2474,1600784795,Mike Bayer,7,7,187,36,25,24,875,0,0,1
sqlalchemy,f9ef7fd30b3f0613bc9dd912621856b3262d23bc,1599086633,RamonWill,2,4,50,0,31,23,1081,0,0,8
sqlalchemy,219c717e2357439e719464add9f86dc2f40ae667,1600711140,Federico Caselli,2,6,146,24,67,49,2133,4,192,14
sqlalchemy,5e7acf14a48e8ba1d57e460d686e89d49213e31b,1600380942,Mike Bayer,8,22,137,42,128,106,5931,0,0,22
sqlalchemy,ffafbd4b9657a4ee8bec57c0861414144f37bdc5,1601168461,Mike Bayer,1,0,4,7,0,0,0,0,0,0
sqlalchemy,17dd7fce6164794f6fd75a9351061f109e3360b1,1601221498,Mike Bayer,2,1,27,1,2,2,97,0,0,0
sqlalchemy,8a665b23062dbd90e4e813655a568f00c94ef685,1601219208,Mike Bayer,1,7,2,7,2,2,62,0,0,0
sqlalchemy,92a8ead72476d83cbd6ecb10d791c489ea6fa013,1601263137,Mike Bayer,2,1,73,3,1,1,66,0,0,0
sqlalchemy,cda023bbe391d175c80c4d82196538b42575d937,1601260809,Mike Bayer,5,5,14,9,14,8,264,5,292,1
sqlalchemy,75ac0abc7d5653d10006769a881374a46b706db5,1600022260,Gord Thompson,12,28,158,127,74,68,3505,0,0,6
sqlalchemy,c3f102c9fe9811fd5286628cc6aafa5fbc324621,1601316539,Mike Bayer,167,153,1384,736,319,319,11179,0,0,0
sqlalchemy,7362d454f46107cae4076ce54e9fa430c3370734,1600547378,Federico Caselli,16,50,651,120,236,206,8467,13,667,17
sqlalchemy,50fb226903ff8b1af62a787a100f03928d1c4e06,1601128925,Federico Caselli,4,9,35,35,35,24,1228,2,111,9
sqlalchemy,147f0969301184b952366f39195caaabe6d63dbf,1601408673,Mike Bayer,1,0,2,2,0,0,0,0,0,0
sqlalchemy,f483573aa640efb79e8b1ec6c1faac6f79d9d8fe,1601403462,Mike Bayer,3,4,86,2,18,15,519,0,0,3
sqlalchemy,467d1e1576905833d9ca0aacf1839d8a638ceb1b,1601470892,Mike Bayer,1,1,2,1,2,1,36,0,0,1
sqlalchemy,9586594754cef19bf1e2e14b7e70876efefdafbe,1601469477,Mike Bayer,2,1,22,1,7,6,234,0,0,1
sqlalchemy,1a9618afdd6413fd04ee44b797a15735eaa1a230,1601640941,Mike Bayer,2,2,3,1,2,2,52,0,0,0
sqlalchemy,1430a30dd2033550699cf5e074cb81058687eb13,1601591982,Mike Bayer,2,33,86,46,51,43,2162,0,0,8
sqlalchemy,c68f9fb87868c45fcadcc942ce4a35f10ff2f7ea,1587226259,Federico Caselli,9,5,14,5,5,5,233,0,0,0
sqlalchemy,34e6b732a1672c62184db06dcd11074a51319c68,1601412549,Federico Caselli,15,36,1014,144,235,190,8292,8,423,37
sqlalchemy,20ae8c7726297f1bf105b6df18d9bec0cb961acf,1602008389,Federico Caselli,2,2,2,2,2,2,112,0,0,0
sqlalchemy,f3268b6f2fa5ac7023f656caa085316fa46b24e9,1602035163,Mike Bayer,5,7,69,51,67,46,2162,6,232,15
sqlalchemy,dfb94052675d39dba7ab443c49a2e7a3153bd89f,1602042363,Mike Bayer,1,0,3,7,0,0,0,0,0,0
sqlalchemy,92db2a096b68d79e1b8d0ec4fa08e0efbd46700a,1602012106,Federico Caselli,2,5,35,6,21,17,610,0,0,4
sqlalchemy,42b761aefb656636471da90c13aa1b9affcacea6,1602042527,Mike Bayer,2,0,13,2,0,0,0,0,0,0
sqlalchemy,785d9ac61c94e1cd17b6c3fb97e7d467ee058bbc,1602046253,Mike Bayer,1,0,4,10,0,0,0,0,0,0
sqlalchemy,0220b58917b5a979891b5765f6ac5095e0368489,1602074568,Mike Bayer,6,11,37,20,13,8,400,3,204,2
sqlalchemy,bb32b59cd4e3477402c44d70ef6b5a12827bb429,1602078466,Mike Bayer,1,0,3,0,0,0,0,0,0,0
sqlalchemy,3ca8b453088ac6fb815e2f39c9a705b49bfb188c,1602079781,Mike Bayer,6,11,20,34,17,5,217,11,729,1
sqlalchemy,9b3812a0c646ee14a6f102e6dc87298d5c255cec,1602183679,Federico Caselli,6,3,9,23,1,1,15,0,0,0
sqlalchemy,cd95f8eaa478994c1d285f48fcf0cb72f7a1c863,1602200982,Mike Bayer,1,0,2,1,0,0,0,0,0,0
sqlalchemy,2665a0c4cb3e94e6545d0b9bbcbcc39ccffebaba,1602184848,Mike Bayer,19,59,996,316,495,405,14217,18,1005,72
sqlalchemy,b2f2bf1acc5799221981d30c2bf9ed29d5ca6312,1602515654,Mike Bayer,1,7,12,16,12,8,333,3,114,1
sqlalchemy,286fe9b0b165e46099066cc16552b93a0b853a7e,1602512185,Mike Bayer,2,2,70,2,2,2,128,0,0,0
sqlalchemy,9322de12f5c5eca397b13cb7db2b6196f58aceb3,1602521258,Mike Bayer,2,1,24,0,9,8,193,0,0,1
sqlalchemy,9e82f32f274e649b04740c819d21ba232c89cfff,1599156879,Mike Bayer,10,40,218,118,73,69,3218,1,44,3
sqlalchemy,c76e3776f52d0d69c8c4932ba53626d7190cf5f4,1602522974,Mike Bayer,7,13,144,15,83,71,2653,0,0,12
sqlalchemy,1cda8e18bf4e9b36d07b9d54c04e1fe035977064,1600292841,RamonWill,2,3,58,2,14,13,488,0,0,1
sqlalchemy,6bf0e4ce35c0929e7e8dcb7c25fabe7f7c599f38,1602541321,Mike Bayer,1,1,3,1,3,2,57,0,0,1
sqlalchemy,501c5dff8ea12aaac44f1dee6bca2db6a468d89c,1602541760,Mike Bayer,1,1,1,1,1,1,34,0,0,0
sqlalchemy,348260943a52ddd7ee3388eaac8e05da3794958b,1602530245,Mike Bayer,8,18,1815,1221,108,90,4000,2,85,16
sqlalchemy,01633d94a526eb304729ed95dfbf6780c30dd258,1602691540,Mike Bayer,1,4,4,3,4,4,132,0,0,0
sqlalchemy,b03d5358ec83ad7484ccd452e63ab34e874b53b3,1602697844,Mike Bayer,1,0,4,2,0,0,0,0,0,0
sqlalchemy,41d3e16773e84692b6625ccb67da204b5362d9c3,1602782494,Mike Bayer,2,7,21,27,21,19,1169,0,0,2
sqlalchemy,87c24c498cb660e7a8d7d4dd5f630b967f79d3c8,1602800283,Mike Bayer,11,30,382,96,161,131,5311,8,404,22
sqlalchemy,5162f2bc5fc0ac239f26a76fc9f0c2c2472adf60,1602864191,Mike Bayer,13,9,73,59,37,34,1366,0,0,3
sqlalchemy,296c84313ab29bf9599634f38caaf7dd092e4e23,1602949196,Mike Bayer,10,38,138,80,118,100,4638,2,92,16
sqlalchemy,3e49b8d0519aa024842206a2fb664a4ad83796d6,1603117169,Mike Bayer,6,13,156,15,52,40,2028,0,0,12
sqlalchemy,e9051d9b44f078fdcc87cb2e35794f3888184bde,1603137433,Mike Bayer,1,0,181,0,0,0,0,0,0,0
sqlalchemy,e3dc20ff27fa75e571fb2631e64737ea8f25f7c5,1603303102,Mike Bayer,2,2,109,1,4,4,171,0,0,0
sqlalchemy,91e14cc42c3c715f57db7d910761dfd5dd55e2b1,1603306863,Mike Bayer,3,2,116,22,3,3,140,0,0,0
sqlalchemy,7937a409f9e685341b6a5b8385491befe0aaa4d4,1603230890,fulpm,3,2,68,9,14,14,536,0,0,0
sqlalchemy,a1c51879aeb7811a23e454d2e90ad3bbae92b7a1,1603558762,Mike Bayer,1,4,20,0,20,9,335,0,0,11
sqlalchemy,10851b002844fa4f9de7af92dbb15cb1133497eb,1599263318,jonathan vanasco,1,3,8,1,8,4,171,0,0,4
sqlalchemy,22af738cc18ce98401f07934dd63e0468d918a0e,1603996197,Mike Bayer,2,21,255,21,55,48,1915,0,0,7
sqlalchemy,b9f7a92d821a31e48f7ce20ef848e73571c644fa,1604027539,Mike Bayer,1,3,12,9,12,12,696,0,0,0
sqlalchemy,163a97c6d57db09d6405124dae9b877bc9629721,1604028073,Mike Bayer,2,10,17,13,17,17,949,0,0,0
sqlalchemy,9ddbd585a62ff1ad56e9ee6fef5898ced1932a88,1603910139,jonathan vanasco,22,104,393,181,224,170,8199,18,524,36
sqlalchemy,580657f0680024980d4df286d018da626ed757e1,1603915135,jonathan vanasco,3,2,5,5,2,2,88,0,0,0
sqlalchemy,0718add3714451c1ae8ca00215ffb6c0fabdf366,1603989522,Mike Bayer,12,12,282,206,52,49,1643,0,0,3
sqlalchemy,654b462d668a2ced4e87077b9babb2590acbf983,1601087476,Mike Bayer,19,71,516,208,393,288,13295,0,0,105
sqlalchemy,3710382de1c285c8a613c71be165bd192da86dfd,1604185708,Mike Bayer,3,0,14,3,0,0,0,0,0,0
sqlalchemy,b279f2933643f3eb01f6d98dd212e5bf5fb4b8df,1604345656,Mike Bayer,1,0,8,2,0,0,0,0,0,0
sqlalchemy,a8efd74cebc609e34d3b2a5ce161b2ed32330fab,1604345738,Mike Bayer,1,0,1,1,0,0,0,0,0,0
sqlalchemy,ec3f401ac3a1dab5f22f120d14896f77805a2372,1604347095,Mike Bayer,1,0,1,1,0,0,0,0,0,0
sqlalchemy,f21b5ec4ef54a0923311014e4af50f5804fcf49c,1604348978,Mike Bayer,1,2,12,11,12,8,231,0,0,4
sqlalchemy,dba0c8133e6b58499bb1e57dc66862d77e1aae89,1604350771,Mike Bayer,1,0,1,1,0,0,0,0,0,0
sqlalchemy,d846d0b1c5de48758ebcfc12f8fb747323dfa7de,1604351319,Mike Bayer,1,1,1,1,1,1,23,0,0,0
sqlalchemy,b0e6dccfb60cb900e327ae8ff6632e8c3339c53d,1604353795,Federico Caselli,1,1,1,1,1,1,23,0,0,0
sqlalchemy,f016c1ac7f93d2f759aff53ec1494658efd7b496,1604356632,Mike Bayer,12,42,190,175,189,132,4915,24,1260,33
sqlalchemy,f5ed0f5d6e0526a4ee2f9f164b7da79de11a481e,1604695479,Mike Bayer,3,2,26,1,2,2,70,0,0,0
sqlalchemy,80be40300dfe33bdf75f61aaa0d5c48045886bb4,1604692616,Mike Bayer,21,5,651,608,7,6,267,0,0,1
sqlalchemy,8e486fa565bb91e3a21176bb029253e5f5544da4,1604774318,Mike Bayer,1,10,24,11,24,19,902,0,0,5
sqlalchemy,89e748d7ad4426077313aaec916b41f999ae5a34,1604776619,Mike Bayer,1,6,6,10,6,6,284,0,0,0
sqlalchemy,4b39b0f89dfd47dc9f5ba948e564c2afbbd44fef,1604796724,Sean Anderson,2,3,37,1,27,20,673,0,0,7
sqlalchemy,c6d869f814d2e8ffe03e519c59cf35f7a4927e1c,1604852062,Mike Bayer,10,46,275,140,241,207,8435,0,0,34
sqlalchemy,89ddd0b8976ed695d239898a2a8e4ebf531537f2,1600122154,RamonWill,7,28,1050,29,512,386,17468,7,308,119
sqlalchemy,585e38cd4317f41d1cf1fa384b094b64f72fe0f8,1605005399,Thomas Grainger,1,1,1,1,1,1,47,0,0,0
sqlalchemy,afb26d79d7b9256ee26b4d3b8550f7088f4b6249,1605109329,Mike Bayer,1,6,36,42,36,26,1379,0,0,10
sqlalchemy,1f7969ae50d4be92f330d2cf6a2df9aba8b307bf,1605111207,Mike Bayer,2,4,94,5,20,19,839,0,0,1
sqlalchemy,5b674ac6319a373e21dac1e4faf37c7354e61429,1605112885,Mike Bayer,2,18,48,35,46,43,2019,0,0,3
sqlalchemy,5ef39fa2c16e293e73d8c7cee019857e081b9b52,1600278094,Oscar Batori,1,6,6,1,6,6,95,0,0,0
sqlalchemy,2e4dec934cb5215d628e02ed717454c165a33e4d,1605294812,Gord Thompson,2,1,3,0,1,1,50,0,0,0
sqlalchemy,0ac36e3d7dd22af743661f89e6cd9d28a0dcc7bf,1605302675,Mike Bayer,2,1,0,3,0,0,0,0,0,0
sqlalchemy,f18316a14f3858acfd3e813753c2c69821a27d57,1604442268,Federico Caselli,4,13,22,4,22,20,847,0,0,2
sqlalchemy,415ddce1e3b429bdc1180c5b5f7750a08d226525,1605314125,Mike Bayer,2,1,47,6,9,7,282,2,75,0
sqlalchemy,218fc83f3997dc0c152278eea0740b088074784b,1605539717,Mike Bayer,5,9,137,14,45,40,1446,2,114,3
sqlalchemy,018aa9870110ef97316e9984c7ecd7f3357b501a,1605446005,AlonM,3,9,59,10,39,30,1602,0,0,9
sqlalchemy,c86266e9757beb6d932e1e0c4e015cd29c0dde17,1605556897,Mike Bayer,1,1,1,1,1,1,64,0,0,0
sqlalchemy,5e88129d87fbe833dd1b88a48a0b7e281236836a,1605644568,Federico Caselli,1,5,4,7,4,4,130,0,0,0
sqlalchemy,4d3bc75738a8f76327a4f0cd344c217ff63e978d,1605709534,Mike Bayer,1,11,44,40,44,37,2101,1,51,6
sqlalchemy,57ca85de0e81222a1e1b875cdc1df10a1220a330,1605711450,Mike Bayer,5,8,110,13,74,47,2664,5,162,22
sqlalchemy,9b779611f9bafd6c0affafda9732cecdb8efa761,1605651204,Mike Bayer,16,12,385,15,69,49,1880,5,308,15
sqlalchemy,ec264a5a2c810394ee4ebd7a78f83fc0ea785c1f,1605455926,Federico Caselli,2,5,19,10,5,5,314,0,0,0
sqlalchemy,9c7fb63dba0d918e0a6dcba08392759f5b159ee4,1605804830,Fantix King,2,2,49,0,12,7,248,3,191,2
sqlalchemy,3241e3ca728c883adb4f8e859c77168c3361d957,1605885138,Mike Bayer,12,11,123,41,33,31,1114,0,0,2
sqlalchemy,2b746211188642333b3151bfbb429b236a1559d1,1605711463,Jordan Pittier,3,5,21,5,9,9,550,0,0,0
sqlalchemy,b4e40b35627f1c26b84234d16a36ce2850a798b9,1606176588,Mike Bayer,1,0,1,1,0,0,0,0,0,0
sqlalchemy,584cabbf7e79948e38b29df5af63c3c712566f31,1606180400,Mike Bayer,7,11,241,41,67,58,2742,0,0,9
sqlalchemy,2759eefbf32862be464ecd5b1e91163c7773df39,1606404367,Brendan McCollam,1,1,1,1,1,1,40,0,0,0
sqlalchemy,6125dfff91ca0093a00d78804917240617825c44,1606410625,Mike Bayer,4,1,67,1,6,6,173,0,0,0
sqlalchemy,0c8c7b6656ccec25dff7be03f82d873b6a09c3ec,1605556656,Mike Bayer,2,3,43,41,43,31,1833,0,0,12
sqlalchemy,14c08d18885e16611b884bd76ba2811375de1731,1606856615,Mike Bayer,2,3,41,3,15,15,438,0,0,0
sqlalchemy,302e18eb75f29e651e67b18033487e40758d7c83,1606862833,Federico Caselli,4,3,21,11,8,8,425,0,0,0
sqlalchemy,869bd9cee0a1e6cde0699fb6184a35c50f74e138,1606874106,Mike Bayer,1,2,3,0,3,2,47,0,0,1
sqlalchemy,0d76857ee1022f41baffff4091be765deea4e421,1606919178,Mike Bayer,1,4,11,33,11,11,604,0,0,0
sqlalchemy,80050b8a19a324e84fbf6b3f81e82f377305b044,1606943399,Federico Caselli,1,1,1,1,1,1,61,0,0,0
sqlalchemy,7fb41cfc69c6521bebce229a56bddd6267f39955,1607012228,Mike Bayer,2,1,21,2,2,2,93,0,0,0
sqlalchemy,1dc0b34b959d3571f8b21425bb43edb9c87d4a19,1607353686,Mike Bayer,2,1,31,3,6,6,198,0,0,0
sqlalchemy,8cb1e372fc8711069220182b75a31647dd51e3cb,1606938122,jonathan vanasco,2,3,3,3,3,3,138,0,0,0
sqlalchemy,44811216adae0596d75a5c9402ed0e3923eaf676,1607366448,Mike Bayer,1,2,3,3,3,3,225,0,0,0
sqlalchemy,93cc9d7e8bcde2feca1ab8e6808124c0d4aae8d4,1606949024,Federico Caselli,7,26,155,84,105,89,3126,4,173,12
sqlalchemy,dc60de7c105234b6144cd7c24411abbc3363406e,1607117204,Mike Bayer,10,8,323,13,297,212,7404,12,504,73
sqlalchemy,76d90152302461637cfecb6c0cac65a50975c570,1607036027,Federico Caselli,6,11,82,43,26,22,952,0,0,4
sqlalchemy,b71e46f0470964358d44aec08f940260f78691f0,1607384249,Gord Thompson,9,18,267,31,111,87,3872,0,0,24
sqlalchemy,c736eef8b35841af89ec19469aa496585efd3865,1607521977,Mike Bayer,9,7,13,323,7,7,284,0,0,0
sqlalchemy,fdf06c9dcf241d863d252532b801a1281f2626de,1607458982,Gord Thompson,2,2,38,12,12,9,386,0,0,3
sqlalchemy,7528c2465b3e56ed094f155bff2a3ab8c89cc84f,1607483268,Mike Bayer,4,11,111,34,82,60,2645,11,615,11
sqlalchemy,5f333762db4b72c604e44f20f86d171dc249b741,1607117204,Mike Bayer,11,8,499,157,305,218,7568,12,504,75
sqlalchemy,c46279d1c215b7af956e40cb29afafba29d9143f,1607700884,Mike Bayer,6,9,218,13,75,63,3348,0,0,12
sqlalchemy,ba5cbf9366e9b2c5ed8e27e91815d7a2c3b63e41,1605477530,Mike Bayer,64,13,3246,2991,32,28,1033,4,210,0
sqlalchemy,4beecfb9040a7c202a8331b170cfd13119ddd7a3,1607531985,Mike Bayer,8,3,84,73,10,6,297,4,249,0
sqlalchemy,af0b13b6d919c8c9ddf3a803eef21cd1a00a36ce,1606758651,Mike Bayer,8,30,68,54,45,43,1836,0,0,2
sqlalchemy,ed20e2f95f52a072d0c6b09af095b4cda0436d38,1607731272,Mike Bayer,8,10,240,20,36,28,1099,2,105,6
sqlalchemy,89ccab00e33c9a80f2d94e656a489b63c7d51e7a,1607790552,Gord Thompson,4,9,9,702,9,9,508,0,0,0
sqlalchemy,628db9581c5bd43c01cbfcc16753477f206de431,1607718802,Mike Bayer,5,2,366,300,10,9,434,0,0,1
sqlalchemy,0d50b0c7c5b0a9fda4c962f09900e45bebeb1a02,1603283067,RamonWill,9,18,258,12,111,87,3384,0,0,24
sqlalchemy,6eaa1bea221fdcb5943a037c31951d8ef103e092,1607960217,Mike Bayer,3,12,175,8,54,54,1587,0,0,0
sqlalchemy,688b4ca6a7f2e32c580d616c6dea1e68b7398fd2,1608040335,Mike Bayer,2,3,10,1,10,7,334,0,0,3
sqlalchemy,e8ff0af840eb7fae11ef9234ae2bf1e16a9b634e,1608049357,Mike Bayer,2,0,6,2,0,0,0,0,0,0
sqlalchemy,09fac89debfbdcccbf2bcc433f7bec7921cf62be,1608043548,Mike Bayer,4,9,142,14,46,41,1601,0,0,5
sqlalchemy,5ed76152ada962b1bfb822d087f1af1ec345ef43,1608137347,Michael Oliver,1,4,5,2,5,3,110,0,0,2
sqlalchemy,77c9534dcaf3723f7b2baf42442eda3e1d8c3332,1607817418,Mike Bayer,11,80,1078,186,365,311,13777,29,1270,25
sqlalchemy,78229dbe10931b4155f21308bd24fb3768a7b672,1608218058,Mike Bayer,2,1,1,2,1,1,59,0,0,0
sqlalchemy,566f1b520e05659ba4d4928c740a9aa1b0fed614,1608301686,Mike Bayer,5,6,140,6,72,57,3193,0,0,15
sqlalchemy,24e93b069a1db97fcbe5ec5ce866b01a7138ff14,1608306380,Mike Bayer,6,4,33,6,17,11,406,1,81,5
sqlalchemy,27766512b2d037a8f0048dccc6e2f02c281fbc9a,1608312132,Mike Bayer,5,6,155,12,32,30,1078,0,0,2
sqlalchemy,31e7428b1622ce62a90d0270a2818dc785e210e9,1608393582,Mike Bayer,5,2,135,109,20,14,394,2,101,4
sqlalchemy,b1a24ef41ecda38add2a62e33122f2111502dbea,1608346771,esoh,3,1,28,2,1,1,72,0,0,0
sqlalchemy,9625adba3553803acd5488660d65c8e675a61fa6,1607024130,Mike Bayer,5,11,138,14,42,32,1378,0,0,10
sqlalchemy,3b8a14153da9e7b6694571fa10f6d30c4012ee82,1608484810,Gord Thompson,6,5,195,43,48,41,1687,2,105,5
sqlalchemy,0cc8a08262f6b92746a280387282d55beb24fa9d,1608738231,Mike Bayer,2,1,169,0,65,49,2240,0,0,16
sqlalchemy,e81bc1f098ea40cf38ec4e4007c11c7f3ffc9712,1608999411,Mike Bayer,2,3,46,4,6,6,288,0,0,0
sqlalchemy,93d5904161c310ffe843ed79e7e7bef13ab11798,1609001202,Mike Bayer,3,7,104,4,48,38,1303,1,56,9
sqlalchemy,153671df9d4cd7f2cdb3e14e6221f529269885d9,1609106113,Mike Bayer,2,1,39,0,24,21,570,0,0,3
sqlalchemy,8e159832596f15865f89675fa19202b171c99d7a,1609293975,Mike Bayer,3,0,22,2,0,0,0,0,0,0
sqlalchemy,102b91d8950926f1215dd7c59c5b7f200b5c0f8b,1609354580,Mike Bayer,3,3,53,6,8,3,173,3,162,2
sqlalchemy,2581655c545a0cf705e0347e81cd092896d3207c,1597567737,Federico Caselli,21,18,433,115,52,37,1481,1,51,14
sqlalchemy,95d8f401839bdbe1399fb7d656c11024072f32b0,1609356987,Federico Caselli,2,3,46,4,17,14,514,2,159,1
sqlalchemy,0679b4f1fdd82b2456292e9cdd7a971209755685,1609606552,Mike Bayer,2,0,14,7,0,0,0,0,0,0
sqlalchemy,5ba427f6daad4e7224267d11f7c6d99bd68f3d0e,1609602921,Mike Bayer,10,4,60,24,19,15,624,0,0,4
sqlalchemy,dd41a5e61a30a2d05ee09f583fdfde1f1c204807,1609525315,Mike Bayer,3,28,346,21,157,119,6535,8,430,30
sqlalchemy,fd3c063dd68b289814af724689165418de5e4408,1608564163,Mike Bayer,50,3,2481,2816,24,19,904,0,0,5
sqlalchemy,640cd8a70f8a664b7834c5f74ec322fdea644043,1609771663,Mike Bayer,185,169,187,187,169,2,69,167,10894,0
sqlalchemy,ea467fccbe4337929b91e0daec12b8672fa7907c,1609797946,Mike Bayer,2,1,85,0,1,1,56,0,0,0
sqlalchemy,c12012452e11093a06e3c83c19fe4d794f5bb21e,1609854516,Mike Bayer,2,3,208,7,1,1,44,0,0,0
sqlalchemy,6fccdf4a285d5332ef49f23dc18c3ce45501d78b,1609791505,Mike Bayer,98,1,3920,3746,6,6,216,0,0,0
sqlalchemy,bbb8a38295e960566366971637910fe58cce65a0,1609955422,Mike Bayer,3,0,6,3,0,0,0,0,0,0
sqlalchemy,6c5de1e3ee5c6f24cc6f6c863acc86c77fa99a1e,1610035291,Mike Bayer,1,0,1,1,0,0,0,0,0,0
sqlalchemy,489301137a4d76e5a46d754ae9c91aad2b3d2c1f,1610040051,Mike Bayer,3,3,17,8,17,15,690,0,0,2
sqlalchemy,b45aa7c4062bafae23286c3069571c2596aabc66,1609991774,Mike Bayer,7,12,330,6,126,95,3669,0,0,31
sqlalchemy,97cb27777aff9797c16271022f104f39c38f2418,1609926389,Federico Caselli,2,2,20,0,20,14,730,0,0,6
sqlalchemy,3c53cfaaf5cd7d224896db07744095f199723315,1610481502,Gord Thompson,1,1,10,0,10,7,290,0,0,3
sqlalchemy,f1e96cb0874927a475d0c111393b7861796dd758,1610304254,Mike Bayer,112,35,2609,2090,158,133,5243,6,338,19
sqlalchemy,b4c6cfc2fde6c652e79ca157f8023a3f8941bc3c,1610641138,Mike Bayer,3,4,36,11,13,13,731,0,0,0
sqlalchemy,6be06d85e598e4fda6f3d35084e1c5cccb30cee5,1610685251,Mike Bayer,1,0,4,8,0,0,0,0,0,0
sqlalchemy,038ee979985c5585287c5636bbfde607082f5130,1610683273,Mike Bayer,3,2,74,2,1,1,60,0,0,0
sqlalchemy,44034f19ac27ccd4a0e57dfa3d2d6b494dc9b133,1610665634,Mike Bayer,6,12,73,25,40,19,790,16,770,5
sqlalchemy,ebbbac0a76b3327a829864afb26ee1b7ff1dc780,1609947799,Mike Bayer,37,6,592,419,15,14,449,0,0,1
sqlalchemy,2503c80caf1ef325a8ae4c5083e48f60bd96d41a,1610717701,Gord Thompson,1,0,8,2,0,0,0,0,0,0
sqlalchemy,f898ef162da65a3755d25ee194885677c880c91f,1610749432,Mike Bayer,4,3,133,45,18,17,613,0,0,1
sqlalchemy,c5b4af959e13f8214121f62f322c668bb178d41f,1610753096,Mike Bayer,6,6,81,6,11,7,328,2,64,2
sqlalchemy,3ebc3710a72c9bb724e7074ef0409ae69cfc39fe,1610050972,Federico Caselli,7,15,128,24,51,40,1975,0,0,11
sqlalchemy,8860117c9655a4bdeafebab1c6ef12c6a6198e66,1610818791,Mike Bayer,9,16,131,14,72,64,2060,0,0,8
sqlalchemy,442ca5c000aab9faa69d514e7902c9d903cbd987,1610486078,Federico Caselli,2,13,84,56,64,52,3051,3,94,9
sqlalchemy,e48d97b46a4ad19d4efe3c22d23d89d0ed92a310,1611087286,Mike Bayer,2,7,112,2,112,74,3521,0,0,38
sqlalchemy,b6ff056b91834ec56f685c8735cd67c9b0603de7,1611180374,Mike Bayer,2,2,70,1,14,11,508,0,0,3
sqlalchemy,05a31f2708590161d4b3b4c7ff65196c99b4a22b,1610908502,Mike Bayer,15,45,1380,75,527,401,16502,0,0,126
sqlalchemy,851a3a362ee5e05b8438f92e2e1df63c68f79d68,1611245706,Mike Bayer,15,45,75,1380,75,69,2506,0,0,6
sqlalchemy,f6fca84a7ffc71d743bea22e688ef3c944ba545b,1611249904,jonathan vanasco,2,0,3,3,0,0,0,0,0,0
sqlalchemy,bb846d1650423ce8013feb93b3c8837b4c5498a0,1610485259,Federico Caselli,3,4,17,6,15,11,504,0,0,4
sqlalchemy,e56534995de2a97210d9c3d58183e8d245cdae94,1610195155,Federico Caselli,6,13,120,28,56,41,1620,7,396,8
sqlalchemy,cdf1ba9f9f1696a90b3d9e6c91ce9418bd39fa20,1611388856,Mike Bayer,2,1,51,92,2,2,97,0,0,0
sqlalchemy,20a15345a3f1e4755613d908a3d3cfe1bfe35c6c,1611415880,Mike Bayer,1,0,0,4,0,0,0,0,0,0
sqlalchemy,f04147d9490df68b1fe1bb53991062d82017f865,1611514743,Lele Gaifax,41,73,79,79,78,57,3704,21,1052,0
sqlalchemy,43a27f1da849501ae15f0c39ac67cb00e2e80718,1611517746,Federico Caselli,2,4,8,10,4,4,210,0,0,0
sqlalchemy,d446d8df1b2456c3444a4e0ebc0cb76ef03afac5,1611442937,Mike Bayer,4,1,85,19,0,0,0,0,0,0
sqlalchemy,9205e9171cfd4b488be61228d8d53b0da1d49c19,1611615575,Mike Bayer,5,14,358,28,131,91,3883,11,483,29
sqlalchemy,22f65156bbe846dea2fb9f87fe4187abe0ed790a,1610229398,Gord Thompson,46,53,1149,525,268,223,10786,3,165,42
sqlalchemy,2c7e78be96a33902927f911429849a2ccfbcfc9b,1611754299,Paul Lettich,1,1,1,1,1,1,69,0,0,0
sqlalchemy,e3fbbf830fef9bedee7b26460c79843780962bc0,1611770267,Mike Bayer,1,0,2,2,0,0,0,0,0,0
sqlalchemy,03179a96bfb9dd7ce17274fed44908c25229dedf,1611849869,Mike Bayer,2,5,113,3,47,42,2060,0,0,5
sqlalchemy,74f9d5163f4857475236bebec9ef0d65ac224886,1611863582,Mike Bayer,4,2,97,11,10,10,535,0,0,0
sqlalchemy,aff54c0bd8f75d324f1a4a8601a3d6f28739439e,1611945818,Mike Bayer,1,5,95,12,95,77,4505,0,0,18
sqlalchemy,09e999808a5272a1426a7c00e3a4f27b2e27b8d7,1611599065,Gord Thompson,5,10,140,13,32,28,969,3,132,1
sqlalchemy,2db1eccb382c3be2c03e5be80c6f68e41a8545a2,1612043870,Mike Bayer,8,5,293,10,12,6,229,6,288,0
sqlalchemy,5ec5b0a6c7b618bba7926e21f77be9557973860f,1612025722,Mike Bayer,12,67,613,181,389,296,13813,12,471,81
sqlalchemy,a7eeac60cae28bb553327d317a88adb22c799ef3,1612283215,Mike Bayer,5,6,19,13,14,12,508,2,146,0
sqlalchemy,71c13990aa1ea7af8777aae4a2a26d3f6d6e8a0a,1612295381,Federico Caselli,1,2,8,0,8,6,391,0,0,2
sqlalchemy,52728f7052e643e9890da75ef2c756d4bead41f0,1612366928,Mike Bayer,4,6,38,4,25,18,727,0,0,7
sqlalchemy,594f55d974150d6625004f72b3e284a4a1f796c1,1612371198,Mike Bayer,4,13,127,11,56,42,1949,0,0,14
sqlalchemy,afcab5edf6a3a6e9e83d1940d0be079e92c53e79,1610908502,Mike Bayer,26,120,2018,153,963,735,33542,8,443,220
sqlalchemy,8bf5ca1e9fd05a68ee12af3b00cf5733b6960be3,1611779369,Mike Bayer,4,8,21,13,19,12,502,5,202,2
sqlalchemy,8fc36f3b56e574d7019de55b4c3b86aeec81472f,1612388873,Mike Bayer,2,0,4,6,0,0,0,0,0,0
sqlalchemy,cf18bce4f179bb9a9038377afdfda24ac9e5db5b,1612389418,Mike Bayer,1,1,7,2,7,6,189,1,46,0
sqlalchemy,a7522b93c7782ae7cecbabb510682fa5f3b9fd33,1612393447,Mike Bayer,1,0,1,0,0,0,0,0,0,0
sqlalchemy,1f9738acf30a279f52b7d0b447a379ab84beefd6,1612394111,Mike Bayer,1,0,2,2,0,0,0,0,0,0
sqlalchemy,981924a85db9aaf7a755895af9d13530843e7e52,1612395026,Mike Bayer,1,1,1,1,1,1,21,0,0,0
sqlalchemy,e91d918fc24d678a413feb3744e70014f54172c7,1612431874,Maciej Brencz,1,1,1,1,1,1,68,0,0,0
sqlalchemy,9660e94e35be438b0d51cd87e6ccb4047a332c15,1612458594,Mike Bayer,5,16,121,12,54,37,1320,8,386,9
sqlalchemy,bc9221bf781adfffdddf12860d4eed7650457a0a,1612550308,Mike Bayer,4,5,206,5,37,29,1166,5,254,3
sqlalchemy,23e088bccff02f18e4a27ef9dfc656c814695525,1612609914,Federico Caselli,3,2,17,2,6,6,287,0,0,0
sqlalchemy,2bd80d506a8cdc3ce94da7e9cfcb8498d564a192,1612630482,Federico Caselli,1,3,9,1,9,9,181,0,0,0
sqlalchemy,10f05288dca4fdbaa4670dd7ef856e441bdb4adc,1612709508,Mike Bayer,1,0,17,1,0,0,0,0,0,0
sqlalchemy,c0521e6f0688b794048e44ff3df429249a093b72,1612803495,Mike Bayer,8,15,112,13,34,30,1393,0,0,4
sqlalchemy,89dc4562adb38367ee5fabbcc04ee44968af4906,1612971412,Mike Bayer,1,8,20,14,20,13,552,6,318,1
sqlalchemy,05f34fc29c9ce6ad1603d1538405f18f08c42df2,1613083875,Mike Bayer,2,4,36,4,4,4,150,0,0,0
sqlalchemy,553ac45aae5712e64a5380ba1fa1c6028acf5f39,1613070349,Mike Bayer,10,34,476,89,168,128,5519,10,597,30
sqlalchemy,dd1ba9b552305ac17aa1bdf3847a791e438e0771,1613086076,Mike Bayer,1,1,1,1,1,1,23,0,0,0
sqlalchemy,1d2b49bc991ca866fd71da3ccfbcde5093482512,1613070349,Mike Bayer,14,29,216,60,59,50,2369,2,120,7
sqlalchemy,0e1049600dc88f0f52ff23493ca3aff83a87818f,1613254431,Mike Bayer,4,15,82,73,33,29,1087,2,113,2
sqlalchemy,f6188d31998321a857078d6a61672aae1f98e312,1613331387,Mike Bayer,1,3,7,2,7,5,314,0,0,2
sqlalchemy,d9770099553702151e26e3b5d9f24b94c414887e,1613276464,Mike Bayer,6,17,194,9,49,41,1556,0,0,8
sqlalchemy,d1806bb5ed4c0ee150b69b5226f8af835d6e1012,1613385390,Sam Bull,1,0,1,1,0,0,0,0,0,0
sqlalchemy,857adaaf867df54d4a023cf19f618fdf1d0f60c9,1613252601,Gord Thompson,6,7,57,11,39,39,1551,0,0,0
sqlalchemy,120347aad15fac4a54e16aa60e0e5b3b6b3995c4,1613244115,Oliver Rice,2,1,15,1,5,5,165,0,0,0
sqlalchemy,f18531fd315e50cffa18b01c3be4eb585c4a3364,1613418031,Mike Bayer,1,0,1,1,0,0,0,0,0,0
sqlalchemy,a5e10cbd5339d42c49a3d37bb92471800d1ef252,1613418550,Mike Bayer,1,0,2,2,0,0,0,0,0,0
sqlalchemy,f51f46a90a59d7d8ce93d90ec6ba30ddb74b12e9,1613419241,Mike Bayer,1,1,1,1,1,1,21,0,0,0
sqlalchemy,498db831718cb5df213b1afdd2027878e0e72fd4,1613662996,Mike Bayer,2,4,56,2,7,6,358,0,0,1
sqlalchemy,30242df2a832382ad1eb7342318efe190c6070e9,1613671022,Federico Caselli,1,3,7,1,7,7,231,0,0,0
sqlalchemy,629273a31b1be9ed195e9082d40b8741ab31e073,1613671965,Federico Caselli,8,13,80,97,77,62,2134,9,330,6
sqlalchemy,deaefbe748a43b9f84dabc232f0c20e065864a14,1613588307,Gord Thompson,5,23,88,24,72,64,2389,0,0,8
sqlalchemy,7293b3dc0e9eb3dae84ffd831494b85355df8e73,1613683314,Federico Caselli,1,0,1,1,0,0,0,0,0,0
sqlalchemy,d8547f80cee002cc3f15288997af3284ab12396b,1613752189,Charlie Denton,2,2,2,2,2,2,194,0,0,0
sqlalchemy,fcf539d090a95fb179ca03beffd10122e97aa002,1614005721,Mike Bayer,1,1,35,1,35,25,1134,1,42,9
sqlalchemy,2cd55d842f41d3f9f7b5dcf03c9c4a5e0a6be709,1614181915,Gord Thompson,1,2,10,1,10,8,307,0,0,2
sqlalchemy,2ce1f1d9a8011a4673428850f01b04196e070957,1614182255,Mike Bayer,1,1,29,0,29,21,947,0,0,8
sqlalchemy,dc615763d39916e9c037c7c376db1817cdf02764,1614213809,Mike Bayer,1,0,1,1,0,0,0,0,0,0
sqlalchemy,638ec10920268b0332c1bf1bb2bf1181979b3f9c,1613841570,Mike Bayer,3,3,30,2,14,10,474,0,0,4
sqlalchemy,a5b76f7b07e620ece882137ceb51bace3898fad5,1614048549,Mike Bayer,2,26,92,63,92,82,3610,4,199,6
sqlalchemy,54e848dfed020e0600fb0d50a80a4d94ad745747,1613504132,Gord Thompson,2,4,38,2,12,10,509,0,0,2
sqlalchemy,6cd195c4a1589620784b052a041e691427d1e086,1614287892,Mike Bayer,2,1,20,0,6,5,184,0,0,1
sqlalchemy,852119c9f8235a75dcfa9339e6ebf2f57eb39154,1614290826,Mike Bayer,4,20,93,262,62,52,2297,3,157,7
sqlalchemy,aae934d171ab0eaaa6b53db4e1db65b0d20ff1e9,1614371432,Federico Caselli,1,1,1,1,1,1,36,0,0,0
sqlalchemy,0c31059a1d6303d2d16b59eb6a5c2c751acdf14a,1614448134,Mike Bayer,2,2,27,5,16,11,457,3,100,2
sqlalchemy,04861dfd0e75e6fff3aa730bcad27f3172ae2fd8,1614313205,Mike Bayer,4,3,167,2,13,8,300,5,281,0
sqlalchemy,92e3272602723225e07dfa6e32b722ac439c713a,1614701809,Mike Bayer,3,2,62,3,12,7,360,0,0,5
sqlalchemy,5024ed693927f2ae2cd1b487b4e0397f115d1c32,1614720309,Mike Bayer,6,6,42,0,42,0,0,36,1410,6
sqlalchemy,a63b23392fc31766e32b8650127d9006ee189a0f,1614728888,Mike Bayer,2,1,2,9,0,0,0,0,0,0
sqlalchemy,2afc53804b3c150187fe56e77829ac4f792e2893,1612818726,Federico Caselli,13,23,733,733,667,667,21788,0,0,0
sqlalchemy,780213bfefac7046ac889ffbc1c51e0d244dd678,1614866153,Gord Thompson,2,1,23,3,1,1,36,0,0,0
sqlalchemy,2f7623b6b265cd5f25f2a6022e21bc3286d397a3,1614919114,Mike Bayer,2,6,61,7,27,15,720,9,441,3
sqlalchemy,6d97d0c97de01e67a2d2d59c5bec1bbf3782de10,1614965229,Mike Bayer,2,6,114,7,29,20,767,6,336,3
sqlalchemy,8b8a4c373e1cec2203f73b1772704b9ded75c1fe,1614978158,Mike Bayer,3,2,88,6,10,4,211,4,211,2
sqlalchemy,f62e0c0c7fc4be842a0f4dc4f59019b3c6285fee,1614999123,Mike Bayer,7,29,189,47,86,69,2718,9,520,8
sqlalchemy,506b88de5e428fd4ad2feff663ba53e2dbb28891,1615058353,Gord Thompson,5,11,32,65,12,12,565,0,0,0
sqlalchemy,3a378f0b22e1745509d88b923123dc38d8014274,1614983650,Mike Bayer,6,21,413,462,40,34,1412,2,108,4
sqlalchemy,8cf7a7f664c177a8a7299186af338c6a23768da0,1613247658,Federico Caselli,5,5,15,4,15,15,413,0,0,0
sqlalchemy,1031fc6f781a3a6088467791e837f23a4b338aef,1615304939,Mike Bayer,2,11,75,11,14,13,621,0,0,1
sqlalchemy,79bde753e47bd86f0199c4aa6a5c2ead1e4aec95,1615314994,Mike Bayer,3,3,105,31,5,5,262,0,0,0
sqlalchemy,5f8ee3920066c0cbe5d6d6b0ceb987524f7542c4,1613518610,Mike Bayer,43,9,3013,3,1561,1146,41795,136,5637,279
sqlalchemy,827af37d681b61de1300d7dacc5c50ff23a4fbf9,1615739326,Mike Bayer,1,5,68,5,68,46,2432,0,0,22
sqlalchemy,755316e66e0543f2524aeef0f11c107f95420d8a,1615817748,Mike Bayer,2,5,25,9,25,22,1340,0,0,3
sqlalchemy,e769ba4b00859ac8c95610ed149da4d940eac9d0,1615823891,Mike Bayer,1,0,2,2,0,0,0,0,0,0
sqlalchemy,874c51d98e01698a441acc9415d77bb2deeb98bf,1615827575,Mike Bayer,1,1,1,1,1,1,21,0,0,0
sqlalchemy,1c5ec1e60999516c016e0fab60979f63060d0a0d,1615852883,Mike Bayer,2,2,14,2,1,1,69,0,0,0
sqlalchemy,dfa1d3b28f1a0abf1e11c76a94f7a65bf98d29af,1615416892,Federico Caselli,12,8,399,42,28,17,717,7,333,4
sqlalchemy,8945b82f5261b2c815634d33c78608252ddbd878,1615908187,Mike Bayer,4,7,186,3,38,24,1134,2,130,12
sqlalchemy,d386552d11ea697463211c1499b2bee2f5548be7,1615921402,Mike Bayer,2,3,46,1,16,12,490,3,136,1
sqlalchemy,65d27f9611f3603f4bbfa6c2efca20b9eb01cecd,1615923142,Mike Bayer,1,1,2,1,2,2,116,0,0,0
sqlalchemy,547ac69d9dab78af9a7ccd71ee55102f344065f1,1615931984,Mike Bayer,5,6,161,9,24,23,634,0,0,1
sqlalchemy,ecb392c5f927ab117f9704ce373bf2af1dbe5b69,1615932977,Mike Bayer,1,0,0,5,0,0,0,0,0,0
sqlalchemy,057a3dad02cc1f40f9e35bc070e0844b01d76417,1615933950,Mike Bayer,3,1,27,14,1,1,68,0,0,0
sqlalchemy,82070dd0c719f7683e47c3983f949c64a46b92f9,1615935388,Federico Caselli,2,1,35,1,6,4,131,0,0,2
sqlalchemy,484910a25bdc4ad4bb9d96ee68981a6fb631e1a8,1615985949,Mike Bayer,2,2,37,1,7,6,249,1,29,0
sqlalchemy,aabc72bd33ba445c0a207432acf0aa1cf25263cb,1615984785,Mike Bayer,2,1,64,0,21,15,540,0,0,6
sqlalchemy,8b275553adf317685c80c54b4c477607b1468168,1615999167,Mike Bayer,1,2,3,1,3,2,143,0,0,1
sqlalchemy,5f9c45400556f821550e7a39331f1bd5af5a34ce,1615993498,Mike Bayer,18,12,203,119,30,19,797,8,380,3
sqlalchemy,f6da955b6602563811f46f77fa436e4b8432b20d,1616007161,Mike Bayer,1,0,2,2,0,0,0,0,0,0
sqlalchemy,46763a6003d54c4942dfce5ab33cda7ff9c05dac,1616007583,Mike Bayer,1,1,1,1,1,1,21,0,0,0
sqlalchemy,3fec5028e695ad138aa46a0ae66c55e8bcb653f6,1616008070,Mike Bayer,1,1,1,1,1,1,78,0,0,0
sqlalchemy,2d8dca043b6f880695baa9fb20ed2fdf222c15d9,1616012924,Federico Caselli,1,1,1,1,1,1,49,0,0,0
sqlalchemy,b139451bb609f28834fc3cb5d777ca2857f763f1,1616077648,Mike Bayer,2,1,41,0,12,8,332,0,0,4
sqlalchemy,dfce8c35d3f95c401957f4d0ddaf8c7f49f52ece,1616083156,Mike Bayer,5,6,202,11,33,24,1314,7,422,2
sqlalchemy,9a438db3e6046ef12164968b8e835fc95a63c349,1615834245,Alex Lowe,1,6,70,9,70,50,3209,3,120,17
sqlalchemy,ce2f28c37e0a2f2aa3b4a404ee190cdc00b8b918,1616094423,Mike Bayer,2,10,133,8,17,13,555,3,135,1
sqlalchemy,ea844985d08ec6de49e82bb6a5878765bbeeb17b,1616095565,Mike Bayer,2,1,34,1,1,1,72,0,0,0
sqlalchemy,2c7eb1f7dd20059ab74081947676a0e3389f3464,1616103984,Mike Bayer,2,1,68,10,1,1,25,0,0,0
sqlalchemy,c1c999c01d595b74fe178d9bdbff34fd8939a283,1616110472,Mike Bayer,4,4,73,1,8,5,210,0,0,3
sqlalchemy,e67d1b79c544c14f375dff90b5d8af5b472c053e,1616131086,Mike Bayer,4,1,54,1,1,1,68,0,0,0
sqlalchemy,ed515f2ca16e1b40efe5ee0299417f8d6eb51b86,1616164471,Mike Bayer,3,3,50,3,3,3,208,0,0,0
sqlalchemy,5112c994268a05dc9e8e71b695003fc6a81fa7fb,1616172943,Mike Bayer,3,14,328,22,90,70,3613,4,229,16
sqlalchemy,028e5e90331ff3d12ad3f241e63ccef56a8fa017,1616179979,Mike Bayer,2,1,7,1,1,1,77,0,0,0
sqlalchemy,57f07ec961ffc2547d66757cdf3fd16e1b849085,1616191078,Mike Bayer,1,0,2,0,0,0,0,0,0,0
sqlalchemy,23fcb358c0696df205eeaa5af112ee5b10999844,1616189827,Federico Caselli,1,1,1,0,1,1,33,0,0,0
sqlalchemy,7d6700d96dd1fd24a8d459477fbc6f14f3b637a3,1616194787,Mike Bayer,1,0,2,2,0,0,0,0,0,0
sqlalchemy,1984b6d3c7fd95dd22203cb75fb3fb65348c4158,1616107089,Federico Caselli,3,5,78,16,17,17,532,0,0,0
sqlalchemy,2ef6b7a59146af510ad07bc222bc898d517f25b1,1616195455,Mike Bayer,1,1,1,1,1,1,21,0,0,0
sqlalchemy,9174e183fd54b8734e003cb38c2d3e44a3062c89,1616265250,Mike Bayer,2,2,10,4,10,10,192,0,0,0
sqlalchemy,a782160de2e66ad6f6cb2630ddc16ced4da1c359,1616361018,Mike Bayer,4,9,98,16,34,32,1474,1,40,1
sqlalchemy,8bf920d52ddd4ec5f62a00fb9db370a076aa375d,1616509403,Mike Bayer,3,3,40,2,18,15,826,0,0,3
sqlalchemy,242867ec87c4d739011ee3cea9a53f33d9f05f2b,1615938400,Mike Bayer,5,8,264,17,25,19,795,3,171,3
sqlalchemy,9ec860e7a5c944799f9ef4de9069d707cfc1ed27,1616468196,Mike Bayer,8,14,413,257,74,68,3130,3,176,3
sqlalchemy,ae867bf0cbdbb935742d8cb22e1b76136b77965c,1616514378,Martin Häcker,1,2,2,1,2,2,65,0,0,0
sqlalchemy,78263945f0a256e09b35082ca66fb800731673d2,1616536294,Mike Bayer,1,1,1,0,1,1,31,0,0,0
sqlalchemy,502be87a0b5c7bfa28db62b4af867457cd29a5fa,1612621040,Federico Caselli,20,19,580,131,407,297,10620,28,1371,82
sqlalchemy,3fc9f11c23e39e95e4d33572d04e74f74b0f20ed,1616601616,Mike Bayer,2,1,9,3,1,1,67,0,0,0
sqlalchemy,0bf04029dcdd912a1e5a4cdac1cccf14b60b3ec9,1616602553,Mike Bayer,4,2,55,1,6,2,91,2,119,2
sqlalchemy,4476dca00786adef5da3bcf74699e0b217f8ffa6,1616599984,Mike Bayer,6,31,196,70,180,144,6661,5,213,31
sqlalchemy,346e2bc0a64f5d451d951d04a7ee36b1dd7ea8fa,1616622186,Mike Bayer,4,2,113,2,7,6,231,0,0,1
sqlalchemy,e3b09f65df5dd51f87515f115827dedba50e9dca,1616676016,Mike Bayer,3,2,15,3,4,4,147,0,0,0
sqlalchemy,96dffd0ae9d19050f1d6000c35c4347bcb2dc6fe,1616683032,Mike Bayer,1,0,1,1,0,0,0,0,0,0
sqlalchemy,974f414ea41bd8a28fabbf3cd5786e1532eeb91d,1616539768,Mike Bayer,4,14,142,39,88,67,2581,10,505,11
sqlalchemy,3fe8d618e3614edc8f9e4241e7521a984f2f21c6,1616702901,Federico Caselli,2,2,28,25,3,3,156,0,0,0
sqlalchemy,cc026215c639721e23ba9cca8dcebca8cdabf225,1616707956,Mike Bayer,1,0,2,2,0,0,0,0,0,0
sqlalchemy,784d32edff03cd960d0c47768f7ef0d0a438463e,1616708518,Mike Bayer,1,1,1,1,1,1,21,0,0,0
sqlalchemy,56f9c7743e9083add69a10501a503f4e25bb59d7,1616769441,Mike Bayer,9,33,383,169,141,118,4559,2,124,21
sqlalchemy,6f78900abb34dc8139debbe2c7070fb488414e47,1616783962,Mike Bayer,2,1,10,1,1,1,14,0,0,0
sqlalchemy,5e54c68fe5edec6f6c92153280799f2ad69aaff9,1616787634,Mike Bayer,1,0,4,1,0,0,0,0,0,0
sqlalchemy,b619fbcbb277dd168c223be6b3ff960355f36b0c,1616848592,Mike Bayer,2,1,19,1,13,0,0,11,624,2
sqlalchemy,2c2e01a0c6d0847f5648fd0120c8fa0bd5f6268f,1617071889,Mike Bayer,2,3,14,3,14,9,370,0,0,5
sqlalchemy,bd8b269a34153c29c7f05e4acacccc6b07b47fb5,1617050416,Mike Bayer,2,13,193,14,36,29,1148,0,0,7
sqlalchemy,3d284bb1010996ef204c85a2141446e47d048dac,1617055040,Mike Bayer,4,9,36,35,12,12,544,0,0,0
sqlalchemy,42f29ae6525a5c5348c3ff2926607ec53eed5190,1617032553,hbusul,1,1,7,0,7,4,126,2,80,1
sqlalchemy,ab61d66dee9b3c3639907557852908858daacb6f,1617130121,Mike Bayer,2,1,24,2,3,1,58,2,77,0
sqlalchemy,3df6a3f1fbb589110c3ef3f344758bb11d3dc3df,1617047918,Federico Caselli,4,2,44,11,2,2,142,0,0,0
sqlalchemy,48e61f6067022fdf04521f8493c6b2ceba7fcc74,1617149668,Mike Bayer,1,0,2,2,0,0,0,0,0,0
sqlalchemy,025b6974ffdd86db8b5f94867af5bd8c3d899657,1617150325,Mike Bayer,1,1,1,1,1,1,21,0,0,0
sqlalchemy,42185a1f3866bfc8ebffa2a6c724face8a2db5dc,1617197974,Mike Bayer,2,1,13,5,6,3,127,0,0,3
sqlalchemy,a92942a5313c323afc027f69ed3a92cfe818cf76,1617205702,Mike Bayer,2,5,70,19,17,17,717,0,0,0
sqlalchemy,b99f8cad8d290bfa123742eafa9d381cb7644cd1,1617210964,Mike Bayer,3,5,39,2,12,9,389,0,0,3
sqlalchemy,f849eebdfed86d8f63ce04059ac09b542ccd7c1b,1617213330,Mike Bayer,1,0,7,3,0,0,0,0,0,0
sqlalchemy,d11356f444ece3310fb13cd83b4c6df913aca078,1617198815,Mike Bayer,1,1,3,3,3,3,102,0,0,0
sqlalchemy,803a2373f58e794499e1e0b476db4c23e8dd7f87,1616944180,Mike Bayer,9,16,231,34,67,47,1756,1,27,19
sqlalchemy,496f97cd068237af2e519cd9fde49196fc27a55c,1617233890,Mike Bayer,6,1,162,0,6,5,229,0,0,1
sqlalchemy,a357baec856bb73c511f8f8484d316f19a29252a,1617138904,Federico Caselli,7,14,279,132,30,23,978,0,0,7
sqlalchemy,ab01f893f8c489e2fe981699e022c76e0318ec77,1617294366,Mike Bayer,6,10,60,22,28,23,1060,2,106,3
sqlalchemy,115e4d1a491173276821bdafd967666d71cdb7a8,1617295601,Mike Bayer,3,1,45,1,1,1,58,0,0,0
sqlalchemy,508aee203d9ad6beb7bdb83a41b08deae6df0146,1617302033,Federico Caselli,1,3,12,7,12,8,226,3,191,1
sqlalchemy,be200636a90e0ab5cd54f694c03b6593013665e1,1617299240,Federico Caselli,1,1,1,1,1,1,71,0,0,0
sqlalchemy,1f31c6f36ab6dabb4696de609e9f07225b46cc13,1617049849,Federico Caselli,4,8,92,10,31,27,1380,1,16,3
sqlalchemy,20c0f774e5517514da811bc446812baa6b1f32f1,1617312031,Mike Bayer,40,48,213,17,114,94,3938,0,0,20
sqlalchemy,a16687b3fc4179e8f42d8099aa6d1e6d18fedf70,1617375988,Mike Bayer,3,1,31,1,1,1,76,0,0,0
sqlalchemy,02c24b018c5467395632a67ebe4b26f347a8d5c4,1617378749,Mike Bayer,1,1,1,1,1,1,34,0,0,0
sqlalchemy,fd669c5618605ffd6c9e70d221113520670af39b,1617379202,Mike Bayer,1,0,2,2,0,0,0,0,0,0
sqlalchemy,2f6fce3e1ab1d6880531bff174a726d5e1ddc64b,1617380490,Mike Bayer,1,1,1,1,1,1,21,0,0,0
sqlalchemy,4e0f90424afe03547c21ec3b6365755bb5288075,1617489827,Mike Bayer,1,0,1,1,0,0,0,0,0,0
sqlalchemy,3770dbd0028c490f72325f1c13917b021c6f6dbb,1617511288,Mike Bayer,1,2,39,8,39,32,2176,0,0,7
sqlalchemy,606096ae01c71298da4d3fda3f62c730d9985105,1616802329,Mike Bayer,13,51,972,656,874,653,24318,67,2527,154
sqlalchemy,03122c8d060ddc8d8194017dc2cd7e4a1c09c1e1,1617658676,Mike Bayer,2,5,55,4,24,23,626,0,0,1
sqlalchemy,279d185058ecf322b0c7a1fc8263dbf4da56e9b7,1617654734,Mike Bayer,3,1,102,1,3,2,103,0,0,1
sqlalchemy,d01790ebe0b425bf79c4decf24011d0d6234944d,1617648091,Mike Bayer,2,1,27,0,3,3,152,0,0,0
sqlalchemy,ac2ed15740629967e7fe004d3a7369ccf97aac46,1617675258,Mike Bayer,14,18,65,66,33,32,1290,0,0,1
sqlalchemy,64cfcf4af0d5b09efa07aeb2b863c2aae9587c3d,1617721969,Mike Bayer,3,10,106,5,28,22,973,2,101,4
sqlalchemy,5ef1b89d865679fa2ca4bb3e3c1892bdd966ad89,1617742020,Mike Bayer,3,3,111,7,14,13,405,0,0,1
sqlalchemy,3de954bc027ebf655e7ed26c83cfb3fd4b7b5edf,1617652644,Federico Caselli,2,2,20,2,5,5,182,0,0,0
sqlalchemy,2a74994fc7d82753e565780386dfeb8a4909813a,1617749941,Mike Bayer,1,0,2,2,0,0,0,0,0,0
sqlalchemy,d1847bbe268d48d34f4781b317ac8e6bf13d44bd,1617750230,Mike Bayer,1,1,1,1,1,1,21,0,0,0
sqlalchemy,475a1ada5d3ac88f12080ef8672a8fda70c7e76e,1617805591,Mike Bayer,3,5,115,5,56,39,1572,4,133,13
sqlalchemy,abcb9dc2734b5dd01d2f3115393d6f76e0da5411,1617806414,Mike Bayer,2,2,37,2,2,2,57,0,0,0
sqlalchemy,f6306921353b94ed2ffc36b3d04e0ba4284f4898,1617807372,Mike Bayer,2,2,76,1,6,6,333,0,0,0
sqlalchemy,4d21920638af4729b6ff09b1ac8c3a20878bd922,1617807786,Mike Bayer,1,2,2,2,2,2,184,0,0,0
sqlalchemy,26f1efcb055b70fe86a643338b65c849f9e2fa4e,1617832294,Mike Bayer,2,1,12,0,1,1,38,0,0,0
sqlalchemy,f2521f15809f5ad004be7470c41b73789b082ed2,1617837772,Mike Bayer,2,3,66,0,7,6,240,0,0,1
sqlalchemy,df078a6fb010e28cb14afa1f0947add1f60e0e52,1617846197,Mike Bayer,5,7,85,5,25,23,849,0,0,2
sqlalchemy,74605e45364f5013f559a84cbbc2004896d18135,1617895468,Gord Thompson,1,1,1,1,1,1,77,0,0,0
sqlalchemy,ce6f8ec5f5b76267e75b63827142ceda2276d918,1617899237,Bryan Forbes,2,2,54,6,9,9,359,0,0,0
sqlalchemy,dca3a43de60b064d863abb9b86b1f629fbd4b14d,1617818259,Mike Bayer,6,11,170,37,33,17,825,10,504,6
sqlalchemy,d868f7914cd0617d529a6067e8ec7843692f8937,1617974704,Mike Bayer,1,1,1,1,1,1,59,0,0,0
sqlalchemy,a14303639e03fd295edf1f5fabf6d20b05b1870b,1617924154,Gord Thompson,3,1,4,2,1,1,27,0,0,0
sqlalchemy,a4f30de1662c9bc2c79e66b80565aaf8ba18f8c4,1617979581,Mike Bayer,2,9,71,12,33,23,1002,2,132,8
sqlalchemy,5ba31b5a8768e1ca1a08a82144ec0e726d8357c1,1617980956,Mike Bayer,3,6,72,4,14,10,461,3,96,1
sqlalchemy,59582b149b242dc98173556905c27c89ffde4988,1617985520,Mike Bayer,1,0,1,0,0,0,0,0,0,0
sqlalchemy,ee40b4bd2acb68b00e75cda1bc40f9c47965be34,1617988079,Mike Bayer,1,0,2,2,0,0,0,0,0,0
sqlalchemy,0277eef8dccf34b9a715b45cc89964a8e1b46ce1,1617988186,Mike Bayer,1,1,1,1,1,1,21,0,0,0
sqlalchemy,fb11e2e2e99c16263228df2d814b3bc8305e8e5e,1617996436,Bryan Forbes,6,28,40,35,40,38,1761,0,0,2
sqlalchemy,c77274a45092352e8dd62b29e9aea8d0953a1313,1618007511,Federico Caselli,1,1,2,2,2,2,121,0,0,0
sqlalchemy,3d41fad27de91800b89a199e67766066fd744103,1618061061,Federico Caselli,2,1,10,1,1,1,28,0,0,0
sqlalchemy,9fd4d188708ff4d5a11dde806acda6792b810703,1617825730,Federico Caselli,2,3,67,3,3,2,126,0,0,1
sqlalchemy,78b66780092768b2bdd5299accdcef1f2e5d3a52,1618069907,Mike Bayer,1,2,42,44,42,35,2395,0,0,7
sqlalchemy,41de9a86c022250effbdd5aed4253df34628e103,1618175755,Mike Bayer,3,12,47,22,33,27,1628,0,0,6
sqlalchemy,cf6f342150791ace82c6a099e8ea2923138bd61e,1618192044,Mark Bell,1,0,1,1,0,0,0,0,0,0
sqlalchemy,f0a334903316aa1f320053e368842458f667cbf3,1618252430,Mike Bayer,2,7,60,6,11,10,444,0,0,1
sqlalchemy,e2008b5541cc155aea538317805e62ff1aa9b300,1618262677,Bryan Forbes,6,136,382,215,382,353,14314,3,100,26
sqlalchemy,d5f0e1d846fd3cf29e88989db362348796179c3d,1618285682,Mike Bayer,5,7,143,27,37,32,2031,0,0,5
sqlalchemy,d3c3982100a617623c92b41799b19f27448a1574,1618262677,Bryan Forbes,3,3,29,6,22,17,848,3,137,2
sqlalchemy,b26cf96462b195a4c12ccdf8283ef028f91eb872,1618416728,Mike Bayer,11,12,52,6,45,36,2036,0,0,9
sqlalchemy,94a1c523984e2082bb16d784cf8615061ba9d49a,1618325520,Mike Bayer,16,11,88,27,33,15,570,8,365,10
sqlalchemy,cee6d12a69af38915316d6db8ca59c54325904ea,1618420925,Mike Bayer,1,1,0,2,0,0,0,0,0,0
sqlalchemy,3c0a0a72015711989e06b16883a333a279bd095f,1618431276,Mike Bayer,3,1,44,20,1,1,52,0,0,0
sqlalchemy,904097d13dc106f20c759db238fc2190605156e0,1618440700,Bryan Forbes,1,0,1,1,0,0,0,0,0,0
sqlalchemy,60b0a693c97e7ab504a0d36497b71ccba24ac8e8,1618440805,Mike Bayer,8,6,200,5,22,11,344,8,441,3
sqlalchemy,60e625212fe55869d2915bbf41a369eedae8b846,1618489714,Mike Bayer,3,1,17,18,1,1,75,0,0,0
sqlalchemy,9f5ca21791fb6765f4b9a5a0acfe660b1ee55cf4,1618496372,Mike Bayer,1,0,2,2,0,0,0,0,0,0
sqlalchemy,b3d764fa768756cd7aef73253ccceac456c76c81,1618498829,Mike Bayer,1,1,1,1,1,1,21,0,0,0
sqlalchemy,b73fc8f874da94c9c5b2d94feb6b1b45b7f4f02b,1618577777,Mike Bayer,6,8,182,13,20,15,575,3,127,2
sqlalchemy,91562f56185e1e69676712ccb109865a6622a538,1618603654,Federico Caselli,3,2,47,10,10,10,429,0,0,0
sqlalchemy,46f34449f389a8aa994485f36e99f95275a19170,1618631928,Mike Bayer,2,1,56,9,18,18,560,0,0,0
sqlalchemy,901f7a2b534e4bbc88d7c6894541223cb0dd968d,1618633829,Mike Bayer,5,14,80,7,14,14,629,0,0,0
sqlalchemy,9f758d7fe328107cd3d047b8c999dce228a570d1,1618585616,Mike Bayer,9,22,116,48,54,50,2283,0,0,4
sqlalchemy,c46b653893bb7ca68aa1909c75d871766dfda2ae,1618636772,Mike Bayer,1,0,2,2,0,0,0,0,0,0
sqlalchemy,e2091644678f0d5887d200c32aceca52299a6ca4,1618637065,Mike Bayer,1,1,1,1,1,1,22,0,0,0
sqlalchemy,aac21993f511344301ebafab1517a7c424f64e80,1618604756,Federico Caselli,2,1,28,3,3,3,95,0,0,0
sqlalchemy,b12438aa61058b993be8ebcc80fa6df1401f4664,1618653411,Federico Caselli,3,47,113,61,38,37,1428,0,0,1
sqlalchemy,b5f75467443f915069cbb23c54c3e98473f3d65a,1618735270,Federico Caselli,1,1,1,1,1,1,34,0,0,0
sqlalchemy,adc950945025d436ef97095b4e706700ebae34ff,1618508152,Bryan Forbes,2,1,8,0,3,3,106,0,0,0
sqlalchemy,fa817cc0ea21a4b28b7a076eab0b42010279fbc9,1618792214,Mike Bayer,2,2,72,3,31,24,988,0,0,7
sqlalchemy,a58c99977eafc5f69a3e37f9ddcc328698e7fe1e,1618847109,Mike Bayer,2,4,25,4,25,16,940,0,0,9
sqlalchemy,033e673f8771dfb20dd7b67a780c6ef3d3210e37,1618932782,Mike Bayer,2,7,42,6,10,9,414,0,0,1
sqlalchemy,0e1a011aa3091aa2d6d95b269ff6da518db8e1a3,1618869792,Mike Bayer,7,13,256,34,104,85,3344,7,342,12
sqlalchemy,0c801c8a6617523796f304268d0417a59469a37c,1618769748,Gord Thompson,3,6,55,13,24,17,725,4,111,3
sqlalchemy,4b9e2db51a7e40ff2c4212fe8476fe0c7ba21ca0,1618942191,Mike Bayer,5,4,98,5,14,6,326,7,347,1
sqlalchemy,3a0a6e1db43a4aefd3570f2956ae2567e3062a77,1618945791,Mike Bayer,2,2,65,2,2,2,81,0,0,0
sqlalchemy,0dafacd7ebfcf91cf4839c8d84cc8d495afaabe1,1618969002,Mike Bayer,1,0,2,2,0,0,0,0,0,0
sqlalchemy,368086e9fc49c7a1ca972480e0134d8e7a9f0544,1618969192,Mike Bayer,1,1,1,1,1,1,22,0,0,0
sqlalchemy,ed3f2c617239668d74ad3d86aeda0ca2030a5933,1619015949,Mike Bayer,2,8,27,7,9,8,373,0,0,1
sqlalchemy,37414a752b0036334d0f31ac8cd3aff749c3898b,1619030685,Mike Bayer,11,16,170,36,58,39,1599,13,629,6
sqlalchemy,d48c9eda0d06cb77169217c96959ecfb23194a53,1619060631,Mike Bayer,1,0,5,3,0,0,0,0,0,0
sqlalchemy,507a828de6f8b5f878093d86332f1954bd154ca3,1619061002,Mike Bayer,1,0,2,2,0,0,0,0,0,0
sqlalchemy,72f43a8b49803cd4d4befe91635f6691965f34fb,1619061351,Mike Bayer,1,1,1,1,1,1,22,0,0,0
sqlalchemy,f4e93067a116b748242e62eb524b2a87490ec18c,1619116416,Mike Bayer,1,0,1,0,0,0,0,0,0,0
sqlalchemy,17072f8b04c6a3a989673e85ace163620f9130cd,1619102701,Mike Bayer,8,25,276,19,100,74,3278,3,121,23
sqlalchemy,fb9e12a689f6f5c1266b7cab2eb3d6c2c4ee872e,1619121916,Mike Bayer,1,0,3,0,0,0,0,0,0,0
sqlalchemy,373e960cb4448d1498d0a47fd35c97f83170f87e,1619187579,Mike Bayer,4,3,66,2,16,16,580,0,0,0
sqlalchemy,8bd9d72271ec9a2fec5749c428ef5ad6e9dc2175,1619142310,Mike Bayer,3,6,106,23,20,8,359,11,418,1
sqlalchemy,45c981a06cc54028aff24e035366ca921b0cc1de,1619445050,Mike Bayer,3,10,114,9,39,27,1046,6,216,6
sqlalchemy,87b551c26014c2bf2406ebebb47ee9d3769da9bb,1619458229,Mike Bayer,3,2,117,1,10,2,79,8,305,0
sqlalchemy,802923062720589c0aea0d56a8672407be2cb79c,1619479026,Mike Bayer,2,4,42,2,8,5,201,0,0,3
sqlalchemy,70c51bbe5e0c0f7feb4695b2a38140ec53282c27,1619543344,Mike Bayer,3,4,112,5,27,23,1571,0,0,4
sqlalchemy,d23866e795a752ee4b4aaaa44addaf8b66547d6f,1619103135,Gord Thompson,2,1,37,1,8,5,169,0,0,3
sqlalchemy,7fdaac7b2910b5612420378519b9f60d4649daff,1619570686,Mike Bayer,2,2,46,9,9,4,140,4,157,1
sqlalchemy,41ac0c7187daed54b0ba44b2287b6679d95d2caa,1619618175,Mike Bayer,4,3,68,1,3,3,164,0,0,0
sqlalchemy,029c68e636b8c635ffd35b7a38947be2e3b6e0cf,1619633480,Mike Bayer,3,2,35,2,1,1,31,0,0,0
sqlalchemy,3dcdc304a6e40052bc751488187c7e3b515d5be8,1619626473,Mike Bayer,2,5,102,4,4,4,167,0,0,0
sqlalchemy,1ee6332ba261cc1b6bbc8f427d17f81614b07d9b,1619631009,YongJieYongJie,2,1,8,1,3,3,123,0,0,0
sqlalchemy,d3c73ad8012e15bf47529b3fcb0bac1298fbdb90,1619038149,Federico Caselli,11,14,171,22,29,25,958,0,0,4
sqlalchemy,28493bf4bc35a4802b57b02a8b389cec7b6dcbb6,1619707200,Mike Bayer,3,2,29,6,8,8,431,0,0,0
sqlalchemy,7892cc30ad60ae450471b62f351b3beb66911892,1619712227,Mike Bayer,2,2,36,6,2,2,104,0,0,0
sqlalchemy,95523c78dd2e2aeb2603734d20383c6d3dac5dfb,1619720709,Tony Locke,2,4,66,0,64,47,1687,0,0,17
sqlalchemy,aba308868544b21bafa0b3435701ddc908654b0a,1619649111,Mike Bayer,6,8,239,64,64,38,1842,15,695,11
sqlalchemy,416fdb1674daf72ef215c6abfed3e08343f1e05e,1619722626,Gord Thompson,3,7,44,6,21,16,662,0,0,5
sqlalchemy,7002b2b0b109e70b47d4ae4f5f6a4d7df5586f21,1619728683,Mike Bayer,2,2,60,2,12,12,447,0,0,0
sqlalchemy,2f30491a1631b8c0b14d03bb13d0bb8abda35487,1619732775,Mike Bayer,1,0,2,2,0,0,0,0,0,0
sqlalchemy,a7157b29ba5830dd8f8a20e8df62eb9d56f6c759,1619733411,Mike Bayer,1,1,1,1,1,1,22,0,0,0
sqlalchemy,a47c158a9a3b1104698fc0bff47ca58d67cb9191,1619798092,Mike Bayer,4,2,106,10,11,8,377,1,41,2
sqlalchemy,5cde12d816b8b32719cee377677667150df07c48,1619872869,Mike Bayer,5,8,165,2,44,34,1138,2,90,8
sqlalchemy,fc7a3533417d970e47397f4da874e5e73e9f1c72,1619815019,Federico Caselli,2,3,45,2,8,4,113,4,224,0
sqlalchemy,2e20f5554bd4bd0441922170d6da53ce711068eb,1619895579,Mike Bayer,1,0,2,0,0,0,0,0,0,0
sqlalchemy,ee7a82d71783bf71f3a95550624740e908d178a0,1619965156,Mike Bayer,3,17,181,61,111,95,5768,0,0,16
sqlalchemy,216de6e7ceb893200fcde6b158c51180866f4004,1620050112,Mike Bayer,4,11,188,6,43,33,990,2,87,8
sqlalchemy,05fa02d1c1672d5481ced0980980a332688f67b3,1620069921,Mike Bayer,1,0,2,2,0,0,0,0,0,0
sqlalchemy,f1f4f466fd809a14bff6d0c405a1d5da87438379,1620070373,Mike Bayer,1,1,1,1,1,1,22,0,0,0
sqlalchemy,dd6f4543bc8ccbf07bfc5c8fb850be60ab420b57,1620141540,Mike Bayer,3,7,56,6,25,24,901,0,0,1
sqlalchemy,d6ec248fa7083fee93b669ab27474f6c8f69944d,1620149511,Mike Bayer,3,5,63,15,16,13,522,0,0,3
sqlalchemy,36b627612483331f96b0f7490d9b3d6322c5dd6a,1619793383,Maico Timmerman,2,0,48,16,0,0,0,0,0,0
sqlalchemy,5af854606b6aabb7eb07311572acafe01cc73737,1620218334,Mike Bayer,4,4,115,37,9,8,354,0,0,1
sqlalchemy,ae389d63e56ffe756e68eafd63ff6f1d137deb66,1620238818,Maico Timmerman,1,0,7,21,0,0,0,0,0,0
sqlalchemy,adb3a302ef1f25ae41b2a83ce857e3ed2613c84d,1620245179,Federico Caselli,1,1,3,0,3,0,0,3,186,0
sqlalchemy,c5587fda7986df5851491a069830ddd4a63e01ba,1619994663,Mike Bayer,13,34,592,96,144,105,4348,13,668,26
sqlalchemy,6967b4502079e199b12f5eb307d10d27ec92d537,1620318240,Mike Bayer,34,13,289,1,83,64,3106,0,0,19
sqlalchemy,18b7224f32bac9f6b41a1afd6288a55f6ffd00b9,1620335633,Mike Bayer,1,2,1,1,1,1,32,0,0,0
sqlalchemy,96d8a4acbbecfa699ad28a8441402ea166bc95c6,1620335756,Mike Bayer,1,0,2,2,0,0,0,0,0,0
sqlalchemy,9220bc9d4cd3adc3c03d0b4499bc2ffbdbeee058,1620336292,Mike Bayer,1,1,1,1,1,1,22,0,0,0
sqlalchemy,f8b3a6a6e8a51bcb697ffd9aa79ad6ee706e1d24,1619193244,Jerry Zhao,3,4,103,38,68,53,2088,0,0,15
sqlalchemy,7e938c1bc13f894355dafd4abca3566a759b79ad,1620523295,Mike Bayer,2,4,117,0,6,6,323,0,0,0
sqlalchemy,17306220498cea779f360d03eeb5aadac3ccb59f,1620578539,Mike Bayer,1,0,5,0,0,0,0,0,0,0
sqlalchemy,f0fc47c11986a0fa60b24c0fb62bd8b5a5306edd,1620667154,Mike Bayer,9,12,152,13,33,28,1157,0,0,5
sqlalchemy,fc6b30473a89642c2c2a1f09101351e276448eb6,1620406900,Mike Bayer,3,9,41,7,41,29,973,8,388,4
sqlalchemy,1a7d8005ccf4a48a3008caaf66b309be93287774,1620416747,Stephen Rosen,5,16,45,23,41,37,1639,0,0,4
sqlalchemy,b146a0c64144639bf02bafda239238e3a8f5c84d,1620701569,Mike Bayer,7,8,125,30,26,21,912,0,0,5
sqlalchemy,8a9a2e384db2d4b9fedf8d3b62dbf8937b7ba2b8,1620707173,Mike Bayer,1,0,2,2,0,0,0,0,0,0
sqlalchemy,e064ca8bc9e9a79f766acda9d718a96929400674,1620707930,Mike Bayer,1,1,1,1,1,1,22,0,0,0
sqlalchemy,07ab6441ea13be44f5aac6c53f2ab07369a082ac,1620736764,Mike Bayer,2,1,80,1,7,7,105,0,0,0
sqlalchemy,71a858817cb8c11451ae577c61329f4239fab46b,1620825963,Mike Bayer,6,10,290,1,88,67,3232,0,0,21
sqlalchemy,debeea97eeae4b4a39a2d50f2a2d96c366421a30,1620849705,Federico Caselli,29,14,41,35,18,13,485,0,0,5
sqlalchemy,66cb4e9987419cd48f2ce5f56eb41ddfe0bff224,1620856749,Federico Caselli,1,1,1,1,1,1,76,0,0,0
sqlalchemy,0d5508d77653b37368ff9de22307c154cc90cf71,1620857586,Mike Bayer,1,1,11,11,11,11,623,0,0,0
sqlalchemy,31b793894f7e45503ebebd28d93fc95d92768aa1,1621002595,Mike Bayer,2,1,33,0,9,7,333,0,0,2
sqlalchemy,71cb17c81d358646f8dfeac14e9662ce42bb94df,1620933651,Federico Caselli,18,112,72,249,70,69,1721,0,0,1
sqlalchemy,a52b5efda02708dc655da11b78d4e15f32785fa4,1621265394,Jim Fulton,1,0,1,1,0,0,0,0,0,0
sqlalchemy,a49b2c3dbb9bff1d004eb2c53a752999e27ff769,1621264810,Mike Bayer,4,8,125,23,49,36,1396,8,447,5
sqlalchemy,52f4d384b6236d00c07afa66ffb8ae2343a87b0f,1621524483,Mike Bayer,2,4,51,4,4,4,189,0,0,0
sqlalchemy,e26487e234e4192db7e75cedf029df6de83f3415,1620846581,Federico Caselli,2,1,41,0,7,7,383,0,0,0
sqlalchemy,7c2c5ccf285333439df523be4ab419fa3c629871,1621813453,Gord Thompson,2,2,34,0,34,27,1229,0,0,7
sqlalchemy,fd3f98ee38b496916122d1a9a29b02d59ca671f9,1621864757,Mike Bayer,2,5,47,6,47,37,2073,0,0,10
sqlalchemy,2ab67552a097522a82fd250b8b36995a9bc2cd80,1621869131,Mike Bayer,2,5,88,72,17,16,636,0,0,1
sqlalchemy,843427c9cc10036e164d85bf32f88a9bffa512bb,1621361347,Jim Fulton,3,0,33,17,0,0,0,0,0,0
sqlalchemy,ed3486e71b15c939cb9e456ef7c89fcf8928e7e5,1621972304,Lele Gaifax,1,4,5,5,5,5,292,0,0,0
sqlalchemy,b0846876c973505c1c74309a4c7de97d438e83fa,1621972313,Katsuyuki Sakai,1,1,1,1,1,1,85,0,0,0
sqlalchemy,4460d21e1331bdc8593c6d09a238885badd021f9,1621971648,jason3gb,1,2,1,1,1,1,55,0,0,0
sqlalchemy,ff1d989c1433c96ac1a50c3662e77ec1025c57cb,1622051196,Mike Bayer,4,7,47,21,26,21,674,0,0,5
sqlalchemy,85d66c5adf32abbb8fe5035d810c11e3f23e752d,1621975734,Federico Caselli,1,0,154,0,0,0,0,0,0,0
sqlalchemy,de7448f2cb908b5f2ff54278be66ff1225936d5a,1622148700,Federico Caselli,1,0,12,11,0,0,0,0,0,0
sqlalchemy,aaba0650d7410f579b2c14f8f1b0680a1d1852c4,1622164501,Mike Bayer,3,4,39,3,5,5,127,0,0,0
sqlalchemy,460bed7cfd8a6dd035caff5f5b1b33edf96fa3bb,1622204964,Mike Bayer,5,6,66,6,22,15,629,5,286,2
sqlalchemy,627135e4239c5f1a073b7c21e4958087c4b0e0a0,1622221523,Mike Bayer,1,0,2,2,0,0,0,0,0,0
sqlalchemy,3edc30fce3717b48407f37de958f5b6e6d0bc549,1622222237,Mike Bayer,1,1,1,1,1,1,22,0,0,0
sqlalchemy,32cbd8268ac7a613675d1c691d4bd69b271e77cf,1622229531,Federico Caselli,1,0,0,6,0,0,0,0,0,0
sqlalchemy,9727cdecbe52b86b4328b92d7e10a7193ca8083e,1622297120,Mike Bayer,4,2,40,0,15,8,212,6,286,1
sqlalchemy,aeee452eb03430e189480392a54c6278e6029a7d,1622300725,Mike Bayer,2,0,10,0,0,0,0,0,0,0
sqlalchemy,b79c375b642684775d501fb7dc0efb2b5f4f3415,1622319292,Mike Bayer,1,0,2,2,0,0,0,0,0,0
sqlalchemy,d8578fe0996718433cc8e0c440eb855f71fbc2c6,1622319782,Mike Bayer,1,1,1,1,1,1,22,0,0,0
sqlalchemy,0c46a5753329a4f82784ccc457ba1a0e750815b9,1622577832,Mike Bayer,2,2,74,3,5,5,302,0,0,0
sqlalchemy,32c09ed1c9e3b3efad9be63b32c1b36273de992c,1622407416,Gord Thompson,2,12,49,16,49,41,2106,0,0,8
sqlalchemy,585aa7d7575dfb9a90a00bbd00c68da9e2cb31d7,1622644010,Calli Rogers,1,1,0,5,0,0,0,0,0,0
sqlalchemy,f51c56b8dca0569269a69bd85c25fcfed39a3c9e,1622663775,Mike Bayer,2,2,14,12,5,5,292,0,0,0
sqlalchemy,97d922663a0350c6ce026ecfbde8010ca1bc0c37,1622651011,Mike Bayer,7,30,491,39,212,163,6577,2,129,47
sqlalchemy,cf8c76b9fcfcd1e79da4b089e7a86d6300d737e1,1622672683,Mike Bayer,2,0,17,3,0,0,0,0,0,0
sqlalchemy,dcdc9442ed94f0857a62de40e17e588250f0576e,1622689648,Mike Bayer,1,0,7,0,0,0,0,0,0,0
sqlalchemy,dd5d6d15467b66398dd328ff43b863a057899291,1622727447,Mike Bayer,3,7,92,4,18,16,633,0,0,2
sqlalchemy,b2cd9aca54d1625dde31abebf7f11149c9b7c636,1622850345,Mike Bayer,2,1,37,1,8,1,68,7,407,0
sqlalchemy,03633a6462ee16a1348acb98fe0323c74eb9ba85,1622988725,Mike Bayer,4,2,44,3,2,2,130,0,0,0
sqlalchemy,94169108cdd4dace09b752a6af4f4404819b49a3,1623072085,Mike Bayer,3,2,45,5,3,1,45,0,0,2
sqlalchemy,2fa39312b2c878b717d4c4f41380e5a8931eb374,1623079729,Mike Bayer,4,7,12,3,12,9,377,0,0,3
sqlalchemy,fe80f92670949cde235af1d734264f59b52084c2,1623093245,Federico Caselli,1,1,5,0,5,4,287,0,0,1
sqlalchemy,bface2e2fae834246729e539646ce229b8a113d1,1623102427,Mike Bayer,3,1,138,1,3,1,42,2,68,0
sqlalchemy,4e8577ca66d194661b1fed01c46a529655473b97,1623106144,Mike Bayer,7,8,111,13,55,21,1053,31,1518,3
sqlalchemy,d200ba26a0f5b8542ec258d2fcfe0b53a80af42c,1622752695,Federico Caselli,5,8,53,18,12,8,225,0,0,4
sqlalchemy,b8ff111975be2b8d2e370f51168e39c7fae44e92,1623181393,Mike Bayer,5,12,32,81,29,22,1223,5,250,2
sqlalchemy,add4da2c51ed9316973f8ad75cde62d6e837fb7d,1623334691,Mike Bayer,1,1,1,1,1,1,73,0,0,0
sqlalchemy,4808acfe1b88854fce47b792ef9995f1921426e7,1623348824,Mike Bayer,1,0,2,2,0,0,0,0,0,0
sqlalchemy,c2cad1f97c51c8a2a6ad5d371ece7bcd9c7ffcf9,1623349238,Mike Bayer,1,1,1,1,1,1,22,0,0,0
sqlalchemy,52feba23f466ca95dfe8cd10d35b546a05b35cbf,1623421431,Mike Bayer,2,1,71,30,19,18,604,0,0,1
sqlalchemy,746458bec4c30a6324cdced85825d382bbbb4144,1623632904,Mike Bayer,4,14,119,25,119,98,5895,0,0,21
sqlalchemy,29fbbd9cebf5d4a4f21d01a74bcfb6dce923fe1b,1623763460,Mike Bayer,1,1,1,1,1,1,38,0,0,0
sqlalchemy,d06133ba376ba4ab0b7117b2eb72d5fd29a43bb2,1623853088,jason3gb,4,6,195,47,151,117,4107,6,236,28
sqlalchemy,9bfae8f8609d5de11da34351b4a3e055b418e4cf,1623863716,Mike Bayer,1,0,4,2,0,0,0,0,0,0
sqlalchemy,5b3e887f46afdbee312d5efd2a14f7c9b7eeac65,1623784414,Mike Bayer,14,80,618,101,322,282,11597,4,244,36
sqlalchemy,81cc6829f4538649c3c848767bcab55039767d85,1624052573,Mike Bayer,2,2,26,1,3,1,33,2,92,0
sqlalchemy,6ca7c2eb5294c255b3c1f62ec1445e3e5d52d4ba,1624294362,Mike Bayer,4,2,19,1,6,5,130,1,37,0
sqlalchemy,7ffcc8ec0c6faf18f3dbbc2ac01ab391933d7a81,1624295339,Mike Bayer,1,0,4,2,0,0,0,0,0,0
sqlalchemy,8b8e3a6f9db275be28ef6b6abde58ee085745cc2,1624307951,Mike Bayer,1,0,2,0,0,0,0,0,0,0
sqlalchemy,999b2e89955b97247d5624b0e638fa52f5342ad0,1624026828,Anton Kovalevich,5,8,357,19,208,150,5905,1,51,57
sqlalchemy,3045c0c258a87a63a54fed8446c28ed4b376eca3,1624313635,Mike Bayer,2,3,31,2,10,6,310,0,0,4
sqlalchemy,a84881e1b7505c3ffb9b9f0ac2b227cbd650aac2,1624302117,Federico Caselli,1,1,1,1,1,1,73,0,0,0
sqlalchemy,2cf8c5868cb83185001755d86aa0f79e0318b53f,1624382838,Mike Bayer,10,35,285,73,58,52,2168,2,69,4
sqlalchemy,ac20c3d34bf0127972acae8c712b98b1187b98f9,1624390449,MajorDallas,4,2,14,0,6,4,132,0,0,2
sqlalchemy,acbc5e824130ae2944defde655a2c437a711ce6b,1624411353,Mike Bayer,1,0,2,2,0,0,0,0,0,0
sqlalchemy,268eda3e6e5069c3e792476c918bc3071fbfcc3d,1624411840,Mike Bayer,1,1,1,1,1,1,22,0,0,0
sqlalchemy,cdd041ea60628b2f4fd7f7da562aa19bdb15c206,1624452648,Mike Bayer,2,1,23,1,1,1,45,0,0,0
sqlalchemy,80b90cbcfe91e94f67d768d407fa274ec75e69cd,1624480445,Mike Bayer,3,4,22,11,4,4,179,0,0,0
sqlalchemy,421d5ec0be06e5f53607a1f3dd1f46367e67cdef,1624540351,Mike Bayer,1,0,19,0,0,0,0,0,0,0
sqlalchemy,34163dfd1cf3259356e8cff37302ca9c7866525b,1624542261,gordthompson,1,1,1,1,1,1,50,0,0,0
sqlalchemy,791f1d9407f68cc668c7078fa87784ebdf3bd688,1624551064,jason3gb,2,3,32,1,15,12,465,0,0,3
sqlalchemy,65e16e9b3e9ceabfbf3f11fbefa498109d8b335a,1624654310,Mike Bayer,3,6,58,0,17,9,299,6,228,2
sqlalchemy,3d6130d8e92dc3fd63e7192908e122fe5ee45699,1624715700,Mike Bayer,3,2,18,5,7,7,247,0,0,0
sqlalchemy,77e58046dc9222a4a869443cf30bc9ff39312f9d,1624651801,Mike Bayer,3,2,254,1,7,6,214,0,0,1
sqlalchemy,4e7438e0acac2f7c9d24c73d36cdcdb74551f903,1624740009,Mike Bayer,2,1,25,2,9,7,380,0,0,2
sqlalchemy,0e91400f1b35520af838131718fc170235799a5b,1624724277,Gord Thompson,4,0,40,13,0,0,0,0,0,0
sqlalchemy,919763b43ce334be621f29a4b9fd3edd7e6c6927,1624456843,Daniël van Eeden,2,1,9,1,1,1,49,0,0,0
sqlalchemy,7e5e40ff849c92e4c062bad28848b5bdbb8bdd80,1624550240,Kai Mueller,2,1,7,1,1,1,59,0,0,0
sqlalchemy,5933a5dc2ec29248e1b8842245c8ddabd819c6dd,1624551690,Miłosz Stypiński,3,3,79,3,2,2,79,0,0,0
sqlalchemy,f7f1d565cc764aeef56fe0e47536b90e26c2138b,1624912117,Mike Bayer,1,0,1,0,0,0,0,0,0,0
sqlalchemy,e3ce7ee2ee5b647416654763bd0c8c781b88d79f,1624912168,Mike Bayer,1,0,2,2,0,0,0,0,0,0
sqlalchemy,69604f5c31b2d83026a2200420caf8f6623b7f30,1624912576,Mike Bayer,1,1,1,1,1,1,22,0,0,0
sqlalchemy,dee57477882f8876fd97071a790fe3d3ee2164c5,1625059320,Mike Bayer,2,1,29,1,3,3,120,0,0,0
sqlalchemy,b01a415a6d2b9ef563fc085fcba93f440c686af1,1625064729,Mike Bayer,2,1,45,13,1,1,54,0,0,0
sqlalchemy,7ed6aee2750d6ceaadc429087e2314962808180a,1625083447,Mike Bayer,3,1,107,0,1,1,40,0,0,0
sqlalchemy,20f485f91b175e3845292551de5c84c48b9fa759,1624797658,Gord Thompson,1,1,1,1,1,0,0,1,70,0
sqlalchemy,b920869ef54d05e73e2a980b73647d6050ffeb9d,1624558592,Gord Thompson,10,2,88,68,4,4,136,0,0,0
sqlalchemy,fb81f9c8d914f9911925dd3f4e77d7fc374b267c,1625419759,Federico Caselli,210,279,329,325,282,72,4823,210,14390,0
sqlalchemy,4ff4760fade8020df0418005e0fdd130ed3589a4,1625435800,Gord Thompson,19,0,295,230,0,0,0,0,0,0
sqlalchemy,4e1b2ee4cb345f499bdfbff6c393efbebd8e1e72,1625510278,Mike Bayer,4,4,113,7,25,22,993,0,0,3
sqlalchemy,39292ca60d1642cfa12cd9bb9dd7016fb5f0132c,1625239400,Mike Bayer,10,18,536,45,90,81,3062,0,0,9
sqlalchemy,520b808db255eba3fdccfb93656a79008154dcae,1626045820,Mike Bayer,3,3,50,3,2,2,100,0,0,0
sqlalchemy,2aae37f93b413176d683259e0bc712728af931db,1626046859,Mike Bayer,2,4,7,6,6,5,238,0,0,1
sqlalchemy,0a3e5cff337692763be7f7c751c3901d5337a4fc,1626107992,Tony Locke,1,1,3,2,3,3,215,0,0,0
sqlalchemy,204ff1f60cf911b00b7494942fc58bc715dddeed,1626114499,Mike Bayer,9,15,295,11,114,80,3472,3,191,31
sqlalchemy,f11b221a359f401d47e3b10f1713cfffd90d1c0e,1625505433,Gord Thompson,3,0,3,4,0,0,0,0,0,0
sqlalchemy,707e5d70fcdcfaaddcd0aaee51f4f1b881e5e3e2,1625585213,Mike Bayer,16,88,634,261,478,359,15036,66,3282,53
sqlalchemy,0e46359cb00b453448e37ec16fce744f73c98581,1626128348,Mike Bayer,3,3,70,15,44,30,1163,11,536,3
sqlalchemy,a0953bb7095dde805de8c13699b122767ed001b9,1625356135,Mike Bayer,6,7,201,13,39,26,1071,7,294,6
sqlalchemy,79a3dafb1425488ba29d309cc32e0e24004be256,1626272990,Mike Bayer,4,3,86,9,6,6,251,0,0,0
sqlalchemy,7ed27d8245d6b4cf98e67fe80ae3903680aa1453,1626295815,Mike Bayer,1,0,2,2,0,0,0,0,0,0
sqlalchemy,b51e3a87494ca86d94e26eadc1e8638d4b7dd55b,1626296249,Mike Bayer,1,1,1,1,1,1,22,0,0,0
sqlalchemy,daaf36840bb3ebbaea3722413998604ed21d36a8,1626317887,Mike Bayer,1,0,1,1,0,0,0,0,0,0
sqlalchemy,f3c4735c0bef6325e977876e12fc476da363ec3c,1626359813,Mike Bayer,1,2,2,2,2,2,109,0,0,0
sqlalchemy,03794d40f31cd1c8501c528eda6c351559c1f739,1626362731,Mike Bayer,4,2,214,33,16,12,610,3,168,1
sqlalchemy,b932b04b65f0851cbd63e89ee6067fd0a8d30a1b,1626444896,Mike Bayer,2,1,19,0,4,3,161,0,0,1
sqlalchemy,a25d6ead9cf6d2d51ae67e53eac50f642a0bb432,1626449653,Mike Bayer,1,1,12,2,12,8,211,2,51,2
sqlalchemy,85fa3473be1332af34ce905e9ea0affdeefbb223,1626205648,Federico Caselli,4,7,24,6,24,22,1464,0,0,2
sqlalchemy,a34a4af8a80f4edd12b022753b69065025818e20,1626880681,Mike Bayer,4,8,81,6,21,21,894,0,0,0
sqlalchemy,27ec4929198807702190b96d3c00d0291976f49e,1626793388,Mike Bayer,11,3,91,51,14,12,577,0,0,2
sqlalchemy,c2ea2b7308a376640cf051d33c7f2f06373487c9,1626278178,Gord Thompson,17,0,210,147,0,0,0,0,0,0
sqlalchemy,8822d832679cdc13bb631dd221d0f5932f6540c7,1626896667,Mike Bayer,5,11,191,18,45,40,1282,0,0,5
sqlalchemy,044d951ea46cfa405ad9cae4319d6d44afda527a,1626908007,Mike Bayer,1,0,2,2,0,0,0,0,0,0
sqlalchemy,b8b0da0e5ffe88cb551939a0173dcc5f756633da,1626912853,Mike Bayer,1,1,1,1,1,1,22,0,0,0
sqlalchemy,0b823af497917d25a31837fb02835688a8e0af71,1626778562,Kazantcev Andrey,1,0,2,1,0,0,0,0,0,0
sqlalchemy,7e7d097a633d1b7a95bbd59f9a6d2a5b85249332,1626985948,Federico Caselli,2,0,15,1,0,0,0,0,0,0
sqlalchemy,40ccc0ebec5961f86a75ef9ad69fe5fd46224017,1627062854,Gord Thompson,1,0,0,8,0,0,0,0,0,0
sqlalchemy,c6b1d24fe71c22e4d2117d084f06df3597671985,1627240591,Gord Thompson,11,1,39,44,1,1,54,0,0,0
sqlalchemy,2c4a497a0c7f3981be38340089cbb5f32e376b03,1627325543,Gord Thompson,9,0,84,65,0,0,0,0,0,0
sqlalchemy,95648050cfb2afb5bea8558a6246ed3b5360e7fd,1627400141,Mike Bayer,2,4,37,4,5,5,263,0,0,0
sqlalchemy,c03b6e09fd8bde01bf5928b439358b69a1ec7962,1627147069,Federico Caselli,5,3,22,1,7,5,135,1,33,1
sqlalchemy,a2e9aca2cf37db94d862c1721a371d00233cec16,1627417806,Federico Caselli,5,8,47,2,24,18,646,0,0,6
sqlalchemy,1ccaac8293ee69f22dd01766a26c3ca7893c6a83,1627567828,Mike Bayer,3,1,38,2,8,8,327,0,0,0
sqlalchemy,593c2c86f9f95679469b961629a26e3186fab49d,1627584937,Mike Bayer,1,12,99,18,99,79,4547,0,0,20
sqlalchemy,59576d95a48c85dc0d5834e12f127da015374b75,1628027752,Gord Thompson,1,0,6,0,0,0,0,0,0,0
sqlalchemy,b75630cec9418ef087e7c6af0370ac6ba728a251,1628186046,Mike Bayer,1,0,7,3,0,0,0,0,0,0
sqlalchemy,3729a070d23421c94239bd24520592287476fdde,1628205427,Mike Bayer,3,2,44,9,8,7,307,0,0,1
sqlalchemy,9de57843a3a98555df21b5c5585f8af699d8ec2e,1628348579,Mike Bayer,4,1,59,1,1,1,25,0,0,0
sqlalchemy,6f08250b6b39a530ded91faf2629ef73fe3fdbbf,1626289211,Bryan Forbes,7,159,451,312,410,353,14465,6,359,51
sqlalchemy,d49eef15bfb759fb33d7d23988cc5a385d9e8a40,1627070870,Mike Bayer,7,16,324,14,137,107,5225,1,29,29
sqlalchemy,770d50092f847ef7e79a895c72a680f7626a1164,1628237469,Eric Masseran,2,2,37,0,6,4,199,0,0,2
sqlalchemy,65d4f98b69328f734abb16aa62952ab6aae576f2,1628534633,Mike Bayer,2,4,118,14,95,81,2740,0,0,14
sqlalchemy,214c6d6fc4b90f8f62996dfdbdfa80216d9b0a2f,1627337201,Mike Bayer,2,0,15,1,0,0,0,0,0,0
sqlalchemy,f8e80e5c12368e3ab10b003ce5df2741532de8b2,1627424119,Gord Thompson,1,0,0,7,0,0,0,0,0,0
sqlalchemy,b987465332ab9fdbab9ad85435919a2967004b12,1629044473,Mike Bayer,5,4,54,5,8,8,383,0,0,0
sqlalchemy,1b5ae17384660e9153168d1250003b87da690542,1629148848,Mike Bayer,9,46,200,253,137,129,5386,0,0,8
sqlalchemy,09df554a85ff1f9e35e4275465ba4eca029a61b3,1629065562,Mike Bayer,2,10,128,29,70,59,2370,0,0,11
sqlalchemy,a7899c44ba15076df8869f5b40d720ccf09d5273,1628867237,Mike Bayer,6,13,259,31,133,90,3447,11,574,32
sqlalchemy,29485026e9ea6500ea451b1d4a6f66795a02428d,1629227037,Mike Bayer,4,6,121,16,22,11,475,10,520,1
sqlalchemy,9dd3184f7b48f0dd402dbf7db5f7f13d51483804,1629298096,Mike Bayer,2,13,17,12,17,15,916,0,0,2
sqlalchemy,dbca3582f9aa105f9c0ddf4eba5b4130f297ad7d,1629306320,Mike Bayer,1,0,2,2,0,0,0,0,0,0
sqlalchemy,4331c1902ae341158b597769f4e4991c0a7d5485,1629307049,Mike Bayer,1,1,1,1,1,1,22,0,0,0
sqlalchemy,680baea6b83c497e862f3f0ade28e11940cfd895,1629469696,Mike Bayer,1,1,11,0,11,8,486,0,0,3
sqlalchemy,f9ba830ec059f3a4b095c36f94fe7ae29ba7aac2,1629474446,Mike Bayer,3,6,68,1,6,6,190,0,0,0
sqlalchemy,b7378da077367c8eaa877362322fe08e3de59f0f,1629658370,Mike Bayer,1,1,7,11,7,6,409,0,0,1
sqlalchemy,21f9a94dbf0f2bdaa12bf23714e8f33b8f3f4125,1629732288,Mike Bayer,2,9,85,11,31,31,1208,0,0,0
sqlalchemy,207ec35c2e175f5fcf68e886d5e61a0678c2d6fc,1629474610,Gord Thompson,1,3,17,3,17,13,496,4,244,0
sqlalchemy,02914d5758d433f08d91753e2f959a2e135fddee,1629832369,William Maio,2,0,2,2,0,0,0,0,0,0
sqlalchemy,00fe746366d910d9328543a194afb52a115a1837,1629833607,Mike Bayer,1,2,2,0,2,0,0,0,0,2
sqlalchemy,c83eb4d16824681293854b42e047601648be0029,1629833391,tsimafeip,3,3,5,2,5,4,168,0,0,1
sqlalchemy,90637bd7d50a9779eeaa6d0eb2f9733515c4e8de,1629475542,arredond,2,1,49,1,1,1,78,0,0,0
sqlalchemy,07b7e1594deecc6c9c64893a63f56403da0dcf05,1629911575,Mike Bayer,3,2,34,0,7,3,136,1,59,3
sqlalchemy,f02349336fa4470dbb5ca8e4d16031b8aa86a74a,1630008033,Federico Caselli,4,5,27,8,17,16,673,0,0,1
sqlalchemy,94dfe0dfd7f7e69588d06dcf2ca74a3fce6ad4fc,1630078795,Mike Bayer,3,6,59,7,27,20,787,5,247,2
sqlalchemy,af0824fd790bad28beb01c11f262ac1ffe8c53be,1630097156,Federico Caselli,2,7,95,7,49,37,1907,0,0,12
sqlalchemy,916bd20b6d1e7c153d334c31cf0882f502e3815e,1630289833,Mike Bayer,4,3,35,2,14,13,380,0,0,1
sqlalchemy,1798c3cf1c407ba2a05855e97ae39997f213084d,1630093801,Federico Caselli,4,6,66,5,28,22,826,0,0,6
sqlalchemy,a4fc07fae69aa130fc032e7b5204f2e1fe3acaa3,1630442518,Mike Bayer,1,1,0,8,0,0,0,0,0,0
sqlalchemy,bf1fe670513abeb1596bc5266f50db1ffe62f3bd,1630431283,Mike Bayer,2,2,74,2,2,1,79,0,0,1
sqlalchemy,d640192877e4d1da75e8dea34d2374c404e80538,1630501086,Mike Bayer,3,3,136,2,7,6,286,0,0,1
sqlalchemy,22300dbd24f2152636491d2287bee08935e14282,1630336525,Daniel Stone,4,16,116,6,52,35,1613,0,0,17
sqlalchemy,95870c9569053e935ffe92e34af4aeb4bfd978a3,1630606298,Mike Bayer,3,12,68,22,19,18,902,0,0,1
sqlalchemy,dc1f16c16552ce7acdfdd298a370be8d03964fc7,1630769350,Mike Bayer,2,1,23,10,0,0,0,0,0,0
sqlalchemy,b1c50ad223957606a5d5d461f415b3514493eec4,1630955523,Federico Caselli,1,0,1,0,0,0,0,0,0,0
sqlalchemy,f2519693f7c959df00d02cd2cb5c2534bb805ce2,1631085136,Daniel Black,1,0,2,2,0,0,0,0,0,0
sqlalchemy,798fb1910fac737d81b7cf1a4f3c256af8456e58,1631119142,jonathan vanasco,5,5,14,0,14,10,495,0,0,4
sqlalchemy,4fa4c497512e4b4e311083d64ec8536d0230fe28,1631119810,jonathan vanasco,1,1,2,1,2,2,105,0,0,0
sqlalchemy,6dbcb792eb60d4e084f0d1252882a0cbad4bc673,1631128582,Yutian Li,1,1,1,1,1,1,76,0,0,0
sqlalchemy,7d4367602a05249232d49dbfd47b4a51ddac3beb,1631281331,Mike Bayer,1,1,2,0,2,1,54,0,0,1
sqlalchemy,4cca61c93d0f35f351cc890fd4d2d6fd6e27d734,1631282835,Mike Bayer,1,5,35,6,35,32,2198,0,0,3
sqlalchemy,74f52f86ce45f187055596832a9bdf1aeb47b99c,1617132121,Mike Bayer,2,1,27,4,8,8,358,0,0,0
sqlalchemy,3ea321ce22438c5b7450e027d087437474eb4498,1631392019,Kevin Kirsche,22,9,28,28,9,6,429,3,163,0
sqlalchemy,0277ec7b9d894b16b5ef83ec722c321d5cb3c0e4,1631472408,Daniel Black,1,0,2,2,0,0,0,0,0,0
sqlalchemy,23b3375dcd89b0ad268f8c96a5782f45bf9a99af,1631132712,Federico Caselli,3,5,95,14,48,36,2123,0,0,12
sqlalchemy,4127482cc5edff8967b991bfc9398c47ce6e8a83,1631558473,Miguel Grinberg,9,6,218,3,150,111,4037,0,0,39
sqlalchemy,72a27c5d7c1a945deaded782e89754fce717951d,1631423870,Daniel Black,2,0,2,1,0,0,0,0,0,0
sqlalchemy,8fca5b6e6a42b6221faaf26a912603393afd8607,1631813891,Mike Bayer,3,4,35,5,12,10,489,1,24,1
sqlalchemy,11eecfacb7b36c209c1ad726f5e5b7525860977b,1631804905,long2ice,7,6,354,13,350,255,9336,18,880,77
sqlalchemy,a3884f36f691df81fb5a1c795fe7ecc0c83507b6,1631555157,Eric Masseran,4,31,596,28,150,124,5308,5,207,21
sqlalchemy,204fe7ea206a1b0ab4ae248006f99afd15fa7f72,1631903691,Mike Bayer,3,7,67,3,67,51,1885,5,199,11
sqlalchemy,c50183274728544e40e7da4fd35cf240da5df656,1631914066,Mike Bayer,1,1,1,1,1,1,40,0,0,0
sqlalchemy,26140c08111da9833dd2eff0b5091494f253db46,1630443798,Federico Caselli,26,100,484,186,283,223,10451,0,0,60
sqlalchemy,c4006ddd20e60a0139ec1c87830f0bd1125a7fef,1631972854,Mike Bayer,1,8,4,18,4,4,170,0,0,0
sqlalchemy,b0260bd6706659ee01c33c41f4f7f4c9a8020512,1632067085,layday,2,0,4,4,0,0,0,0,0,0
sqlalchemy,8a10b1e4506c27773628fff1f3d99ca850211862,1632145737,Mike Bayer,1,2,16,8,16,16,1111,0,0,0
sqlalchemy,3995db5b5ec550b8208efe34df35649c131fde45,1632165416,Mike Bayer,1,2,12,1,12,9,254,0,0,3
sqlalchemy,5b05440b6778b8505988265dd49e968f30c900e0,1632159801,Mike Bayer,2,2,139,0,34,16,675,11,464,7
sqlalchemy,d09065d43d9914a1db45b89bd845072d7970155f,1632273135,Mike Bayer,1,1,6,0,6,5,349,0,0,1
sqlalchemy,e1f316fe7f51671c1eca8ebfacf4267b2bb0a44c,1632278141,Mike Bayer,3,7,76,15,26,22,510,2,66,2
sqlalchemy,9ed0d194bd7918a1e87cc8e02a55fcd8134de66d,1632323764,Mike Bayer,1,1,12,8,12,11,786,0,0,1
sqlalchemy,288280829a8391985674e23ed1981d904268780c,1632323880,Mike Bayer,1,0,2,2,0,0,0,0,0,0
sqlalchemy,15d98c5bea574eaa2010c1b7c15ae1974eae512e,1632324372,Mike Bayer,1,1,1,1,1,1,22,0,0,0
sqlalchemy,3b4b0a3946b2e6ccd3fd51b389be09e8f0f81e07,1632361885,Mike Bayer,1,0,1,1,0,0,0,0,0,0
sqlalchemy,7023c07aa6d31b3527cb1171410dcb6e8dff3ec3,1632362285,Mike Bayer,1,1,1,1,1,1,22,0,0,0
sqlalchemy,52e8545b2df312898d46f6a5b119675e8d0aa956,1632428127,jonathan vanasco,1,1,27,0,27,22,1029,0,0,5
sqlalchemy,fab1d515040bbe5bbc6b2a4009dcf80ae3a65976,1632752036,jonathan vanasco,1,1,1,1,1,1,79,0,0,0
sqlalchemy,e40bd0b565dd52f45e25371a2b5fd199cff92b32,1632772383,jonathan vanasco,1,2,6,1,6,5,342,0,0,1
sqlalchemy,4f4e4460db1e816c76524ad79adad5afb80d4fbd,1632496255,Gord Thompson,1,5,42,3,42,37,1403,0,0,5
sqlalchemy,5ed5b5ab039b86d966d197c04dd8bb0a561cf24c,1632842620,jonathan vanasco,3,0,18,18,0,0,0,0,0,0
sqlalchemy,6ce0d644db60ce6ea89eb15a76e078c4fa1a9066,1630771966,Mike Bayer,19,7,866,410,88,79,4216,0,0,9
sqlalchemy,3a152a4ffaf3848e245ad7d88966f95ba8e09db5,1632416800,jonathan vanasco,3,5,74,22,73,55,3352,1,66,17
sqlalchemy,02299f1ebe639718823e862f78d5893497edd4ac,1632508936,jonathan vanasco,1,3,25,6,25,20,1275,0,0,5
sqlalchemy,8fa9392360c144ba8391add65cfb8dc4a1067d51,1632862688,Federico Caselli,4,2,68,0,4,4,78,0,0,0
sqlalchemy,d496639613382a0140f2e2260b82979255a28ffd,1632943536,E. Seiver,1,1,1,1,1,1,75,0,0,0
sqlalchemy,91c23f261c9162bcd0f27575dd45ce39487a3559,1632947668,Federico Caselli,1,0,3,2,0,0,0,0,0,0
sqlalchemy,42851df7707769bf0bf4db74108699e9f56c5fac,1632844013,jonathan vanasco,1,1,30,0,30,21,1011,0,0,9
sqlalchemy,f59f693d44060f5f777d36c5163785b91d91b2aa,1632942456,Mike Bayer,23,0,219,83,0,0,0,0,0,0
sqlalchemy,257f9130c321aaa948690d0e49c7352ad1188abd,1628795068,Gord Thompson,88,5,4039,3087,26,26,1132,0,0,0
sqlalchemy,2e6285d8d1d293c841f18313c94e493b2804055c,1633040029,Georg Richter,2,1,5,3,2,1,75,1,41,0
sqlalchemy,7f7c0f4ee1c4218fb72dccb7c5176042902c803a,1633108721,Mike Bayer,2,3,46,1,3,3,86,0,0,0
sqlalchemy,8c67fac9033e75d144b51f1f365097fdbf17c497,1633112314,Federico Caselli,2,2,13,1,5,5,171,0,0,0
sqlalchemy,b230298234ea3a51c07538a37bee21d8ccb28303,1633107220,Mike Bayer,3,6,87,57,18,13,507,0,0,5
sqlalchemy,2f4abe24d2754e8d35f43e684e5fa303c1c8d15b,1632771647,Federico Caselli,2,8,153,2,20,18,690,0,0,2
sqlalchemy,71e463506217e3acc379a3f459e68a81792a0aac,1633190035,Mike Bayer,1,0,27,7,0,0,0,0,0,0
sqlalchemy,81f99c1b143d33e275afef7472750b5174294e80,1633360895,Mike Bayer,6,33,160,74,111,84,4877,13,380,14
sqlalchemy,3f2209776183193552cbc9516710deb6598fd6cd,1633119374,Federico Caselli,4,2,59,5,22,18,865,2,85,2
sqlalchemy,e7e0757efe042b8343ef44d4f61a33cdbc072ff3,1633125886,Mike Bayer,3,3,92,0,15,10,365,2,78,3
sqlalchemy,70cc67c3e6a123cf8210c041e5d23cbc30594ced,1632595408,Zeke Brechtel,2,3,38,1,2,2,114,0,0,0
sqlalchemy,90d2f087c8c75289d8a8c819a9aebfcda5b98b96,1633129162,Hiroshi Ogawa,3,1,39,1,1,1,57,0,0,0
sqlalchemy,5177f380c8be607c85fa23657f2e1cec0eabb24b,1633472162,Anton Kovalevich,2,1,22,1,1,1,27,0,0,0
sqlalchemy,6d581161b3cbea06b0d4f612b9f8be2781f1ae5c,1633363182,Federico Caselli,3,0,28,3,0,0,0,0,0,0
sqlalchemy,64e6da307c79981119cbd6f95957ead310e3456f,1633711988,Mike Bayer,1,0,0,1,0,0,0,0,0,0
sqlalchemy,b7226379ac06c9a1a78e783deaa60c701b1b7e88,1633560668,Mike Bayer,11,26,358,65,98,51,2282,38,2147,9
sqlalchemy,38d6c6c5dc3d0c7da2268e0f9a1a71c108ab7c51,1632945249,Federico Caselli,3,3,52,1,46,29,1049,0,0,17
sqlalchemy,979ea6b21f71605314dc0ac1231dd385eced98c4,1633820185,Mike Bayer,5,0,21,28,0,0,0,0,0,0
sqlalchemy,b91e76a4f7b9827d0d15c3c562af77f900a92091,1633969810,Mike Bayer,4,0,12,12,0,0,0,0,0,0
sqlalchemy,28c54e028d0adde2383a90209d75fb100315fc50,1633819497,Gord Thompson,2,1,59,8,12,9,381,3,181,0
sqlalchemy,ee9b8836a160484733baa556c5d3ade4810aa999,1633701778,Eric Masseran,4,21,225,58,72,51,2324,10,475,11
sqlalchemy,53ad3cf4e9b02f841fff960ec95870110f6c7bcb,1634140852,Mike Bayer,4,12,111,38,51,44,1752,2,117,5
sqlalchemy,7f25fcadafe1b227c27b223696ce3bcc88e47ec7,1633360478,Sumit Khanna,4,1,72,2,3,2,120,1,44,0
sqlalchemy,fec2b6560c14bb28ee7fc9d21028844acf700b04,1634250266,Mike Bayer,1,1,7,0,7,6,446,0,0,1
sqlalchemy,fa247a04682a08a574d4f8356f62f474db1cdb57,1633809516,Gord Thompson,3,7,193,27,135,128,4696,3,166,4
sqlalchemy,639cf972f15c8fbf77980b04fff8e5dbc82af7b6,1634154732,Mike Bayer,8,33,316,93,101,77,3190,13,450,11
sqlalchemy,e2c82ab3ab12b5a45994dceb180c824a06304a15,1634305721,Mike Bayer,2,0,16,1,0,0,0,0,0,0
sqlalchemy,a9d85047cd73f206314afc8e25954b6fb0920afb,1634310226,Mike Bayer,2,3,72,6,52,44,2611,0,0,8
sqlalchemy,237211139f5989444effa3fff7b62dcad7f2fb43,1634312828,Mike Bayer,1,1,6,3,6,6,389,0,0,0
sqlalchemy,88b920bc630c5d46cad6bab0c4cf9905856f16a9,1634370784,Sergey Golitsynskiy,1,2,6,0,6,4,166,0,0,2
sqlalchemy,79a89d102c1f413f879e4452642d930d71d8eefe,1634493152,Gord Thompson,1,0,0,1,0,0,0,0,0,0
sqlalchemy,aaf4643bc2734442f053216874a6b9d299a8d89e,1634581900,Mike Bayer,3,7,84,65,84,47,1732,24,948,13
sqlalchemy,5ce5cd624a43f1435a4bcba56f64e9b45c518780,1634405505,Federico Caselli,1,1,6,0,6,4,208,0,0,2
sqlalchemy,6da8c6d0299b055414d3350f4c2d73f9e911d7ae,1634586207,Mike Bayer,2,4,51,3,15,8,277,6,330,1
sqlalchemy,e86c40b9254f25ca9a765622f911c6dbd4bd2f1f,1634651847,Mike Bayer,1,0,1,0,0,0,0,0,0,0
sqlalchemy,18b4a3437a60fbfa0c25287d9a3b83d7c9d4f762,1634666852,Mike Bayer,11,19,343,75,105,91,3626,4,203,10
sqlalchemy,498c72d8b6c4a04112b490cdad6ba94324c69ce4,1634674431,Mike Bayer,1,5,38,40,38,35,1413,0,0,3
sqlalchemy,9189e3b18c36c39a717d6bf0c697c46ad9761a7a,1634677414,Mike Bayer,1,0,2,2,0,0,0,0,0,0
sqlalchemy,4bad8b5a7f48d571bd1e96908299134830ff462f,1634677698,Mike Bayer,1,1,1,1,1,1,22,0,0,0
sqlalchemy,b961505986c0499ba63a0105d1b79aaa6db738a0,1634589321,Mike Bayer,4,7,21,20,7,7,318,0,0,0
sqlalchemy,ba278a16f3e0c54bb9db8dfb37b3f9b776b7f2e5,1634678523,Kevin Kirsche,7,13,665,321,563,539,7999,20,840,4
sqlalchemy,7f8bf038b753d3f250e0e974102c16037d1aea5d,1634764537,Gord Thompson,1,0,2,1,0,0,0,0,0,0
sqlalchemy,0fff45036d2629caf41c771088866beb61e5b284,1634920266,Mike Bayer,6,7,65,8,16,12,416,0,0,4
sqlalchemy,605d0d905855684bfe4409532af98f336ae38f82,1635035801,Mike Bayer,1,27,207,62,207,161,9682,0,0,46
sqlalchemy,92aa35e7fc737de58c25d6c22bf1c48f6c4c714b,1634748653,Mike Bayer,34,6,1791,839,26,19,1036,4,144,3
sqlalchemy,4a15f40a39d13a2efc2565178a687c50a4e16d22,1634938627,Mike Bayer,8,4,1014,268,10,0,0,10,427,0
sqlalchemy,f3e0bef712da7a40ead247994413b36e5e3dd97b,1632509759,jonathan vanasco,1,1,9,0,9,7,450,0,0,2
sqlalchemy,d2cf7dcfe0cd7e9986376b6e7edd4b7d60108599,1635262122,Mike Bayer,3,2,138,1,31,4,230,26,1381,1
sqlalchemy,b9d4697ad78c7311a542c42b8e925707a9fa2d5b,1635094434,Federico Caselli,6,0,140,44,0,0,0,0,0,0
sqlalchemy,1b5e2b1e05181b9ecd757ce964482c65869395e3,1635277945,Mike Bayer,1,2,19,3,19,17,247,2,100,0
sqlalchemy,a711d42a325c06d30e1dfe379d984d8d9449d7b7,1632834937,jonathan vanasco,1,3,68,7,68,54,2622,0,0,14
sqlalchemy,5ad4190aa428dabc571e3d9c0e6a7944a384c8c3,1635347690,Mike Bayer,3,3,78,2,11,7,315,3,134,1
sqlalchemy,0f98ead274df103a5a623baa3898580932e1c8e2,1635277036,Mike Bayer,16,7,631,257,20,14,632,0,0,6
sqlalchemy,75fb1c7479b9ddeaaed5604c0111382edc69e4ee,1615937238,Federico Caselli,4,5,30,11,11,8,273,1,57,2
sqlalchemy,d127f4936acb28dc00efd84678336a2be935a312,1635455415,Mike Bayer,14,1,470,183,0,0,0,0,0,0
sqlalchemy,6a786297014c7b2a381084299ac3b4aabcf3c318,1633045145,Gord Thompson,42,3,604,522,8,7,388,0,0,1
sqlalchemy,3f3d9750df142d47b27c551b90cf01429e8702ca,1635523837,Mike Bayer,11,1,2176,413,8,7,454,0,0,1
sqlalchemy,a5378fe577e6a10c0960481332d186a45c2284f4,1635520333,Mike Bayer,11,1,618,420,5,4,229,0,0,1
sqlalchemy,f008df80c2127bf1234476bef023a9af02094f8b,1635544392,Mike Bayer,2,4,19,4,19,12,676,2,104,5
sqlalchemy,a291457664d3b4ef7e0b4a29110749674ec0da75,1635543386,Mike Bayer,6,7,131,95,30,27,1072,0,0,3
sqlalchemy,f05d3ddba4c1edae00dd863af60e8fbb13eb7091,1555001027,Mike Bayer,4,1,4,18,1,1,23,0,0,0
sqlalchemy,cdce33e2ccb60365f12eb07c0b86fdc2b89b5033,1635641126,Mike Bayer,17,37,143,990,36,30,1364,4,243,2
sqlalchemy,de61582933b800272cc818d36de9e0b7f86aa4fe,1633855273,Federico Caselli,5,7,54,7,28,23,1229,2,105,3
sqlalchemy,ed78e679eafe787f4c152b78726bf1e1b91ab465,1635625491,Federico Caselli,34,11,56,4175,8,3,162,5,149,0
sqlalchemy,6b08ae70253d2fbd867aa6fca794e5648aa83a0e,1635367959,Federico Caselli,2,11,41,10,41,36,1351,0,0,5
sqlalchemy,aa026c302c6b188a7e28508f9ecb603809b9e03f,1635619495,Mike Bayer,23,87,362,1913,106,90,3794,7,319,9
sqlalchemy,b2a28c556f10ee31605c978173f0cce62175ad61,1635782792,Mike Bayer,1,2,23,1,23,15,661,0,0,8
sqlalchemy,1f7c699962558d26eb5ce8ccbe934ced97f7d598,1635699263,Mike Bayer,4,22,2,188,2,2,94,0,0,0
sqlalchemy,36e7aebd8d6faac77570403e99f9aa7b2330fa59,1635624025,Federico Caselli,64,65,120,1088,57,56,1959,0,0,1
sqlalchemy,c4abf5a44249fa42ae9c5d5c3035b8258c6d92b6,1635799011,Mike Bayer,2,2,41,21,4,4,116,0,0,0
sqlalchemy,33824a9c06ca555ad208a9925bc7b40fe489fc72,1635865081,Mike Bayer,5,15,212,10,58,47,2140,0,0,11
sqlalchemy,96c294da8a50d692b3f0b8e508dbbca5d9c22f1b,1635891410,Gord Thompson,1,3,29,14,29,25,1090,0,0,4
sqlalchemy,9fa79bb53638e02aaa45d77397b39a1b652ba5f1,1635891575,Mike Bayer,4,3,33,0,9,6,201,0,0,3
sqlalchemy,5740a843ed805d0b066b1e56e8bf3c584c32cf6b,1635903548,Cristian Sabaila,3,1,12,6,1,1,75,0,0,0
sqlalchemy,d80f5277e1c6a6043408244288effb08713c8d70,1635951668,Mike Bayer,1,1,3,2,3,2,90,0,0,1
sqlalchemy,2cc49191e28bcf05d97787d6cdc561dd6815e847,1635952402,mike bayer,1,3,14,29,14,14,460,0,0,0
sqlalchemy,245a6ce87dbf0abf25d71074b8597bb2a0f8d5fe,1635976071,Federico Caselli,1,1,2,0,2,1,77,0,0,1
sqlalchemy,77a17797ecc08736ea942e29f79df4f96bd74e0c,1635989204,Mike Bayer,3,1,84,37,12,11,332,0,0,1
sqlalchemy,8bd8f6c5aa1e85907b1517a57a91997532f3ebd7,1635953571,Mike Bayer,2,7,75,29,55,42,1645,0,0,13
sqlalchemy,fee0855bfe2982927ab21ce7398fa48b90af7ca4,1636047403,Mike Bayer,3,2,20,8,8,8,530,0,0,0
sqlalchemy,248d232459e38561999c4172acaaddd651c1a933,1636059744,Mike Bayer,2,1,107,3,3,1,53,2,113,0
sqlalchemy,0c44a1e77cfde0f841a4a64140314c6b833efdab,1636121922,Mike Bayer,8,9,162,9,23,22,826,0,0,1
sqlalchemy,f5836f29f5612d5f653683644566a57c47291b5d,1636130310,jonathan vanasco,2,3,33,8,8,6,271,1,46,1
sqlalchemy,d050193daaa8d91371c759296f3304b8641c1976,1635795884,Mike Bayer,55,239,2071,5460,632,538,29419,22,1090,72
sqlalchemy,2432d2ed0b28480c0e1004a47aa74238865105b5,1632761492,jonathan vanasco,4,1,105,6,9,9,488,0,0,0
sqlalchemy,bd1be0b7e0ecd76bdf6d26fd11cc42e1a473b319,1636394634,Gord Thompson,25,30,122,89,33,33,2459,0,0,0
sqlalchemy,b2df5be7ee8b5ee7ae67323b5018ca37bbf0ce2a,1632770133,jonathan vanasco,17,7,809,738,12,6,212,4,148,2
sqlalchemy,52b3d6649525929ee1ec14487a2f007194ed741d,1636475483,Mike Bayer,2,1,185,2,20,18,579,0,0,2
sqlalchemy,8b1d59a95479802b5d568999e751f637ac310879,1636488262,Mike Bayer,1,1,0,2,0,0,0,0,0,0
sqlalchemy,89661c1a218b7117c1835698dbb81836e72015ae,1636488164,Mike Bayer,2,1,51,0,3,1,47,0,0,2
sqlalchemy,b919a0a85afd5066f9188b20ef06ee1b4af884a9,1636414156,Mike Bayer,32,7,339,281,9,8,445,0,0,1
sqlalchemy,2c41cd99d8a4d8bb27c975f5e2511ab2bf261110,1636555938,Mike Bayer,2,0,7,0,0,0,0,0,0,0
sqlalchemy,bd2a6e9b161251606b64d299faec583d55c2e802,1636318035,Mike Bayer,24,94,76,926,58,53,2700,2,94,3
sqlalchemy,6206f0ff74e95c9339dc0f0e26caab55e9bcda45,1636664373,Mike Bayer,2,5,12,21,12,7,315,0,0,5
sqlalchemy,958f902b1fc528fed0be550bc573545de47ed854,1635885604,Eric Masseran,3,18,224,30,155,113,5602,0,0,42
sqlalchemy,4761e6878b127f7d5fb09addaae15426edbb0b73,1637179709,Mike Bayer,4,8,214,65,193,139,7268,4,182,50
sqlalchemy,0fa0beacb465c61e792c97d530a0e8fdd7139256,1632760884,jonathan vanasco,3,10,28,28,28,24,1319,0,0,4
sqlalchemy,836902bc8438a800d2c9cf1452da31d3ca967f3b,1636938130,Mike Bayer,4,3,67,1,19,12,451,5,253,2
sqlalchemy,e6c02c33728a581e0df910caa8d96b6e114c114d,1637006766,Mike Bayer,1,0,12,4,0,0,0,0,0,0
sqlalchemy,93fad8fb0c5421ad162064e0aa506cb1e70cbf2b,1636392023,Mike Bayer,6,1,50,50,0,0,0,0,0,0
sqlalchemy,d4c170238dc95eeb2dc7e6c5e03270fbc8b36f8f,1637257585,Mike Bayer,2,1,55,1,2,2,117,0,0,0
sqlalchemy,af1b91626f63e00e11d07ad378d23198abc7f91f,1636218043,Mike Bayer,24,58,361,305,186,157,7831,2,111,27
sqlalchemy,2fe72b977506562811d3b4dce1c138f0a69f7ad4,1637260794,Mike Bayer,2,0,6,4,0,0,0,0,0,0
sqlalchemy,0b95f0055be252b13e99b0a944466f60b5e367ff,1637523395,Federico Caselli,212,193,951,951,193,193,4210,0,0,0
sqlalchemy,d3a4e96196cd47858de072ae589c6554088edc24,1637596746,Mike Bayer,9,59,193,94,164,127,4391,0,0,37
sqlalchemy,939de240d31a5441ad7380738d410a976d4ecc3a,1637609306,Mike Bayer,23,109,738,443,287,212,8458,7,348,68
sqlalchemy,31acba8ff7c123a20ae308b7f4ab6df3df264b48,1637525847,Federico Caselli,171,382,971,2060,487,457,18523,16,818,14
sqlalchemy,5eb407f84bdabdbcd68975dbf76dc4c0809d7373,1631655480,Federico Caselli,27,43,1338,261,924,653,25139,46,1871,225
sqlalchemy,9c5dfddfbd405a72d33b72ed097690a6c2c88b3a,1637970203,Mike Bayer,1,0,25,25,0,0,0,0,0,0
sqlalchemy,6e789bcc9758fd951d3196b38bf1ad0c9b4ab0e5,1638007797,Denis Laxalde,1,2,2,2,2,1,70,1,37,0
sqlalchemy,db85d28a857945ce021e27a187a14999eeb5c89e,1637939858,Mike Bayer,33,226,1207,510,1136,911,36665,6,268,219
sqlalchemy,e8fb73cfb0c765c71e50e7bb0ec92d419076201d,1638003209,Federico Caselli,6,0,93,83,0,0,0,0,0,0
sqlalchemy,250725ab7bbeafbed650f8ecb286ffad01078801,1638223221,Mike Bayer,1,2,78,1,78,59,3419,4,181,15
sqlalchemy,912bdcc8075c640a4f3d9e0194f57b5bdcfc6f2b,1638281189,Mike Bayer,1,2,4,4,4,4,186,0,0,0
sqlalchemy,20fe2a3dc2597b04338e8907883c6f4ea72518c8,1638374320,Kai Mueller,2,1,27,0,2,2,112,0,0,0
sqlalchemy,dff827df53cd3af8a641c74e5115707664eb6d79,1638399013,Federico Caselli,1,1,1,1,1,1,21,0,0,0
sqlalchemy,f70b321661fa5b3fcf8672fcbcbe63870a77129c,1638373996,Mike Bayer,16,116,61,1067,56,56,2824,0,0,0
sqlalchemy,9fc17513fe69a1fd26fc522f9862af3e0ebfd2c4,1638412799,Mike Bayer,2,2,15,2,2,2,80,0,0,0
sqlalchemy,b2bc0c8e4138ccef4834a415f7be9012e1c6286e,1638655685,Federico Caselli,2,4,16,2,8,6,342,0,0,2
sqlalchemy,cf95ea2eee2d99051e24b529a8b39ff3f1a494cb,1638738849,Federico Caselli,1,1,1,1,1,1,74,0,0,0
sqlalchemy,a845da8b0fc5bb172e278c399a1de9a2e49d62af,1638404845,Mike Bayer,5,5,101,2,31,20,922,4,221,7
sqlalchemy,924cc31975f8874d369db6599575e361bdb34be9,1638728865,Tom Ritchford,2,1,48,0,16,12,305,2,110,2
sqlalchemy,22deafe15289d2be55682e1632016004b02b62c0,1638558245,Mike Bayer,37,61,533,47,329,264,12275,0,0,65
sqlalchemy,9e20d410212296517f8dffd2531d55fee196635b,1638991151,Mike Bayer,10,32,267,2309,85,76,3534,6,340,3
sqlalchemy,9fd1bb4e8bf8a21f8c20b4390a9e7d579556ffc0,1639034046,Lele Gaifax,1,1,1,1,1,1,75,0,0,0
sqlalchemy,af50c8064d668ba33ef2399a288fd1594b1b5602,1639071385,Mike Bayer,1,0,1,0,0,0,0,0,0,0
sqlalchemy,546391e5a80f647e7ad78ef93f832f10278a8867,1639072303,Mike Bayer,2,1,71,0,10,9,307,0,0,1
sqlalchemy,f113e979219e20a22044c4b262e4531ba9993b8a,1639077822,Mike Bayer,2,7,98,13,24,22,988,0,0,2
sqlalchemy,533f5718904b620be8d63f2474229945d6f8ba5d,1639082842,Federico Caselli,1,3,6,2,6,6,154,0,0,0
sqlalchemy,786bc099743285ca4af3786d8f54cd59ce7a7c81,1633658828,Leo Singer,1,2,4,4,4,4,297,0,0,0
sqlalchemy,a7c004dff86a0bdd228f70800f8f8e3872d4aad1,1639084297,Federico Caselli,3,3,34,0,15,11,598,0,0,4
sqlalchemy,98b1650efce79ae6d304eb08047890ef8ae89df1,1636819892,Nils Philippsen,3,2,35,0,24,19,817,0,0,5
sqlalchemy,04421c8bed9e93a625b7164e99eb1ee0395bebfe,1639334241,Mike Bayer,2,1,160,114,21,8,349,13,689,0
sqlalchemy,893b4e03921eb1a86e202988bf247251d0d2fae9,1639514679,Mike Bayer,1,0,1,0,0,0,0,0,0,0
sqlalchemy,009747e146008ce695f33aee5ffb12a14f3a7e46,1639352103,Nils Philippsen,1,0,5,1,0,0,0,0,0,0
sqlalchemy,a91df497d8d78292b0b5e7f79656b3f82d7de4f7,1639538408,Mike Bayer,1,0,0,1,0,0,0,0,0,0
sqlalchemy,3a33fa8b0acd9220ef4428ac6a56ebd8d40c3762,1639518410,Mike Bayer,1,2,14,9,14,14,342,0,0,0
sqlalchemy,76fa211620de167b76846f0e5db5b64b8756ad48,1609513741,Federico Caselli,26,41,2205,901,788,589,20878,36,1868,163
sqlalchemy,736f93473d351cf3ab7680e4ed373e19f997b3bb,1639598428,Mike Bayer,4,6,102,35,7,5,184,2,117,0
sqlalchemy,e6cd36fc51d25922f20aa203229a636f5d6daabe,1639947595,Mike Bayer,8,10,213,71,80,52,1949,7,253,21
sqlalchemy,267e9cbf6e3c165a4e953b49d979d7f4ddc533f9,1640128113,Mike Bayer,5,5,120,3,18,15,591,0,0,3
sqlalchemy,c66c6d1aeff92f838740b7745a9c2a47852949d6,1640205191,Mike Bayer,4,8,144,6,26,25,991,0,0,1
sqlalchemy,aded8b11d9eccbd1f2b645a94338e34a3d234bc9,1640208093,Mike Bayer,5,13,20,11,20,18,951,1,50,1
sqlalchemy,1c73759353cdf009c21aa1a56caed574c7d5cf50,1640116830,Kai Mueller,2,2,25,2,7,3,133,1,33,3
sqlalchemy,f37931d50c21c412418fbd19d4676042fb5292a9,1640225253,Mike Bayer,1,0,1,0,0,0,0,0,0,0
sqlalchemy,818d62be00530549aa52dd5d981819010e4ae484,1640535900,Mike Bayer,6,3,223,6,12,8,311,3,143,1
sqlalchemy,c1d2fbac4c399b47f4715f7ea2a1147374d2aa43,1640538799,Mike Bayer,2,2,85,16,21,12,524,6,288,3
sqlalchemy,6d589ffbb5fe04a4ee606819e948974045f62b80,1638971864,Mike Bayer,17,17,272,34,93,71,2651,6,275,16
sqlalchemy,e5664b0a301785f1502c1caec5f057ed2921b52b,1640405483,Mike Bayer,3,26,111,81,111,64,2398,40,1864,7
sqlalchemy,91501e06a17d873902114275d7149ba24973db6a,1639013236,Mike Bayer,39,450,2605,2454,1891,1608,66304,122,5484,161
sqlalchemy,cc46ea711df77540d5d658e9c7b3ab1e88288929,1638454691,Mike Bayer,5,33,629,67,282,232,9542,10,354,40
sqlalchemy,5ada58954afa4fa427f4f7a91c683c1210d3d6df,1640036233,Gord Thompson,4,3,33,0,12,8,358,4,168,0
sqlalchemy,13e6e5608898a2c85751372ba88d357e5b80fe3f,1639822309,Federico Caselli,38,109,405,795,404,402,19826,0,0,2
sqlalchemy,9e3c8d0d71ae0aabe9f5abfae2db838cb80fe320,1635002805,Mike Bayer,8,21,223,135,103,70,3072,23,1354,10
sqlalchemy,97d81d346fe624e7bee818dc7ac9ca00ec343f6d,1640797823,Mike Bayer,9,26,43,667,33,30,1190,0,0,3
sqlalchemy,56256b6d132c0deae4368a7d0d04912df9a80fc0,1639145429,luz paz,32,10,43,43,12,7,454,5,273,0
sqlalchemy,e913ec8155b64e055f3a88ca9c1bb7f112202c76,1640205945,Federico Caselli,18,293,482,157,482,391,14689,15,668,76
sqlalchemy,eee7a3add99df2865e6d907f29f84f6d4ce22a8b,1640823968,Mike Bayer,16,102,1785,7403,116,103,4374,10,409,3
sqlalchemy,924d38e660981ae2a7d55355603223e0cdf9e4ee,1641069015,Mike Bayer,1,0,3,3,0,0,0,0,0,0
sqlalchemy,400bf1716f84821d63daaf0a988d725dfd55d6a0,1641073841,Mike Bayer,1,0,2,2,0,0,0,0,0,0
sqlalchemy,5e06f0f579df45116696fed78d65abcccc1dc3e3,1640903395,Federico Caselli,3,11,21,29,20,20,761,0,0,0
sqlalchemy,709239f4a61e88c2051dce87eb4058efd653697e,1641248932,Mike Bayer,3,2,41,2,2,2,89,0,0,0
sqlalchemy,94afc4f5fc842160468cf7175552125eebf7a510,1639142314,Federico Caselli,2,3,56,2,27,19,672,5,244,3
sqlalchemy,9298ce03e1181d5bc00c1891663433606ead1223,1641328695,Mike Bayer,1,3,6,27,6,6,343,0,0,0
sqlalchemy,63eeec396e5d180e11a342920e7c3e49be434eb1,1641323055,Mike Bayer,5,41,314,119,194,179,7124,0,0,15
sqlalchemy,146a349d81023805264f81643db50a5281da90da,1641404492,Hugo van Kemenade,80,157,276,274,156,156,3533,0,0,0
sqlalchemy,c87a08ed8f383466f252c2054bd44b87102149b1,1641414691,Federico Caselli,1,0,1,1,0,0,0,0,0,0
sqlalchemy,01c50c64e302c193733cef7fb146fbab8eaa44bd,1641235766,Mike Bayer,58,179,529,2763,185,176,8396,1,24,8
sqlalchemy,21ee595ba9ef3e7abc8982fac7bf488c904cf9c9,1641479048,Mike Bayer,1,1,1,1,1,1,76,0,0,0
sqlalchemy,0980de38a8144f6755aadf550a5c1077ce1a2416,1641489273,Hugo van Kemenade,5,2,9,52,2,2,94,0,0,0
sqlalchemy,4fab3103b6be4ab53828a4d39824ffbb0aa9c976,1641489631,sudoii,1,1,0,1,0,0,0,0,0,0
sqlalchemy,ad244b9b7577486bd4e22d74d64e35802af84977,1641496716,Mike Bayer,187,170,187,187,170,0,0,170,11102,0
sqlalchemy,4e9fe6e3b7a72fc3b116403ea9b27e847b5bf186,1641844799,Mike Bayer,2,1,78,9,1,1,44,0,0,0
sqlalchemy,8a62aa58fa5eeaad4e6bdd994a00293f41eb3a71,1641403246,Mike Bayer,5,5,110,1,28,22,816,0,0,6
sqlalchemy,3b77079321d35f63103ead5092d9eeeb5ef546ca,1641870710,Mike Bayer,5,5,10,10,5,5,132,0,0,0
sqlalchemy,ae718bbe797f8c06f8ef88a993af7e14007f1834,1641912379,Mike Bayer,1,1,1,5,1,1,57,0,0,0
sqlalchemy,3a23e8ed29180e914883a263ec83373ecbd02efa,1641851285,Mike Bayer,26,97,1123,1031,1111,880,34797,56,2545,175
sqlalchemy,43f6ae639ca0186f4802255861acdc20f19e702f,1641162943,Mike Bayer,44,403,5876,4637,5865,4591,199658,54,2099,1220
sqlalchemy,b4fe2b83ab3ce8cee1e2f4353dfcbea515b4f8d1,1642150226,long2ice,1,5,3,16,3,3,138,0,0,0
sqlalchemy,4999784664b9e73204474dd3dd91ee60fd174e3e,1641746942,Mike Bayer,33,176,1650,1059,1048,847,32008,6,272,195
sqlalchemy,17d228f6268515bbf37fdd70a6ee3a62cb9a0b0c,1642112406,José Duarte,2,2,52,5,18,13,412,0,0,5
sqlalchemy,06f83c26ea3636eaec0b85fc9d733ab4bfb827ec,1639782287,Mike Bayer,8,14,231,3,57,47,1805,0,0,10
sqlalchemy,e058d25cf01c3163e5ff39e4ccaff1928f332a27,1642200164,Mike Bayer,3,2,0,157,0,0,0,0,0,0
sqlalchemy,7c170ade108b907c4ea6c7a73cc606afd1838885,1637352764,Jaen Saul,1,1,1,0,1,1,49,0,0,0
sqlalchemy,e6ded82eef63235d7cbfe3ab3382a48f32913640,1642521777,Mike Bayer,3,3,41,19,12,12,560,0,0,0
sqlalchemy,bb11d5b7c2256861fdfe64f5cded94ce15266132,1642346505,Mike Bayer,2,8,181,5,19,18,639,0,0,1
sqlalchemy,e28ec27b599558b3e26ced106a972e8b4aa9e668,1642544364,Mike Bayer,2,2,26,0,5,5,165,0,0,0
sqlalchemy,09ad975505adb2118f229cb5b1a75c2c412420ae,1642620712,Mike Bayer,2,2,55,0,30,21,904,0,0,9
sqlalchemy,becab8588cb7895839ba25299ad0d2d67a7b695f,1642627743,Federico Caselli,2,4,5,3,5,4,193,0,0,1
sqlalchemy,e5606c0ba8bf2fed6daa7a488433d55ddbf302e9,1642626609,Federico Caselli,3,2,25,0,8,6,261,0,0,2
sqlalchemy,867235e4902c91531095676e3a413d935181b0bd,1642699596,Mike Bayer,5,1,33,10,7,7,286,0,0,0
sqlalchemy,769dc1d2cb217c66918bec01718aa657a0239040,1642689102,Mike Bayer,2,6,17,10,17,10,391,4,230,3
sqlalchemy,dda5c43cab88daad02bc871cf40bf4984e94a031,1642708907,Mike Bayer,2,2,17,4,2,1,62,0,0,1
sqlalchemy,64fd7a3968448f21ce1c14bff89fc78e949e04d1,1642631473,Federico Caselli,3,4,81,6,31,25,1164,0,0,6
sqlalchemy,469f7fd2f3d51796904cde63dfcc2aafe5663087,1642710077,Mike Bayer,4,6,69,7,17,14,496,0,0,3
sqlalchemy,d46a4c0326bd2e697794514b920e6727d5153324,1642543216,Mike Bayer,11,98,513,125,464,370,13469,6,269,88
sqlalchemy,9b2cd1ede5951fff7180d64bb39aa3a601ec1900,1642632096,Federico Caselli,2,0,70,72,0,0,0,0,0,0
sqlalchemy,8a1931601d3b105ad585ef39840c8251ebdb44a2,1642778342,Mike Bayer,2,2,120,0,25,18,1058,6,245,1
sqlalchemy,de0b4db838e26fe61953c7765f35d5b7be581646,1642808797,Mike Bayer,32,1,247,173,0,0,0,0,0,0
sqlalchemy,8fa6a1b9cc86bf1a580bc0f30a02cd4028051cf4,1642947240,Mike Bayer,1,5,112,37,112,103,6855,0,0,9
sqlalchemy,f653d5eb169e3d0371eae388aecb0db0cb0b8c11,1642948102,Mike Bayer,1,0,2,0,0,0,0,0,0,0
sqlalchemy,3fc5d28b7999cafc5111ce999a218cd5cd9329a2,1642948912,Mike Bayer,1,2,12,8,12,12,801,0,0,0
sqlalchemy,aba3ab247da4628e4e7baf993702e2efaccbc547,1642953115,Mike Bayer,5,4,30,37,20,11,437,4,197,5
sqlalchemy,ff1ab665cb1694b85085680d1a02c7c11fa2a6d4,1641746942,Mike Bayer,28,337,967,499,909,819,29667,9,473,81
sqlalchemy,5e3357c70e419c244156ac3885b2cf784b5b3fc0,1643120072,Mike Bayer,1,2,4,2,4,4,245,0,0,0
sqlalchemy,ca48f461b2dcac2970829e4e021316654c308d90,1643089530,Mike Bayer,8,0,107,113,0,0,0,0,0,0
sqlalchemy,a17cd6492ee6a9b54be49016ed2aac3f0bb00ef0,1643126485,Mike Bayer,1,0,6,6,0,0,0,0,0,0
sqlalchemy,5aee5fe12afdeb4569e588344f00aa56c9250215,1643065985,Mike Bayer,1,30,47,59,47,45,2199,0,0,2
sqlalchemy,ac2428094b0ebe92caafbe0680f8a0ce3cd18d9b,1643222654,Federico Caselli,1,2,2,2,2,2,153,0,0,0
sqlalchemy,77dd6808f250e0431f9bce824f46f6e1ef63eef3,1642960835,Gilbert Gilb's,2,4,133,2,74,60,2618,0,0,14
sqlalchemy,f24a34140f6007cada900a8ae5ed03fe40ce2631,1643191000,Markus Gerstel,3,4,116,0,10,7,218,0,0,3
sqlalchemy,5087dd2a02c6a142146944126022cec735a6f54d,1643640657,Mike Bayer,1,1,1,1,1,1,42,0,0,0
sqlalchemy,0409c88c297efa324218340b265a8d107d57deee,1643746099,Arie Bovenberg,11,14,21,10,21,13,385,0,0,8
sqlalchemy,9f1ed1c68af05eab5851ffd038011e3e3bd36b63,1643943494,Mike Bayer,4,13,108,24,36,25,1054,6,346,5
sqlalchemy,faa9ef2cff53bde291df5ac3b5c4ed8f665ecd8c,1643983489,Mike Bayer,7,11,81,17,30,28,1098,0,0,2
sqlalchemy,24de22338522779c5d9e720c4b97dc8609136c29,1644253731,Mike Bayer,3,4,71,12,16,12,272,2,95,2
sqlalchemy,38cdd3946c337f3d917218cd1c8da67a971646ee,1644183422,Arie Bovenberg,2,4,10,4,10,9,255,0,0,1
sqlalchemy,c2aa6374f3965c28aa2d56cbddf6dab3e1de18a2,1644333153,Mike Bayer,3,9,57,7,28,24,1081,0,0,4
sqlalchemy,5a6a475e14f09a36061b7422534b073e1041fe44,1644439184,Mike Bayer,4,8,22,27,19,19,610,0,0,0
sqlalchemy,449389a45f358300ba95f7d03c7b94b64703e31a,1644461983,Mike Bayer,2,9,36,13,36,31,1912,0,0,5
sqlalchemy,22ed657827b487df9012def07271aed01bd4ae12,1640180055,Mike Bayer,2,9,64,45,48,39,2241,0,0,9
sqlalchemy,260ade78a70d51378de9e7b9456bfe6218859b6c,1644681045,Mike Bayer,2,1,40,5,1,1,24,0,0,0
sqlalchemy,e545298e35ea9f126054b337e4b5ba01988b29f7,1643061867,Mike Bayer,132,567,7471,4036,3652,3105,132297,61,2917,486
sqlalchemy,50db0480d97ee0658f738ae2093cd5be0b20251d,1644847316,Mike Bayer,1,2,2,2,2,2,47,0,0,0
sqlalchemy,8370ac2bff7f2bb98673d5cc79af7a61632d8dde,1644871905,Mike Bayer,1,0,1,1,0,0,0,0,0,0
sqlalchemy,619abb52b6f1ee023db0f85fd96ba9f88c8efa7b,1644932264,Mike Bayer,1,2,26,10,26,24,1594,0,0,2
sqlalchemy,bcd4e36ab466e8e300bd704dd3b7e6e8470a2972,1644940387,Mike Bayer,1,0,27,9,0,0,0,0,0,0
sqlalchemy,5c6081ddb03447697f909a03572b6d6d79e61b71,1644788718,Mike Bayer,125,316,937,290,909,722,25266,12,496,175
sqlalchemy,5157e0aa542f390242dd7a6d27a6ce1663230e46,1644986631,Mike Bayer,22,403,1155,727,1152,991,39072,21,863,140
sqlalchemy,e120837b682a3a822c2dff136ad48b1ca9fb6ce2,1645297879,Mike Bayer,3,3,9,2,9,6,217,0,0,3
sqlalchemy,69e5dfde3ed6cbecae82459a82e0a1fda6228b0e,1645296682,Mike Bayer,2,4,0,76,0,0,0,0,0,0
sqlalchemy,834af17a469fd1893acf20225e8400c0c908053f,1645368682,Mike Bayer,2,1,52,1,2,2,104,0,0,0
sqlalchemy,a02b0ef482075eb0b967c833c1bd3db677e561b2,1645354999,Federico Caselli,1,0,10,5,0,0,0,0,0,0
sqlalchemy,35c57486008b865ce06840ea80dd65750afa1849,1645480576,Mike Bayer,2,2,47,1,5,3,161,2,107,0
sqlalchemy,90ecbc817b68fa8916bd06b8ebf076b1ec4d9232,1645496802,Mike Bayer,2,5,98,4,13,9,481,0,0,4
sqlalchemy,19f13584b07b03a6ee775c197e0e8cda681e9d5a,1645642927,Mike Bayer,1,1,1,1,1,1,64,0,0,0
sqlalchemy,bef67e58121704a9836e1e5ec2d361cd2086036c,1645638636,Mike Bayer,3,5,124,3,79,59,2200,3,126,17
sqlalchemy,baa2220e44cc0254ed0302282a7205252f75a79c,1645649353,Yuki Nishimine,1,1,1,1,1,1,78,0,0,0
sqlalchemy,d8f869aa7994db991c53d3cb008cbef34a1bfe49,1645649425,Arthur Rio,1,1,1,1,1,1,43,0,0,0
sqlalchemy,878c37614efd311794aa50467dbb9e3fe972fdff,1645649510,Mike Knudson,1,1,1,0,1,1,36,0,0,0
sqlalchemy,8f9e971f10dee0614054671e0c284f0acace2d04,1645641783,Mike Bayer,2,2,68,7,17,12,284,3,85,2
sqlalchemy,0353a9db76db6a46fa63d99a1d05c5cac45ea460,1645729646,Gord Thompson,1,1,1,1,1,1,64,0,0,0
sqlalchemy,0fe8f4a3e79c8fc805e7a84849920c7258177f41,1645637071,Mike Bayer,3,39,473,64,180,144,6790,7,312,29
sqlalchemy,b9d231869d7e39decabdec12478e359c4dcb95ee,1644692402,zeeeeeb,21,33,331,54,235,165,6548,7,331,63
sqlalchemy,a4bb502cf95ea3523e4d383c4377e50f402d7d52,1645123384,Mike Bayer,67,1004,2876,1450,2661,2420,97350,10,518,231
sqlalchemy,afb9634fb28b00c7b0979660e3e0bfed6caafde5,1646021146,Mike Bayer,19,389,1115,601,1011,909,36086,7,391,95
sqlalchemy,3fd1a52794c5463854fe36cbe97595d8489bbf62,1646239917,Mike Bayer,2,3,67,2,8,8,361,0,0,0
sqlalchemy,43cf4a9e5d66946a6a982ab3e1e513bb426eb35b,1646275433,Mike Bayer,5,10,93,7,26,24,887,0,0,2
sqlalchemy,dc8c3ac14da9751e3e2dc3bcced38ecfe6b1768d,1646277723,Mike Bayer,1,1,0,1,0,0,0,0,0,0
sqlalchemy,d164605eeca83e0142760b6ce7a9f30150f95462,1646343622,Jostein Leira,1,0,1,1,0,0,0,0,0,0
sqlalchemy,a926dea6b78c91b627f0f0b86cdc6a9279872e99,1645911992,petit87,4,2,38,1,13,12,336,0,0,1
sqlalchemy,8316e21e3821f678cf4c0ecbc9df5e360ddb5668,1646417594,Gord Thompson,1,1,27,0,27,22,993,0,0,5
sqlalchemy,d2815b4ac39b42a38dff4cc21ec100c72b9f3cae,1646429311,Mike Bayer,1,0,5,1,0,0,0,0,0,0
sqlalchemy,a261a78894c4f835b5da7fcbfb3d466a687bc11b,1646432273,Mike Bayer,2,4,21,4,4,4,287,0,0,0
sqlalchemy,a26a522648af14ffb9388d8d306bd98523bef1c9,1646433021,Mike Bayer,2,3,10,2,3,3,169,0,0,0
sqlalchemy,18683f474b285b4d7e16c38c0a570276912e1081,1646436444,Mike Bayer,2,6,47,14,27,26,1258,0,0,1
sqlalchemy,fbacb1991585202a5bf22acb0d36b5c979bcfad8,1646669867,Mike Bayer,3,0,30,6,0,0,0,0,0,0
sqlalchemy,e36496808a93870c07f143b0a17d2b8df224c55d,1646672502,Mike Bayer,5,19,92,13,92,85,2846,0,0,7
sqlalchemy,788804fd51b612c435b9ca4036ab55cc4adcb892,1646683889,Mike Bayer,2,3,301,49,9,8,391,0,0,1
sqlalchemy,0a8edf6feb25a046505ef79796695fac90c152d4,1646750049,Mike Bayer,3,6,258,1,16,13,541,0,0,3
sqlalchemy,c36965ab211183764357456fff1640418586ed97,1646764812,Mike Bayer,3,1,45,0,2,1,26,0,0,1
sqlalchemy,86fbd4a2155c31cd79f7446456b03f4cd5249050,1647011316,Mike Bayer,1,0,3,0,0,0,0,0,0,0
sqlalchemy,7a48471f6482576ac50abab35ce4fa64c1f633b4,1647024016,Mike Bayer,1,0,7,0,0,0,0,0,0,0
sqlalchemy,4c28867f944637ef313f98d5f09da05255418c6d,1646931420,Mike Bayer,18,134,299,322,296,267,11470,0,0,29
sqlalchemy,769fa67d842035dd852ab8b6a26ea3f110a51131,1646777681,Mike Bayer,24,475,1566,693,1566,1393,50200,23,946,150
sqlalchemy,35f82173e04b3209e07fcfc0606a7614108d018e,1647282845,Mike Bayer,3,5,14,3,14,13,464,0,0,1
sqlalchemy,84a78a97b5903dc246155a63ee8514385ed95d7c,1647278814,Gord Thompson,1,1,2,1,2,2,96,0,0,0
sqlalchemy,fc5ec4fa97829ae9012dc0871caf4e5ade2219ce,1647281343,Mike Bayer,1,0,51,0,0,0,0,0,0,0
sqlalchemy,6acf5d2fca4a988a77481b82662174e8015a6b37,1647193031,Mike Bayer,32,713,1654,954,1594,1470,57081,16,823,108
sqlalchemy,3b520e758a715cf817075e4a90ae1b5813ffadd3,1647446845,Mike Bayer,12,75,427,74,272,237,8390,0,0,35
sqlalchemy,58666d32742dc050c2e48c48ab8f946561636e8b,1647448640,Mike Bayer,5,2,59,4,4,3,149,0,0,1
sqlalchemy,764e36e5e7b7faf1a97b4b06be1ca307ac4fce46,1647614020,Mike Bayer,2,1,29,0,7,7,342,0,0,0
sqlalchemy,6c3d738757d7be32dc9f99d8e1c6b5c81c596d5f,1647548335,Mike Bayer,30,410,1112,483,1063,902,38274,35,1840,126
sqlalchemy,512807f02d7aa6c4074910f1d0fba2187f50ee8f,1647894599,Mike Bayer,1,2,10,2,10,8,433,0,0,2
sqlalchemy,2a1afd32b82e103961f305b478d4cc6f6244cd00,1647898526,Mike Bayer,4,1,271,27,2,2,147,0,0,0
sqlalchemy,257f67b180cadf4ca0df0d1facf27d55c98df676,1647899254,Mike Bayer,2,0,2,2,0,0,0,0,0,0
sqlalchemy,c565c470517e1cc70a7f33d1ad3d3256935f1121,1648044558,Mike Bayer,1,2,5,2,5,5,267,0,0,0
sqlalchemy,04dcc5c704dbf0b22705523e263e512c24936175,1648044433,Mike Bayer,4,11,65,4,37,31,1355,0,0,6
sqlalchemy,d051645463b169bf1535459653eff247cb772e62,1647994444,Mike Bayer,2,3,70,9,9,4,170,5,295,0
sqlalchemy,56366924673f88e51c74d94058c11132a057ecfa,1648144700,Mike Bayer,3,5,62,5,19,15,590,3,185,1
sqlalchemy,6f02d5edd88fe2475629438b0730181a2b00c5fe,1647808776,Mike Bayer,31,383,1006,429,960,823,30226,22,1088,115
sqlalchemy,57877461c1bd3b43a9d833fbca873d59db36b6f7,1643314037,Mike Bayer,4,47,341,62,221,189,7303,0,0,32
sqlalchemy,74d3f3965b383aef7421f2cf1779573a4ac65987,1648303750,Mike Bayer,2,4,37,4,15,13,715,0,0,2
sqlalchemy,c90396fbe7424c481f8f4ee18b6cedd1fa09c711,1648497147,Mike Bayer,11,6,42,61,12,12,515,0,0,0
sqlalchemy,24a031146c8b74550b6705dfb5f2e67ed69f78c9,1648489584,Mike Bayer,2,3,12,6,8,5,257,0,0,3
sqlalchemy,9a8d95ce05a88c1efb02b52a88ff350d5d751d91,1648326034,Mike Bayer,6,9,441,8,208,167,6839,0,0,41
sqlalchemy,9c52d9a507a738ae68f0a6eae09d87959995b981,1648507159,Mike Bayer,3,2,66,3,5,5,263,0,0,0
sqlalchemy,a55476fbdbc9b4e192a052b81dfe7e750d6241e4,1648561704,Mike Bayer,2,1,73,2,4,1,79,2,101,1
sqlalchemy,c3e16d3e881415c7fca81aaf7f6c07b3c4156f95,1648481918,Gord Thompson,1,7,5,26,5,5,320,0,0,0
sqlalchemy,9acd3dc6b753848777dacbf45c7e14af23dcafb4,1648587103,Federico Caselli,1,1,1,1,1,1,18,0,0,0
sqlalchemy,8550d182a803bf6acca9a2729a008f0a505ddf21,1648586987,Federico Caselli,1,4,13,1,13,7,208,0,0,6
sqlalchemy,731262b17e0678b2549bf5d41adfd9c82ced01cc,1648651949,Mike Bayer,1,1,9,1,9,8,338,0,0,1
sqlalchemy,85a4c7f3d5c6f5a71a705b198e3eaa9affc11ae9,1648654821,Mike Bayer,1,0,2,0,0,0,0,0,0,0
sqlalchemy,9731484f5c991b56e64349ef7b9775ef83b18402,1648655063,Mike Bayer,1,1,1,1,1,1,69,0,0,0
sqlalchemy,4e754a8914a1c2c16c97bdf363d2e24bfa823730,1648242528,Mike Bayer,34,410,1124,671,933,825,32961,15,768,93
sqlalchemy,3ec009eefd126c8623ddd04e94f0297724b2b476,1648673418,Federico Caselli,2,2,23,0,2,2,91,0,0,0
sqlalchemy,169ab546a99f91d696ff85c81d9e5403236dc748,1648732091,Mike Bayer,2,4,55,17,30,25,1479,0,0,5
sqlalchemy,cbe38dbc667436f5da74ce7c3d6e5451f41c62e2,1648753012,Mike Bayer,2,1,55,1,26,25,486,0,0,1
sqlalchemy,44f55913267481165cd9dbfb6ebffa05a72424bd,1648760023,Mike Bayer,4,4,39,11,21,11,432,8,431,2
sqlalchemy,c315c7401a2aa00a8a0fa0f7d4189a9976fd7962,1648999737,Mike Bayer,4,3,73,7,17,12,394,2,79,3
sqlalchemy,ccadbec82555c53eefa889160510f5af1e224709,1649007897,Mike Bayer,5,14,110,28,56,42,1991,0,0,14
sqlalchemy,3b4d62f4f72e8dfad7f38db192a6a90a8551608c,1648677718,Mike Bayer,35,764,2675,1222,2528,2145,83353,94,4464,289
sqlalchemy,2168a64affb2e299b9a37079af7b2a8d4ae0ff64,1649252471,Mike Bayer,5,2,81,8,9,1,46,8,462,0
sqlalchemy,2acc9ec1281b2818bd44804f040d94ec46215688,1649081603,Mike Bayer,22,164,511,348,478,387,15880,40,2432,51
sqlalchemy,9b32d9040a7d5716ae3871acd76a598f6c402423,1649425706,Mike Bayer,1,1,6,4,6,6,454,0,0,0
sqlalchemy,ed2b29dc344c9cb65745c767b755f82d913695b8,1649428610,Mike Bayer,1,2,9,0,9,4,191,0,0,5
sqlalchemy,952383f9ee04649282519b3287241c1336502fe5,1648488563,Mike Bayer,12,28,89,69,86,76,2954,0,0,10
sqlalchemy,f3a65eb9033397fbf746fbf71df19ca9d1fce2f4,1649512218,Mike Bayer,1,0,1,0,0,0,0,0,0,0
sqlalchemy,1eeded1687aef3132b2a1d5995321fb20b2b8dfc,1649512955,Mike Bayer,2,2,17,8,17,15,907,0,0,2
sqlalchemy,11bf82447438a9d5d9df9d613bf245694d6120dc,1649708480,Federico Caselli,48,83,122,130,92,90,6071,2,168,0
sqlalchemy,8254e3a28a32b7097fb926a373c17c35d4ec1d57,1649729008,Mike Bayer,1,4,3,7,3,0,0,3,126,0
sqlalchemy,15ef11e0ede82e44fb07f31b63d3db0712d8bf48,1649688882,Mike Bayer,3,125,205,146,205,199,8518,0,0,6
sqlalchemy,98eae4e181cb2d1bbc67ec834bfad29dcba7f461,1649199619,Mike Bayer,12,26,3935,127,3498,2342,116554,28,1145,1128
sqlalchemy,aa9cd878e8249a4a758c7f968e929e92fede42a5,1649349443,Mike Bayer,46,706,2151,1198,1908,1724,66220,20,913,164
sqlalchemy,a45e2284dad17fbbba3bea9d5e5304aab21c8c94,1649619755,Mike Bayer,26,364,1286,605,1125,989,40085,9,346,127
sqlalchemy,0bfb620009f668e97ad3c2c25a564ca36428b9ae,1649770915,Mike Bayer,3,6,70,5,41,27,1602,8,397,6
sqlalchemy,428ea01f00a9cc7f85e435018565eb6da7af1b77,1649113314,Mike Bayer,4,7,38,7,20,15,435,4,167,1
sqlalchemy,c154ed5e047113ce6763cc5a26741f6a5022eb1d,1649711956,Federico Caselli,3,6,27,6,10,10,542,0,0,0
sqlalchemy,428262a2d5374613f4a4cf925bbd9e94e0e34acc,1649785951,Mike Bayer,14,64,510,79,295,234,8688,5,177,56
sqlalchemy,3d300066e8b20a89e0b82bf09dd0c4016f5f8e51,1649944751,Mike Bayer,1,7,22,41,22,22,1475,0,0,0
sqlalchemy,4f96c12db923624204110e56ce730f5aafbb9463,1649952076,Mike Bayer,3,1,56,0,8,7,302,0,0,1
sqlalchemy,c932123bacad9bf047d160b85e3f95d396c513ae,1649857529,Mike Bayer,51,478,1532,804,1351,1261,49530,13,583,77
sqlalchemy,262c5a6fe10b57cba763857803699eb24fc5d20c,1650035502,Mike Bayer,1,1,5,14,5,4,212,0,0,1
sqlalchemy,dd201d444e555c2940f85dbc1a3e2bc727f86690,1650046923,Mike Bayer,1,0,3,0,0,0,0,0,0,0
sqlalchemy,c538f810bce57472c8960a0a6c4c61024b00f3ed,1650123613,Mike Bayer,1,2,2,2,2,2,50,0,0,0
sqlalchemy,73f2b5bcdcc431ec77c62ffd49bdcbf4718fbfc1,1649975341,Federico Caselli,2,15,51,30,20,15,681,5,306,0
sqlalchemy,a8b2fbb55c6de302b053b4309c6e53cd7f748448,1650205908,Mike Bayer,4,37,38,42,38,32,2016,3,135,3
sqlalchemy,13a8552053c21a9fa7ff6f992ed49ee92cca73e4,1650337951,Mike Bayer,1,6,9,8,9,9,419,0,0,0
sqlalchemy,aeeff72e806420bf85e2e6723b1f941df38a3e1a,1650035136,Mike Bayer,67,728,2380,1584,2138,1923,75054,38,1755,177
sqlalchemy,408c936c77c6aaeceab0e0b001ed745ceb9d19d4,1650301639,Alex Grönholm,2,1,8,0,4,3,91,0,0,1
sqlalchemy,fe2045fb1c767436ed1e32359fe005dabead504a,1650562036,Mike Bayer,2,2,31,4,3,2,107,0,0,1
sqlalchemy,63191fbef63ebfbf57e7b66bd6529305fc62c605,1650639420,Mike Bayer,4,6,73,32,21,18,627,0,0,3
sqlalchemy,3da3322ec4f42b58ec8b07108f2dacd33044c73d,1650831556,Mike Bayer,1,0,23,0,0,0,0,0,0,0
sqlalchemy,3deff88fe12adc470792f71da7b9c54a5438638f,1650999757,Mike Bayer,1,1,1,1,1,1,75,0,0,0
sqlalchemy,ad11c482e2233f44e8747d4d5a2b17a995fff1fa,1650416801,Mike Bayer,64,555,4392,580,2939,2431,81618,55,2720,453
sqlalchemy,b51a5f596299e1e52ca27b2db20394110f584257,1651089037,Federico Caselli,1,1,0,3,0,0,0,0,0,0
sqlalchemy,f2bd4f513628bb2a7a8e8b36383e3a4324eac803,1651088582,Mike Bayer,148,133,302,39,241,30,1299,128,3863,83
sqlalchemy,889cbe53121c8fd50c845357dd52b24594346b68,1651422516,Mike Bayer,2,2,23,2,4,4,218,0,0,0
sqlalchemy,4abca61b4903e42f9568cc06f3c18ac27a139cf7,1651582707,Mike Bayer,1,2,6,0,6,3,160,1,68,2
sqlalchemy,1fa3e2e3814b4d28deca7426bb3f36e7fb515496,1651177183,Mike Bayer,26,317,1318,668,1101,942,33531,59,3367,100
sqlalchemy,f89a202d60215b13e3733a3ea950473962b3cf67,1651608059,khashashin,1,1,2,0,2,1,35,0,0,1
sqlalchemy,675c3e17f7fcccb7534c46adb56529fc3ddd8dbf,1651609123,dzcode,1,0,5,3,0,0,0,0,0,0
sqlalchemy,457902ccc3a3aa2c435887ffd308b4d86b522df2,1651846383,Mike Bayer,3,6,44,4,7,5,298,0,0,2
sqlalchemy,47c91d06b56b0a0cf366d3c1f8b6d71a82149e43,1651868719,Mike Bayer,10,12,0,16,0,0,0,0,0,0
sqlalchemy,d972b0f4ed4cd55c3f8e422816b32e9081168513,1652064573,Mike Bayer,8,16,181,9,77,53,2205,17,817,7
sqlalchemy,319f09ffced3f655e7d500b3a9965e19468fd9d9,1652106471,Mike Bayer,2,18,55,36,38,31,1240,4,219,3
sqlalchemy,cd628fad7c92f5f54bf1bf6985fd983269b0ec19,1652451937,Mike Bayer,1,2,18,2,18,16,1059,0,0,2
sqlalchemy,9f0db34563a05a7b9f6e09110d35ce0d0f36d3a9,1652541230,Mike Bayer,36,51,96,105,66,66,3532,0,0,0
sqlalchemy,257de6ebe15d3076e19f05f93c5b3c7fae25a4d3,1652538353,Mike Bayer,6,6,28,7,21,16,493,2,32,3
sqlalchemy,f9fccdeeb6749d10aeec458f1a549906d58ddad8,1652471033,Mike Bayer,2,1,28,0,9,9,563,0,0,0
sqlalchemy,927abc3b33f10464ed04db3d7a454faeb6e729f2,1652472514,Mike Bayer,4,2,123,16,2,2,100,0,0,0
sqlalchemy,18a73fb1d1c267842ead5dacd05a49f4344d8b22,1651867792,Mike Bayer,59,1471,3898,1708,3643,3307,132280,59,2836,277
sqlalchemy,c05d3497aa3c6f8446e09c4201f270a0dc0626b8,1652667880,Mike Bayer,2,4,44,7,14,6,310,6,321,2
sqlalchemy,5e88e6e89a2cf5b583670fa5d0b41881f895a711,1652713071,Mike Bayer,9,17,40,25,39,33,1779,0,0,6
sqlalchemy,9e7bed9df601ead02fd96bf2fc787b23b536d2d6,1652812385,Mike Bayer,3,9,9,7,9,9,283,0,0,0
sqlalchemy,deb9bcc0d97dd8b38dfccb340a5fc1f880202ff6,1652905309,Mike Bayer,2,4,41,7,13,12,837,0,0,1
sqlalchemy,7a8c4732cc8b066b4059680df40bc079d9b08009,1652819180,Federico Caselli,3,2,12,5,4,2,135,0,0,2
sqlalchemy,de399c914b923ec3c81d3a51e16c7b720d34e058,1652905481,valievkarim,2,1,5,0,1,1,17,0,0,0
sqlalchemy,a463b1109abb60fc85f8356f30c0351a4e2ed71e,1645196712,Mike Bayer,15,129,1660,161,775,663,25428,22,1036,90
sqlalchemy,5e54d5f1ad022781f5d8c6c7da4802613050dde5,1652905201,Federico Caselli,2,2,52,2,4,4,210,0,0,0
sqlalchemy,1c30e66e5d2d085a6e1975532d7edfc0b94b3a48,1653125557,Federico Caselli,3,15,200,29,77,67,2654,0,0,10
sqlalchemy,656fd0d73a679a2588289e285328af707e9401d1,1653244094,Mike Bayer,8,4,37,57,10,10,315,0,0,0
sqlalchemy,fbdf8251924571add5478e9ee5a915316a7baa11,1653076614,Mike Bayer,16,2,190,72,1,1,34,0,0,0
sqlalchemy,719197dd9399b4436aeaba3e2f44761292036ad6,1652904389,Mike Bayer,6,18,154,65,80,61,3291,0,0,19
sqlalchemy,c0612f8166b7cd07895e7302bb59192abbb68c43,1653316472,Mike Bayer,2,0,17,3,0,0,0,0,0,0
sqlalchemy,d7b131d2dfc4c519b23d9ed29364036ef88b1863,1653409679,Mike Bayer,1,0,6,3,0,0,0,0,0,0
sqlalchemy,a5d481eaa5bff958692fc3b0024f0b9b1c4f56c6,1653482849,Mike Bayer,4,2,71,2,9,8,280,0,0,1
sqlalchemy,783d66de894c37fba46a12cd4c4b30910cf421c3,1653595930,Mike Bayer,1,1,1,0,1,1,34,0,0,0
sqlalchemy,21ae13765d7410228672a282fef29fc0e2b3b098,1653659761,Mike Bayer,4,20,71,17,36,32,1163,0,0,4
sqlalchemy,8ac7cb92b4972a08b8008b80b34989694510139f,1653829665,Gord Thompson,2,1,36,16,1,1,67,0,0,0
sqlalchemy,cac8de9ab2d5fe04954947d96b78ee34522f3a2a,1653840466,Mike Bayer,6,16,111,48,39,27,1187,10,452,2
sqlalchemy,335cdea7c72c279f8cf9de278ac96f7dda2bca15,1653682021,Mike Bayer,6,8,88,24,6,6,362,0,0,0
sqlalchemy,775ce5165e8d15799e20b15e04b9b61e8390145f,1654000038,Christopher Jones,1,2,4,1,4,1,73,3,131,0
sqlalchemy,d1142c6e9f6fb0e52bd496c56bdc88047df66c55,1654008496,Mike Bayer,3,5,87,4,17,16,748,1,18,0
sqlalchemy,ad14471bc99c2fb2315d3333a95dd3d7bf0a33a7,1653928198,Mike Bayer,12,44,268,186,221,188,9447,2,64,31
sqlalchemy,d24cd5e96d7f8e47c86b5013a7f989a15e2eec89,1653590103,Mike Bayer,7,45,168,51,76,68,3348,0,0,8
sqlalchemy,349a7c5e0e2aeeac98fad789b0043a4bdfeed837,1644573285,Mike Bayer,28,65,692,238,478,358,13397,8,329,112
sqlalchemy,14250f2668151f1c4df86dbf962c771e9788111e,1654099879,Mike Bayer,3,1,38,1,8,6,183,0,0,2
sqlalchemy,466ed5b53a3af83f337c93be95715e4b3ab1255e,1632853206,Daniel Black,40,81,818,505,323,251,9899,26,1154,46
sqlalchemy,47eff8b9e35dec9305d22484c17dd6c0649a876a,1654266859,Mike Bayer,5,13,280,26,79,69,2962,1,28,9
sqlalchemy,8131ef51ef2507238e9e9a32bc1cbec19dd3a600,1654337787,cui fliter,4,0,4,4,0,0,0,0,0,0
sqlalchemy,526e9bb6ae025d3b8032d6efc1deb1a0f4a3dae3,1654251190,Federico Caselli,3,4,38,1,8,8,332,0,0,0
sqlalchemy,1508aed47261fe17180aa12fb312aebb0dd3c615,1654373438,Justin Crown,2,7,17,11,17,16,725,0,0,1
sqlalchemy,938c5d1033085289b4cbbd4b9229eaa3ad90b66d,1654527539,Mike Bayer,1,0,1,0,0,0,0,0,0,0
sqlalchemy,1c99edf1b988f55411bd8bef917b9664a39d218b,1654372414,Mike Bayer,18,57,97,98,87,66,3476,0,0,21
sqlalchemy,93bc7ed534f12934528c0cbf5489417ddc025e40,1654609226,Mike Bayer,5,16,262,51,50,41,1479,0,0,9
sqlalchemy,fcbdae075bb3f3a4ecc9b36e5787bba6b80af9c1,1654260664,Federico Caselli,11,10,408,138,140,109,4384,6,234,25
sqlalchemy,117878f7870377f143917a22160320a891eb0211,1654628420,Mike Bayer,3,6,23,7,23,17,629,3,123,3
sqlalchemy,258d07e478eab9ee385f36a5c5fd56c56bf7dfea,1654703686,Mike Bayer,1,2,9,1,9,8,482,0,0,1
sqlalchemy,293b0e3dd8205185b84cd3baf2f078348437d245,1654707920,Mike Bayer,3,6,75,4,31,27,919,0,0,4
sqlalchemy,409a2173ebe8a9126911051873b3734e6c6be3f4,1654729463,Mike Bayer,1,0,27,0,0,0,0,0,0,0
sqlalchemy,6f93f88b5ee683141c81ecd434a4c0818e08dbd9,1654779314,Mike Bayer,3,1,24,7,1,1,72,0,0,0
sqlalchemy,cc7cc3c9ec73055703acc78c8d92eb0242e5cd20,1654782823,Mike Bayer,2,1,47,0,1,1,44,0,0,0
sqlalchemy,ab8b4f25eebfbd2ef5819ff98dd372d5392c4b6b,1654738502,Mike Bayer,3,15,55,13,27,24,1099,0,0,3
sqlalchemy,07678e0e34210f9485dbd8fd3a25b739adb7cc64,1654632575,Mike Bayer,4,26,90,50,86,46,2353,31,1320,9
sqlalchemy,f003360baa28f1bf65134eac2727a0fcea43d5c8,1654875885,Mike Bayer,4,2,79,12,0,0,0,0,0,0
sqlalchemy,4274981156a554fb4b8340d2fa4d8c4afed7c86c,1654879374,Mike Bayer,2,3,31,41,14,13,739,0,0,1
sqlalchemy,bc0367c670cc1376b90ab2309085bd660ec317c9,1654880273,Mike Bayer,2,2,38,2,7,6,170,0,0,1
sqlalchemy,b3a1162553879d1369154e920f3f4129020bb88e,1654961626,Mike Bayer,5,13,399,127,93,75,3691,4,199,14
sqlalchemy,92bd08c3daff74b94652a5edefd5efa7632ccb22,1655151348,Federico Caselli,2,0,16,0,0,0,0,0,0,0
sqlalchemy,be9937d385a74560b65c6ab525f13bc68a5041c1,1655213251,Gord Thompson,1,8,8,8,8,8,313,0,0,0
sqlalchemy,54f5def028d8f46ead37e8046d2aea3bb9953ebc,1655213469,Mike Bayer,8,17,179,27,74,68,2729,1,28,5
sqlalchemy,042bccd2e4d6fbfcdf70ede760b29f78771f4b22,1655235691,Mike Bayer,2,3,63,3,4,4,237,0,0,0
sqlalchemy,514f2a8b4c6de8c033496543e9aaf2a0a4eb599d,1655240744,Mike Bayer,7,22,236,14,77,60,2724,4,218,13
sqlalchemy,46c0fa56e904f6a00e56343302c4cb39955fa038,1655311364,Mike Bayer,6,5,197,42,78,62,2112,3,108,13
sqlalchemy,c3102b85c40ab4578a0f56ee1e8eee4a6e0aed55,1655405171,Mike Bayer,5,13,127,399,10,10,555,0,0,0
sqlalchemy,3bde1eae31212b5bc2c6652dca52f70fb79d5950,1655495612,Federico Caselli,8,14,20,20,19,9,795,10,415,0
sqlalchemy,a134956c4e4564844c33302ddf27a70102fe00a8,1655222944,Gord Thompson,4,5,31,1,14,12,460,0,0,2
sqlalchemy,db08a699489c9b0259579d7ff7fd6bf3496ca3a2,1634240757,Federico Caselli,41,607,9426,3207,6276,5382,217812,211,9442,683
sqlalchemy,64b9d9886f0bf4bbb5f0d019ecdbe579cd495141,1655400916,Mike Bayer,8,62,797,189,393,339,12364,12,596,42
sqlalchemy,4e2a89c41b0bb423891767d10bdc3cb1b75eaa5e,1655737594,Mike Bayer,2,2,0,10,0,0,0,0,0,0
sqlalchemy,e13e13421681768c300eab192cf2b150db9edaa6,1655750508,Federico Caselli,4,3,43,14,12,10,415,0,0,2
sqlalchemy,017fd9ae0645eaf2a0fbdd067d10c721505b018c,1644600624,David Baumgold,10,45,1241,494,734,584,24944,15,666,135
sqlalchemy,f9f1e8b6c5890eb17b6ba055ff563087cac20d0e,1655135188,Mike Bayer,4,9,52,7,52,39,2341,0,0,13
sqlalchemy,13f59a6376ff8f44bdaa13f678146ac29fbbd798,1655834869,Mike Bayer,1,0,39,1,0,0,0,0,0,0
sqlalchemy,6cc063f4a217fd2c2831eb3a76a1fe237c42867f,1655837125,Mike Bayer,1,16,55,32,55,39,1692,7,315,9
sqlalchemy,4553f24980c0a23685afdb9ef6958b79f4b22e70,1655997319,Mike Bayer,3,1,37,2,2,1,79,0,0,1
sqlalchemy,271c38fd15b94d8acd0e6f054c8001b22535844e,1656081106,Mike Bayer,1,1,8,2,8,7,339,1,15,0
sqlalchemy,53d7f6be9b05efc6f4c8c8682c72dd59a4baf523,1656150907,Federico Caselli,1,5,17,53,17,17,1027,0,0,0
sqlalchemy,815de6c3438ccba25b163eae2c34c5df7d82bf4d,1656253359,Mike Bayer,2,3,16,6,6,6,295,0,0,0
sqlalchemy,9728d4711519239d2c7609517350686b295af52f,1656239505,Federico Caselli,2,4,46,17,10,9,422,0,0,1
sqlalchemy,5950a9d05f1cc123009223baa1915cc15f3340a7,1656348987,Mike Bayer,7,11,188,33,58,52,2379,0,0,6
sqlalchemy,4d6efd06aa87cbbe2b42df260376acf43e30c308,1656443014,Daniel Hall,1,4,26,0,26,14,543,0,0,12
sqlalchemy,5fb63bc1423e75812a24e809d16731a3282c2a12,1645687353,cheremnov,17,61,394,87,175,145,6311,1,39,29
sqlalchemy,f848140083c316b81456c8c3426ad3fd04caf6fa,1656174891,Gord Thompson,4,11,71,13,67,45,1914,6,306,16
sqlalchemy,48a0df55c1cfb8746eec8073c0feb05be1652665,1656509918,Gord Thompson,2,2,41,0,41,25,1231,0,0,16
sqlalchemy,9d12d493eb38f958c2d50da28f83ccc6de01f0dc,1656456919,Mike Bayer,2,10,84,4,37,23,797,9,456,5
sqlalchemy,59bafe0fbefe16269c72ac39e699e4127d49841f,1656610410,Mike Bayer,1,3,20,0,20,12,687,0,0,8
sqlalchemy,286e5fb649f77367883800ba4ec3d536e8031ca8,1656620772,Federico Caselli,2,49,84,162,84,69,3605,0,0,15
sqlalchemy,741af02893a19c879ba4d929151b9358aeb48148,1656630606,Mike Bayer,12,28,354,47,161,130,7543,0,0,31
sqlalchemy,ccfec76b829e7eccd9e08d7f757da3590497f197,1656593978,Cyril Chapellier,2,2,16,0,5,3,104,2,79,0
sqlalchemy,f8d15739d36da138d34fb3fecac1fa043e65e48d,1656776996,Mike Bayer,4,5,34,4,7,6,253,0,0,1
sqlalchemy,4b3f204d07d53ae09b59ce8f33b534f26a605cd4,1656860956,Mike Bayer,1,1,5,4,5,5,164,0,0,0
sqlalchemy,4173a0be5fcf05faea0969fc48f590afbf3313f0,1656870920,Mike Bayer,1,0,19,0,0,0,0,0,0,0
sqlalchemy,41656f830c41734063a9460d2800c74123837de6,1656885367,Mike Fiedler,2,3,13,2,3,3,156,0,0,0
sqlalchemy,148711cb8515a19b6177dc07655cc6e652de0553,1656879915,Mike Bayer,9,11,308,10,42,35,1514,3,152,4
sqlalchemy,d49dfa74e86778eb5c581470405131ed9f9d0206,1656954337,Mike Bayer,1,10,41,26,41,39,2352,0,0,2
sqlalchemy,370d73b4e4b3009ea5feed1341ead965f6aa98bb,1657069518,Mike Bayer,6,10,104,22,45,37,1356,1,62,7
sqlalchemy,805a1323b973a30af99ce506dd5c5c4ab96cff0f,1657208649,Mike Bayer,1,7,32,20,32,29,1683,0,0,3
sqlalchemy,f4aaba7b96d2344b60ad88669328e4fe5280f1d3,1657305385,Mike Bayer,3,0,146,23,0,0,0,0,0,0
sqlalchemy,3916bfc9ccf2904f69498075849a82ceee225b3a,1657502657,Mike Bayer,3,8,109,0,21,18,692,0,0,3
sqlalchemy,a3a3299b5b9728a432ba900754047844ecfb98d6,1657724557,Mike Bayer,3,7,18,7,18,15,866,0,0,3
sqlalchemy,9d3eaae35b9a3bd74114b350f84281ba9e7fb993,1657730917,Mike Bayer,2,5,95,25,33,20,1251,7,433,6
sqlalchemy,fa8a7715a3f184c708a5e1625f63849844667da4,1657737036,Mike Bayer,2,1,100,19,2,2,96,0,0,0
sqlalchemy,758dc7ed2b322069b80fb21b5cc3296d2a8c6c92,1657747137,Federico Caselli,2,2,2,6,2,2,140,0,0,0
sqlalchemy,0aa56cd729407dff1d96c61432b6f3a2a7124d39,1657902322,Mike Bayer,4,10,128,25,36,21,929,12,389,3
sqlalchemy,9a37ebdf99d0e3fcca53ca8f00f101fe475a1b01,1657904017,Mike Bayer,15,94,575,452,461,370,18314,11,419,80
sqlalchemy,26c0e8e1846a4e6ac05c15a1ad188a5655b72edb,1658002755,Mike Bayer,5,18,381,26,127,98,4165,4,214,25
sqlalchemy,85a88df13ab8d217331cf98392544a888b4d7df3,1658071947,Mike Bayer,3,8,104,7,22,18,701,0,0,4
sqlalchemy,10204576215fad27640739c295b9208a0bb3c6ce,1658148535,Mike Bayer,3,9,23,14,9,7,272,0,0,2
sqlalchemy,1acaf0b2e4859a274e753b5054dcde3d5c7ca10e,1655500359,Federico Caselli,2,8,16,8,16,14,616,0,0,2
sqlalchemy,ca4d761059105de620b5af7ddccd29d7f236dd33,1658163148,Mike Bayer,1,9,29,13,29,22,893,4,154,3
sqlalchemy,5777e268d092889d1764ed13cb62d007cdbeb0b5,1657914952,Federico Caselli,2,6,75,10,24,22,878,0,0,2
sqlalchemy,807d4945d2c1e2f2e1c77ac9ee6e84af330706a3,1658242205,Mike Bayer,3,4,157,2,27,20,936,0,0,7
sqlalchemy,3e3ea70df4a753e9f774f222d3722d2c9bfdbca7,1658250231,Mike Bayer,6,10,82,33,82,75,3355,6,230,1
sqlalchemy,00584a78486b6f80f6308976e3f846961d19deb4,1656017029,Mike Bayer,2,1,100,0,6,4,150,1,23,1
sqlalchemy,5fc46b192b5005fa6962110a683abf1d296786d8,1657210059,Mike Bayer,7,16,350,88,106,95,4251,0,0,11
sqlalchemy,b9043754f039ff5b2bdf2379bd3d89eadd81e96d,1658410910,Mike Bayer,1,0,2,2,0,0,0,0,0,0
sqlalchemy,4fe222d9412df30fc15ace3d7a7fd4365eb9e05a,1658585886,Mike Bayer,4,0,13,19,0,0,0,0,0,0
sqlalchemy,210ad24cc938865539808e2359b7942d55893978,1658585278,Mike Bayer,3,5,28,2,9,7,327,0,0,2
sqlalchemy,921400a0bf0600918701d2cd96d06a476c7f127d,1658755600,Mike Bayer,2,2,27,1,8,7,259,0,0,1
sqlalchemy,68a3374d5aae83b75b943b186802a6975e6b46fb,1656798547,Federico Caselli,11,17,359,117,118,109,4757,8,351,1
sqlalchemy,5de71c6302d01d1f304e75aa9e8e5e1bb7538d23,1659206906,Nikita Sobolev,6,8,0,18,0,0,0,0,0,0
sqlalchemy,f8c4dba4e9f130c18ce00597c036bc26ae7abf90,1659261367,Federico Caselli,17,30,74,50,62,62,2941,0,0,0
sqlalchemy,1657312ba77cf2a8751aed195b4d246afb28b64e,1659262116,Nikita Sobolev,2,2,1,4,1,1,63,0,0,0
sqlalchemy,3ff18812d8d80b2016ceeea98c808a76cae85e48,1659278010,Mike Bayer,1,0,4,0,0,0,0,0,0,0
sqlalchemy,ddc326585a5a40d5c5e18444b14022e78751cdbb,1659364153,Mike Bayer,4,8,171,31,55,49,2750,0,0,6
sqlalchemy,1ecbf14cc24aa0b1d303926178941c1f7f9fe93b,1658936217,Mike Bayer,4,29,176,28,60,56,2375,0,0,4
sqlalchemy,63d90b0f44016b15bed6c4108d90a71c15f05a09,1659177637,Federico Caselli,2,9,149,17,77,67,2746,0,0,10
sqlalchemy,37b8c5e755cefd9ae0fdf6816dae09b519be3b06,1659454475,Mike Bayer,1,1,2,0,2,1,67,0,0,1
sqlalchemy,5741068012ff60ccd0b2c2b3451eb923954cc195,1658493084,Gord Thompson,3,11,140,42,77,69,3095,0,0,8
sqlalchemy,ea6fb4ff5bcffcf71cdbc587504f10f03fe921ca,1659564579,Mike Bayer,1,0,2,2,0,0,0,0,0,0
sqlalchemy,f684bb7659ff195d4c55414162c1de4fbfdafc2f,1659550112,Mike Bayer,11,5,122,5,15,10,347,2,87,3
sqlalchemy,0b57cc9564caba442febb76a224a96c2b263ba10,1659574070,Mike Bayer,1,0,4,1,0,0,0,0,0,0
sqlalchemy,dc5a1c482ee1a8faf15fd81db866e5f72c1c719f,1659619607,Mike Bayer,1,2,2,1,2,2,111,0,0,0
sqlalchemy,8032bfdcee30023aa2facf80be0d3627a8467149,1659567545,Mike Bayer,3,1,20,4,7,7,284,0,0,0
sqlalchemy,eeff036db61377b8159757e6cc2a2d83d85bf69e,1656457508,zeeeeb,6,11,574,8,72,48,1937,0,0,24
sqlalchemy,d2887d03a28b09e9be7db17d7603b6b0a4715df3,1659563419,Federico Caselli,5,30,131,45,52,52,2406,0,0,0
sqlalchemy,82a1d4096fbfe94e2fa626d65d5c3beb2c6afa37,1659471498,Mike Bayer,5,17,320,40,87,76,3159,4,179,7
sqlalchemy,fce1d954aa57feca9c163f9d8cf66df5e8ce7b65,1659623279,Mike Bayer,12,48,612,153,495,374,14436,1,43,120
sqlalchemy,9f992e42189746a7aff497abcf6ea9c08ab79e97,1659560123,Mike Bayer,10,27,434,49,197,146,6001,20,914,31
sqlalchemy,8cb6fbfb6589078484f29059dab6bd3e3646f938,1659719864,Mike Bayer,1,1,0,279,0,0,0,0,0,0
sqlalchemy,85fa363c846f4ed287565c43c32e2cca29470e25,1659734705,Mike Bayer,3,1,78,12,13,10,415,3,146,0
sqlalchemy,b7c7864490186d1bea31b08cc94d60ef1ce96b3c,1659974910,Mike Bayer,3,3,3,3,3,3,234,0,0,0
sqlalchemy,c4b7f1f7c9745a72f22886e6ca487f3c631a20f5,1660149617,Mike Bayer,4,15,100,18,100,68,3216,0,0,32
sqlalchemy,ddbd9dafffdedf6fb464947394c81c8b02153e14,1659208340,Daniel Hall,4,15,197,26,155,141,5776,0,0,14
sqlalchemy,6f75807063771496a34b7725d2565acf2528d76f,1660227649,Mike Bayer,5,17,1162,1097,1162,924,34046,62,2934,176
sqlalchemy,a134ec1760df6295d537ff63df7aee83d957bf6a,1598314639,RamonWill,2,5,248,0,84,72,3087,2,78,10
sqlalchemy,0cad8827c27c87d70db522ec88a89ca3c2a4ef76,1660343714,Mike Bayer,1,2,2,0,2,2,122,0,0,0
sqlalchemy,6cef8526226ab6033dfef1f793be87bff2160c04,1660143191,Mike Bayer,8,71,397,62,162,151,6968,0,0,11
sqlalchemy,0eea54e84df104ffe8bc246eb82e4a7a2cf05079,1660742253,Mike Bayer,1,1,0,3,0,0,0,0,0,0
sqlalchemy,2e7117ab1b584e678380c70625ad1331cea551d0,1659436077,Federico Caselli,7,14,95,34,51,37,1343,6,339,8
sqlalchemy,a58f1b9c698dc7be29d43f2c4c21de8918943f77,1660756011,Mike Bayer,2,2,114,7,13,12,585,0,0,1
sqlalchemy,bbb82271d3ff982405a8c475f2e38ddb18339b44,1660674312,Mike Bayer,5,19,279,66,103,72,3703,21,1202,10
sqlalchemy,6370d6b15f52abdbbadca3707e3722b984daff53,1660066274,Mike Bayer,5,29,267,32,185,151,8092,0,0,34
sqlalchemy,a47d76ca25275344345b208def5f72292e8687b4,1660838044,Mike Bayer,1,11,23,22,23,21,880,0,0,2
sqlalchemy,d0abdbe247dc82db51aa0af3d31b051042a8ba87,1660772839,Mike Bayer,3,12,164,36,47,40,1952,0,0,7
sqlalchemy,319e5a3d8e92ccc97faeeaecd55313131e5a611b,1660918594,Mike Bayer,1,1,0,18,0,0,0,0,0,0
sqlalchemy,e7b2055866f315a77e1e19a832a5afdae90bfd9f,1660921961,Mike Bayer,1,2,6,2,6,4,164,0,0,2
sqlalchemy,c5a316053d6201981240c7f8fb73934a0b241b7c,1660661088,Mike Bayer,6,77,573,156,280,234,11278,10,476,36
sqlalchemy,7842678484b9d00a64fab29cdc9e252754ac19ae,1661097500,Mike Bayer,3,3,165,34,7,3,166,2,100,2
sqlalchemy,25fa4c0250730958c39676007cc39df7b0ee2124,1661190908,Mike Bayer,1,1,1,1,1,1,71,0,0,0
sqlalchemy,27bf1c1c287debb69c4644bf6dc35e3bad5470ad,1661196571,Mike Bayer,1,0,1,1,0,0,0,0,0,0
sqlalchemy,08c96ff74c36b471724e7d161bdc594f21893b33,1661060144,John Lennox,3,6,187,7,21,21,869,0,0,0
sqlalchemy,776abf43d7404a3fa165588fd1e1e2d5ef9a9f04,1661261286,Mike Bayer,6,17,77,16,61,49,2035,0,0,12
sqlalchemy,1c9da1e1d7ef7994328de2248b69a1a582766272,1661360769,Mike Bayer,1,0,1,0,0,0,0,0,0,0
sqlalchemy,e14a8e3295d289e256bf236d0461034f35b7fcc3,1661450716,Mike Bayer,1,0,2,2,0,0,0,0,0,0
sqlalchemy,fa30381444803af15eb128eabd7dd49609716f01,1661604482,Federico Caselli,1,0,3,2,0,0,0,0,0,0
sqlalchemy,237969087f286451aee4647a4ff5e391fc2bd8aa,1661792187,Mike Bayer,1,0,2,3,0,0,0,0,0,0
sqlalchemy,7b67920fcbc5007f4177b030728a986b8fcc8d81,1661337151,Trevor Gross,3,0,14,17,0,0,0,0,0,0
sqlalchemy,d8e135a474bdc2147786ec8919facc8f6fdf84f6,1661799421,Federico Caselli,1,0,3,2,0,0,0,0,0,0
sqlalchemy,b7f1fb5879606934abb54a8b75e4613339bc8f29,1661784216,Mike Bayer,5,5,84,13,42,19,816,17,920,6
sqlalchemy,2f146b172ad228e40f1e8d5f1d2abc888ae5e669,1661867403,Mike Bayer,3,12,80,22,80,57,3502,4,89,19
sqlalchemy,e15cf451affdef95b3248d1ea5c31ac923e661c3,1661869547,Mike Bayer,4,3,73,0,28,22,1009,0,0,6
sqlalchemy,613642d9639f47ad11ab62a3fa71f6132edbaa0d,1661870844,Mike Bayer,2,1,3,0,1,1,48,0,0,0
sqlalchemy,d3e0b8e750d864766148cdf1a658a601079eed46,1661958443,Mike Bayer,5,14,83,33,25,23,1085,0,0,2
sqlalchemy,282d86d1086b0aaaa0cc1a6eede922ce8214e8d0,1661812009,Federico Caselli,1,0,62,150,0,0,0,0,0,0
sqlalchemy,c3cfee5b00a40790c18d444a1ea1454aafc27889,1662073900,Peter Schutt,3,9,38,8,11,9,415,0,0,2
sqlalchemy,645977088404da0ed6d72ae7638a7d23dcf1e8e7,1662052220,Gord Thompson,2,3,44,19,25,24,1012,0,0,1
sqlalchemy,741534d840daeeba73aad1703b5bdeb3a0b86db9,1662320686,Federico Caselli,3,3,39,2,20,8,332,8,377,4
sqlalchemy,885c61cf226695cafa12e56ed047ba761c2f7f93,1662585203,Mike Bayer,3,2,18,7,10,9,307,0,0,1
sqlalchemy,93aaf16727f1750d74df1f37b86fcbc7f4a8b139,1662568566,Matias Martinez Rebori,7,22,949,21,415,309,14930,2,84,104
sqlalchemy,e0d441bba860aff3b3f4970b48fb13b3149c98db,1662659201,Mike Bayer,1,0,1,1,0,0,0,0,0,0
sqlalchemy,fcd298e1afe9b309de34d28b35e4debc3940d6b9,1662657548,Mike Bayer,3,7,102,3,21,17,583,0,0,4
sqlalchemy,efbe38d8e8186c1816d2d3b052f92965787649da,1662751793,Federico Caselli,2,1,13,0,6,5,186,0,0,1
sqlalchemy,14b634d7065446d146456eed006c4969a7972b1a,1663081246,Mike Bayer,2,18,113,19,49,47,2086,0,0,2
sqlalchemy,0ee7d693b805c0f1aea0da5ebc11ea6e52b42c71,1663245754,Mike Bayer,2,4,58,29,28,28,1118,0,0,0
sqlalchemy,939f77c94b4e47ea611672a85047b61ab7e3590b,1663096992,Federico Caselli,2,4,8,4,8,8,320,0,0,0
sqlalchemy,2e302b2d8feca685c8f1b8e2174f239086d239fa,1663098470,Federico Caselli,4,4,36,0,25,21,632,0,0,4
sqlalchemy,20917c591848792932dfebbe6580276a885385a5,1663274528,Federico Caselli,2,2,12,2,2,2,125,0,0,0
sqlalchemy,02fe382d6bfc5e8ccab6e2024a5241379a02b7e0,1663413155,Federico Caselli,5,2,63,2,5,5,175,0,0,0
sqlalchemy,c88bb2167b1c4b39c7f9378b621bb8d429269d90,1663425235,Mike Bayer,1,11,19,14,19,18,999,0,0,1
sqlalchemy,9020e104ebc7f4a0a3a44395c558fb0e119c32ee,1663604327,Mike Bayer,2,10,43,9,30,23,1133,0,0,7
sqlalchemy,c9af2ebf5e5d288aea3a3a26bdf950e08ac4f927,1663594840,Mike Bayer,5,10,85,5,30,21,955,5,269,4
sqlalchemy,9ae645d5d1a8cc7732a6d335be6205d0b21e31b1,1663690874,Mike Bayer,5,8,133,5,44,27,1176,9,469,8
sqlalchemy,d50bbd56740f86bb363b405f7d8e5df9667bb4e3,1663953616,Mike Bayer,1,0,5,2,0,0,0,0,0,0
sqlalchemy,57b400f07951f0ae8651ca38338ec5be1d222c7e,1663960677,Mike Bayer,7,8,157,17,21,9,332,8,343,4
sqlalchemy,3333c6623fa45bcbc7fabd061184a79b7b7f2fa6,1663863148,Yassen Damyanov,6,1,69,25,0,0,0,0,0,0
sqlalchemy,2bcc97da424eef7db9a5d02f81d02344925415ee,1658171317,Mike Bayer,40,202,2683,981,1438,1155,51481,48,2402,235
sqlalchemy,a8029f5a7e3e376ec57f1614ab0294b717d53c05,1659888859,Mike Bayer,43,286,8525,4798,2291,1884,74838,94,4685,313
sqlalchemy,65aa9b8a98c068de2f30ebfc719e4541df6ddcac,1664122822,Federico Caselli,1,13,23,25,23,23,977,0,0,0
sqlalchemy,29838ef584d49e5ecca08f76e4966454dc7f060f,1664132182,Mike Bayer,3,1,65,3,16,14,683,0,0,2
sqlalchemy,81d8394c0b5342cdc603cb2e07e12139c9506bf6,1660845410,Mike Bayer,24,82,680,2193,227,203,11321,0,0,24
sqlalchemy,c86ec8f8c98b756ef06933174a3f4a0f3cfbed41,1664116635,Federico Caselli,6,4,156,110,11,10,394,0,0,1
sqlalchemy,74f6e38ec717979bcde76244c94b1d8c519a5b63,1664156448,Mike Bayer,2,4,28,6,8,7,328,0,0,1
sqlalchemy,066aed68171b3106c01e5b1f708b036594f32840,1664196899,Mike Bayer,3,0,8,3,0,0,0,0,0,0
sqlalchemy,8c07c68c36815de6cb3aeeeb87a94824310cb551,1664229942,Mike Bayer,2,3,3,3,3,3,59,0,0,0
sqlalchemy,4df1f8393d4f44e74f82d35cf7237b28632a7745,1664245865,Mike Bayer,3,1,10,0,6,4,147,0,0,2
sqlalchemy,eddf474d528f55a2ed56e3dac1b0e5decd1e0952,1664288608,Mike Bayer,1,0,1,2,0,0,0,0,0,0
sqlalchemy,abcd088551fda5490ad56c401a8e8260fae0dcfd,1664557624,Mike Bayer,1,5,48,7,48,36,2009,0,0,12
sqlalchemy,23dbf572cec3802d9d54d2f5a52eeaeb18d1c26f,1664314197,Federico Caselli,1,0,289,0,0,0,0,0,0,0
sqlalchemy,fe617840447db8061c7cd39ace559f898a9cf0bd,1664564011,Mike Bayer,2,11,78,13,78,57,3201,0,0,21
sqlalchemy,b2c20d8a532dc302ea324ee00b2f18e58b98d382,1664677478,Mike Bayer,1,0,18,12,0,0,0,0,0,0
sqlalchemy,dcbda9f1eac8bcb81c8b3b1624ffebf76627a138,1664574402,Federico Caselli,1,0,109,64,0,0,0,0,0,0
sqlalchemy,04a72ff3a94228dcf17d104616daec0c4b6c251e,1664660995,Federico Caselli,1,0,2,0,0,0,0,0,0,0
sqlalchemy,7051dc5842a6e3012578b2430dbc90ceff8d7050,1664727503,Mike Bayer,1,0,77,15,0,0,0,0,0,0
sqlalchemy,6c180ab7434371bc0206e6fcd41df94061b82c80,1664760131,Mike Bayer,6,21,48,23,48,39,2326,0,0,9
sqlalchemy,b295a3b58f13d566c37244448218e4287f5e47ee,1664811627,Mike Bayer,1,1,14,7,14,12,819,0,0,2
sqlalchemy,a5252fa36631fc086f6ab374b69bf27393e390a2,1664785049,Federico Caselli,1,0,123,155,0,0,0,0,0,0
sqlalchemy,a45e5f17543bf34f8eb1c5920e2b8a16c8a2d4b4,1664833208,Mike Bayer,1,0,2,2,0,0,0,0,0,0
sqlalchemy,9829bc43d69ea5e714014f5ac5f036a94d13bc08,1664503138,John Bodley,3,3,21,3,6,4,200,0,0,2
sqlalchemy,b6eed88ef4ebb3fd7035b4e366bf6653ebb26d15,1662494410,Jesse Bakker,5,31,85,42,53,46,1875,0,0,7
sqlalchemy,566cccc8645be99a23811c39d43481d7248628b0,1664470583,Mike Bayer,29,134,399,162,297,248,11023,3,120,46
sqlalchemy,276349200c486eee108471b888acfc47ea19201b,1664217524,Mike Bayer,27,101,2450,1013,985,776,31161,19,876,190
sqlalchemy,1d71cd35133f204370af4bef7db2285613770ea1,1665076351,Mike Bayer,1,0,2,2,0,0,0,0,0,0
sqlalchemy,153a95a38d844c9a8b8cd93b758a557a9ad23315,1665087999,Federico Caselli,1,0,36,22,0,0,0,0,0,0
sqlalchemy,6bf32f56e28d14f6ba15517dea34a87d37bbe644,1665156308,Mike Bayer,4,2,71,1,2,2,62,0,0,0
sqlalchemy,b580b425c37da7d0d4027e588bffcb876d979eb2,1665071826,Mike Bayer,3,2,7,2,6,4,237,0,0,2
sqlalchemy,4ef7bcf580844a431c5354896e954ca4ce1042ce,1665165796,Mike Bayer,20,28,207,110,92,74,3307,0,0,18
sqlalchemy,9d132a7cf96678a732b06266fa0a35279268604b,1665512560,Mike Bayer,1,4,18,13,18,8,348,4,242,6
sqlalchemy,c35921b79e1683d3738a69f8ff6a892c3c2846e2,1665424984,Mike Bayer,6,2,64,4,20,19,1133,0,0,1
sqlalchemy,d4b8b41832267918e74c114c26def5b38d15e9e2,1665516555,Mike Bayer,1,0,10,4,0,0,0,0,0,0
sqlalchemy,4580239b35642045c847c6faac8dd4fe304bb845,1665522103,Mike Bayer,5,31,196,53,127,100,4318,0,0,27
sqlalchemy,08880fc5bb6467bce684dfbe7995b3f3b32aee57,1665665257,Mike Bayer,1,0,9,2,0,0,0,0,0,0
sqlalchemy,cfd5b3e78fdd58174ba8f107412851938524ca1c,1665666724,Mike Bayer,6,0,3,6,0,0,0,0,0,0
sqlalchemy,80372f6c4c2e7817a49c787d746aef8e5f99c7d8,1665670381,Mike Bayer,1,1,5,0,5,3,100,0,0,2
sqlalchemy,08f6b002515925d0494c15011d6e7754c039f8bc,1665674731,Mike Bayer,1,0,1,1,0,0,0,0,0,0
sqlalchemy,4f7d9758cd97ddf554bbadb1c29c0affaac39c70,1665675172,Mike Bayer,1,1,1,1,1,1,23,0,0,0
sqlalchemy,2b966de4196c8271934769337780f7d504d431cf,1665861621,Mike Bayer,4,67,243,55,135,128,5199,1,55,6
sqlalchemy,f2056ca03f187abd0840093bb5409a449d0e18f6,1665959444,Mike Bayer,3,6,6,6,6,6,267,0,0,0
sqlalchemy,8db3744f9f787a0e5f5464b6abd4e45ec787221d,1666021987,Mike Bayer,4,5,93,62,47,30,1161,11,627,6
sqlalchemy,974b1bd0fc40e11fc2886b5a9fc333feeeebf546,1664027426,Federico Caselli,31,14,392,166,53,39,1959,4,203,10
sqlalchemy,3668889426bde1cfe31aca387a9c54fe56a66ff7,1666115839,Federico Caselli,1,0,5,2,0,0,0,0,0,0
sqlalchemy,f4214975a7deb5e13f8b6cf21e39697821396a7f,1666100677,Mike Bayer,4,4,205,12,13,13,513,0,0,0
sqlalchemy,de7007e7cc6231b067df71ca79efee75f3317eae,1666113906,Mike Bayer,4,4,122,1,14,9,302,0,0,5
sqlalchemy,257002227b811c85c7887236321d9965455889bc,1666141265,Mike Bayer,3,5,21,11,10,10,504,0,0,0
sqlalchemy,05d5f90d184494782d3ed6a24f6dd6b48bb31946,1666186904,Mike Bayer,5,9,122,5,51,38,1444,0,0,13
sqlalchemy,4e8777b03f194ff0012bdd32fabd8a398a93687b,1666120128,Federico Caselli,4,3,18,2,7,5,156,2,127,0
sqlalchemy,fa6ce947a2804b71880d4fc768df01768f13543d,1666281933,Mike Bayer,2,11,41,3,15,8,391,0,0,7
sqlalchemy,d6c0dfa2d8bb7341f6dc6494d5c20429c4f1c173,1666287654,Mike Bayer,1,0,2,2,0,0,0,0,0,0
sqlalchemy,8e3ec05b2e4b3f22089b531b737c12c249fd2d8e,1666288042,Mike Bayer,1,1,1,1,1,1,23,0,0,0
sqlalchemy,8370edb4ccca2055635107855b58c795fccbeaf1,1666325470,Mike Bayer,5,4,134,82,43,32,1610,9,412,2
sqlalchemy,e9df3e8de0caaea20ddf0ab7f46b1110ba6dd0e9,1666370224,Mike Bayer,4,13,53,23,19,19,869,0,0,0
sqlalchemy,25619f27836e80351e078c8badc47b3e0acccf5d,1666379483,Federico Caselli,2,3,30,1,13,11,453,1,9,1
sqlalchemy,e9bdd1adefd873e71bc23e109a419d6389ca5572,1666425438,Federico Caselli,1,1,1,1,1,1,39,0,0,0
sqlalchemy,c02f6b744d304578fe67da2e13d2c02ab71140d2,1666535673,Mike Bayer,1,0,24,17,0,0,0,0,0,0
sqlalchemy,bd1777426255648215328252795dff24dfd08616,1666567494,Mike Bayer,2,3,120,2,11,2,74,7,382,2
sqlalchemy,b1cd6e4295b07e01983deb2845f6e22a059f5b76,1666653851,Mike Bayer,2,3,45,0,36,18,801,13,653,5
sqlalchemy,eae9d1420bbfde4dbd835b654e80653cd5ac2155,1666707734,Mike Bayer,2,1,27,1,10,10,396,0,0,0
sqlalchemy,b2473649e06c1d6d29baeffb1f6ca3d75a1baca8,1666625376,Mike Bayer,14,15,499,199,184,138,5935,26,1350,20
sqlalchemy,73be84ae46473703dcf7b8d39e9666496fb07c8f,1666805241,Mike Bayer,3,12,192,10,33,16,591,12,529,5
sqlalchemy,caa9f0ff98d44359f5162bca8e7fe7bcaa2989a7,1666877282,Mike Bayer,2,2,40,1,6,2,82,3,141,1
sqlalchemy,c262184ae5bac969b18eff8e10ba6d94c229499d,1666936143,Mike Bayer,1,3,17,16,17,15,725,0,0,2
sqlalchemy,50d3b85c693a4ca673bcabd711f130ae58111f16,1666936188,Mike Bayer,2,0,34,5,0,0,0,0,0,0
sqlalchemy,59f2d0c96152128d8e02e43dcda045593153c86e,1666806032,Mike Barry,4,2,86,33,5,4,193,1,32,0
sqlalchemy,28541188aedb4074facc230a8d270be62c70bcce,1666839591,Mike Bayer,5,4,288,2,30,21,1006,4,229,5
sqlalchemy,99e7afb4b2d82baff80f5d1fe1b2d1b21cbbec09,1667088505,Mike Bayer,2,4,115,3,7,1,38,5,287,1
sqlalchemy,b4261c45ab5861e86eb26cc08510fb114db0ec12,1666728050,Mike Bayer,13,31,513,63,306,244,12550,6,216,56
sqlalchemy,66f3533de86506327c753c1ea80b121692535745,1667224311,Mike Bayer,8,48,110,25,88,85,3410,1,14,2
sqlalchemy,32b2b31da2017fae8fcb759a52ad3d7081dec933,1667243374,Mike Bayer,2,1,84,58,27,14,617,7,302,6
sqlalchemy,7249fa4a51f20c6c62ba94241900600023662bdb,1667392779,Mike Bayer,1,1,1,1,1,1,76,0,0,0
sqlalchemy,66e591cf8a5de6d5dabdecf2bb279dec90962e15,1667421870,Yomain,1,1,1,1,1,1,87,0,0,0
sqlalchemy,d10b62f54e6b9dd0613c0412b924c1b346ec1611,1666036933,Federico Caselli,28,208,492,187,386,339,16823,18,675,29
sqlalchemy,e8124b29b07fd17ab2f2b6892534dcc4b0797ab4,1667392421,Lele Gaifax,3,6,456,22,208,154,5829,16,610,38
sqlalchemy,b96321ae79a0366c33ca739e6e67aaf5f4420db4,1666703409,Mike Bayer,14,49,698,72,355,257,9813,28,1445,70
sqlalchemy,7b6259c0f3ae411976f8febfe41f2c5fc3490b13,1667580523,Mike Bayer,3,3,59,1,34,26,1140,0,0,8
sqlalchemy,c0b8bdcaf020e8d043b9f9bce3e53d19e4fb79a0,1667574253,Mike Bayer,5,16,389,38,140,98,3696,21,1141,21
sqlalchemy,35648a109427308f67f23d87b2246c388fc5a2e1,1667596143,Mike Bayer,1,0,2,2,0,0,0,0,0,0
sqlalchemy,157af86615793d5fe46e18730204f45b09a40682,1667596501,Mike Bayer,1,1,1,1,1,1,23,0,0,0
sqlalchemy,9febc1a53e4dbb363b1ead65bbe47e0c4f948bae,1667658396,Mike Bayer,1,0,3,0,0,0,0,0,0,0
sqlalchemy,da86567e381c5a8f63e199aa781c52294c31332f,1667659521,Mike Bayer,1,1,1,1,1,1,69,0,0,0
sqlalchemy,4e0fc0b75a15995d961e44a7fafd2fadab9ec335,1667950093,Mike Bayer,1,0,7,5,0,0,0,0,0,0
sqlalchemy,ebb54e80a5a52d0cce4cba1abc21c707a42c2c73,1668003224,Mike Bayer,12,44,83,50,71,53,2204,11,509,7
sqlalchemy,e3a8d198917f4246365e09fa975d55c64082cd2e,1668037314,Mike Bayer,5,15,123,26,26,21,853,4,203,1
sqlalchemy,8e91cfe529b9b0150c16e52e22e4590bfbbe79fd,1667864403,Mike Bayer,9,10,277,8,46,44,1455,0,0,2
sqlalchemy,604611e7e522269ee11b314fb6fb75873a465494,1668177966,Mike Bayer,2,0,5,1,0,0,0,0,0,0
sqlalchemy,1d8833a9c1ada64cfc716109a8836b32cb8a9bd6,1668117718,Mike Bayer,11,12,219,10,59,42,1762,7,281,10
sqlalchemy,9f4ac8d155f58b59cf314cfbc73195ed51a0c146,1668280526,Federico Caselli,4,2,11,1,2,2,85,0,0,0
sqlalchemy,eea0f44bbdb759368996dcdb241e837c7c809fb9,1668434096,Mike Bayer,7,6,81,16,25,22,832,0,0,3
sqlalchemy,9237bf15e612ba82555444751bd69dc2a831e7f4,1668460275,Eitan Mosenkis,2,2,8,6,8,8,610,0,0,0
sqlalchemy,2fdfb5527ee0fe55d094f474951db7997b7b5422,1668521004,Bryan Forbes,1,1,1,0,1,1,47,0,0,0
sqlalchemy,93dc7ea1502c37793011b094447641361aff5aba,1668358183,Mike Bayer,8,8,355,20,51,32,1566,8,422,11
sqlalchemy,d5be2cc1391d0ff4b21557b036eba4713fde7bcf,1668394133,Mike Bayer,9,77,357,133,327,290,12068,10,482,27
sqlalchemy,bc696220bb0e183e26e52b3bd771459e387964a1,1668544054,Lele Gaifax,2,19,831,135,403,309,11412,34,1793,60
sqlalchemy,4eb4ceca36c7ce931ea65ac06d6ed08bf459fc66,1667505141,Federico Caselli,204,407,1891,2315,1050,1050,30034,0,0,0
sqlalchemy,200e70b9745f1f344be4a35bb8f2b5f01b40d467,1668647478,Mike Bayer,2,3,49,5,18,14,560,3,147,1
sqlalchemy,ece524c0059d0814e45f4bba63abebd7e9af4b8b,1669038694,Mike Bayer,2,1,19,0,2,2,68,0,0,0
sqlalchemy,caa9293e2e0d0b186a24962ad72b954271934913,1668894142,Mike Bayer,10,21,165,8,71,48,2075,6,371,17
sqlalchemy,e43e240a0088ac429eb551c7ea1c537c266b4853,1668904684,Sam Bull,3,6,78,0,54,50,1114,0,0,4
sqlalchemy,447249e8628ff849758c1a9cdf822ae060b7cb8b,1669072073,Federico Caselli,1,1,5,0,5,4,224,0,0,1
sqlalchemy,509ffeedefca1ad0ad8e29c6c3410d270fb3d2b9,1669042003,Mike Bayer,5,18,198,15,84,51,1935,15,477,18
sqlalchemy,ba0e508141206efc55cdab91df21c18e7dd63c80,1668612186,Gleb Kisenkov,1,78,195,102,195,187,7601,0,0,8
sqlalchemy,ab84559ca0f4cce1638a00f48295085e18ecaf45,1668620754,Mike Bayer,2,1,65,1,1,1,51,0,0,0
sqlalchemy,fbec926c4744aa97a48a011939354c8b8f8be566,1669243470,Mike Bayer,1,1,1,1,1,1,50,0,0,0
sqlalchemy,f99300c4e8d1317a94cbfeaec6fe22de8f1159f7,1669301532,Mike Bayer,1,0,2,0,0,0,0,0,0,0
sqlalchemy,df3bd8d29740e846d7faac842a6e2de16cf483f0,1669219108,Mike Bayer,6,6,177,10,26,21,755,2,92,3
sqlalchemy,e3710b405ff2680bf67c0eb0cf91182f9094237d,1669412968,Mike Bayer,4,2,246,3,4,2,132,0,0,2
sqlalchemy,34e29f7b225cf1305e151af9d03ef95f42a9dbcc,1669475642,Mike Bayer,1,0,1,0,0,0,0,0,0,0
sqlalchemy,25c2b7dd105a6622eff2c7631d3c2d6eb978dc1f,1669487089,Federico Caselli,9,8,2388,421,32,31,1380,0,0,1
sqlalchemy,5cc3825da3cdda6bd80e4fe7250b795c15ca4be3,1669478625,Mike Bayer,5,0,106,30,0,0,0,0,0,0
sqlalchemy,61443aa62bbef158274ae393db399fec7f054c2d,1667941967,Federico Caselli,8,16,277,172,78,61,2601,2,119,15
sqlalchemy,14c73685ba909838fb90d762d465e7ae8d067c15,1669311500,Gord Thompson,1,2,14,8,14,14,972,0,0,0
sqlalchemy,771a5d1a4b517fe56d79caf254e10c12024295ef,1669578253,Lele Gaifax,2,1,5,1,1,1,29,0,0,0
sqlalchemy,0c50f8dfdeb8adf997cbc8aa03443e8e47761cb3,1669651129,Mike Bayer,7,26,174,67,89,75,3206,11,613,3
sqlalchemy,ed39e846cd8ae2714c47fc3d563582f72483df0c,1669639951,Tobias Pfeiffer,3,4,108,2,49,35,1288,10,464,4
sqlalchemy,78833af4e650d37e6257cfbb541e4db56e2a285f,1669569094,Federico Caselli,10,19,33,19,32,26,1083,0,0,6
sqlalchemy,0b239579f03c82f7669d77c238e4fda8638fb9c3,1669566531,Lele Gaifax,4,4,82,0,24,18,669,1,52,5
sqlalchemy,9c9fd31bcea3beaed6d14fde639e65f6b43bea09,1669569094,Federico Caselli,8,18,550,10,131,101,4529,2,97,28
sqlalchemy,3e3e3ab0d46b8912649afc7c3eb63b76c19d93fe,1669404570,Mike Bayer,10,53,575,161,260,208,10158,17,723,35
sqlalchemy,07760011b5176be03c7811e9a45933b473b8b80b,1669764979,Michael Gorven,2,3,70,1,11,9,409,0,0,2
sqlalchemy,0042076f5db0cdeceee51b5ce32d76cc54c2af69,1669815650,Simon Schiele,4,24,90,25,55,46,2246,0,0,9
sqlalchemy,de68627dd1ba9c2dd44bb3d11be1a3945b285205,1668704626,Mike Bayer,8,32,245,82,93,72,3532,3,138,18
sqlalchemy,e3b905be21f392b17817decff5e1e76f02ccad03,1669928638,Mike Bayer,2,1,72,62,4,4,131,0,0,0
sqlalchemy,0f2baae6bf72353f785bad394684f2d6fa53e0ef,1668886750,Federico Caselli,11,37,563,97,109,104,4551,1,58,4
sqlalchemy,7a5a4c14545f4d86d9fb49a2ef50c74119e919d3,1670017002,Mike Bayer,1,0,1,0,0,0,0,0,0,0
sqlalchemy,96db7cdd53ee9004be66545989b4ac5632bb7ccf,1670018410,Mike Bayer,2,4,67,7,4,4,247,0,0,0
sqlalchemy,c1b7600d9ec6cb29eb48455726799a6779704240,1670085595,Federico Caselli,6,17,62,12,26,25,1237,0,0,1
sqlalchemy,1284fa377e53f03cec061d7af16f269ad73fa7b9,1670076674,Mike Bayer,9,16,360,73,77,69,2796,0,0,8
sqlalchemy,ca46caede4b8d846f3cd48e642922ae821d0be2b,1670214314,Mike Bayer,3,0,55,39,0,0,0,0,0,0
sqlalchemy,422d8d3bcbf2b60f053ab76c3fc29f33242ccf4b,1670247925,Gleb Kisenkov,3,38,244,62,244,224,7181,0,0,20
sqlalchemy,06c234d037bdab48e716d6c5f5dc200095269474,1670000320,Federico Caselli,24,75,964,347,432,347,14389,19,853,66
sqlalchemy,3da784be647125f8727a92d1e386155e1f53c671,1670205073,Lele Gaifax,2,82,182,82,164,149,6870,0,0,15
sqlalchemy,54db0518b0fe7a4a0b7d03b83aed6e7b6fa12e1b,1670173357,Mike Bayer,4,8,161,11,13,8,331,3,143,2
sqlalchemy,a11d8754d93f59332646e3e6258e2c560b47d7f8,1670282089,Mike Bayer,1,0,2,2,0,0,0,0,0,0
sqlalchemy,1e838e623a1a43690252f88febafd31442286597,1670282493,Mike Bayer,1,1,1,1,1,1,23,0,0,0
sqlalchemy,939daf368012037637472239508e180abd716e79,1670362290,Mike Bayer,1,0,1,1,0,0,0,0,0,0
sqlalchemy,59f5beff1928e752b33d65a541cd68295ae0a5f1,1670441025,Mike Bayer,2,0,169,161,0,0,0,0,0,0
sqlalchemy,3d8d366e1b5e2f0caa728a741dad5e467b67c7ac,1670446499,Mike Bayer,3,1,41,8,1,1,37,0,0,0
sqlalchemy,66c6b8558a6b64820b790199816acc66deffdacc,1670274719,Mike Bayer,8,55,481,75,243,176,7521,37,1729,30
sqlalchemy,8a152ec391118a05ac54974d0f013cf0e99c7832,1670515231,Mike Bayer,3,29,553,83,141,112,5287,0,0,29
sqlalchemy,7e9b1450b6899c82c9362cbc92fcc0f01c97b043,1670604934,Gord Thompson,1,0,7,4,0,0,0,0,0,0
sqlalchemy,30e42a8d302ac7885e4d2f8547038ab66480346a,1670524489,Federico Caselli,3,167,256,283,256,251,15034,0,0,5
sqlalchemy,44170aee47a021883c6244f702de2e4385a5cd1d,1670619375,Mike Bayer,2,1,47,1,1,1,57,0,0,0
sqlalchemy,e0eea374c2df82f879d69b99ba2230c743bbae27,1670539735,Gleb Kisenkov,3,36,204,53,202,181,6838,0,0,21
sqlalchemy,6221c53ca86787e2de55de8b203658adcdf3b8a1,1670870847,Mike Bayer,2,9,75,17,25,17,661,4,152,4
sqlalchemy,a8d76cff39dbaf6354d42d35cd68332df469d124,1670886307,Mike Bayer,3,1,26,1,1,1,40,0,0,0
sqlalchemy,2bac535f506dd68595d64d6cdf21e2d4937c2c9f,1671043751,Mike Bayer,4,6,141,3,21,20,802,0,0,1
sqlalchemy,1e05901bbe88f86060db13ceffc415e098e653f4,1671052738,Federico Caselli,3,3,54,7,20,20,902,0,0,0
sqlalchemy,d27764d5bc63ae2ebc2e0db1d88af9a0e0f2f590,1670609299,Federico Caselli,1,43,152,5,152,79,3658,0,0,73
sqlalchemy,f217a5c337ff8bf76edf96b3b38c91dceeebf67f,1671096423,Lele Gaifax,2,5,11,4,7,6,334,0,0,1
sqlalchemy,e06ef2154210ce1a5ced6f58330a258f7adfaa55,1671117756,Mike Bayer,2,9,86,26,56,47,1906,3,125,6
sqlalchemy,7b84c850606c7b093b4260c08ff4636ff1bdbfef,1670980034,Mike Bayer,8,26,601,2,317,225,9781,10,544,82
sqlalchemy,8e4e325319eaadb81cc1b6e8c8db7cc1a6b920bd,1670545897,Mike Bayer,10,15,431,81,71,55,2996,8,483,8
sqlalchemy,d7107641c309e0b7db9b0876ac048dbb38316ba6,1671213381,Mike Bayer,3,12,131,18,92,75,2959,4,206,13
sqlalchemy,f8fd9ce23350c1f8fad13ff78506b100670a5896,1671210981,Mike Bayer,7,48,99,48,48,48,2628,0,0,0
sqlalchemy,e852362bfdf9a18dfd91137f4a2d7c2dfee30082,1671217548,Mike Bayer,1,1,1,1,1,1,29,0,0,0
sqlalchemy,d480546fbcf6cafcbd166240d9c39e4b9204ccc4,1671223472,Mike Bayer,6,20,381,88,134,70,2737,56,2902,8
sqlalchemy,946058ec6070ab4db9fdfab612ec4543fea9cd1c,1671456891,Mike Bayer,2,0,12,0,0,0,0,0,0,0
sqlalchemy,f2b36ede482403a1d7631dca4cf7151898472598,1671395739,Mike Bayer,2,1,32,22,1,1,49,0,0,0
sqlalchemy,33f15740a0b72bae64fc2c2f6d0f9724cfe9164a,1671049967,asimfarooq5,4,8,17,0,16,10,323,0,0,6
sqlalchemy,567878e5c67d08c561dd064fe6dc25e4db7349e7,1671480935,Mike Bayer,2,3,49,19,12,10,655,0,0,2
sqlalchemy,7eaf7c48d3dab940eb442cb7aeaeb80517e0a392,1671552866,Mike Bayer,1,0,29,10,0,0,0,0,0,0
sqlalchemy,b973cbd8939f2cc0e29c668fffd507958c3e455a,1671657034,Mike Bayer,3,1,67,3,1,1,76,0,0,0
sqlalchemy,5cc18bb80077e98418b4a8066c0bc628209f3ada,1671750871,Mike Bayer,2,1,40,1,1,1,59,0,0,0
sqlalchemy,88d163490e8c99771aa7b3b6bf86bb04fd8b0207,1671804584,Mike Bayer,1,5,20,7,20,16,893,1,58,3
sqlalchemy,4338213935b4133e36d593ceec75f7fe36c13f66,1671399202,Mike Bayer,14,70,489,206,216,184,7920,18,956,14
sqlalchemy,502df8a4730abf999546e1910270004c194b0c08,1672162178,Mike Bayer,3,9,119,7,17,17,691,0,0,0
sqlalchemy,e0ea78bd079c1545ced7c9233f949fabe296cd07,1672174266,Mike Bayer,1,1,3,3,3,3,178,0,0,0
sqlalchemy,0f7ba068a91cbaa7233315d93d0d8624a6a7930f,1671558488,Mike Bayer,3,10,400,40,133,112,6430,4,151,17
sqlalchemy,5cf6b6688ba9825fdba21478bc3c70fc7c4a78f5,1672179607,Mike Bayer,2,6,10,8,10,4,208,5,206,1
sqlalchemy,3ea98184dd0842f222772f13f02a373359132281,1672180116,Mike Bayer,8,16,17,17,16,16,571,0,0,0
sqlalchemy,e68173bf7d296b2948abed06f79c7cbd0ab66b0d,1672247047,Mike Bayer,3,6,70,16,7,7,469,0,0,0
sqlalchemy,2c9c85a5c995b233b3860111b15f19157bbc43f9,1672255403,Gleb Kisenkov,1,131,352,144,352,348,13074,0,0,4
sqlalchemy,aface61c35930b9d7cc3927009e01d48f0fc49fc,1672260929,Mike Bayer,1,0,2,2,0,0,0,0,0,0
sqlalchemy,25f053b445313148bc573c984a986e1843f608a1,1672261283,Mike Bayer,1,1,1,1,1,1,24,0,0,0
sqlalchemy,f74de7bc0b886b3585536e2a3c7f1828ec8be083,1672340852,Mike Bayer,1,0,11,1,0,0,0,0,0,0
sqlalchemy,7f86be997eea27bc994b25c4fb65d72b3d4567f9,1672757286,Mike Bayer,1,1,5,0,5,3,133,0,0,2
sqlalchemy,5147bf8e3cb321b8728b3af5bb0b2644995b3793,1672767952,Mike Bayer,206,189,206,206,189,0,0,189,12337,0
sqlalchemy,72268e9387140df6444e9e88391ce604b9719639,1672788085,Mike Bayer,1,2,2,3,2,2,120,0,0,0
sqlalchemy,4a31f97824095610cfdbc1ac1180fd8690f9f477,1672842187,Mike Bayer,3,4,103,3,16,13,504,0,0,3
sqlalchemy,9c502f5788737fa65029716c73fe0f65f3dafb53,1672853442,Michael Gorven,2,1,6,1,1,1,76,0,0,0
sqlalchemy,7505cc5db44f2d3a84827519d3a7d926a9cdec23,1672893143,Mike Bayer,4,9,50,32,47,36,1871,5,290,6
sqlalchemy,6b0c3dd5fd0c0225636ce759bc4433c91c5efb83,1672846046,Guilherme Martins Crocetti,2,5,95,1,64,53,1885,0,0,11
sqlalchemy,90b979a73bc6aa70ef5aba1394c644bce1b1d6d4,1673171722,Federico Caselli,1,2,2,2,2,2,48,0,0,0
sqlalchemy,eb9d00c4b4f4f15e871aa9ea88d41023054c6e97,1673272437,Mike Bayer,5,12,82,38,19,18,828,0,0,1
sqlalchemy,3aeb30ea104ca6cbe6972f7ec64233cadbaccd82,1672932877,Mike Bayer,6,5,207,35,39,35,1501,0,0,4
sqlalchemy,2ef4b449a7709ecab45e926f0e8d0dd398fd12db,1673285890,Mike Bayer,1,1,1,3,1,1,63,0,0,0
sqlalchemy,e968297c82efa75f822d5628acacb4d5655e657c,1673295767,Mike Bayer,1,0,2,2,0,0,0,0,0,0
sqlalchemy,a950402dae2a5b2448f5f4235946b2f767c7485c,1673296133,Mike Bayer,1,1,1,1,1,1,24,0,0,0
sqlalchemy,e636917a721f4bb01264a23736c9c81e462863cb,1673362283,Mike Bayer,5,6,221,5,7,7,335,0,0,0
sqlalchemy,dce11383f83c28f2acc0ed9ee346a56d63e9fcf8,1673383184,Federico Caselli,12,75,81,79,74,74,4531,0,0,0
sqlalchemy,a06cd94baab114cd0b2fa0987267e31811d38f7a,1673465596,Federico Caselli,2,2,13,14,13,11,565,0,0,2
sqlalchemy,a37218a8e0fa03acd0eef2d57e0294cd6e96fa84,1673466247,Federico Caselli,3,7,40,4,35,26,1164,0,0,9
sqlalchemy,a2bf6f1bb4a56dfe6c6d1fe22c3a4e84f5da99bc,1673540739,Mike Bayer,1,0,62,0,0,0,0,0,0,0
sqlalchemy,ae7e74487e5aff1b9ebb832a704055ddcf042567,1673544789,Mike Bayer,7,10,16,57,16,16,272,0,0,0
sqlalchemy,06d584ad4be5c238163bd405e573a5e73217ed9a,1673560983,Federico Caselli,8,82,191,79,191,136,4658,0,0,55
sqlalchemy,73389e94aefd4604c9f1b1ba744e0e74c99d8371,1673538444,Dzmitar,7,109,224,108,224,213,7877,0,0,11
sqlalchemy,e07130c597422d5f9a5d734e1411d8fef0c2deff,1673648654,Mike Bayer,6,13,303,25,68,59,3095,0,0,9
sqlalchemy,67c1c018f571fbbcf070c4e0637f36d9533c86d7,1673753076,Mike Bayer,3,14,53,10,25,25,913,0,0,0
sqlalchemy,6da2f72b1144738ddae23e7fd882a8cd79ea1c60,1673806298,Mike Bayer,1,15,122,2,122,75,2911,0,0,47
sqlalchemy,046272e06aa3284a87e0dd1f90d2242fb434de10,1673883099,Mike Bayer,4,6,294,3,30,18,910,8,303,4
sqlalchemy,5e6cb26a017fb72bc3f925194c6f8c1eda968fbe,1673902927,Mike Bayer,1,2,2,2,2,2,90,0,0,0
sqlalchemy,f91a25cd8191f026dd43c0a2475cda8a56d65c19,1673966645,Mike Bayer,1,2,2,2,2,2,154,0,0,0
sqlalchemy,0e2b3aa323f62f46a342a8a8bba35323e214d300,1673918270,Mike Bayer,4,5,56,8,19,11,430,5,324,3
sqlalchemy,f2e8ce8853789064e2522f89e14d9bcd1c961091,1674070385,Sam Bull,1,1,0,4,0,0,0,0,0,0
sqlalchemy,cd96ffe287e26651f8dce4f688bf87af1e423f06,1674063942,Mike Bayer,9,10,302,158,210,175,5916,7,282,28
sqlalchemy,5c1308646db2321462a56b6d06e0353c230874dc,1674087699,Mike Bayer,1,0,2,2,0,0,0,0,0,0
sqlalchemy,d7f192862f5d27e83cd7d25276cff786bd56ec05,1674088276,Mike Bayer,1,1,1,1,1,1,24,0,0,0
sqlalchemy,be0831fea83247451628bc6643d5b130c63f6011,1674148169,Mike Bayer,3,22,153,34,76,64,2154,0,0,12
sqlalchemy,d1eeef5e67fa4632f88a894f0c5cf4445f04ba2b,1674160486,Mike Bayer,8,26,148,47,86,74,2939,5,246,7
sqlalchemy,2f91dd79310657814ad28b6ef64f91fff7a007c9,1674239647,Mike Bayer,2,5,19,11,19,17,1147,0,0,2
sqlalchemy,aa50375a9aa72be896a7cf3afbbbec161c7111bd,1674404351,Shan,3,2,71,3,1,1,39,0,0,0
sqlalchemy,d663f4d5bd3685eb8e074b3ec8d9a5c7baba3d32,1674404216,Martin Baláž,2,1,23,1,1,1,50,0,0,0
sqlalchemy,6499098e36497d15d5972696983ce0ae4cc99409,1674245864,Mike Bayer,3,1,428,0,149,106,2907,4,176,39
sqlalchemy,fb9de0686ba9c1a8d2e253853945b4a3d13bd7c5,1674504942,Mike Bayer,1,0,31,22,0,0,0,0,0,0
sqlalchemy,173e4164834e7ac5c77184a425a32f9afd088af4,1674576224,Maksim Latysh,1,33,97,39,97,94,3370,0,0,3
sqlalchemy,1c6c5532d8bec105d9aaa7843a176b4e1ef0340a,1674590910,Mike Bayer,2,1,14,0,1,1,19,0,0,0
sqlalchemy,90f4b5d84f248d95f3df38e74be92b23fd880e42,1674592467,Mike Bayer,3,1,32,0,2,1,49,0,0,1
sqlalchemy,03212e5aefb3d5c912d25274f447eb9c493f7268,1636739154,jonathan vanasco,5,6,176,11,52,36,1420,7,325,9
sqlalchemy,b710a5286310710d5d0a6d5170696e8fe4d4a0d8,1674655083,Mike Bayer,3,6,153,2,50,41,1916,0,0,9
sqlalchemy,1526cf68af500141480cc51ec4de18c705fe0b0a,1674510711,Federico Caselli,4,25,89,28,52,45,1923,0,0,7
sqlalchemy,8a32f367175871500723c5ebfc0f1af1564d3478,1674576312,Mike Bayer,9,18,865,291,97,78,3654,3,175,16
sqlalchemy,74aabce5190449ba2af65c180ebe67fe444193fb,1674695950,Mike Bayer,3,0,4,5,0,0,0,0,0,0
sqlalchemy,f129645b3f54af924ef37f0d092f17fc8a532fb3,1674742987,Mike Bayer,2,1,25,1,1,1,76,0,0,0
sqlalchemy,c06ef9745f34524169cb66335f0b0a86137bdb39,1674741121,Mike Bayer,3,30,212,23,201,153,3851,0,0,48
sqlalchemy,54d23b56df50a3fa230759c8fb117957da20a349,1674759334,Mike Bayer,2,3,3,3,3,3,137,0,0,0
sqlalchemy,e84ea5bb5687ec6f6f3607565c1714b82d6647aa,1674595861,Mike Bayer,3,33,497,43,312,241,12615,4,163,67
sqlalchemy,ad2a65ef7e3cd57912c6c0373c8b843b8a1730eb,1674773548,Mike Bayer,1,0,2,2,0,0,0,0,0,0
sqlalchemy,6779fa861d11668f67d780d77e4ae76965cee6f7,1674773908,Mike Bayer,1,1,1,1,1,1,21,0,0,0
sqlalchemy,31236f657f5febad85291f2a3344e3cf7af8501c,1674861304,Mike Bayer,2,3,61,1,5,3,91,0,0,2
sqlalchemy,9c4267f2442145378922498ca735d96c8f4bca42,1674916055,Yurii Karabas,2,1,12,1,1,1,63,0,0,0
sqlalchemy,70d1de6cff816d4627dd6b72223d9796e28aca1e,1674916670,Mike Bayer,2,1,19,0,2,1,49,0,0,1
sqlalchemy,960f6dcefe24c6894844366ef6fff60fbcf1ccd6,1674934653,Mike Bayer,2,3,149,1,50,40,2381,0,0,10
sqlalchemy,4cae82d51f80c8a7e1a23b26c74b07e01059b804,1674935777,Mike Bayer,4,5,10,5,2,2,57,0,0,0
sqlalchemy,cae662a6383d3ae8f3673c70c3118ea3a1a1606e,1674967302,Mike Bayer,3,5,28,19,18,15,677,2,73,1
sqlalchemy,8f441c7a7b021205a962689ab7d0d5c19c073242,1675005030,Mike Bayer,3,5,134,3,12,11,534,0,0,1
sqlalchemy,3b60c3f53eab8ee5896b3fde525bcf31d4233658,1675099262,Mike Bayer,2,2,5,1,5,5,208,0,0,0
sqlalchemy,e17a81107db99300abef404b33d075a0238c2290,1675099319,Mike Bayer,2,2,1,5,1,1,78,0,0,0
sqlalchemy,bcb5c850f2a5279bf7a97af6fbf99cc63dffd62f,1675099386,Mike Bayer,1,1,1,1,1,1,79,0,0,0
sqlalchemy,4d3a50c2f1af894b081c5f64c529da89f35f1839,1675103322,Mike Bayer,3,7,190,6,22,19,767,0,0,3
sqlalchemy,d23dcbaea2a8e000c5fa2ba443e1b683b3b79fa6,1674953425,Mike Bayer,4,27,290,44,105,67,3052,26,1290,12
sqlalchemy,26c014e72d9ded83fc90d1577fb7b5c3ef3977f8,1675039899,Mike Bayer,5,4,79,64,41,38,1549,0,0,3
sqlalchemy,11e9bc8125125f2c4ca61150b2e248f28f0c9c9d,1675181043,Mike Bayer,1,1,3,2,3,3,191,0,0,0
sqlalchemy,a21c715b7a89b0619db0d2d5b31617d17b25a27a,1675109572,Mike Bayer,6,26,158,32,52,37,1505,11,466,4
sqlalchemy,961f0762304db1db931d399e3b0b35cd99a4b21d,1675172314,Harry Lees,6,21,25,26,25,25,1027,0,0,0
sqlalchemy,ceb0eb44ce2da4b7161b7a115525ed6bccf08cbc,1675196426,Federico Caselli,6,14,33,19,16,15,672,0,0,1
sqlalchemy,8e890609eb47f5a273e695154cf143af56807921,1675097440,Frederik Aalund,6,17,642,151,84,59,2556,12,561,13
sqlalchemy,2b5aacf114dbab663ef228aeee732dde9425de47,1675271519,Mike Bayer,1,0,2,2,0,0,0,0,0,0
sqlalchemy,d84e6f8f3c6a346daaa021440a6804ce37f3cb56,1675272503,Mike Bayer,1,1,1,1,1,1,21,0,0,0
sqlalchemy,056d7815f0a605b3a1176121922d0b78ce0d23f8,1675365566,Federico Caselli,2,3,5,2,5,5,199,0,0,0
sqlalchemy,d995af71980b1f887f2f374580d1341d72cc3442,1675293399,Mike Bayer,2,2,19,9,3,1,36,2,95,0
sqlalchemy,92e3c21ea9b8192ff3d6ad856389186dfe8b3d3d,1675376542,Mike Bayer,4,7,72,129,27,23,819,0,0,4
sqlalchemy,188ed2228b3f80ece2d01a77b320de2967cd8f7d,1675439414,Mike Bayer,2,1,136,0,11,4,176,7,358,0
sqlalchemy,4b51e9a7eeeb219e031e7df235ae3c62f38d331b,1675546521,Mike Bayer,3,10,303,6,57,52,2071,0,0,5
sqlalchemy,a09972dcab2d154044cfd2d60bf72e4a3f7568f1,1675286703,Federico Caselli,2,1,28,0,11,9,488,1,46,1
sqlalchemy,af24660a963c84998d102fb504742d05a9c15146,1675633347,Mike Bayer,2,0,122,21,0,0,0,0,0,0
sqlalchemy,b927d95d075c4cdf027f784e759c9904416fb73a,1675696586,Mike Bayer,2,1,22,3,1,1,68,0,0,0
sqlalchemy,2a9487fefcc915ae411a8edc48d5203619ed642b,1675434206,Caspar Wylie,2,7,113,17,35,29,1250,1,17,5
sqlalchemy,3c6acaba017ef0a0b667864199f103f5eb6f79f9,1675366717,Mike Bayer,12,14,436,152,71,58,3218,0,0,13
sqlalchemy,781ac8f0aa1ef9289e424f451353f491b09bd01f,1675363693,jazzthief,10,12,259,0,180,117,4222,1,9,62
sqlalchemy,662d6e24526bfd9d358b8a9e1906fb29bf93ef30,1675709696,Mike Bayer,3,2,29,1,20,5,202,14,565,1
sqlalchemy,17f1b30a94bf5c20db5036a712dc682ec0814dab,1675624370,Mike Bayer,4,10,249,122,40,38,1770,0,0,2
sqlalchemy,f3e788e034ef6a76868319a4fb48cbf5e0bc9e60,1675727727,Mike Bayer,1,0,2,2,0,0,0,0,0,0
sqlalchemy,fb35dc2d8cc64353d9d45f783813294ff8437ba7,1675728272,Mike Bayer,1,1,1,1,1,1,21,0,0,0
sqlalchemy,ac3883aae81379e8432a33d16f8d0833758d55cd,1675805316,Mike Bayer,1,0,2,1,0,0,0,0,0,0
sqlalchemy,7e4c4b8d5c18100b0db58f4d29fac5494fc95b52,1675809806,Yurii Karabas,27,398,375,705,375,356,12819,12,675,7
sqlalchemy,1a115e5ac91d18ef48f2a314d49973332130725a,1675896496,Mehdi ABAAKOUK,1,1,1,1,1,1,54,0,0,0
sqlalchemy,318d36a1c25ee6007761fadf987f46d7c6ebb003,1675900183,Mike Bayer,1,0,18,0,0,0,0,0,0,0
sqlalchemy,13d3b2c291f49525bc38d082d1c2abe9e03bd3fe,1675962347,Mike Bayer,1,0,6,0,0,0,0,0,0,0
sqlalchemy,6971ba97247928c9a79f532001278d0e1d5845fc,1675974998,Mike Bayer,2,8,89,32,9,9,278,0,0,0
sqlalchemy,00a9b83fd83a2da367a8b81d8e12ae3de664d50a,1675983693,Mike Bayer,1,0,2,2,0,0,0,0,0,0
sqlalchemy,48aad8b244737ad7d2000056ce7320d6b32fa2de,1675988126,Mike Bayer,1,1,1,1,1,1,21,0,0,0
sqlalchemy,eb0861e8e69f8ce702301c558e552e1aeb2e9eba,1676036361,Mike Bayer,6,11,117,17,20,14,517,3,155,3
sqlalchemy,7959d30aaa1c760d8585fc9a0375b06e0dcbe4dd,1676059573,Federico Caselli,2,0,3,0,0,0,0,0,0,0
sqlalchemy,b95b22d8c0f9f26e33e1912d8ee205319fc20362,1676066190,Abdulhaq Emhemmed,3,4,7,7,7,7,404,0,0,0
sqlalchemy,7832e8d4e6ac87619acd4c348bdb0590eb60af43,1676309008,Mike Bayer,1,2,108,0,108,82,4336,0,0,26
sqlalchemy,05eb969a778121ecab621652400904a8983749e9,1676383755,Mike Bayer,1,0,20,2,0,0,0,0,0,0
sqlalchemy,d50315cbd6b448287b1847473e3c6484f52474a7,1676391223,Mike Bayer,1,2,2,2,2,2,88,0,0,0
sqlalchemy,3d00c101be9feb73b87b8ad07ddc5bc14cd94cdb,1676061440,Federico Caselli,2,3,26,2,24,18,950,0,0,6
sqlalchemy,c7a5c4dd2063be596be9731e493d4ea9a3ff1123,1676324109,Federico Caselli,3,1,21,12,3,3,103,0,0,0
sqlalchemy,8855656626202e541bd2c95bc023e820a022322f,1676503692,Mike Bayer,4,0,22,4,0,0,0,0,0,0
sqlalchemy,6a22a3a011cdbfd88f1afb50d5a6c41f61d3e332,1676309504,Mike Bayer,4,7,46,6,29,21,884,0,0,8
sqlalchemy,18fd19e60d55b35408d94b892e0a2051bcb7ec88,1676063183,Mike Bayer,3,14,220,31,82,68,2622,8,430,6
sqlalchemy,3fd081d070716fd5fc578555f945d503f9a91f91,1676305029,Mike Bayer,7,15,110,32,78,71,2895,0,0,7
sqlalchemy,693f7f7a84ac77eaacc9ff9c8035a249d7f1ce7e,1676499606,mike bayer,4,5,38,4,30,25,883,0,0,5
sqlalchemy,81993801dd39dd4a5973f8500e849f35ac07f2f3,1676558347,Mike Bayer,8,101,839,230,423,340,14748,7,196,76
sqlalchemy,361beb0bc8392c92403ffc1999eb2a9847e945c7,1676580738,Federico Caselli,9,33,96,20,51,48,2324,0,0,3
sqlalchemy,cc7604c4b7b228b0f62fd31cd04301111787ef41,1676647472,Mike Bayer,1,34,126,88,126,117,6885,0,0,9
sqlalchemy,15597c7557de50b8a3c75230fb89b98986001ea0,1676648860,Mike Bayer,1,0,2,2,0,0,0,0,0,0
sqlalchemy,a2a023d0f0589cca565ddecdd3b50976daf64ff9,1676649703,Mike Bayer,1,1,1,1,1,1,21,0,0,0
sqlalchemy,5355171d538ad868cbbf1fa06bda21e7b969a8f2,1676651021,Mike Bayer,1,3,5,1,5,1,60,2,112,2
sqlalchemy,6c039941cfa2d06cdeed03b471f0a25ffb12c3a8,1676651116,Mike Bayer,1,2,2,2,2,2,129,0,0,0
sqlalchemy,ebcb80be9ce27d9cd383dc7c0750569c43587df2,1676729420,Mike Bayer,2,2,107,47,2,2,100,0,0,0
sqlalchemy,23f3d8da1b9a3dbe7a7e8c7788eec3dd8b5e0cd2,1676825253,Vytautas Liuolia,1,1,1,1,1,1,52,0,0,0
sqlalchemy,304d590ad4016d5ec627edd55e9ac5b747c68d2a,1676923509,Grey Li,1,1,2,2,2,2,127,0,0,0
sqlalchemy,fc57bafbae9d67b7ce95e26c939ca957c366b0f7,1676995203,Mike Bayer,1,6,36,0,36,30,1908,0,0,6
sqlalchemy,71693c94d52612a5e88128575ff308ee4a923c00,1677099439,Federico Caselli,3,4,26,11,9,9,537,0,0,0
sqlalchemy,60ddd3725600aa121e2e7b4be49dc9bd244ce0c5,1677254305,Mike Bayer,2,6,27,5,15,13,539,0,0,2
sqlalchemy,16d3dad4490fc4915096b7963f21e6b591b15ba7,1677270766,Federico Caselli,2,0,9,13,0,0,0,0,0,0
sqlalchemy,3b8123965bca6b854ccdeca79713b27136233d9a,1677443697,Mike Bayer,3,4,41,1,6,5,207,0,0,1
sqlalchemy,681055f9fb5230d344a67f47b0c60fc1a5804b3e,1676993641,Mike Bayer,7,24,148,14,95,77,2408,2,110,16
sqlalchemy,18db042ea74a0ff4e6f4bdecb66c9321a999c1a8,1677009925,Federico Caselli,4,5,55,8,22,17,897,0,0,5
sqlalchemy,ff97b9ab5e59283f684edac9a075702c43e8a4c1,1677408997,Grey Li,4,4,14,4,14,10,622,0,0,4
sqlalchemy,097e1eacaaf43f728c552df9ebbfa0fb81c4b6c7,1676995577,Mike Bayer,3,2,65,2,2,2,80,0,0,0
sqlalchemy,40b00498e62d3bf10f75874852bab6d6e0e3a09a,1677421896,Mike Bayer,3,13,349,15,115,82,3169,13,671,20
sqlalchemy,1dadf3584ab9d3a34544b8cb40f787927e55c789,1677504585,Mike Bayer,1,0,0,2,0,0,0,0,0,0
sqlalchemy,a7f3dad6c93ab43a11521a2ecd240b5e023367fc,1677534439,Federico Caselli,2,2,28,11,9,8,470,0,0,1
sqlalchemy,d02090ffc80cb1192cd3ff46fb4826487a226e39,1677277443,Federico Caselli,2,4,17,9,17,16,1022,0,0,1
sqlalchemy,da70478eb2eafe9c76b836217371e029c3c820e3,1677600348,Mike Bayer,25,4,124,120,4,4,126,0,0,0
sqlalchemy,e02de779ba37b211342a849d107dcc49b452537d,1677534962,Federico Caselli,2,3,6,0,6,4,205,0,0,2
sqlalchemy,54b4d5ee2465af55863dc1b02d61cee4675db167,1677622445,Federico Caselli,2,1,18,0,5,5,208,0,0,0
sqlalchemy,7099dd20e90307237240f30d5db0816a08356a5b,1677709366,Federico Caselli,2,5,38,7,4,4,209,0,0,0
sqlalchemy,3ba05fa919be24447540ae9d4d9c95ab509cf929,1677721489,Mike Bayer,3,6,75,6,6,6,354,0,0,0
sqlalchemy,45f7b3b8ac9a1b393b45f2f199a88c3bb0c86705,1677686845,Mike Bayer,4,15,80,14,41,33,1194,3,117,5
sqlalchemy,c39dc697c1598c4a6a934dc0b5a60a0eaae6555d,1677620667,Federico Caselli,5,9,42,22,27,25,834,0,0,2
sqlalchemy,5132237f8ddaab1a8c6bfcaa03aca6487434ae95,1677273321,Mike Bayer,10,22,210,60,56,47,1915,0,0,9
sqlalchemy,80b7c608835f1be5418d8ed567664654e8b583e3,1677618294,Nils Philippsen,2,9,52,30,35,31,925,0,0,4
sqlalchemy,1879aaf3733c4938f75320395b8faa08fa4fec09,1677531908,Federico Caselli,2,1,45,1,8,4,167,4,239,0
sqlalchemy,4dc2ce0fb15d72e508c72b0cb0e7fd622e6cc34f,1677969182,Federico Caselli,2,6,105,66,17,16,486,1,57,0
sqlalchemy,b38fb59fe484d6e4e5992c9b2dc9b9f7724f016a,1677853858,Mike Bayer,15,15,256,72,50,35,1705,5,175,10
sqlalchemy,4b5e7e4f5bc262ac5b4cb8f93a594bfa1507b9e6,1677961901,Mike Bayer,4,29,506,53,100,95,3855,0,0,5
sqlalchemy,49f8ec4bcbaf7b1fa65eb69073d15dba76562cc9,1678064070,Mike Bayer,1,1,19,0,19,15,1028,0,0,4
sqlalchemy,85334e7f89c93b57c54db57ef76c60916966c574,1678064120,Mike Bayer,1,0,2,2,0,0,0,0,0,0
sqlalchemy,9e75d181d05e3ae0fcc0705d453c3daf794b59de,1678067979,Mike Bayer,1,1,1,1,1,1,21,0,0,0
sqlalchemy,37111795870fd7b8d857790ad1fc5e04278e1de3,1678073146,Mike Bayer,2,1,20,24,1,1,27,0,0,0
sqlalchemy,67ce99402a848c3553e53e51c79db8e765fb4295,1678073527,Mike Bayer,1,0,1,1,0,0,0,0,0,0
sqlalchemy,5ed17e01b10ffcacdc0c7930d3241dcfa656eadc,1678074163,Mike Bayer,1,1,1,1,1,1,21,0,0,0
sqlalchemy,dccc4577fec202947adac8da43d40f415433cf6b,1678159593,Mike Bayer,1,3,10,7,10,10,616,0,0,0
sqlalchemy,b97b313c6eb7f2fe4b98d011c292de4d258c508c,1678197787,Mike Bayer,3,3,37,0,13,5,151,7,396,1
sqlalchemy,bcbb4007bbfa5102d7e53fea8aac50e528d4d1f2,1678295641,Mike Bayer,4,13,32,17,32,26,893,1,50,5
sqlalchemy,1504aa9f9f95964ee73030a76941b8169e04d5bc,1678296927,Mike Bayer,2,1,11,1,1,1,67,0,0,0
sqlalchemy,b09e9198bc8722a59ad37958ee5944085fe2dee5,1678383663,Mike Bayer,2,3,206,2,18,13,669,0,0,5
sqlalchemy,33ae862c054c4ab167aeab8cdc499b863c0f70a9,1678380586,Mike Bayer,2,18,162,17,45,42,1637,2,81,1
sqlalchemy,fd9aa847920b9e4dff61ef7a5555c9fa6e362484,1678145159,Federico Caselli,5,2,53,34,4,1,30,3,172,0
sqlalchemy,2c9796b10c3e85450afdeedc4003607abda2f2db,1678388047,Mike Bayer,4,1,127,20,10,10,466,0,0,0
sqlalchemy,5f0e870dec64d23a148010142d3c603cfd2a4d3d,1678479450,Mike Bayer,3,12,98,74,97,66,2474,5,283,26
sqlalchemy,85897db771bd3150d10ebb80cade909c69264ac0,1678517480,Mike Bayer,1,0,6,4,0,0,0,0,0,0
sqlalchemy,cea0dfff2222d7165dae27c6dc71054610b8b523,1678724343,Mike Bayer,1,0,42,68,0,0,0,0,0,0
sqlalchemy,8154afca626a4849d67f10098f72ca3922e00ab8,1678725854,Mike Bayer,1,0,2,2,0,0,0,0,0,0
sqlalchemy,ee563d18b49c5d9845e2216319927fedd015e7ec,1678728972,Mike Bayer,1,1,1,1,1,1,21,0,0,0
sqlalchemy,65eb057d0c586f2eed43ac0731822053f0f6d472,1678732711,Matt del Valle,1,2,9,4,9,6,261,2,117,1
sqlalchemy,e8420e993764b5dcd4ce5879412d556d2a7d2870,1678799785,Mike Bayer,1,0,14,2,0,0,0,0,0,0
sqlalchemy,79b6a41d257b0fda6e8dbb42547c050b0fd1e5de,1678821494,Stephen Rosen,1,2,18,0,18,13,724,0,0,5
sqlalchemy,7fd3b4747d2935effd9e0c2bbe72f080df4ffc50,1678889397,Mike Bayer,1,2,0,5,0,0,0,0,0,0
sqlalchemy,e8baf5aa010ce7e3dea9b0ccf5e8b0b90f4310ad,1678135848,Julian David Rath,6,18,59,10,27,18,628,0,0,9
sqlalchemy,7aa97a8c249e75dcc08f509313018520f74a86cb,1678908220,Federico Caselli,1,2,12,3,12,10,319,0,0,2
sqlalchemy,f898d55be0e6c1ef0ce3105d563d599afe7556bc,1679056556,Mike Bayer,2,1,27,1,22,20,716,0,0,2
sqlalchemy,1a5f0c0be11fa30296f20a1742807a57e2ff5459,1678913353,Federico Caselli,2,5,39,1,5,5,200,0,0,0
sqlalchemy,0a0c7c73729152b7606509b6e750371106dfdd46,1679154227,Mike Bayer,3,5,32,3,19,18,592,0,0,1
sqlalchemy,f1b12c8e43f6669d83c1d226f8207b08039f2900,1679158600,Mike Bayer,1,0,2,2,0,0,0,0,0,0
sqlalchemy,a9c90387be9cb934b5e89d1d881e7cbd2d9ad470,1679159080,Mike Bayer,1,1,1,1,1,1,21,0,0,0
sqlalchemy,fa0666cb04174cdd2592ab1327d48e431fe86ffa,1679236635,Mike Bayer,5,1,84,40,4,2,100,2,57,0
sqlalchemy,c8fb843a2d92e5d8d2271d46ddde02a2c79ee94c,1679419961,Mike Bayer,2,2,59,2,2,2,132,0,0,0
sqlalchemy,ce4e1770f01a6c19d3a55621529e3f98607d7824,1679424226,Mike Bayer,1,0,3,1,0,0,0,0,0,0
sqlalchemy,d856f640b5803d52fa702a750e504990e80d8724,1679500564,Mike Bayer,3,1,73,6,3,3,86,0,0,0
sqlalchemy,d998b550a1857bd9f3b2418e0ac1592c4cb70ef9,1679670714,Mike Bayer,3,2,34,11,6,6,364,0,0,0
sqlalchemy,24dd3d8c90876a05377d04910819dcd5d25aed4e,1679924938,Mike Bayer,4,0,88,19,0,0,0,0,0,0
sqlalchemy,348d76072c108e996baf59900fc45468f48c4cce,1679796025,J. Nick Koston,2,6,31,6,6,6,216,0,0,0
sqlalchemy,2cec50201b8a2ddc0f678be7413ec532616c5c90,1679926772,Mike Bayer,3,8,140,8,22,14,561,4,140,4
sqlalchemy,2dc24ced0e94c50623aab41c75e42883d68a846a,1679947424,Federico Caselli,2,3,12,4,6,6,240,0,0,0
sqlalchemy,9e85abb221af13057621ea066af4e15b2f1dfb03,1679848235,Mike Bayer,2,1,75,3,1,1,68,0,0,0
sqlalchemy,b4c1f29413f678c43d03afdaedd18bd18b23d59a,1680181249,Mike Bayer,3,4,152,2,16,7,333,6,259,3
sqlalchemy,b452f989da49761c5174b299024fea3e13a05221,1680194689,Mike Bayer,2,5,20,5,4,4,120,0,0,0
sqlalchemy,671e0197b600b7b418fe7ca08d8864ea90f9a4f5,1680195345,Mike Bayer,3,1,74,8,2,2,104,0,0,0
sqlalchemy,a979b6dc5ebefedfd8c85f5695cc5be8882eaa29,1678832227,Federico Caselli,2,7,156,9,28,27,1014,0,0,1
sqlalchemy,8eaf6f30cb8b316a6a6b4bb8743322f03b4903c4,1680202119,Mike Bayer,2,8,140,45,52,40,1819,7,358,5
sqlalchemy,f35a3f15321bd16cdc9cce69468cb50555b96a6b,1680266813,Mike Bayer,1,1,30,0,30,22,877,0,0,8
sqlalchemy,96670516b917424e7dd4c6cee5e07147c583f6c9,1680128739,Federico Caselli,2,1,23,0,8,8,381,0,0,0
sqlalchemy,c8729c5d62b2de5013a01fe3060980c9dcd7c9ca,1680285878,Mike Bayer,1,0,2,2,0,0,0,0,0,0
sqlalchemy,15e903d77df78ed2a6e63c05ce7c26f71a4c33c4,1680288480,Mike Bayer,1,1,1,1,1,1,21,0,0,0
sqlalchemy,053b84c56d644551356be72d4615a83dfa96b0f7,1680408107,Mike Bayer,3,5,17,6,13,10,602,2,88,1
sqlalchemy,9316c33ed2623667f216ed1efb8fb95be3465093,1680424407,Federico Caselli,1,1,1,0,1,1,17,0,0,0
sqlalchemy,e79ab08165e01dc7af50fcffadb31468ace51b6c,1680459872,Mike Bayer,2,1,64,1,1,1,46,0,0,0
sqlalchemy,dab175471f9ce57bcb6097dd05b341b18cd3435d,1680616950,Mike Bayer,1,0,32,0,0,0,0,0,0,0
sqlalchemy,7fb7365622ee751b264bbbd4e7394ef8e81d45c5,1680713953,Mike Bayer,6,5,129,34,22,19,1230,1,23,2
sqlalchemy,0d9221362e5a3e50de7e21e674da3701f4bcd646,1680737309,Mike Bayer,1,0,2,2,0,0,0,0,0,0
sqlalchemy,95f531df8d88b4a32e96ec2914517ac3712e4f43,1680737823,Mike Bayer,1,1,1,1,1,1,22,0,0,0
sqlalchemy,9bbb70ffd559c1a9e085fb379a5be4b06da0cd7c,1680814533,Jens Tröger,1,2,2,2,2,2,59,0,0,0
sqlalchemy,a96f2f47f9b43dd6940384aea12c78fcf8db423a,1680888534,Mike Bayer,2,0,95,69,0,0,0,0,0,0
sqlalchemy,7e285f2234010c241a357ae1d6d77a6fc43177bb,1680892537,Federico Caselli,2,6,33,8,11,2,109,9,383,0
sqlalchemy,9fb2a2947e41ecd1597f8efe082de78e5374f98f,1680904943,Harshit Doshi,1,1,1,1,1,1,43,0,0,0
sqlalchemy,8b19580216371892eba94e1be410ac255b42c4c0,1680924715,Mike Bayer,1,1,4,3,4,4,228,0,0,0
sqlalchemy,0cb1e5d08d3ec448c2b318966a675c963cd12aa0,1680978153,Mike Bayer,1,1,1,1,1,1,43,0,0,0
sqlalchemy,8128a8f3638b522778458edb81c81e654927bea4,1680993811,Mike Bayer,2,3,102,2,21,20,591,0,0,1
sqlalchemy,8ad3dd4c039c0ff0da069f3b67936d9bc26d6154,1681003018,Mike Bayer,2,14,59,56,59,55,1814,4,168,0
sqlalchemy,bf51ff3248d1c87cbc7a846e2e6886339d59b9cb,1681136924,Mike Bayer,2,2,43,2,2,2,148,0,0,0
sqlalchemy,9f43b10e9014e694cb89fe2899dc52f602bf2197,1681145807,Mike Bayer,13,48,376,95,139,119,5371,0,0,20
sqlalchemy,541ada1bad609b7f2052d0b02214387e242c6cc5,1680891124,Federico Caselli,7,10,153,12,78,60,2262,0,0,18
sqlalchemy,f3bc7e5e2b0f8242661c8d89797bfcb3503d9948,1681281298,John Clow,1,17,49,18,49,44,1536,1,52,4
sqlalchemy,ee7e49964fcf13ed0f5a3541b81f00302a9db29a,1681334258,Federico Caselli,54,220,4,655,4,4,141,0,0,0
sqlalchemy,ebee59224e7b6cb3058c1a6b2a747a2f91d1ae5b,1680814408,Federico Caselli,1,2,19,0,19,11,581,0,0,8
sqlalchemy,609f432563954167b8f0148e43c70c08380e8ba4,1681493860,Yurii Karabas,2,2,90,0,46,38,1442,0,0,8
sqlalchemy,f7bfa04bcae1e9bafa19a5ee03aaa0beac532294,1681734169,Mike Bayer,1,6,35,30,35,32,2058,0,0,3
sqlalchemy,acf7fbd60b9b1291dfc91438416867c88e94c5ba,1681737503,Mike Bayer,1,4,11,13,11,11,664,0,0,0
sqlalchemy,89608ccd3f5e5796d578e9a39201f7c5c45a61fe,1681740995,Mike Bayer,2,1,37,1,5,4,115,0,0,1
sqlalchemy,a05ae2c7ce0c056eef549d078faa2ca20356d35c,1681753572,Mike Bayer,3,16,305,35,69,57,1880,2,120,10
sqlalchemy,756501b65a9c88790c1947d7c39956bfc374b8e8,1681825370,Mike Bayer,2,1,39,1,1,1,34,0,0,0
sqlalchemy,ceec98e1d4d24389b10b3a26a693e94ddb70d65e,1681773897,Martijn Pieters,2,5,91,17,43,32,1106,0,0,11
sqlalchemy,c1125288e3c413d868070995b308085d2ddf402e,1682012499,Andy Freeland,3,5,32,5,7,7,334,0,0,0
sqlalchemy,63f51491c5f0cb22883c800a065d7c4b4c54774e,1682084884,Mike Bayer,3,9,86,30,27,18,643,9,438,0
sqlalchemy,cf6872d3bdf1a8a9613e853694acc2b1e6f06f51,1680710332,Mike Bayer,57,250,4647,561,1739,1354,60036,117,5660,268
sqlalchemy,244c29768254d12ff18bb342b154a009080345d6,1682012404,Pavel Sirotkin,2,10,84,3,67,55,2490,0,0,12
sqlalchemy,553dcbc11cf9401b85bc2aab55977eb1925cf262,1682103647,Mike Bayer,2,3,9,5,9,7,469,0,0,2
sqlalchemy,ed17afc0711de3dfdc38a2071237ef155401ed50,1682104659,Mike Bayer,1,0,9,0,0,0,0,0,0,0
sqlalchemy,3b2c98fad718cc3e2e2d2bd7fb57f98859d5e7bc,1682106319,Mike Bayer,1,0,2,2,0,0,0,0,0,0
sqlalchemy,b3e01c30d2610f5454eda5b29f093b65e54230b5,1682107361,Mike Bayer,1,1,1,1,1,1,22,0,0,0
sqlalchemy,d62de424ef738a0cfb9c682d9b25a8644dff5985,1682170909,Mike Bayer,3,3,50,5,17,15,584,0,0,2
sqlalchemy,7bfeb1b14b9a6560be15093c93a5e084e8735b62,1682198296,Mike Bayer,1,0,16,2,0,0,0,0,0,0
sqlalchemy,188cb4226ac7b337446689ab3498b4397d0b7d2d,1682389937,J. Nick Koston,10,10,29,5,25,16,523,0,0,9
sqlalchemy,040e0d2560c17ff490b2b0bbe193c7658d3b4603,1682108771,Federico Caselli,2,1,7,1,1,1,13,0,0,0
sqlalchemy,ff198e35f0e04b8d38df25df234e72259069b4d1,1681943958,J. Nick Koston,8,59,187,238,103,93,4017,2,50,8
sqlalchemy,a54ab6944e66830d99d7fd09a82766c392731920,1682537576,Mike Bayer,2,10,74,10,74,49,2741,6,257,19
sqlalchemy,6a0d61f12110624ad8709f67d4523e82bde262e5,1682519686,Mike Bayer,8,8,156,1,35,23,915,3,178,9
sqlalchemy,8ec396873c9bbfcc4416e55b5f9d8653554a1df0,1680364616,Mike Bayer,6,32,452,39,107,85,3519,9,531,13
sqlalchemy,105f18be353965b064750726597b63334fc0716b,1681943958,Federico Caselli,7,24,134,63,59,48,2117,3,172,8
sqlalchemy,deb810c56530298817e4081de59273c7f76a8b45,1682559440,Mike Bayer,1,1,1,0,1,1,23,0,0,0
sqlalchemy,a0b36e15d5ba390fb651ee1b83b0a143586d9244,1682559810,Mike Bayer,1,0,2,2,0,0,0,0,0,0
sqlalchemy,19956aa02134dff2bcab2e8818dd600fe2559526,1682560560,Mike Bayer,1,1,1,1,1,1,22,0,0,0
sqlalchemy,1329037bfed428e458547824a861ce1aa9df0c78,1682603347,Mike Bayer,1,0,10,8,0,0,0,0,0,0
sqlalchemy,7bf624eb616e88f33bcf3f8b11b9c5b7dd2ba890,1682328272,Federico Caselli,3,6,7,3,7,6,337,0,0,1
sqlalchemy,d9be22044d251c047b6306e767b2537c0ee12709,1682650818,Mike Bayer,1,1,1,1,1,1,30,0,0,0
sqlalchemy,f45f4a3afc3c260d50773c647eb7b1c270bb8e00,1682423224,Federico Caselli,10,13,258,79,74,63,3036,7,341,4
sqlalchemy,e7e09649761cfb4afc242c541ab403258e75edd5,1682628505,Mike Bayer,5,14,240,40,27,17,571,5,184,5
sqlalchemy,23a4538b0b1e750d09392e1c7eca67b1356294d8,1682762852,Federico Caselli,6,6,109,13,30,25,672,1,13,4
sqlalchemy,56443acb89e531b3695de669c76297e4a5568fc1,1682877393,Mike Bayer,2,8,71,6,20,17,778,0,0,3
sqlalchemy,5721f262db61edd06b392c063dc6aedadb61f6f4,1682890476,Mike Bayer,1,0,2,2,0,0,0,0,0,0
sqlalchemy,228490ead7048f2e558c25b0f055bdb952272ec4,1682890943,Mike Bayer,1,1,1,1,1,1,22,0,0,0
sqlalchemy,667a9ca21417f5ae9d2c5bd031506cf40c8e5909,1683167608,Mike Bayer,3,3,72,0,6,4,124,0,0,2
sqlalchemy,dc60e7a7d35a470c09ce590f37e949ff8e8cdcde,1683292570,Mike Bayer,2,4,83,1,12,10,462,0,0,2
sqlalchemy,671647c8574bd6ff4c39fe503a2b1958a802772d,1683321766,Federico Caselli,1,0,1,0,0,0,0,0,0,0
sqlalchemy,b3216486c417f7fb2abc0724563a1d21f9a835d9,1683301829,Mike Bayer,6,5,238,9,99,64,2916,2,97,33
sqlalchemy,a1a16a3509a286225ab28ba3a418e638b004f858,1683577187,Viicos,1,1,1,1,1,1,41,0,0,0
sqlalchemy,4a62625d99470c8928422c4822df5234b93b6bb8,1682698029,Mike Bayer,6,20,202,19,66,58,2400,2,76,6
sqlalchemy,ff821e57c960f095ab2988a0f892b3127374f498,1682538038,Federico Caselli,6,3,24,3,3,3,131,0,0,0
sqlalchemy,4e3806861b19a00203f95b6ecbe411a4e252d152,1683646410,Mike Bayer,2,1,27,8,5,0,0,3,128,2
sqlalchemy,8ee129d988c2499766b1f09c5e21383b88dcc204,1683645583,Mike Bayer,2,4,54,18,20,16,728,3,118,1
sqlalchemy,60b31198311eedfa3814e7098c94d3aa29338fdd,1682893644,Mike Bayer,26,13,194,138,47,26,903,8,448,13
sqlalchemy,189039b9d38343b482f1b077bbcf6f6ae99cbacd,1683731287,Mike Bayer,6,15,61,13,17,15,783,0,0,2
sqlalchemy,32fc4f3de20c9d983742b064e47f591342c42de2,1683751442,Mike Bayer,2,3,5,1,5,3,167,0,0,2
sqlalchemy,e0bf5ba169975d879c22bc61b1aaf4261ac0559f,1683757390,Mike Bayer,1,0,2,2,0,0,0,0,0,0
sqlalchemy,e00591ec27f63d9cc851bbb3cf4824bd5644a8b8,1683757829,Mike Bayer,1,1,1,1,1,1,22,0,0,0
sqlalchemy,73a273c90cda2369ec071435edd9c6dc5c1d31c4,1683770598,Mike Bayer,3,6,93,25,7,2,108,2,122,3
sqlalchemy,7db1ced9e33d33da89f934107eeabe9ac337ae5b,1683813970,Mike Bayer,2,10,74,26,40,37,1294,0,0,3
sqlalchemy,169d6e6804c0e6bbb5f8b2fa4217e659b49a0d9f,1683904852,Mike Bayer,2,2,28,3,2,2,103,0,0,0
sqlalchemy,11a1d5e70450300310ff7fafeeb03fe1baa9380e,1683916440,Mike Bayer,3,2,24,0,5,2,118,2,76,1
sqlalchemy,4b37ded2897c3ae9384ecdd6209699a0fdc513a3,1683949329,Mike Bayer,2,5,37,55,28,26,1085,0,0,2
sqlalchemy,9f7c97b40b6b6c738bd4cac7ae8bdc8803a88973,1683995551,Mike Bayer,4,9,217,3,49,42,1717,0,0,7
sqlalchemy,73533d4a4cdfaea3f769e7f58691ceb06aac8eed,1684165068,Mike Bayer,1,0,3,1,0,0,0,0,0,0
sqlalchemy,13fb60bfa6f6c7e07e00892365e7af493474e224,1684176621,Federico Caselli,1,1,3,1,3,2,72,1,70,0
sqlalchemy,499c9213744bb2ecab4a6dc2450d2744f8cf30c3,1684177257,Federico Caselli,1,1,1,1,1,1,12,0,0,0
sqlalchemy,be614e7a4e87054ff8d696ee7a3c496458f20b32,1684411278,Nick Crews,10,16,100,42,80,58,2619,0,0,22
sqlalchemy,caefe402d02374f81e92639217be880deda03b58,1684433186,Mike Bayer,1,0,2,2,0,0,0,0,0,0
sqlalchemy,9764a07c53a7627b7953e6df39428f7ce5af7600,1684433830,Mike Bayer,1,1,1,1,1,1,22,0,0,0
sqlalchemy,75d716c7799e28ba5c86c72db08025dd6fc8c6e0,1684504209,Mike Bayer,1,2,7,2,7,5,279,0,0,2
sqlalchemy,a2e27eb4d718f732494ff008aad1d0cd56c4ad88,1684503330,Mike Bayer,9,20,238,25,103,90,3240,2,92,11
sqlalchemy,ee6ab85e49e6c555c5b80dcd88a3c8de9885869e,1684526191,Mike Bayer,5,6,105,71,13,11,398,0,0,2
sqlalchemy,b722c8ab24e2379cd19acc6bff0c73e14deaf644,1684541778,Mike Bayer,1,0,2,2,0,0,0,0,0,0
sqlalchemy,65985f9ddd356700644eb3781fc707d4a333bed5,1684544430,Mike Bayer,1,1,1,1,1,1,22,0,0,0
sqlalchemy,dfb09c0e424370026220061bbb9f287bdea0eff3,1684775578,Mike Bayer,2,2,35,35,5,4,265,0,0,1
sqlalchemy,11ee4c59c2ff2d2dcb0f1b6b815eb7e951390fe6,1684796971,Mike Bayer,1,1,5,2,5,5,384,0,0,0
sqlalchemy,f1f6b296c559cedf021e3611c293841191f25317,1684894890,Mike Bayer,2,6,94,7,38,31,1135,0,0,7
sqlalchemy,0ea59dcf455052c1f307cfbfa18b0ddb4cc95cd0,1685053060,Federico Caselli,1,4,15,7,15,8,400,7,312,0
sqlalchemy,9f9668c801a28c99d78c5e9daca98cbd701e88ee,1685129237,F.D.Castel,1,0,2,2,0,0,0,0,0,0
sqlalchemy,9c1a0b3546f794dfa37fa139d78c6de1885cba0d,1685129314,Seth,1,1,2,1,2,2,109,0,0,0
sqlalchemy,58400352607c315fda15903a9909b2e9a61114a5,1685112662,Mike Bayer,5,12,91,49,40,32,1468,7,357,1
sqlalchemy,cf4dec5ac476cf9a2179f9f2b16d46fe95d1f18d,1685140564,Federico Caselli,7,26,368,314,171,138,4047,14,358,19
sqlalchemy,0840b0e9ebad83b19845452e3798d85ace17a132,1685377542,Mike Bayer,5,8,21,21,21,19,652,1,51,1
sqlalchemy,30e2aaf2d2fac3c7e742b0cf880ebcf53663b343,1685471252,Mike Bayer,1,0,73,81,0,0,0,0,0,0
sqlalchemy,058c230cea83811c3bebdd8259988c5c501f4f7e,1685475621,Federico Caselli,289,388,21,1280,15,15,710,0,0,0
sqlalchemy,a349447b7db45a3d5f08bc79eca225cec42b75d1,1685478194,Federico Caselli,1,1,0,6,0,0,0,0,0,0
sqlalchemy,8f720e1529af2b4810b0ae5379e13b343155eded,1685788800,Federico Caselli,2,1,42,0,10,8,271,1,15,1
sqlalchemy,8e297afa8ddd66d5d7317a1b965a8919adb8f1aa,1685472882,Mike Bayer,2,1,49,1,1,1,64,0,0,0
sqlalchemy,59521abcc0676e936b31a523bd968fc157fef0c2,1684785287,Federico Caselli,8,7,54,22,26,17,653,4,226,5
sqlalchemy,693b8744ee45ebb65bfcbb9156935ffb2a3ee9ad,1686020517,Mike Bayer,1,0,3,0,0,0,0,0,0,0
sqlalchemy,f6dc8b872d6f8b1eaa114c7128125bc4edf646d3,1685099814,pavelserchenia,7,30,307,25,119,103,4338,8,397,8
sqlalchemy,f16402b9b878c0b2bd54b1c25621f150e12033c5,1685565360,Federico Caselli,3,3,95,2,6,6,253,0,0,0
sqlalchemy,5342d36a9a3a4f214b21c34f55740c389eb6e5df,1686238901,Mike Bayer,3,5,35,6,11,11,530,0,0,0
sqlalchemy,675bf57006b29166fa31cba6889e18e793fbc144,1686260078,Martin Caslavsky,4,4,57,4,4,4,132,0,0,0
sqlalchemy,2f62fb12ea44d552bf95903c7d82f6952cdbf026,1686260401,Mike Bayer,2,1,84,1,12,11,519,0,0,1
sqlalchemy,dcd938c68eb0bbb33876ab57cf67ba2ef9f9947f,1685869163,Jack Wotherspoon,7,18,133,22,53,44,2131,4,167,5
sqlalchemy,ffab94fc5f31c7a4a83d6e22a6be6ff43db0cabf,1686426165,Mike Bayer,1,0,2,2,0,0,0,0,0,0
sqlalchemy,1527d63085d13fd614ef8890206dfceb2d22cc12,1686427449,Mike Bayer,1,1,1,1,1,1,22,0,0,0
sqlalchemy,15dcc2342a7e6b9e4d7d2d67a8963005aa15ad93,1686478046,Janek Nouvertné,2,24,41,24,41,41,1798,0,0,0
sqlalchemy,f20f45fae24a4818dc8be5d31a46695b9d16c897,1686492022,Matthew Martin,2,1,73,1,4,4,169,0,0,0
sqlalchemy,bd290c4329b80c85475c6a76eec2fd6574f9781f,1686600499,Federico Caselli,1,1,4,0,4,3,179,0,0,1
sqlalchemy,017a43cb01b5bf93cd262e930627fb07410ef387,1686603315,Federico Caselli,2,5,55,3,22,19,1100,2,104,1
sqlalchemy,ef327adcde54ffe19a40c7bf712b35184a696923,1686754303,Mike Bayer,2,1,105,0,9,8,368,0,0,1
sqlalchemy,108f5ec3feed145d371cbd1c54d55d6601bbd0f7,1686835118,Mike Bayer,6,6,168,4,14,11,498,2,99,1
sqlalchemy,1c3dbf39ec2d72ea70c0f74fa2e6dc537e76700b,1686995988,Alc-Alc,1,3,4,4,4,3,193,1,63,0
sqlalchemy,a06d1526216f651f415e9aff56f8d7a725501dc8,1686868497,Mike Bayer,3,4,125,22,7,3,103,4,202,0
sqlalchemy,26dea369c7c985db4db8c504fdeb0bf00c1edeac,1687206738,Tony Locke,3,3,89,10,77,64,2330,0,0,13
sqlalchemy,ebd7f691172252e3666d336925dfff2626712cfe,1687283526,Federico Caselli,1,1,1,1,1,1,73,0,0,0
sqlalchemy,66cec8cd401a605dfbd8bb64fa7c8997ca072294,1687287079,Shadab Zafar,1,1,3,1,3,3,93,0,0,0
sqlalchemy,f79d09221b1ec6cd6bc8d83d6e947db5f75c6d1c,1687289078,Mike Bayer,3,6,38,3,17,14,554,0,0,3
sqlalchemy,70e0f4c0fae1f7410a55c19e1282d4b4a179adc9,1687190075,Mike Bayer,3,21,104,74,104,92,4231,6,264,6
sqlalchemy,b880dca14a13c7cf861aa5531738ee303c3eded7,1687270274,Mike Bayer,3,5,32,2,24,20,669,0,0,4
sqlalchemy,cb39c0109ef5167de3a7a682cc553480172dac82,1687373961,Mike Bayer,1,0,8,1,0,0,0,0,0,0
sqlalchemy,8d19d2e116e168d10b3f2fe546e6dc21861af9ff,1687462207,Seonbeom Kim,1,1,1,1,1,1,32,0,0,0
sqlalchemy,a31ef71bb8d3dcf088f705c14e3f85ea5892b903,1687471867,Mike Bayer,2,3,227,5,7,4,200,3,92,0
sqlalchemy,4baaf5a813c2d9ab58787c57aac10ac52e55b9c1,1687531512,Mike Bayer,1,1,9,0,9,8,553,0,0,1
sqlalchemy,7690fd97248a3052eac2b2ddddfd095506402f7c,1687531677,Mike Bayer,1,0,2,2,0,0,0,0,0,0
sqlalchemy,1e7dcdd6bda3fa49848f5d7f0b82b3145c541b5b,1687532447,Mike Bayer,1,1,1,1,1,1,22,0,0,0
sqlalchemy,bf5cb5268c0d12f44c1537abfef1a1244b2982bb,1687571861,Mike Bayer,2,8,104,2,24,21,1016,0,0,3
sqlalchemy,12e15ca0c74da1f69a868b1db971d7cad7128c64,1687644342,Gord Thompson,2,2,47,2,5,5,264,0,0,0
sqlalchemy,51b65467e1c4150c4b594ac490eafd6d721d7459,1687875456,Mike Bayer,2,6,168,2,28,24,1284,0,0,4
sqlalchemy,c3acf8a5d23881ed4795fb5ca1c28fae0adc6414,1687543134,Federico Caselli,103,1,6560,5911,1,0,0,1,63,0
sqlalchemy,6d5cdd1f59415ea8f08efe0f40126b8c384d1125,1687980028,Ilia Dmitriev,4,9,417,117,117,97,3975,0,0,20
sqlalchemy,e3bb7a6997ba42d9eed4e337837b6cdf803b6882,1688068466,Federico Caselli,1,0,2,1,0,0,0,0,0,0
sqlalchemy,bf06505c2362607a9ba74f155d2fada4ccd727b4,1687991130,Federico Caselli,3,15,287,43,112,94,3205,7,369,11
sqlalchemy,044f367dcb8eb2eacd8e380231baa66e8e560f10,1688076055,krzysdz,2,2,9,0,2,2,42,0,0,0
sqlalchemy,79998e531120c2a14bb69f48101ddcc61bc1a3ab,1687960359,Mehdi Gmira,8,44,182,42,129,111,4412,9,279,9
sqlalchemy,2d8ff4f9171bcef9fa70dfa27f2c0cab708fd75e,1688134495,Mike Bayer,12,34,173,131,76,72,3372,0,0,4
sqlalchemy,a48ebfe72558ca4cf16ff1ce06e4efd83de48685,1687464563,Federico Caselli,1,0,32,35,0,0,0,0,0,0
sqlalchemy,784874d74b94bfe977212b6bfcabacaf12942ebe,1688400241,Mike Bayer,5,16,59,9,52,48,1861,0,0,4
sqlalchemy,c53805b99dcfdddb5d08ebc219845fbe9925182c,1688494411,Mike Bayer,4,7,68,7,5,5,183,0,0,0
sqlalchemy,340cc5572dbaedcbcc3434a73a38f4c20758fba7,1688564854,Mike Bayer,1,0,17,0,0,0,0,0,0,0
sqlalchemy,86078b8948e83e442c1bd4a7a501767ec775ec54,1688064892,Alex Rothberg,2,3,3,3,3,3,122,0,0,0
sqlalchemy,d9acd6223299c118464d30abfa483e26a536239d,1688577800,Mike Bayer,2,3,3,3,3,3,119,0,0,0
sqlalchemy,5d709b53685d049b8c8d7a57e5319d5babcf807a,1688405315,Mike Bayer,6,8,193,1,65,51,1890,2,12,12
sqlalchemy,e3b9d4c19ec0a77556c630660eb3809dc3cc775d,1688582878,Mike Bayer,1,0,2,2,0,0,0,0,0,0
sqlalchemy,ffd6d56db761bb396e2c9b1773ce2a973ed8415e,1688583642,Mike Bayer,1,1,1,1,1,1,22,0,0,0
sqlalchemy,a2c06a2a0acf769060f11bb34c1b55cecae5f5fe,1688652374,Mike Bayer,2,1,113,5,12,8,375,4,185,0
sqlalchemy,400aa8a676ba1a0a1536ae52a20caa93726525dd,1688680885,Mike Bayer,2,2,54,36,8,8,321,0,0,0
sqlalchemy,fb060d99c6046ccde5946207233128415cb6ee8d,1688763026,Mike Bayer,3,16,104,41,41,35,1753,0,0,6
sqlalchemy,67684d98f53acb51ca98054bedeaf67415769ddd,1688400721,Mike Bayer,2,3,3,3,3,3,122,0,0,0
sqlalchemy,a4e6e13d87c01c6f1c8e8f64b608d538eff7d56f,1688996505,Mike Bayer,1,1,6,0,6,6,234,0,0,0
sqlalchemy,28a66ac2fcee27a938c791fbb62d0220164e42df,1689089115,Mike Bayer,1,1,0,6,0,0,0,0,0,0
sqlalchemy,d60bb4b4a8006f88fd24a4efe1b865f58ac07ed1,1689083902,Mike Bayer,8,18,152,12,98,83,3081,2,76,13
sqlalchemy,41637a3600a8d5de9bc3d1a10b2131d46513aa6b,1688206044,Federico Caselli,1,1,5,0,5,3,147,0,0,2
sqlalchemy,4b82f9e0a09f04acbd6983524085955a1a15ea40,1687543769,Federico Caselli,11,20,207,34,89,58,1946,9,433,22
sqlalchemy,d7ee73ff81ed69df43756240670bd98f3b1c3302,1689168730,Mike Bayer,6,9,100,8,16,14,464,0,0,2
sqlalchemy,e4fa4fb898a0f2e6cbc5eee1104e770f2bae6687,1689184239,Mike Bayer,1,0,3,1,0,0,0,0,0,0
sqlalchemy,a35afb5ce7da55982571767af8b306fb51efba88,1689184563,semen603089,2,1,13,0,6,6,234,0,0,0
sqlalchemy,024931fb1b931b5b71a6fb6726b6dd173a780f79,1689350904,Mike Bayer,2,2,59,6,6,6,340,0,0,0
sqlalchemy,ed1e2f4b3406499132a180f8d2c23b0fc935a117,1689195504,Federico Caselli,3,11,62,10,48,41,1712,0,0,7
sqlalchemy,9e89d2cbbf7ccef05579472b94c90124a1ecf9e3,1689425740,Mike Bayer,1,0,2,2,0,0,0,0,0,0
sqlalchemy,eab7782f27825c2c6facfa1e3414e2b6eba324ae,1689426425,Mike Bayer,1,1,1,1,1,1,22,0,0,0
sqlalchemy,9fc027b182483ce465c476757b2fd469bb54ae46,1689870995,Mike Bayer,4,10,58,8,29,26,1049,0,0,3
sqlalchemy,3ac488ce702ea97369f8a3ca8b6ae6ade2550ec3,1689872782,Mike Bayer,4,5,100,6,37,34,1200,1,56,2
sqlalchemy,9f9ad6c0c9d71330c16dc9bcc74a84eba024e00d,1690298763,Mike Bayer,3,3,116,4,10,9,400,0,0,1
sqlalchemy,a23cdcc12c8302a1a2deebb64876aaada8c996f6,1690387848,Mike Bayer,3,1,74,6,15,15,579,0,0,0
sqlalchemy,a8b37e8802a754c39999024d00f5acf6ba5bffa6,1690816640,Mike Bayer,2,3,35,0,8,8,357,0,0,0
sqlalchemy,a1e8a26f33bf86061b3a5df9f2f0af1d54878ce5,1690600160,semen603089,5,4,68,0,44,28,1249,0,0,16
sqlalchemy,244a94957b50e4a6dcdb1ffbcf4ce1a76a18f0b2,1690840027,Mike Bayer,4,2,36,5,2,2,81,0,0,0
sqlalchemy,b62f791bd4306b636c01707b9c715aa14e6e0903,1690997643,Mike Bayer,2,6,24,3,17,15,464,2,101,0
sqlalchemy,ab413c3c7b655d408d925dfba47f54c207b9668b,1691034017,Mike Bayer,5,0,32,32,0,0,0,0,0,0
sqlalchemy,022d148a7d969ee7a645e368d905862087bd0fd3,1691108079,Mike Bayer,5,10,42,9,10,10,679,0,0,0
sqlalchemy,27e80ff061ee82ca23437331ec4fbea51a1403cf,1689704327,Federico Caselli,2,1,3,2,1,1,71,0,0,0
sqlalchemy,fa081f36d2a3e859b2f71ed4c8dfa31ce17fecfd,1691419631,Mike Bayer,7,5,252,10,28,24,992,0,0,4
sqlalchemy,4cd3656a6522d5be2a61a5201a541c001bf10374,1691440632,Federico Caselli,2,5,66,3,33,26,869,0,0,7
sqlalchemy,0661cd99c4e06115d3dd8318a6bda5e2b41d11ae,1691419839,Mehdi Gmira,10,24,184,26,130,117,3821,0,0,13
sqlalchemy,8c775f2a3e1078f5b6d5815521c9a9e2440c1fe2,1691523689,Federico Caselli,1,1,12,0,12,7,375,1,41,4
sqlalchemy,403902a42e7eac17436c3788b292d70cb7ac59f5,1691692454,Mike Bayer,1,2,2,1,2,2,104,0,0,0
sqlalchemy,ccefbc643ee0e74f69977b34b91a9a93c7f77f09,1691590655,Mike Bayer,3,3,20,7,3,2,69,0,0,1
sqlalchemy,3db54a4825524755566c6bd3f69b79568203ae99,1691229773,Federico Caselli,2,7,16,19,16,12,580,1,52,3
sqlalchemy,f09036680c723b16f250f95267800cddaf1a9a42,1691706405,Mike Bayer,4,4,218,2,15,10,390,3,120,2
sqlalchemy,fc33a6b159f88a7374db1b60762055568f1c48d1,1692037212,Mike Bayer,4,4,4,4,4,4,125,0,0,0
sqlalchemy,b3785075240ec47139ad39e6ec40d65755bae09c,1691939763,Mike Bayer,6,6,164,7,14,11,581,0,0,3
sqlalchemy,49297c236bd91b25a1a9a48f380603f507d643ea,1691240846,Federico Caselli,4,5,118,1,85,59,1930,0,0,26
sqlalchemy,16725b95237ee9af10e3fc16e6a17909c04a89bf,1692106732,Mike Bayer,1,0,3,3,0,0,0,0,0,0
sqlalchemy,a52103c44f3989d53edf4c76abb92afd3ca724c9,1692124471,Mike Bayer,1,0,2,2,0,0,0,0,0,0
sqlalchemy,e5a81c980b5c07f7d980b90149c6b18ea16f6f4b,1692125460,Mike Bayer,1,1,1,1,1,1,22,0,0,0
sqlalchemy,8cf73b322a320c16b574a4d3d5e93a9dd3648321,1691616441,Federico Caselli,5,2,18,19,3,3,143,0,0,0
sqlalchemy,e5c881488e1f06f46ee3ddcfb513431efce3cd7b,1692214731,Mike Bayer,2,2,59,1,14,11,416,2,86,1
sqlalchemy,7083214539075dd3c1e834c089ed1ba05a9fed6a,1692628809,Mike Bayer,4,2,37,15,1,1,17,0,0,0
sqlalchemy,df126fe0d1799367572af6410b76850eebcd1100,1692198059,Jordan Macdonald,2,2,2,2,2,2,119,0,0,0
sqlalchemy,7cf836241aa72494b42b645a3ddec04b0a6e6061,1692726842,Eugene Toder,2,4,14,4,8,8,213,0,0,0
sqlalchemy,d18ccdc997185b74e1506072805dcb71fde5fe07,1692979926,Mike Bayer,5,6,157,6,20,1,76,15,683,4
sqlalchemy,d1c6617a22d1cb1887245c9b5182ee289871483c,1692974939,Mike Bayer,3,2,102,1,8,4,157,3,147,1
sqlalchemy,07534a8fc93304d196d30c5744d0a1c854ec4113,1693310495,suraj shaw,1,0,16,20,0,0,0,0,0,0
sqlalchemy,2ec9b21fa744947319bfc49b6bdddc165487844a,1693303871,RomeoDespres,7,60,121,65,68,68,3475,0,0,0
sqlalchemy,aed8ac5985c37eb6b7ced996cc0329ca31e4748d,1694014407,Gord Thompson,1,0,1,1,0,0,0,0,0,0
sqlalchemy,92ee0326d64305e95f70d9c9b06bf9d193dae960,1694031509,Federico Caselli,6,4,79,3,11,11,604,0,0,0
sqlalchemy,2c0769240d8cb18fb42f7e1685d260f6ceee4e56,1694122893,Daniel Thorne,1,1,1,1,1,1,32,0,0,0
sqlalchemy,d46dfd2e456f5b896d2d6f5677c806429873b456,1694122633,Mike Bayer,4,0,59,11,0,0,0,0,0,0
sqlalchemy,8503dc2e948908199cd8ba4e6b1d1ddcf92f4020,1694203533,Federico Caselli,1,0,20,1,0,0,0,0,0,0
sqlalchemy,8aa575366cc671ba8b28f2603cc3ca3b675f868f,1694367294,Marat Idrisov,1,0,1,0,0,0,0,0,0,0
sqlalchemy,fbafc24d21cb8f791e72daa28fb26557a41a8d30,1694520114,Mike Bayer,3,5,57,18,13,8,307,5,272,0
sqlalchemy,827e5121e210fc05f878a3f50ec6df9028fecdfa,1694535854,Mike Bayer,2,5,15,3,15,9,252,2,78,4
sqlalchemy,b0be00601c0f7174c58bb6b34df0d90376a5051d,1694548575,Federico Caselli,55,157,182,204,181,181,8261,0,0,0
sqlalchemy,bb4fb3d477a968115716fdff4ce837cdde357353,1694549305,Federico Caselli,2,1,7,1,1,1,63,0,0,0
sqlalchemy,d24048a8fb8ad8590454d73e3d8edf4352280f13,1689056497,Joshua Morris,9,7,181,35,52,35,1627,0,0,17
sqlalchemy,4a121f07d4224eb995c73926ca0921995edb05a0,1694853103,Markus Hauru,1,1,3,1,3,3,109,0,0,0
sqlalchemy,f662dfc9d93f89ec16f87348ccf34af3b3d684da,1694857276,Huw Jones,1,1,4,1,4,4,237,0,0,0
sqlalchemy,825172a47de9a02cd2a7aafd8ae1fbccc263a7fd,1694702883,Mike Bayer,7,22,154,29,71,63,2706,2,99,6
sqlalchemy,8a3bcd9af491b8a4737ce33e6dd96500342967d3,1694855177,Federico Caselli,5,2,59,2,17,7,165,7,426,3
sqlalchemy,9071f7d53954e3f6d198df1ef7edbb12ba564764,1692198099,Janek Nouvertné,3,11,103,10,15,15,638,0,0,0
sqlalchemy,d12d38ced6a3243572bed3c8b316016048968450,1694531148,Mike Bayer,5,5,166,3,13,5,370,6,293,2
sqlalchemy,35672ddf0dcd3ac7aab2305901040d30002e1793,1695070931,Mike Bayer,1,0,2,2,0,0,0,0,0,0
sqlalchemy,83fa1d92ef148bf19bab5e716537b13a08c7574e,1695071713,Mike Bayer,1,1,1,1,1,1,22,0,0,0
sqlalchemy,f8086a809bba358790cff032d745814b186ab8cb,1695128332,Mike Bayer,2,5,41,18,18,14,558,4,229,0
sqlalchemy,cc4c0dd96253b35f63ef9b32e3f2fee436cb25c0,1695231801,Mike Bayer,1,0,7,2,0,0,0,0,0,0
sqlalchemy,4c6429d068de811b4a5e50fb3175175ac8ea0360,1695160670,Mike Bayer,6,13,600,22,105,90,3607,0,0,15
sqlalchemy,0df9759b73cb20818a35bd182697fac36dda3484,1695243728,Eric Hanchrow,12,15,23,21,23,23,1252,0,0,0
sqlalchemy,0a12d22d6d63bae1c695f0afc90f9cb6d825b82e,1679575060,Maksim Latysh,5,88,219,127,219,212,8163,0,0,7
sqlalchemy,37b1303d94f47d76f7e5ab3dbcc705161a93d6e7,1695924503,Pascal Corpet,3,2,75,6,7,5,109,1,67,1
sqlalchemy,68784bd8b3915ae2c670ebbc1832312cd8009f8f,1695905896,Mike Bayer,6,9,95,7,47,34,1184,3,122,10
sqlalchemy,0e8acd7a65ca9b0c836470f66b127e2397537d87,1695841317,Federico Caselli,3,5,11,4,11,11,393,0,0,0
sqlalchemy,dc8b7cb5fdb556d78145c1f67737671307f3604d,1695661406,Carlos Sousa,10,14,349,71,225,176,6728,0,0,49
sqlalchemy,8c72495e4dbd0e39968d0b99dcdede24f68fd9d1,1692728328,Daniel Krzeminski,6,36,268,71,193,146,7616,2,121,45
sqlalchemy,a2804c621961231b0cc3d9b4f2893417d460e447,1696336806,Mike Bayer,2,1,31,1,5,4,167,0,0,1
sqlalchemy,0dc335a987fab540a079567953023d56c1178313,1696354955,Mike Bayer,2,3,51,1,10,10,260,0,0,0
sqlalchemy,061e7f8b62c0f4d37664393985a91cb4b8b0c79a,1696426975,Mike Bayer,2,1,29,7,3,3,117,0,0,0
sqlalchemy,c5d89aad3634a40e5d067c8df97bb7f775983e02,1696621010,Federico Caselli,1,1,6,1,6,5,328,0,0,1
sqlalchemy,3a42375d858bdc2654f396be5cb0caf4fc95904f,1696854061,Iuri de Silvio,2,2,17,8,5,4,142,0,0,1
sqlalchemy,890fd0cd363a0c06b780e54751fae468a9926abe,1696661309,Jens Troeger,2,2,2,2,2,2,64,0,0,0
sqlalchemy,a342b3d503f968bbf43f3b2de1f4f623b03a6310,1697039666,Mike Bayer,5,10,31,11,31,29,1159,0,0,2
sqlalchemy,20c1b1b1ede5d66e38ca1c4ae4a708fc33245b1d,1697034514,Mike Bayer,11,10,264,11,24,21,905,0,0,3
sqlalchemy,5c8bc517ee2d1d9bbb343cf664a522f24d59f4d2,1697052984,Mike Bayer,2,3,74,2,6,1,41,5,277,0
sqlalchemy,6f710b393a9d041249d26589b11a7e35a29c3288,1697113540,Iuri de Silvio,2,3,9,5,3,3,167,0,0,0
sqlalchemy,1f388a199ecbce596382b7a5d52c67a785503dd8,1697061977,Mike Bayer,2,1,115,181,58,46,1478,3,152,9
sqlalchemy,809c707c733f155ace062fabcbc3fd8c4bd3d424,1697142272,Mike Bayer,1,0,2,0,0,0,0,0,0,0
sqlalchemy,cae90bc2d7366b6d4e2b7206c2d391992ddced31,1697143100,Mike Bayer,1,0,2,2,0,0,0,0,0,0
sqlalchemy,86ba04f3ef2acdbf9aae2ccaaa808e82d4aa648e,1697143941,Mike Bayer,1,1,1,1,1,1,22,0,0,0
sqlalchemy,2dfd8297dbbd7dbbd83fd66187c3e5c24bc42163,1697220067,Mike Bayer,2,2,8,8,2,2,133,0,0,0
sqlalchemy,3efd5741fa87a9fc6b3ab7ad9ce323e8845ce933,1697225260,Mike Bayer,2,2,50,7,10,9,254,1,57,0
sqlalchemy,e09516081162776b74cc682c75fc2567b228eb2f,1696270049,Mike Bayer,12,16,493,6,489,310,11511,65,2481,114
sqlalchemy,c94ec5f143691c99e3bbfa76945ac382f85bdd48,1697310537,Jochen Kupperschmidt,2,2,2,2,2,2,74,0,0,0
sqlalchemy,c1017bc800509870f8594de6bf384a86ed2a3f9a,1697475702,Mike Bayer,3,4,37,3,4,4,220,0,0,0
sqlalchemy,5347be31c98a3627c2466f1891b7c0e80bf29ed9,1697482384,indivar,2,3,58,1,8,7,256,0,0,1
sqlalchemy,7244d37d3bb8edaedc7679e422e58e543428ce1e,1697651460,Federico Caselli,1,1,0,27,0,0,0,0,0,0
sqlalchemy,29948f6848a84e5124c886aa6466e76938cb27de,1697661105,Bryan不可思议,5,10,84,7,37,29,1296,0,0,8
sqlalchemy,0790c612b3d13761b04b55a5fdd7f6affd852320,1697583263,Mike Bayer,2,2,35,1,35,29,1085,0,0,6
sqlalchemy,9fe7c291921540df9173820d3a06b949d7a3d949,1697728886,Mike Bayer,2,1,21,8,6,6,263,0,0,0
sqlalchemy,c6270f4cfb0616b7b8676aac9092b8d959f96df7,1697732054,Mike Bayer,3,9,101,2,34,25,810,7,287,2
sqlalchemy,74974d7981b84837b67f1dc64ee0973eeef77e21,1697823075,Mike Bayer,1,0,8,6,0,0,0,0,0,0
sqlalchemy,f933d8bb6b6f852d700cdef8dda5d0edff7c148f,1697811575,Mike Bayer,3,3,89,3,11,7,340,4,152,0
sqlalchemy,4c46ed6a9f6f93abd5abe5ba4b95c4c1e8f52a4c,1697811582,Gord Thompson,2,1,10,3,1,1,44,0,0,0
sqlalchemy,e300dec60afdda778142fe478fe0e74a12242e2d,1697966728,Federico Caselli,1,0,5,0,0,0,0,0,0,0
sqlalchemy,7dbefce5732c4b3158aa021f48d4c3e7c658d9f8,1698156951,Mike Bayer,2,0,68,2,0,0,0,0,0,0
sqlalchemy,932a70a91ffc8c1c1e948de6fa1a3a882bebf8b7,1697815538,indivar,3,2,15,2,11,10,406,0,0,1
sqlalchemy,8e7ff99ccc0169ec99991bb0664de25da586dc04,1697824701,Vlastimil Zíma,6,8,53,7,53,38,2139,3,135,12
sqlalchemy,1a23c8dee5665ebda75a1ea7d5e7ca355ea1f78b,1698163584,Mike Bayer,5,13,51,53,41,36,1558,3,128,2
sqlalchemy,598ae1d120a35ee9e19cf7f953c7dd51047954d6,1695923037,indivar,7,7,225,1,36,29,1036,0,0,7
sqlalchemy,523285d679fb6b456fd6cfbeeed97644b8cd2ade,1698177948,Mike Bayer,2,4,0,4,0,0,0,0,0,0
sqlalchemy,8a48f9237ad8c1128daee07ae199b11f52a9c21a,1698242001,Mike Bayer,1,0,18,9,0,0,0,0,0,0
sqlalchemy,43cc0613b25fb906eeecbf21217ec76c7adacb29,1698326261,Sören Oldag,2,3,14,1,6,4,99,0,0,2
sqlalchemy,7b711d08b6ecfe3f6da11d3178f7f815d7eb1e4f,1698778597,Mike Bayer,4,25,111,18,45,38,1592,3,126,4
sqlalchemy,392cd0edb4822202fbd7203d52f640a7cbafb63b,1698876409,Mike Bayer,5,3,65,1,3,3,134,0,0,0
sqlalchemy,cc9edddba969f1bf4cdc8db932c80e1f15171b62,1698935516,Mike Bayer,1,0,2,2,0,0,0,0,0,0
sqlalchemy,b51cccec6a953555f39c16005cb5a2a49a6f4b21,1698936743,Mike Bayer,1,1,1,1,1,1,22,0,0,0
sqlalchemy,5ba5e7d5229e097b428a52373d5b8d695d9d8d30,1699085094,Mike Bayer,1,0,7,2,0,0,0,0,0,0
sqlalchemy,e93a5e890d3dfcca03a1492e98b9403d7f74f1ff,1699286119,Mike Bayer,2,1,4,4,1,1,23,0,0,0
sqlalchemy,432eb350a4b81ba557f14d49ebd37cf5899d5423,1699310774,Mike Bayer,5,4,141,0,31,24,1021,0,0,7
sqlalchemy,4da59c6f534371d8c76cd728e8a459018e9112b6,1699381266,Federico Caselli,12,10,10,50,8,5,205,3,92,0
sqlalchemy,8faa17d4316772340295a677c54eccf647a221c9,1699474824,Mike Bayer,1,0,3,1,0,0,0,0,0,0
sqlalchemy,1da3f3455dc97ad095d7abd10add7f12efe6c1c7,1699476546,Federico Caselli,1,0,1,1,0,0,0,0,0,0
sqlalchemy,f5fea4c625c9aabedc3fb2d35e2d2f0a8d22ebe2,1699129936,Federico Caselli,4,9,38,9,38,33,1264,0,0,5
sqlalchemy,9b14d2078c314d74dfb3a147259cb9619bee3372,1699716417,Federico Caselli,7,16,21,16,21,21,919,0,0,0
sqlalchemy,f5f08c28fb693bc83014cebe9a23de355aef9b3a,1693769085,Federico Caselli,5,13,659,573,308,213,8048,31,1706,64
sqlalchemy,416c5787b6177d9503b26aa3da4e9284537eaa0a,1699307985,Federico Caselli,16,91,111,47,103,103,2925,0,0,0
sqlalchemy,55bf2bf971cda82c2e3f58e9c211c74c3a6394a8,1700143886,William Henry Hakim,1,1,1,1,1,1,45,0,0,0
sqlalchemy,900d13acb4f19de955eb609dea52a755f0d11acb,1699908763,Mike Bayer,7,146,491,714,491,420,15209,4,198,67
sqlalchemy,2458ceee94e7bd6e5bf8d9d7270be8819bbe772c,1700320939,Mike Bayer,2,25,68,54,56,53,3111,2,73,1
sqlalchemy,87929a9c55163ebcd7edd031d222c7f115922842,1700676987,Jan Vollmer,3,1,8,6,3,3,172,0,0,0
sqlalchemy,a44641c6a946c6c958d5a80b64542b2bbc2a765f,1700687043,Federico Caselli,1,1,3,1,3,3,109,0,0,0
sqlalchemy,7bc33ca55144d2716b175c733c0d6865572787aa,1700861223,Mike Bayer,14,8,43,34,30,30,1247,0,0,0
sqlalchemy,045732a738a10891b85be8e286eab3e5b756a445,1700857231,Mike Bayer,7,66,444,134,279,249,8437,11,625,19
sqlalchemy,52452ec39d18567126673eeef4cf0dd12039043b,1700343368,Martijn Pieters,4,13,62,26,56,48,1600,0,0,8
sqlalchemy,3434f1539aa9d71ff229aefeb2414191afd92ae7,1701010967,Mike Bayer,1,2,4,0,4,3,138,0,0,1
sqlalchemy,66be1482db06adb908432b2e3b41d9393d1319f7,1701029768,Mike Bayer,1,1,0,1,0,0,0,0,0,0
sqlalchemy,7bc66ca3640dcccbed77d7eb670e9d195d7d71a3,1692217090,Federico Caselli,6,28,182,73,113,101,3988,1,57,11
sqlalchemy,e70a0b0a0e52945e5b588b5cffec619a3f3e78a1,1701353485,Mike Bayer,2,3,23,1,23,11,407,10,420,2
sqlalchemy,d8cab0694e6dc9f7b7fd02a4b5a8ae6bbb2e896e,1701378971,Federico Caselli,122,108,354,86,176,9,415,167,5726,0
sqlalchemy,76a2fa36c0073b635a3aaf840c83a9d624cca662,1701380736,Federico Caselli,2,2,0,85,0,0,0,0,0,0
sqlalchemy,842b3ebb4b9e40ce3f6aa4257bd5e585c42e51d2,1701380443,Federico Caselli,1,1,8,1,8,7,399,0,0,1
sqlalchemy,b80e17c3f3e21059ba1a425d75bf3e0f9384d4d2,1701711565,eXenon,2,3,12,7,3,3,131,0,0,0
sqlalchemy,1acca3d6c6cf035c36ddfa1f281b4932ace18b24,1701889043,Mike Bayer,2,3,7,12,4,4,208,0,0,0
sqlalchemy,ceeaaecd2401d2407b60c22708f58a8ae0898d85,1701815057,Michael Oliver,3,7,44,5,7,7,288,0,0,0
sqlalchemy,4438883c9703affa3f441be9a230a5f751905a05,1701889828,Mike Bayer,2,8,31,16,7,7,368,0,0,0
sqlalchemy,005a87c1ba58f5df256cbc30274cde910095c9c4,1701899973,Federico Caselli,1,3,3,3,3,3,188,0,0,0
sqlalchemy,717202cc92ed729b956f5c4f0ff733e54c690965,1701813021,Federico Caselli,37,90,49,53,49,49,1396,0,0,0
sqlalchemy,86f335c29e9f4d9a8e2b28dd75301f28f5f9f4f1,1702032851,Mehdi GMIRA,1,1,1,1,1,1,33,0,0,0
sqlalchemy,2f972b6221ba271d16bbab5aa299a25f427a3710,1702136617,Mike Bayer,2,2,5,1,4,2,64,1,53,1
sqlalchemy,54a4ac0eb9d79a4af3a3267561f4903314494b0f,1702310125,Mike Bayer,3,4,37,1,10,8,389,0,0,2
sqlalchemy,0248efb761bec4bdcea76bc6bbe3c09934f6b527,1702411058,Mike Bayer,3,12,124,12,47,44,1569,0,0,3
sqlalchemy,6e089c3dbf7e7348da84dfc62cc1c6100a257fd4,1702994403,Mike Bayer,3,1,138,0,7,6,201,0,0,1
sqlalchemy,99da5ebab36da61b7bfa0b868f50974d6a4c4655,1703087778,Mike Bayer,7,10,72,11,14,12,524,0,0,2
sqlalchemy,3976537274e8e3d798c8c88bf570c49e9fd7ef6d,1701811759,Federico Caselli,28,135,253,523,207,182,7516,10,598,15
sqlalchemy,0fe5d3ca51884b85b4059ed05b53f02172325e70,1703144823,Yilei Yang,1,2,2,2,2,1,61,1,34,0
sqlalchemy,6e3625a6334c4da982d4c81637a05fa88bc540b1,1703716507,Mike Bayer,1,2,2,1,2,2,67,0,0,0
sqlalchemy,4ea8c3bba7924f8dd92230138bf23953d08f6099,1703775457,Mike Bayer,1,2,1,2,1,1,9,0,0,0
sqlalchemy,63add624878c9a7a27d6d230cbcf3ccf3786ada1,1703775662,Mike Bayer,1,2,2,2,2,2,49,0,0,0
sqlalchemy,46ec57e5cc5c66616087453a090754f4d0853c0c,1703797368,Mike Bayer,2,2,97,2,11,4,181,5,301,2
sqlalchemy,0da6e5dd22c33d57fc206825f58dccc3d7c3b61c,1703803820,Federico Caselli,1,1,0,3,0,0,0,0,0,0
sqlalchemy,e20ee333587497251b8c2e1a61987031731780ea,1703869639,Mike Bayer,1,0,85,0,0,0,0,0,0,0
sqlalchemy,02472e8b65ac4062f2c3e7cee19608c801fba14c,1703891679,Federico Caselli,2,6,6,6,6,6,414,0,0,0
sqlalchemy,601a6b79f84feacefe02e44422131b7d529e1bab,1703950600,Mike Bayer,6,7,145,3,15,13,593,0,0,2
sqlalchemy,74a31c56ed931921f89026faf50768c86801376f,1704131350,Mike Bayer,6,20,39,23,25,25,1019,0,0,0
sqlalchemy,861b6ea5a46ec94a7fe0ce714549f5f5b71c51ee,1704146588,Mike Bayer,255,216,255,255,216,0,0,216,14092,0
sqlalchemy,2ed32bbf891b8f7e6c151071b4711319d9aa84f0,1704146098,Mike Bayer,2,6,39,3,19,17,463,0,0,2
sqlalchemy,6f08bb70c6908061636ab01c3b579812cbd9f06c,1632520089,jonathan vanasco,1,2,2,11,2,2,133,0,0,0
sqlalchemy,c1139c2e5d2f14738798d3c0deb876286014c808,1704213380,Mike Bayer,3,1,60,11,6,6,158,0,0,0
sqlalchemy,dca7673fb6c0fd8292ce26676ec479527b52015a,1703198516,Federico Caselli,13,22,290,63,190,137,5498,6,300,47
sqlalchemy,f3ca2350a5d0a34d86ceb934682798438f769e59,1704212173,Mike Bayer,5,18,96,50,28,26,1452,0,0,2
sqlalchemy,cc26af00e7483289cb2c2fb7c03e2d0c8fb63362,1704218620,Mike Bayer,3,24,118,35,86,61,2289,20,1236,5
sqlalchemy,47136c077c71ddcccd1f30d3ca5312471f122f69,1704244003,Mike Bayer,1,0,1,1,0,0,0,0,0,0
sqlalchemy,071d3e2d2b11a96fc5a143530357244177259189,1704723317,Mike Bayer,1,1,1,1,1,1,52,0,0,0
sqlalchemy,d9ed5cb521d5e7a2b62646b43eaebc1ccf084b40,1704825952,Mike Bayer,1,1,5,0,5,4,245,0,0,1
sqlalchemy,396b1e621f0576b2df9da8b728a21abc99951901,1704911453,Federico Caselli,1,5,4,5,4,4,154,0,0,0
sqlalchemy,eff3aa8ad6bf74181280a85bf03d401126c65b01,1704943919,Mike Bayer,1,1,1,1,1,1,77,0,0,0
sqlalchemy,890b84e1693ce702ef0e20046cadc6e741274013,1704730581,Ellis Valentiner,2,3,49,3,13,11,405,2,76,0
sqlalchemy,6e0a35dfd8bbd12c999abcae3309fe22e83b0444,1705069768,Mike Bayer,4,0,8,4,0,0,0,0,0,0
sqlalchemy,8f4ac0c0f07509d2f8a4bce9cbb07ac08ad04044,1705331633,David Evans,2,4,100,37,13,10,308,2,99,1
sqlalchemy,48d3ad2d90308905709d886fb38dc1de2e2e2478,1705406589,Martijn Pieters,2,2,8,1,2,2,132,0,0,0
sqlalchemy,4201b90210dcf60f9830df299be016dee315753b,1705250951,Gord Thompson,2,8,16,2,16,12,426,0,0,4
sqlalchemy,95464adc3c81827bd1c072674dc8c4e17463d8cb,1697380465,Priyanshu Parikh,5,39,224,49,132,105,4658,1,42,26
sqlalchemy,c8214ad4389284dc9508e49aeca701e5bf164454,1705083450,Federico Caselli,4,3,14,8,11,10,543,0,0,1
sqlalchemy,90f8ff08a4b15c7706778eb10088cd239591e4cc,1705544137,Mike Bayer,3,2,50,27,15,15,622,0,0,0
sqlalchemy,9fe5f4fcf2f36e35c7a6865bbaa29dc05617d01e,1705772008,Federico Caselli,1,8,8,8,8,8,416,0,0,0
sqlalchemy,46899918a6dda07cca07e30af2526134f9c38809,1705908584,Edgar Ramírez Mondragón,2,15,39,15,24,20,870,0,0,4
sqlalchemy,00072000c53d27fff1044722e3fbf265887c6ef3,1705511285,Yurii Karabas,53,416,754,502,622,593,24626,0,0,29
sqlalchemy,14f30b85c7bea7839111bbe54576b290457e3a8d,1705936963,Georg Wicke-Arndt,3,2,142,84,6,5,230,1,71,0
sqlalchemy,dab1da6049d210843c16d96b20ae0efc063eead3,1706036761,Mike Bayer,2,0,99,1,0,0,0,0,0,0
sqlalchemy,e7cda85d81038cf390a15b93d5276754a8cc2514,1706221184,Eugene Toder,2,2,2,2,2,2,150,0,0,0
sqlalchemy,f7b40c0102c33faf350917f5b98c61d4c6fbec90,1706278651,Mike Bayer,1,4,6,2,6,3,129,0,0,3
sqlalchemy,47716f5a45eb91361a5fdabb420144a1807ca8ae,1706555396,Federico Caselli,2,5,5,3,5,4,158,0,0,1
sqlalchemy,9b153ff18f12eab7b74a20ce53538666600f8bbf,1706559362,Federico Caselli,216,1137,2304,2903,1818,1812,75131,0,0,6
sqlalchemy,367e0e27a2e6930c66f2f98fbe477f9b1f06e2ca,1707167188,Mike Bayer,2,2,58,11,17,10,303,5,244,2
sqlalchemy,9b1c9d5d2e2f9a1e83cf80ca5cd834de213e59ea,1707152539,Mike Bayer,6,12,78,35,52,36,1535,11,490,5
sqlalchemy,e9a05cf88811c4c4ca51b8103539a7727630d2f0,1705600022,Mike Bayer,4,3,177,2,14,9,450,3,167,2
sqlalchemy,3fbbe8d67b8b193dcf715905392b1c8f33e68f35,1707245087,Federico Caselli,56,23,155,169,23,23,1632,0,0,0
sqlalchemy,2202fa4c1318c5342625159e035793cb11fa50bb,1707246665,Mike Bayer,1,2,0,18,0,0,0,0,0,0
sqlalchemy,f932fc762d40f9b3bb305eb8db8b890483282502,1707261092,Mike Bayer,1,0,1,4,0,0,0,0,0,0
sqlalchemy,4006cb38e13ac471655f5f27102678ed8933ee60,1699996771,Jim Bosch,9,41,295,80,143,110,4675,9,488,24
sqlalchemy,009aa8cb63dd082e1ba0c4a96a39980d36e26e71,1707329664,Siloé Garcez,1,1,1,1,1,1,48,0,0,0
sqlalchemy,d97679e0926b829592bf5962d9dae5f2fe99503f,1707399922,Mike Bayer,2,4,44,6,6,6,276,0,0,0
sqlalchemy,4bf76624a076964f9d3eed2bdecc68e3956c9d4c,1706733826,Gord Thompson,1,1,1,1,1,1,69,0,0,0
sqlalchemy,80b52dc522f9f03a86ca6c3a5766cd9c594804ec,1707831953,Mike Bayer,2,1,27,1,5,5,144,0,0,0
sqlalchemy,8844cb0b4148ff52c0377edf01d6e88f3bbe1ab0,1707920959,Mike Bayer,2,17,62,19,40,34,1561,0,0,6
sqlalchemy,c449505f651ebf4b73aaa7d7aec99b038ea34cb6,1707963020,Mike Bayer,6,8,150,6,47,35,1625,0,0,12
sqlalchemy,1c58fe53b6fd069cbb82955ddaf9eb5405076146,1708104059,Zhong Zheng,1,6,7,6,7,7,396,0,0,0
sqlalchemy,49ce2459984266e4ced0562e74a9d3f80677aa39,1706284451,Volodymyr Kochetkov,5,11,147,13,103,74,2624,7,434,22
sqlalchemy,8a171bb3391e916d19ddf853dc2f9f5e5756c16e,1708982198,Federico Caselli,3,3,3,3,3,3,209,0,0,0
sqlalchemy,f0537442eb7d3a3b2e702c8843c3c277fbfda0ac,1707340285,Federico Caselli,17,38,229,85,119,104,5787,0,0,15
sqlalchemy,06be748b474246c1061c309f16f5648ae9bb3954,1709357306,Mike Bayer,6,18,256,42,141,109,4428,10,462,22
sqlalchemy,e4c4bd03abae2d3948f894d38992d51c9be2a8c0,1709561554,Mike Bayer,4,2,83,5,5,4,202,0,0,1
sqlalchemy,e4fa1745839c5a793b2ef2d04d9077f5be65f400,1709563922,Tomasz Nowacki,4,3,19,3,9,9,301,0,0,0
sqlalchemy,770b779ba4cbb1b890ba020b7e3d8f6bfab5e861,1709644716,oleg,1,2,1,4,1,1,55,0,0,0
sqlalchemy,5b94dfad5ebc0ef9f929a7d9c7200ca577fea9b2,1709996703,Mike Bayer,2,1,15,17,1,1,43,0,0,0
sqlalchemy,985193c407ffb891c8eed042fac6f9547a34d694,1710006421,Mike Bayer,3,4,74,2,8,6,249,0,0,2
sqlalchemy,3eaff251bfffc628d15058fbc3e333f35213fad2,1708889847,Francisco R. Del Roio,4,8,39,4,20,20,631,0,0,0
sqlalchemy,d2a743d0bcd88129f571f2256cd18f1b02036fd2,1710157367,Eugene Toder,7,9,43,13,16,13,423,0,0,3
sqlalchemy,af4df5e2a2405cfef3aa26bbb8f48e24d954a370,1710190726,Federico Caselli,3,9,21,16,21,21,845,0,0,0
sqlalchemy,64b661d7058818ad6852b208a877804eba294d91,1710190902,acceptacross,2,0,3,3,0,0,0,0,0,0
sqlalchemy,3551c7b66ab0318deef419fbe61fe038b6e2825c,1710192860,Daniel Robert,2,2,8,1,2,2,62,0,0,0
sqlalchemy,f0822f0d930c33ec66e440db99e90641f612338c,1710195088,Federico Caselli,1,1,6,0,6,4,180,0,0,2
sqlalchemy,53dad790dbf0284cecc70b57c26984d4b66d6736,1708982178,Federico Caselli,1,0,14,77,0,0,0,0,0,0
sqlalchemy,f99209583272b65a71c0b4884fd14edcf6577939,1710201546,Mike Bayer,1,3,4,4,4,4,227,0,0,0
sqlalchemy,e560794883c5a3259aa4208ee7c5aa0740cb3087,1710281150,Federico Caselli,2,3,7,4,7,6,300,1,25,0
sqlalchemy,058e10f2b7e5686198dc744107b32952e55dc93c,1710157318,Ethan Langevin,2,4,26,4,4,4,214,0,0,0
sqlalchemy,e3f7bc683ac3ea6d7c517b9c7ffeaa911860d732,1710368587,Mike Bayer,3,8,157,3,31,27,1058,0,0,4
sqlalchemy,03cedd7e2ff994636b915039b700858ae835c786,1710525448,Sean Bright,1,4,4,0,4,3,45,1,55,0
sqlalchemy,34a974e509190497cd41831342dda0bdadf88891,1710531736,Federico Caselli,1,0,7,6,0,0,0,0,0,0
sqlalchemy,4c0af9e93dab62a04aa00f7c9a07c984e0e316df,1710514262,Mike Bayer,8,33,108,217,90,81,3738,0,0,9
sqlalchemy,4ef36de359449abd49b90726a1d06aef9a4084e7,1710771726,Mike Bayer,1,1,2,0,2,1,27,0,0,1
sqlalchemy,93da4ba1446162f1476598b4f13c307ae7bfb1f1,1710795035,Federico Caselli,1,22,65,46,65,63,2605,0,0,2
sqlalchemy,58a50c06836792da201bb610ee2f0463ac1bb073,1710851700,Mike Bayer,1,4,57,11,57,47,2026,0,0,10
sqlalchemy,697dcc94e412e013aba298e17613ee097f423e04,1710859861,Mike Bayer,1,1,2,2,2,2,153,0,0,0
sqlalchemy,041eb04df09b96bae5ef097c479cbee2f4622eca,1710944621,Mike Bayer,2,2,16,1,3,3,106,0,0,0
sqlalchemy,674303456cf3264504fbd9c9e1833d4c6f74b01e,1699543639,Mike Bayer,11,19,186,51,67,59,2422,0,0,8
sqlalchemy,bf7289f9d4218275d32ce7cfcb24a8da3475d95d,1710969515,Federico Caselli,2,1,11,0,1,1,9,0,0,0
sqlalchemy,7c70ab8c6b7b9ce1c566862c4ca0438e0b0e9131,1711001602,Mike Bayer,2,8,93,92,93,75,3519,0,0,18
sqlalchemy,b6f63a57ed878c1e157ecf86cb35d8b15cd7ea3b,1710869735,Mike Bayer,3,5,155,5,28,16,812,8,355,4
sqlalchemy,0b6a54811d9cf4943ba2ae4b5a0eaa718b1e848e,1708546621,Thomas Stephenson,5,31,531,166,211,171,7140,7,321,33
sqlalchemy,0be89aaa38d06a9beced7f1bfe2987f4b6afebb8,1695505182,Federico Caselli,26,60,1907,1393,1458,1014,36915,161,7051,283
sqlalchemy,ed852bfcae9d1d45c5ab6e6bc45af84342fe5da9,1700773120,Federico Caselli,7,0,1577,1297,0,0,0,0,0,0
sqlalchemy,a124a593c86325389a92903d2b61f40c34f6d6e2,1711634384,Mike Bayer,4,10,125,13,88,69,2697,2,82,17
sqlalchemy,d3222a31b8df97a454b37a32881dd484a06e5742,1712008462,Mike Bayer,4,8,164,29,56,43,2123,0,0,13
sqlalchemy,ceb9e021cd5df3aa7f3beed2c9564d5f182bf8b6,1712254507,wouter bolsterlee,2,1,6,1,1,1,37,0,0,0
sqlalchemy,ac7d70dea89dfaf8e061bc8dd03a1ed7825069fc,1712604199,Stefan Wojcik,1,1,1,1,1,1,74,0,0,0
sqlalchemy,da639af16f77118bc17bbf5cf78fe41dd1818168,1712759308,Mike Bayer,2,7,32,10,32,26,1511,0,0,6
sqlalchemy,40fc02d93f3f8b4d9ae2f7bf987f5f965a761dd4,1712333151,Francisco Del Roio,2,1,56,0,32,28,776,2,92,2
sqlalchemy,497c4a2c22be2e5c2319acf56e11d3037a552064,1712863494,Federico Caselli,2,1,67,0,32,22,982,0,0,10
sqlalchemy,b5cf61c504e6ff7cdceeb0ca376eb47a97b9da5a,1713210758,Federico Caselli,1,0,7,1,0,0,0,0,0,0
sqlalchemy,82803016b5fcbc3225af87a43768dbea2be87582,1713385045,Federico Caselli,1,51,93,60,93,74,2826,0,0,19
sqlalchemy,80399cefa1b16a8548ba0c997a1eda94b8e9db01,1713478641,Mike Bayer,3,4,145,2,15,5,267,9,457,1
sqlalchemy,4a108c43d98a56e2f2e8db85d79e43b71ae96b8f,1712690032,Gord Thompson,2,2,51,2,2,1,51,1,46,0
sqlalchemy,859dda8f0b2874fcf7f080d15411336047b89a64,1713990621,Federico Caselli,5,5,10,10,6,6,374,0,0,0
sqlalchemy,980cfc5bdfaa1f379922f21f995fc6df3f65a872,1713988021,Federico Caselli,3,5,13,3,8,7,196,0,0,1
sqlalchemy,18b5b8a5b4d40b8ed8695a4027cedaaafa04cff4,1713989730,Yossi Rozantsev,2,1,9,0,3,2,81,0,0,1
sqlalchemy,f0ed44e89ea83dc2f994105dcd0c471bcb54d608,1714159519,Felix Zenk,1,1,1,1,1,1,70,0,0,0
sqlalchemy,d85289b35ee6c2683eef378f1ea2fdea7f401ed9,1714207727,Federico Caselli,1,0,4,4,0,0,0,0,0,0
sqlalchemy,319304e7c9e5c6c2e42513b81f85aa6b238495b5,1714215963,Federico Caselli,2,7,14,16,14,13,444,1,49,0
sqlalchemy,37c598a41efd2609622b1ca6ee698dbe0ab5ac8b,1714192267,Mike Bayer,3,2,109,17,33,31,1164,0,0,2
sqlalchemy,f4a0ff730cc753d4d6f947959c6551fd10d7d699,1714325948,Mike Bayer,3,12,36,26,15,11,569,3,173,1
sqlalchemy,ade4bdfb0406fadff566aa8d39abe6aa29af521f,1714298465,Federico Caselli,4,13,53,16,30,30,874,0,0,0
sqlalchemy,f00f34437d37f4776b323317432167ad5fe8413b,1714483687,Mike Bayer,1,0,1,0,0,0,0,0,0,0
sqlalchemy,eb118e23a29a29469edb4c1927250f4b726de68e,1714441987,Edgar Ramírez-Mondragón,1,2,6,9,6,4,144,0,0,2
sqlalchemy,fbb7172c69402d5f0776edc96d1c23a7cfabd3d0,1714506064,Mike Bayer,3,4,62,2,8,3,170,2,81,3
sqlalchemy,7d6d7ef73a680d1502ac675b9ae53a6c335b723e,1714664731,Mike Bayer,5,6,72,3,8,7,294,0,0,1
sqlalchemy,ce26cfa5d5253345a5f962359e5c742ea039c211,1714074154,Alc-Alc,3,7,84,22,22,19,992,0,0,3
sqlalchemy,01fbe18d5cb3009400d38a5d1d67f62ae4bfacc0,1714691108,Mike Bayer,4,9,87,28,12,12,510,0,0,0
sqlalchemy,af655e55d3cb15895901de7803726ee434389445,1704743402,Carlos Sousa,11,7,84,67,20,19,817,1,72,0
sqlalchemy,7173b047788f8a4230647bfc252037c6e227c708,1714814632,Federico Caselli,3,24,66,33,61,51,1968,0,0,10
sqlalchemy,ab6df37dad5cccbd0328e83ed55c7cfed91344cb,1714427410,Mark Elliot,4,12,65,31,18,16,770,0,0,2
sqlalchemy,83f8dd53e362c3ea7562c0076add044740d2c4cc,1714833528,Mike Bayer,3,5,110,20,12,12,489,0,0,0
sqlalchemy,fbe7a43062b24b5a7f1fcc028605e1acb247004b,1714853548,Federico Caselli,1,12,12,22,12,12,485,0,0,0
sqlalchemy,02001e9458802ebb512a140aa24e663b364dc3ad,1715029846,Federico Caselli,4,5,21,12,8,6,204,0,0,2
sqlalchemy,93cfb49572ac56bc320a09b82285bf8ef8cdff57,1715119431,Mike Bayer,2,2,15,1,7,3,131,1,57,3
sqlalchemy,323a7dcb5e70ae555e771beb63e3a58158f003a2,1715165289,roche-quentin,2,1,3,3,1,1,68,0,0,0
sqlalchemy,6fbf00179845b800ada8e9a50e77e01838b5497a,1712864365,Federico Caselli,7,43,645,609,113,100,4128,4,185,9
sqlalchemy,c87572b60cbcb869c41a7b4283a11c5c14ef048c,1715286071,Federico Caselli,3,8,73,12,45,29,1298,0,0,16
sqlalchemy,5b43687da6820884c75531e89d6347bf285a3b2c,1715431266,Semyon Pupkov,1,3,3,3,3,3,161,0,0,0
sqlalchemy,077d058fad025f9a7edc4127ccd401c5e897935c,1701207603,Federico Caselli,4,1,440,14,1,1,48,0,0,0
sqlalchemy,61d227a7d4f7be7b1f6fa72171d01c60e571939e,1716562682,Mike Bayer,1,0,52,0,0,0,0,0,0,0
sqlalchemy,754804635bc922c20d0b0075e0ed2da0add38742,1716737667,Mike Bayer,3,12,23,25,21,20,795,0,0,1
sqlalchemy,312f2e017dfcd9f4d9132e76705bd8420a130fb4,1711573200,Federico Caselli,1,6,24,6,24,18,1004,0,0,6
sqlalchemy,9f4f84ffdc1be487930b00d0b190bd492d302ca1,1717012997,Federico Caselli,2,12,50,15,21,19,639,0,0,2
sqlalchemy,57bba096599ff10be008283261054e46c9d08d0b,1717013930,Federico Caselli,3,5,87,16,41,36,1280,0,0,5
sqlalchemy,346e7ea0d02eb02e0a897692d0f09d7545ebb1b9,1717011548,Federico Caselli,2,3,14,2,3,3,136,0,0,0
sqlalchemy,bf22c38cbc988f7acebed43763525948d4a2ccac,1717321891,Federico Caselli,1,6,13,6,13,11,401,0,0,2
sqlalchemy,124026d56dd3b5b26ddb895e0a2edcda8d60f33a,1717440625,Mike Bayer,2,1,176,1,1,1,76,0,0,0
sqlalchemy,d1394d9e05db647a7d4b116306274c99794f1186,1717512986,Mike Bayer,3,22,329,68,155,83,3397,59,2481,13
sqlalchemy,faecebc9df2a57173ee720973ba44ada370b682f,1718074789,Mike Bayer,2,1,17,4,8,8,320,0,0,0
sqlalchemy,ef04a401100ff37915c281c412ed3d784565e429,1718111786,Mike Bayer,1,0,1,1,0,0,0,0,0,0
sqlalchemy,d7a19e81f0b636efe4a919d2fbd361963cb4758f,1718210549,Mike Bayer,1,7,23,26,23,15,611,5,188,3
sqlalchemy,1c3efa4bc79f5277231239394d96481f14ff0e58,1718287441,Mike Bayer,1,1,4,4,4,4,276,0,0,0
sqlalchemy,30ec43440168fa79a4d45db64c387562ef8f97e6,1718678716,Mike Bayer,2,7,188,6,34,23,870,9,365,2
sqlalchemy,e532a2c2084b3acddc3ce4e837711d5b2f6b0702,1718563710,Roman Druzhkov,4,4,4,4,4,4,268,0,0,0
sqlalchemy,c088b6426f1d73efe7de3e42b3e86f8027076bc3,1718809405,Mike Bayer,2,1,55,0,4,3,142,0,0,1
sqlalchemy,c43238252f96a1f9370d1bc7ff440897b751b2b8,1719152327,Mike Bayer,1,1,1,1,1,1,68,0,0,0
sqlalchemy,dffd96e7545348d6d1830cdfc4fcf231237010d2,1719256061,Mike Bayer,2,3,103,45,46,32,1279,3,156,11
sqlalchemy,f522e43cc7c31d3aaffb4e126d2d06a719e0d157,1719171631,Mike Bayer,5,19,175,129,122,111,4648,0,0,11
sqlalchemy,95054db1bff0b409fa36da9228008c4de95c970b,1710526527,Federico Caselli,2,3,91,25,30,28,1479,0,0,2
sqlalchemy,7d8dfa10df3be8d138dd954708efca7d6ed0e503,1719137885,Wouter Kayser,2,1,28,1,1,1,73,0,0,0
sqlalchemy,03d2832fbfd053b6f58f0879e823920ca9d71cbb,1719135444,David H. Irving,2,2,34,23,33,20,819,12,562,1
sqlalchemy,9b631dff45bbf4539c78eb73529b960acda80efd,1719418408,Mike Bayer,1,0,11,0,0,0,0,0,0,0
sqlalchemy,6d2f43e14f2fe25cdc811355b7bd6d11f8eee381,1719526667,Mike Bayer,3,2,18,0,3,3,125,0,0,0
sqlalchemy,fb47dbbc74f59d0be3411d52bc27155095b50631,1719606657,Mike Bayer,5,6,55,4,22,22,719,0,0,0
sqlalchemy,d9d98eacca11490b7df878ef399b92fbb2df2f47,1719943067,Mike Bayer,2,1,33,4,6,6,249,0,0,0
sqlalchemy,f9a865c3d4ebb35ab072cd7d39b654fe927cbb3a,1719909540,Sergio Oller Moreno,1,1,10,2,10,10,365,0,0,0
sqlalchemy,b3105b7e3a9e6a5ff4771c1e9348eb551f4dd454,1703178840,Mike Bayer,10,42,273,38,101,75,3293,16,836,10
sqlalchemy,0e40962bf300bb26c873d00d80813a735fb7447f,1720037104,Eric Atkin,4,3,109,4,26,24,1297,0,0,2
sqlalchemy,f979aff468a4bdc32aad7b073583823cddf8f21c,1720123990,opkna,4,4,102,4,5,4,228,0,0,1
sqlalchemy,621116bdc5c26319e63590cb5b467f6e853457d0,1720035990,Mike Bayer,2,13,60,15,58,41,1406,7,282,10
sqlalchemy,35c178c405c44798810ceac540faf8385b4632c4,1720186210,Mike Bayer,4,9,126,8,38,30,1213,0,0,8
sqlalchemy,772ab0befefe0dad99db22e21ed5f37afd1a1928,1720346216,Federico Caselli,2,2,110,1,12,11,454,1,21,0
sqlalchemy,96f1172812f858fead45cdc7874abac76f45b339,1720621964,Mike Bayer,3,2,78,40,7,4,222,0,0,3
sqlalchemy,e46a990a2601dd0047d7d7678f8b242ba269847a,1722050937,Mike Bayer,2,0,9,5,0,0,0,0,0,0
sqlalchemy,156fef61135a55c6ad17765b64155801f1dbea66,1721683065,Federico Caselli,15,66,116,60,110,104,3737,0,0,6
sqlalchemy,5e77d544893da200d6c770d9bd34c86e33eab293,1721444375,Mike Bayer,2,2,55,0,6,4,224,0,0,2
sqlalchemy,b6e9ca40bddbd6e670d40bc4ae952e1ee67d8816,1722268864,Takashi Kajinami,1,2,5,3,5,4,112,1,20,0
sqlalchemy,881be0a21633b3fee101cb34cc611904b8cba618,1718402806,Federico Caselli,3,6,299,34,20,18,967,1,70,1
sqlalchemy,ce60f93a68f312c7401802820dd17f5d91f73a2c,1722289924,Federico Caselli,5,2,142,0,32,23,1338,1,57,8
sqlalchemy,a9c0487c024410d446b8be3f528e051318dd150e,1718047256,Federico Caselli,8,11,148,67,82,67,3093,1,32,14
sqlalchemy,7001429a7561b3c55dd52b96dfa419004e535743,1722520195,Mike Bayer,2,3,79,19,23,8,306,13,649,2
sqlalchemy,2afb138d310da41d17f9e3dc9fa9339b52e7a9a4,1722541860,Mike Bayer,2,1,72,0,2,2,105,0,0,0
sqlalchemy,6a59eecfa891db84033f5d0c88451b344e5b6f0c,1722544905,Mike Bayer,3,0,111,4,0,0,0,0,0,0
sqlalchemy,0a8bf50422a4c5ce1945aee6d6d37d9467ebf1c1,1722542337,Mike Bayer,2,4,30,0,11,6,270,0,0,5
sqlalchemy,fc7b758b7bb707d7931d909702aa019bbba98fce,1722554157,Mike Bayer,1,0,1,1,0,0,0,0,0,0
sqlalchemy,ffb2e2d033f8e227b80ba3c5d06c67a96310e1ec,1722539780,Federico Caselli,8,16,149,52,61,44,1658,2,87,15
sqlalchemy,f52be645d7f5735bba52786b2f417cc0786f138d,1722889728,Anders Bogsnes,1,0,5,0,0,0,0,0,0,0
sqlalchemy,3a4f8cd8760a6901880310bef7ced7e4b424d375,1723036240,Mike Bayer,1,0,1,0,0,0,0,0,0,0
sqlalchemy,a9747467a8b6e8212f758aaceffdc96f087e15bb,1723047505,Mike Bayer,2,1,16,0,1,1,16,0,0,0
sqlalchemy,e26e9f123a0afe0a89f7635389764206d15a5f1e,1722968451,Masterchen09,2,2,173,2,11,11,346,0,0,0
sqlalchemy,6cf5e2a188fc5e337d22a098a5fe9a9fe10cc7e7,1723055508,Mike Bayer,1,4,30,5,30,25,1564,0,0,5
sqlalchemy,896dbdb5920ffb645a8948c254f73dd0fcb0d3c0,1723405296,Mike Bayer,2,2,8,1,7,5,224,0,0,2
sqlalchemy,63b45202848de0cb3cfd41de130000355cbb88ef,1723554831,Mike Bayer,3,1,44,1,1,1,62,0,0,0
sqlalchemy,10c073dc801bce1d137d106236f94c52bb76a685,1723506605,Mike Bayer,2,1,57,1,8,8,205,0,0,0
sqlalchemy,4c8469947d79766813bc9326ef16c25ff6882f53,1723562571,Jeff Horemans,2,2,100,8,62,17,379,38,1943,7
sqlalchemy,98836f07f3219ab49aaabeb3a647d9a9799aacd5,1723725973,Mike Bayer,1,0,0,1,0,0,0,0,0,0
sqlalchemy,89355b82f444e49e0613e4ba8423ffab33e77c38,1724091474,Edgar Ramírez Mondragón,1,1,1,1,1,1,96,0,0,0
sqlalchemy,663e6f1d60c99fa93da479b4f6f3b3c5e49cc2a8,1724251767,Mike Bayer,1,2,3,3,3,2,106,1,41,0
sqlalchemy,21921a8a94452aed37766645f4d7785d33e6e70f,1723370115,Federico Caselli,2,3,3,3,3,2,146,1,102,0
sqlalchemy,4ae9e65e1d69100e585f783dfe8f2150388b49f4,1724779244,Federico Caselli,2,1,4,3,3,3,119,0,0,0
sqlalchemy,8071c21b5cb5009b45e8449dcb37b7c3786445e0,1724684738,John A Stevenson,2,1,23,8,2,2,112,0,0,0
sqlalchemy,73344fd0d35bd2bf4c4bb8f2a8534a97d7f241af,1724781720,Federico Caselli,6,10,86,37,34,32,834,2,180,0
sqlalchemy,22cbc7dcb48c946dda66704797665289965eb22e,1724940287,Mike Bayer,3,4,54,7,15,11,387,3,141,1
sqlalchemy,f746fd78e303352d426a15c1f76ee835ce399d44,1725123360,Mike Bayer,5,6,111,13,49,39,1218,6,321,4
sqlalchemy,dc7aec467487f729c3a6d1e9e352626593cf5d67,1725290315,Mike Bayer,1,1,1,0,1,1,39,0,0,0
sqlalchemy,a1f220cb4d1a04412a53200f454fbfc706e136b3,1725287849,Mike Bayer,2,5,77,8,28,18,634,8,428,2
sqlalchemy,ac5a27db854fe9f6fbad5b93130e4a9c19405f3a,1725290556,Mike Bayer,2,1,2,0,1,1,58,0,0,0
sqlalchemy,e51ff826b9374cadb8eded370a808bc4dcbe56ba,1725419301,Mike Bayer,3,4,54,13,4,3,164,0,0,1
sqlalchemy,44be2ef4484345298825f547e21d2881cc4921a9,1725453952,Mike Bayer,2,1,25,2,1,1,59,0,0,0
sqlalchemy,6d0379f0565db1b6bf3aa7bead44d759407abadc,1725469831,Federico Caselli,1,1,1,1,1,1,61,0,0,0
sqlalchemy,06ca61066ee312a5198cf1db869f388255212559,1725470633,Jimmy AUDEBERT,1,8,16,9,16,16,876,0,0,0
sqlalchemy,e8dfefb97cd43bc03d202872b99931f61324fe80,1725474412,BOBOTANG,2,0,3,2,0,0,0,0,0,0
sqlalchemy,6fefae897a576bce9ec74101e3a5ebcda0557c00,1725605093,Brigitta Sipőcz,3,1,11,3,3,3,150,0,0,0
sqlalchemy,75ab6b370034e69bc798f9a77751afb200e24f1d,1725556877,Mike Bayer,5,2,197,106,14,2,144,10,478,2
sqlalchemy,8b08e9ba2420e856c5073129b351cfd5cf95422b,1725745276,Mike Bayer,3,2,60,0,11,9,417,0,0,2
sqlalchemy,9ea449bf41006e94273186a974d3a1b091a0552a,1725888080,Mike Bayer,6,14,255,5,44,36,1474,5,303,3
sqlalchemy,e79517d571ab6ab8a2e4e1a9bbd026bbb682df29,1725986578,Federico Caselli,1,1,3,0,3,2,117,0,0,1
sqlalchemy,29c2c15902094965f9dca66efae33305f09c3878,1725535787,Frazer McLean,3,3,44,1,6,3,112,2,81,1
sqlalchemy,5e16d25cc7c32e6cfaea44ceec5a2730d766952c,1726252473,Tobias Petersen,5,5,37,10,7,6,259,0,0,1
sqlalchemy,52385c44d2bcdc9986d4ec8691cf72342b170dcd,1726508610,Mike Bayer,1,0,1,0,0,0,0,0,0,0
sqlalchemy,0cca754f2101cf0e63f0c67b0220e7a4eb3a0f9c,1726597331,Federico Caselli,3,2,4,1,2,2,69,0,0,0
sqlalchemy,64c1299180c2d944142d54bea741355d474bcbde,1727019288,Mike Bayer,2,4,85,0,12,10,435,0,0,2
sqlalchemy,40ccf772d377ec5f0b07691d3505292ddbbd2435,1727112100,sh-at-cs,1,2,5,5,5,5,134,0,0,0
sqlalchemy,74e8e777f9aab33830d0625ef03d4a349cab24f4,1727125866,Federico Caselli,2,16,16,16,16,16,876,0,0,0
sqlalchemy,40e990aab3f92051f3c693a81de938ab3b4eb5e4,1728108253,huuyafwww,2,2,71,1,20,17,636,2,135,1
sqlalchemy,0883ee5bf8779edb2ab0ba78f4668ebeb5164781,1727888819,Kevin Kirsche,1,9,23,8,23,19,728,0,0,4
sqlalchemy,5c48094cbde3cbfaaed0b137ced4887bef14dc29,1728304282,Gord Thompson,1,1,2,0,2,2,126,0,0,0
sqlalchemy,74a8e2ced922183d6ad072eced904cb989113fa2,1728422540,Federico Caselli,1,1,1,1,1,1,22,0,0,0
sqlalchemy,bd1c17f11318d0b581f59c8c6521979246abc9b8,1727288342,Mike Bayer,3,8,353,56,43,36,1152,0,0,7
sqlalchemy,43b974a34957f22963e7faf44f0798c8179adcfc,1728397774,Mike Bayer,3,2,96,2,3,2,126,1,26,0
sqlalchemy,858eba6156f210e24d39cc066069a3dac700e33a,1728525905,Mike Bayer,2,1,15,0,6,5,133,0,0,1
sqlalchemy,6ae7f2378971b16f024eb5ab851cc4533bc4e61a,1728498916,Federico Caselli,2,1,26,0,10,6,277,3,200,1
sqlalchemy,8684c8dda6cde2f470ad16827b09eb6d4bb1c6d8,1728591939,Federico Caselli,5,5,0,5,0,0,0,0,0,0
sqlalchemy,c14111b5bb2c624dd0bcb677fc3c9d811b46a2e7,1728674415,Federico Caselli,6,32,131,13,83,72,3661,0,0,11
sqlalchemy,a98d31621d58d45e2a4d74351282cedddcfe85fa,1728737906,Federico Caselli,2,4,48,21,47,38,1589,3,176,6
sqlalchemy,830debc30896203bfd21fea18d323c5d849068d1,1728828263,Mike Bayer,5,5,74,3,24,18,1032,3,151,3
sqlalchemy,b2648e69f2375f7257cbe04b16f663d97795db19,1728837166,Federico Caselli,5,5,62,11,1,1,27,0,0,0
sqlalchemy,d8dd28c42eaffca1cd964a4ab8378c592332e41e,1728951700,Mike Bayer,2,5,8,8,8,8,379,0,0,0
sqlalchemy,553d02b30eba13f3db4595d7a15e51222f864e13,1728918921,Mike Bayer,2,8,36,45,29,22,1237,7,320,0
sqlalchemy,fa568215788c274eb2d178b6eb180ab1f7955c01,1728994825,Mike Bayer,2,4,61,7,28,20,844,3,112,5
sqlalchemy,aaddd7c8403e9ca2f77113467b5e2ae279a542c4,1729519381,Mike Bayer,3,2,29,3,3,3,167,0,0,0
sqlalchemy,db80167902c24f89422018edb0e38e720288b3bc,1729620188,Mike Bayer,2,2,0,11,0,0,0,0,0,0
sqlalchemy,ffebb07b304197997455ee0b5643c19eaf0d46e4,1729622003,Mike Bayer,5,13,101,26,34,33,1300,0,0,1
sqlalchemy,732698427e822b6ba81f1214864685903cdc13a4,1730319465,Federico Caselli,4,5,24,5,7,7,294,0,0,0
sqlalchemy,9d5f1c0f532749391b51bf3008771a92eb3c2f05,1725473445,Federico Caselli,3,2,81,7,16,16,836,0,0,0
sqlalchemy,b4fdfd489755848f4945c31f0686ad9eaf128b08,1730409297,Federico Caselli,2,1,5,2,2,2,133,0,0,0
sqlalchemy,44fa4a55bad2bc1bd20047275c366385ba3d4b1f,1729794753,Miguel Grillo,4,6,65,9,27,23,967,0,0,4
sqlalchemy,2adc79c07710c040ebb63019fc25674b4f876b26,1729973475,Federico Caselli,29,8,241,234,14,11,382,3,140,0
sqlalchemy,90bf575b81c5396b364908547551b6592a333bf7,1729972236,Federico Caselli,2,5,21,8,21,17,919,2,114,2
sqlalchemy,ef23611a6bf8358dd05e0fc13384f1eb1925e1ff,1731170960,Yeongbae Jeon,2,3,3,3,3,2,100,1,41,0
sqlalchemy,855d03cc15ac30d458d8d2e501df5f324238f43e,1731450518,Christopher Jones,24,190,948,470,925,784,47458,15,871,126
sqlalchemy,5bbefc41b7b2695c95c9c93bcaabd8c4731e348e,1731441050,Mike Bayer,2,1,42,1,1,1,65,0,0,0
sqlalchemy,1a7c5772623546f8ba182adef48a8bb20f9c50c6,1731610532,Federico Caselli,1,1,4,3,4,4,193,0,0,0
sqlalchemy,564de4661fce3274d71c32676a735a250821fc0f,1731612455,Federico Caselli,2,1,13,1,1,1,68,0,0,0
sqlalchemy,feb17832f17e45a81675f7104dac82f34c078d63,1731512777,Mike Bayer,3,2,20,9,4,4,214,0,0,0
sqlalchemy,4c063e7df42a6a33182df2f9a49208358a7c00ff,1731693474,Federico Caselli,1,0,1,1,0,0,0,0,0,0
sqlalchemy,31975cfa38689dc0a45fe26d0563eb7b5b3bda6c,1731694020,Frazer McLean,2,1,17,0,2,1,27,0,0,1
sqlalchemy,0cd1104323c51ae7f8e8a48a6e80da7e75290e3b,1731789664,Mike Bayer,15,16,44,740,17,16,705,0,0,1
sqlalchemy,f7e2b1a6e5a2188ecc6937a565b93937581a2d97,1731955388,Mike Bayer,48,386,542,526,426,425,20876,0,0,1
sqlalchemy,0f81c14b7cd9ac821205d6c48cf2393447058394,1731694374,Adam Žurek,3,7,48,3,33,22,644,0,0,11
sqlalchemy,d539bc3a0fecdc2deb5b952e410fbd4f382a1ff4,1732992638,Federico Caselli,122,1430,3278,2429,3046,2607,102068,7,339,432
sqlalchemy,5ded16fae8abfc31d43430cb25757fb434c37ba2,1733183959,Mike Bayer,1,2,6,1,6,6,213,0,0,0
sqlalchemy,9eacf3408d1deeb42fc1ecc6002437b898ecc397,1733468362,Nick Wilkinson,1,1,4,1,4,4,173,0,0,0
sqlalchemy,3226f99dce77bb75698a7c9366f6fd07ab4d29ee,1733765816,Mike Bayer,1,0,14,12,0,0,0,0,0,0
sqlalchemy,311e142ea6eef34106830bce520c6be8edd1e5da,1586787927,Mike Bayer,17,41,194,102,179,149,5289,0,0,30
sqlalchemy,40c30ec44616223216737327f97bac66a13eedee,1727994072,Frazer McLean,5,6,208,33,6,5,218,0,0,1
sqlalchemy,b49fcb67afb302d2309efea71cde2a6584c1373c,1733950463,Mike Bayer,2,0,2,2,0,0,0,0,0,0
sqlalchemy,42fe1109c62008f2cd509ef402152704efb9ddb1,1734019066,Mike Bayer,3,0,204,105,0,0,0,0,0,0
sqlalchemy,5b0eeaca61972cc75b7d50b11fbc582753518e61,1734034287,Guilherme Martins Crocetti,2,5,21,3,13,10,297,0,0,3
sqlalchemy,e6b0b421d60ecf660cf3872f3f32dd2b7a739b59,1732054371,Federico Caselli,13,68,1192,323,244,221,9403,7,340,16
sqlalchemy,134ad3bbdc4bcbee13acc043be0a98cc314fcaec,1733773484,Pablo Nicolas Estevez,5,11,117,9,51,40,1697,0,0,11
sqlalchemy,29569ccfde7247a7e0ed2afe43db53494da62fb2,1734364681,Mike Bayer,2,4,9,1,9,3,171,6,314,0
sqlalchemy,c5abd84a2c3c7a1f4e733dbee387aae939464f3e,1734163404,FeeeeK,2,2,58,52,5,3,131,0,0,2
sqlalchemy,219bcb3a77edd72ef8fc36c8ded921d6fb9a34a5,1734539098,Mike Bayer,12,33,381,81,97,86,3423,5,262,6
sqlalchemy,5c79e5ce2dd9db491e9177e7f5af0a83058ebe06,1734560396,Mike Bayer,3,2,10,1,4,4,123,0,0,0
sqlalchemy,6a87d619d9dfe82a8135f0ab3268bf526ac42383,1734648621,Mike Bayer,1,0,14,17,0,0,0,0,0,0
sqlalchemy,b39afd5008bef95a8c2c30eada1e22ef6a286670,1734735757,Mike Bayer,2,2,2,2,2,2,82,0,0,0
sqlalchemy,e182255e24500f4c0a101af5fee6b73e98149104,1734972417,Mike Bayer,2,3,69,0,69,47,2416,0,0,22
sqlalchemy,83492ae3b446dbc6ffc36da720417731d975d69c,1734990467,Federico Caselli,1,1,1,1,1,1,74,0,0,0
sqlalchemy,7f138cc7fc4cb192627e5d0d34fd894f7101cc6d,1735071336,Mike Bayer,1,2,5,3,5,5,137,0,0,0
sqlalchemy,c6be0c1f205cf83467d68eb40fb650b9274519f9,1735211380,Lele Gaifax,1,2,2,2,2,2,148,0,0,0
sqlalchemy,fd3d17a30b15cc45ba18efaeb24ecc29b0ea1087,1735582649,Mike Bayer,7,19,365,126,28,20,801,8,448,0
sqlalchemy,0ac7cd16ea679a9c0ef2f407fa9e22dfc07c7acc,1735336768,Mike Bayer,2,0,36,70,0,0,0,0,0,0
sqlalchemy,05b2442132d5ae31cfcc7a1fe95e0f6b739aa995,1735853847,Mike Bayer,255,217,255,255,217,0,0,217,14157,0
sqlalchemy,8d6f44eecbd25c4b4c489b789b7f45ce4e6defca,1732054146,Federico Caselli,5,8,49,164,1,1,41,0,0,0
sqlalchemy,e4f0afe06baa5d9b57d5b8cfe2647b943f2145e6,1735924767,Mike Bayer,2,1,138,1,5,1,45,4,267,0
sqlalchemy,b0d9d5a44cdd5632d209149a6a6622073acee3da,1735936826,Mike Bayer,1,0,2,1,0,0,0,0,0,0
sqlalchemy,7bfb829f25c1bfe2139afe7875882298aaf345ba,1736265156,CommanderKeynes,2,1,8,1,2,2,106,0,0,0
sqlalchemy,484d74a4c5bfe22be126e49c662b6cd6a3218eb7,1736548069,"Juang, Yi-Lin",1,1,1,1,1,1,81,0,0,0
sqlalchemy,6a57ce0fdeeb00566d104913e8700564e75b3bbc,1736632746,Federico Caselli,1,1,3,1,3,3,88,0,0,0
sqlalchemy,2f6ca6554ddd725849dd6b2d32bf495391087bec,1737145011,Federico Caselli,1,1,1,1,1,1,73,0,0,0
sqlalchemy,299cdf667d5af96c5db75a923d2fd15eef2dfe26,1737047642,Mike Bayer,2,1,60,1,1,1,61,0,0,0
sqlalchemy,72cf5e4089f3bd1052db89705558bfea304d07dc,1733322134,Mike Bayer,1,1,144,9,144,108,6134,3,157,33
sqlalchemy,404de6e5ccfcf1054ea5777c95780d55f642e44c,1735982468,Federico Caselli,3,3,8,25,4,3,183,1,36,0
sqlalchemy,fc3623990eeeb415fb076ddc96a0c7974beb2050,1738163409,Mike Bayer,3,1,72,3,5,4,241,0,0,1
sqlalchemy,2e5a6cccc600a7995b70af55381f075566dc01a9,1738242655,Nils Philippsen,1,0,19,0,0,0,0,0,0,0
sqlalchemy,425f45fb285e5994e96a33b458f1a6aa98a8907f,1738269240,Federico Caselli,1,1,1,1,1,1,52,0,0,0
sqlalchemy,d69765829c9fbc98f21a22dbc496f2b7b22dc52c,1738271159,Federico Caselli,1,0,15,4582,0,0,0,0,0,0
sqlalchemy,11bac714a2e83f6f903b1faf36d744854635da66,1738327379,Christophe Bornet,1,2,23,1,23,17,856,0,0,6
sqlalchemy,87bf36be84fc876be3e0c436a557733c63e2ac8d,1738395815,Mingyu Park,2,3,30,3,8,7,363,0,0,1
sqlalchemy,41c30cc031266d2e3a02ccc0d6cd2ab91bc725fa,1735936968,Federico Caselli,7,27,230,27,188,127,5145,1,50,60
sqlalchemy,87c8d04d379a70aafb189f18801f0f375d99262b,1738609015,Martin Burchell,2,1,2,2,1,0,0,1,55,0
sqlalchemy,3cd9a5b42f850618141ec459cffe30d0ade0f191,1738438797,Mike Bayer,5,55,212,57,173,164,6507,2,114,7
sqlalchemy,79505b03b61f622615be2d2bc1434671c29b0cc5,1738762624,Mike Bayer,4,1,38,4,0,0,0,0,0,0
sqlalchemy,ea734ab5f6f6a8f00bb8a29fcb1e2b334c2e1876,1738791488,Federico Caselli,5,5,25,2,14,10,295,2,83,2
sqlalchemy,b281402140683279c2aca2363f2acdb94929507f,1739032733,Mike Bayer,2,1,131,0,10,7,332,0,0,3
sqlalchemy,1c7e3f9c94b2e6c441ba635a88573bc4cd88ad7d,1739142561,Mike Bayer,4,17,111,15,39,34,1542,0,0,5
sqlalchemy,1cdaae5e5706749614f04cef79e85a50143f9ec7,1739219184,Mike Bayer,1,9,50,13,50,35,1660,4,216,11
sqlalchemy,ca092e73a254a3914fd93ca98340ba7762d4cee9,1739381758,allenyuchen,2,1,21,0,1,1,76,0,0,0
sqlalchemy,fc44b5078b74081b0df94cca9d21b89ed578caf3,1738957526,Mingyu Park,4,41,214,52,135,105,4081,4,250,26
sqlalchemy,3a998cbb527beee0cab72c364436e51ca256efcd,1738795292,Federico Caselli,3,5,22,19,5,5,250,0,0,0
sqlalchemy,13677447a3185f68f613173a23110eade050d6e8,1739485032,Federico Caselli,1,0,1,1,0,0,0,0,0,0
sqlalchemy,890d5873397577865f5012319cdb4db9f793f98c,1739823110,Federico Caselli,1,1,1,0,1,1,68,0,0,0
sqlalchemy,d0873ec7735f8238d74b860d6a8a85d55b2dbd1d,1739892032,Mike Bayer,2,1,12,0,4,4,138,0,0,0
sqlalchemy,42ddb1fd5f1e29682bcd6ccc7b835999aafec12e,1740073825,Mike Bayer,2,3,64,10,19,9,343,10,390,0
sqlalchemy,48ad8c81115bd01d733fe1a4f78c8c30d7c2abbb,1740079902,KingOfKaste,2,1,26,6,12,9,343,0,0,3
sqlalchemy,15b1e14db21d2fa0bbc7b68e80883efb6334ad30,1740396470,Federico Caselli,1,2,2,2,2,2,66,0,0,0
sqlalchemy,32427ad333ce44851c8c750b0872c89cd8c104cb,1737756006,Federico Caselli,15,7,442,389,25,21,904,0,0,4
sqlalchemy,c3a8e7e6605475ddf5401af30ca81820d944a2ba,1740426369,Federico Caselli,2,1,10,0,5,5,172,0,0,0
sqlalchemy,40b4845f9faa23e45cf6cd390997638a9b0b8fab,1740426998,Federico Caselli,2,3,26,4,26,21,866,1,31,4
sqlalchemy,24b86ad6e50d4a6723a45b2580f416ca981bab55,1740564376,Karol Gongola,4,0,23,0,0,0,0,0,0,0
sqlalchemy,b2ee1df06b138fc9588ea312d4a477699ec9b5d0,1740521215,Federico Caselli,3,7,24,9,8,8,356,0,0,0
sqlalchemy,d6f11d9030b325d5afabf87869a6e3542edda54b,1740675852,Mike Bayer,2,4,84,18,58,49,2053,0,0,9
sqlalchemy,d9b4d8ff3aae504402d324f3ebf0b8faff78f5dc,1741039275,Mike Bayer,7,20,61,28,54,51,1648,0,0,3
sqlalchemy,9b9e1e127f77618e84dee233b3d4beaae1f4e50d,1741199310,Federico Caselli,2,0,5,3,0,0,0,0,0,0
sqlalchemy,c7f4e8b9370487135777677eaf4d8992825c24aa,1741120127,Denis Laxalde,3,34,83,30,83,76,3192,0,0,7
sqlalchemy,7fb3ef3e2db5c36ed554fc2e16c39c6cd17e34d2,1741105870,Mike Bayer,3,15,404,30,91,71,2957,12,642,8
sqlalchemy,0bf7e02afbec557eb3a5607db407f27deb7aac77,1741208379,Denis Laxalde,2,19,53,16,53,51,1924,0,0,2
sqlalchemy,8be3b096a6c6adc3e51b0b23d02568c9e6728253,1734388162,Mike Bayer,23,82,1465,56,535,392,17436,12,397,131
sqlalchemy,33be2722905f74562cb47cf6c23948065ae91e47,1740427854,Mike Bayer,6,23,368,47,126,101,3862,0,0,25
sqlalchemy,d5d4189ef63e7a623894ca7a148a92c716935960,1740437620,Mike Bayer,11,52,449,116,132,118,5036,1,25,13
sqlalchemy,b23b6db14ac33a792520a5036af1ab02157b7df6,1741041348,Federico Caselli,2,3,7,5,6,4,221,2,90,0
sqlalchemy,b056dd2c5ab71ce4143a95cd0fdd4a4190de19e6,1740327618,Mike Bayer,9,21,125,41,93,64,2674,10,536,19
sqlalchemy,21630d2574328a0f01a1e994e264f56f1adf99db,1741696410,Mike Bayer,2,2,12,2,3,3,147,0,0,0
sqlalchemy,f91e61e5c80004db6db47f4e13f37553ff22675a,1741699633,Denis Laxalde,2,4,81,4,14,11,488,0,0,3
sqlalchemy,ec20f346a6ed6e5c6de3ee6b6972cf13dba4752d,1741962802,Mike Bayer,2,9,43,3,12,11,454,0,0,1
sqlalchemy,0ee4b08b111f65602f260c672ef88617f82f0009,1739029584,Pablo Estevez,17,212,368,215,368,353,15670,1,48,14
sqlalchemy,75c8e112c9362f89787d8fc25a6a200700052450,1741986110,Denis Laxalde,3,35,109,52,91,87,3445,0,0,4
sqlalchemy,cc1982f4a17efa473100b0e3d9de846a139cd84b,1742158260,Federico Caselli,58,168,22,487,22,22,1029,0,0,0
sqlalchemy,5ec437a905d0320a9c3bbca90bb27af327ba3707,1742215980,Mike Bayer,9,29,23,613,23,23,858,0,0,0
sqlalchemy,39bb17442ce6ac9a3dde5e2b72376b77ffce5e28,1741869833,Denis Laxalde,6,11,175,13,79,61,2564,0,0,18
sqlalchemy,1afb820427545e259397b98851a910d7379b2eb8,1741811148,Mike Bayer,10,5,174,39,13,11,515,0,0,2
sqlalchemy,5f8ac7099641a6e78a1bafc00bb82e755c2003ff,1740496289,Mike Bayer,16,25,476,134,134,106,4469,1,32,27
sqlalchemy,b19a09812c2b0806cc063e42993216fc1ead6ed2,1742244372,Mike Bayer,7,14,402,42,44,35,1480,3,191,6
sqlalchemy,1ebd8c525b7533ac1c082341ac0df760bf26dd2c,1742160669,Federico Caselli,20,37,77,584,36,32,1431,2,73,2
sqlalchemy,500adfafcb782c5b22ff49e00192a2ed42ed09b6,1742314981,Denis Laxalde,3,8,15,9,9,9,426,0,0,0
sqlalchemy,c86ebb0a994682595562bd93d8ec7850ac228f17,1733846365,Mike Bayer,14,71,786,87,268,233,9130,4,214,31
sqlalchemy,9ea3be0681dc09338e53b63cea4803de80ebcdc7,1742423421,Mike Bayer,2,2,84,34,6,6,225,0,0,0
sqlalchemy,588cc6ed8e95f3fdd0920fd49a0992e7739662fc,1742372247,Denis Laxalde,5,7,101,3,40,30,1477,0,0,10
sqlalchemy,543acbd8d1c7e3037877ca74a6b05f62592ef153,1742848507,Denis Laxalde,4,4,112,51,40,32,1064,4,247,4
sqlalchemy,864f79d7c421cfa01b6e01eb95b76ffe77ff44d1,1742892690,Denis Laxalde,1,7,19,7,19,16,586,0,0,3
sqlalchemy,aae34df0b5aa7dfe02bdc19744b1b6bc8533ee91,1742929544,Stefanie Molin,1,1,2,0,2,2,75,0,0,0
sqlalchemy,5cc6a65c61798078959455f5d74f535681c119b7,1742849445,Federico Caselli,3,31,68,57,57,33,938,24,1254,0
sqlalchemy,a9b37199133eea81ebdf062439352ef2745d3c00,1743021790,Federico Caselli,1,2,8,0,8,6,340,0,0,2
sqlalchemy,690e754b653b79db847458ebf500cc7a34f4c62f,1743013666,Daraan,5,11,422,48,48,37,1239,5,257,6
sqlalchemy,7e28adbe0c965645affe23e57cf99aa6e16a24e5,1742399910,Kaan,8,18,140,17,32,29,1611,0,0,3
sqlalchemy,0202673a34b1b0cbbda6e2cb06012f77df642085,1743011746,Mike Bayer,4,11,66,12,33,32,1377,0,0,1
sqlalchemy,3b7725dd1243134341cf1bfb331ed4501fc882e8,1743528648,Denis Laxalde,5,31,240,65,157,130,5170,5,238,22
sqlalchemy,08619693794ebcd6671448658ce4c8bce7763ff0,1743544176,Federico Caselli,1,7,13,8,13,9,438,4,252,0
sqlalchemy,6f8f4a7d620f19afce8b8d43c25ff5ca5a466038,1743544332,Alexander Ruehe,3,1,39,3,1,1,67,0,0,0
sqlalchemy,370f13fe88ec5e4ee2400e23717db1e13df102bf,1744070148,Inada Naoki,1,4,31,31,31,23,892,7,368,1
sqlalchemy,d5a913c8aefad763539f8fd88b99118bcabb19a2,1744145005,Inada Naoki,6,7,11,16,11,11,774,0,0,0
sqlalchemy,09c1d3ccaccd93e0b8affa751c40c250aeedbaa5,1744182260,Denis Laxalde,2,9,64,7,41,39,1269,0,0,2
sqlalchemy,359f2ef70292c364851d5674aa4915665be3a0d0,1744076489,Mike Bayer,6,20,30,71,24,22,1014,2,82,0
sqlalchemy,f2a9ecde29bb9d5daadd0626054ff8b54865c781,1744743936,Matt John,1,1,1,1,1,1,60,0,0,0
sqlalchemy,299284cec65076fd4c76bf1efaae60b60f4d4f7b,1744919334,Ryu Juheon,1,2,2,2,2,2,98,0,0,0
sqlalchemy,3217acc1131048aa67744e032fe8816407d8dfba,1745243080,Mike Bayer,1,2,9,1,9,8,518,0,0,1
sqlalchemy,bb5bfb4beb35450ee8db7a173b9b438e065a90a9,1744903401,Shamil,5,6,3,11,3,3,63,0,0,0
sqlalchemy,d1d81f80a3764e3ebc38481fb6fd82cf6295dcf9,1744919299,Shamil,3,4,2,7,2,2,101,0,0,0
sqlalchemy,64f45d0a6b4ad41cf570a8f0e09b86fba0ebb043,1745253343,Shamil,6,1,7,9,1,1,27,0,0,0
sqlalchemy,93b0be7009b4f6efd091fda31229353f929f4cc9,1745253381,Shamil,4,5,5,8,5,5,253,0,0,0
sqlalchemy,571bb909320b6285fd3839fb52111c241a3ea8c4,1743798211,Federico Caselli,11,13,180,12,104,73,2409,4,209,27
sqlalchemy,ce3bbfcc4550e72a603640e533bc736715c5d76b,1745681550,Mike Bayer,3,6,57,6,10,8,283,0,0,2
sqlalchemy,29895487915b8858deb2f8ac4a88d92917641c55,1745532152,Federico Caselli,9,13,5,27,5,5,255,0,0,0
sqlalchemy,4ac02007e030232f57226aafbb9313c8ff186a62,1745876690,Federico Caselli,4,5,115,28,15,13,514,0,0,2
sqlalchemy,d689e465edf11308b0efba018aa84c3d79ccbaab,1746107009,Mike Bayer,2,1,12,2,1,1,57,0,0,0
sqlalchemy,1b780ce3d3f7e33e5cc9e49eafa316a514cdc324,1746458075,suraj,8,25,824,6,555,422,16547,8,292,125
sqlalchemy,37c5b2e3e2cea552b5000df9281285b9f74c8166,1746468321,Shamil,2,2,0,2,0,0,0,0,0,0
sqlalchemy,46996843876a7635705686f67057fba9c795d787,1746478998,Federico Caselli,1,0,1,3,0,0,0,0,0,0
sqlalchemy,b4d7bf7a2f74db73e12f47ca4cb45666bf08439e,1746559082,Justine Krejcha,10,46,105,39,104,98,3414,0,0,6
sqlalchemy,aaa28f457eaa3f98c417666b4d0ad4d70ccb1ac0,1746707661,Mike Bayer,2,1,8,1,1,1,66,0,0,0
sqlalchemy,b8b07a2f28657e57ae9b4071b6313df372b7f8cb,1741270363,Mike Bayer,9,8,266,76,94,64,2451,15,744,15
sqlalchemy,10ff201db40e069e8f90bb0883a916ba3d9cc96e,1747077907,Mike Bayer,3,9,194,211,194,143,9457,5,293,46
sqlalchemy,c3f1ea62286a0b038482437923c4d1c53d668dcb,1747150105,Mike Bayer,1,1,0,11,0,0,0,0,0,0
sqlalchemy,8bd314378c1d477761346433c441c4a0c8a5abde,1747167491,Aramís Segovia,4,9,101,2,61,45,2066,0,0,16
sqlalchemy,b25ce03c8d0d2a9d4f186b9b2b2c82b02b9645b7,1747330776,Mike Bayer,4,13,189,19,54,47,1871,0,0,7
sqlalchemy,37e1654bff3415856fc217f687bb0fbfac6666ba,1747405983,Mike Bayer,1,1,0,14,0,0,0,0,0,0
sqlalchemy,51a7678db2f0fcb1552afa40333640bc7fbb6dac,1747143559,Pablo Estevez,28,618,1444,671,1444,1375,57090,6,405,63
sqlalchemy,9071811de76dea558f932215870e4a5513b30362,1747751174,Denis Laxalde,1,4,4,10,4,4,264,0,0,0
sqlalchemy,6154aa1b50391aa2a0e69303d8a3b5c2a17dc67a,1747812192,Denis Laxalde,3,0,9,2,0,0,0,0,0,0
sqlalchemy,2a85938fe76935e90d9e7ae0db580806c0a06c6a,1747772106,Federico Caselli,32,29,37,85,29,28,1419,0,0,1
sqlalchemy,45c6e849e608e2b89de4c6d42af2a4e4d3488b7c,1736548010,Federico Caselli,1,4,4,9,4,4,282,0,0,0
sqlalchemy,1070889f263be89e0e47bdbb9f7113e98ead192b,1748034643,Federico Caselli,2,3,3,3,3,3,169,0,0,0
sqlalchemy,084761c090061c7b65e5c68a93df01e206ed824b,1719147700,Federico Caselli,4,14,133,47,36,31,1584,1,14,4
sqlalchemy,0642541c6371d19c8d28ff0bdaf6ab3822715a6d,1748461056,Denis Laxalde,3,11,103,1,54,51,2168,0,0,3
sqlalchemy,68cd3e8ec7098d4bb4b2102ad247f84cd89dfd8c,1748638439,Federico Caselli,33,63,78,72,73,73,3616,0,0,0
sqlalchemy,be8ffcfa4d91d28acc4ffc08e3203e0b01e29cc7,1746805826,Mike Bayer,5,0,2738,10,0,0,0,0,0,0
sqlalchemy,703a323329b420fefec2b8a0a5f5f87ea3dc49d0,1748462631,Federico Caselli,1,16,48,33,48,36,1646,6,288,6
sqlalchemy,8e9f789f1aa0309005e8b7725643b32802e7d214,1749128329,Mike Bayer,3,1,46,2,5,5,186,0,0,0
sqlalchemy,c868afc090dde3ce5beac5cd3d6776567e9cf845,1749402105,Mike Bayer,6,26,312,91,132,118,4997,6,347,8
sqlalchemy,1eb28772f0e602855cea292610f08d2581905d00,1749561661,Mike Bayer,1,0,12,3,0,0,0,0,0,0
sqlalchemy,0e33848fe5330a60037594370cd7868907348c18,1749564473,Mike Bayer,1,5,12,4,12,11,551,0,0,1
sqlalchemy,61477cf8b8af2b5a7123764a564da056f1a5c999,1749591194,Mike Bayer,2,1,2,1,1,1,72,0,0,0
sqlalchemy,8f6a33dc5078249bf92e13c8032e50175cb53801,1749581517,Mike Bayer,4,19,19,53,19,18,816,0,0,1
sqlalchemy,239f629b9a94b315c289930cadca4a49f2f70565,1749668114,Mike Bayer,6,3,128,88,13,11,434,0,0,2
sqlalchemy,8a287bf5c5635daf99217eb14d6957c22911d7bf,1750101658,Federico Caselli,1,1,2,2,2,2,94,0,0,0
sqlalchemy,c96805a43aa76bc3ec5134832a5050d527e432fe,1750118010,Mike Bayer,8,31,221,44,87,43,1691,39,1807,5
sqlalchemy,95ad9fe42b888d7cdea60b7a71c833cbb8667887,1750425627,Mike Bayer,5,11,238,120,42,35,1458,0,0,7
sqlalchemy,33af5279bbcf77d85f3370ce36d9f81e92c63fd6,1750454182,Federico Caselli,1,1,1,1,1,1,72,0,0,0
sqlalchemy,7b9ee3daea9e22f3ec1babe7130b3885802e25af,1750456166,Mike Fiedler,4,0,67,73,0,0,0,0,0,0
sqlalchemy,dc0d0817622435ea46b33575fd4f84d3959dc42d,1750684919,Mike Bayer,6,13,337,36,92,74,3192,3,140,15
sqlalchemy,1c8343576188940268de467b2537e5f838464690,1750787837,Mike Bayer,1,1,1,4,1,1,45,0,0,0
sqlalchemy,fb5e64c51ab91edf9ab0936aa540195746f9155b,1749591755,Federico Caselli,1,0,1,1,0,0,0,0,0,0
sqlalchemy,5394c75bcac270905a58a0fb7cd5f0d6643f78fd,1750804004,Mike Bayer,1,0,1,6,0,0,0,0,0,0
sqlalchemy,904541a55ca3193171b48e57dd6b1b4fa31b0669,1750964643,Mike Fiedler,3,0,184,158,0,0,0,0,0,0
sqlalchemy,944df50e92bd077b81775b080bfd9347f3baabdc,1750965715,Pablo Estevez,2,27,67,23,67,65,2601,0,0,2
sqlalchemy,7a96d2792dd7a65b8cc3a8af72d423c2c382b11d,1749146972,Federico Caselli,3,5,42,44,16,11,345,3,202,2
sqlalchemy,8c02fe628667d36156abe26a34af9313a97565b8,1750968310,Federico Caselli,1,1,2,2,2,0,0,2,76,0
sqlalchemy,baec9a3ac8fd675307026dca81b96a8f2102efa2,1750451325,Federico Caselli,6,13,733,11,419,316,12700,10,435,93
sqlalchemy,7376cdf43eef4b038891a5902a7e0692b4bd8185,1751491247,Sillocan,2,1,2,2,1,1,55,0,0,0
sqlalchemy,637ecd40eb02b66973728a1516bc83a82f9c34ae,1750351157,Mike Bayer,4,25,224,41,138,119,4453,0,0,19
sqlalchemy,89b81ec8c45fae34214657cf46bbc9df158a676a,1743690988,Mike Bayer,11,16,456,0,149,116,4185,0,0,33
sqlalchemy,46c507fb31e6d44c255083d05103235c1d70bd58,1752178208,Evgeny Petrov,1,1,1,1,1,1,53,0,0,0
sqlalchemy,333fa0ec15187bb7a726262e5630fe79323c46a1,1743690988,Mike Bayer,10,56,887,69,472,370,16652,4,60,98
sqlalchemy,36da2eaf3e23269f2cf28420ae73674beafd0661,1752186114,Federico Caselli,1,2,4,1,4,3,101,1,46,0
sqlalchemy,606a979719a6e180006d881a13e53e9e3abf2e69,1752316462,Matthew Martin,1,1,3,3,3,3,212,0,0,0
sqlalchemy,2ac0c459669d0200a4d15162ffc0a8765c60cb07,1752252704,Mike Bayer,4,3,352,42,20,15,567,4,149,1
sqlalchemy,45a5c31e5c49e9b6e288465bcce30b87136871c0,1752175769,Mike Bayer,2,1,5,4,3,2,42,1,60,0
sqlalchemy,06204730851785ffcb230774d27e5ba555186580,1703885424,Federico Caselli,7,35,388,79,93,78,3433,10,479,5
sqlalchemy,b319787b413794ad8c6d70135a286e664be292f8,1752530931,Mike Bayer,11,5,27,27,5,5,206,0,0,0
sqlalchemy,e47d652653e920c459f6db9d3ff7db469b27c41c,1752521790,KapilDagur,2,71,101,77,101,101,4407,0,0,0
sqlalchemy,209d1913cc702665252f3d2bc1b38ce3a0b9e3eb,1752523983,Mike Bayer,9,17,296,59,96,76,3442,0,0,20
sqlalchemy,320c3b5b043931187d266f5c92b3fe366f650e5a,1752612632,Federico Caselli,1,0,9,3,0,0,0,0,0,0
sqlalchemy,9e1070fbac78ec984dfff95fa4b5723a094d54dd,1753001672,Federico Caselli,1,2,1,1,1,1,34,0,0,0
sqlalchemy,aeb7830d22cdb4ac387242d46833cb2f67e0a952,1751559253,Sigmund Lahn,8,30,153,10,105,93,3269,0,0,12
sqlalchemy,fc2debe97ed74a497fea0c8b1c56ef212e8a4968,1753545766,Denis Laxalde,1,1,1,0,1,0,0,0,0,1
sqlalchemy,a5f4ea7db112c244c6280475f9037abdfbdb93cf,1742852645,Federico Caselli,1,22,24,36,24,20,870,2,117,2
sqlalchemy,2907dededf5ca923add1106f8b71adb373d3088a,1732563528,Martijn Pieters,4,32,112,38,49,47,1999,0,0,2
sqlalchemy,0620f7d35251befc72247370820e1ac9a931440e,1753133803,Federico Caselli,2,1,13,1,2,1,68,1,66,0
sqlalchemy,52e80cd05d4b94a4b88d85316127f7ea71220152,1753819695,Sviatoslav Bobryshev,1,1,1,1,1,1,72,0,0,0
sqlalchemy,d37d56c1ad04a8fb99ff8ed70973197907abf631,1754066895,Mike Bayer,2,1,27,3,1,1,69,0,0,0
sqlalchemy,14a18d4591818bfa5081c4286881cbd017dc186b,1754417149,Mike Bayer,4,13,110,16,42,39,1448,0,0,3
sqlalchemy,f4d9c107554288318003437103a3ac3e2d0bbb51,1754428310,Mike Bayer,3,2,94,2,8,8,235,0,0,0
sqlalchemy,9d6fa58d6996ac4cff1ac215ef389f4cb4b9ca3d,1754489979,Mike Bayer,2,2,84,9,13,13,485,0,0,0
sqlalchemy,99da878a25fd5105f17893f16617e7413e32a3e8,1754405181,Mike Bayer,19,20,187,24,100,74,3706,0,0,26
sqlalchemy,e96bf8608ed2862f538ac0873303c91ed3a7260c,1754578131,Mike Bayer,1,2,8,0,8,3,122,3,136,2
sqlalchemy,d8e6654427b5d24474e4d1825208991e5fcb5b43,1754914906,suraj,4,32,234,30,187,152,6607,2,130,33
sqlalchemy,b5172fcdb7050c9ac7f94a40fd2076bd21d6228f,1754921712,Mike Bayer,2,2,2,3,2,2,154,0,0,0
sqlalchemy,bcd6bba54bf62dcd6a9fc0b84e1630d4398b19ec,1754921952,Mike Bayer,1,2,12,12,12,8,474,0,0,4
sqlalchemy,2e9902a34fafff0ac6d6c521a86c7dea3d96a392,1755026715,Mike Bayer,7,14,67,7,47,31,1303,5,228,11
sqlalchemy,67f62aac5b49b6d048ca39019e5bd123d3c9cfb2,1755529307,Mike Bayer,6,14,20,78,16,16,568,0,0,0
sqlalchemy,a93d18357f7080b8e52f4e02983b6e50e33212ed,1755209107,Federico Caselli,2,29,52,37,26,26,884,0,0,0
sqlalchemy,dddfa96736dd905be59c8601ae3e09c8bc52299c,1737668534,Federico Caselli,4,14,80,38,80,55,2218,12,484,13
sqlalchemy,7a68e2aeffd43fc5b78df6182969e031e31043b9,1755723482,Micah Denbraver,3,2,37,3,4,4,161,0,0,0
sqlalchemy,b229245a0ad6c2381aea66e58facfe2e2b92b320,1755789611,Mike Bayer,2,3,128,36,44,35,1401,0,0,9
sqlalchemy,3e5f4d63b53c17ab582d66357fa18326096f359e,1753813174,Mike Bayer,11,25,475,69,259,195,7367,4,182,60
sqlalchemy,bb3c24595d503a1daf764e18efd8b85986808463,1755809595,Federico Caselli,85,177,286,556,95,93,2677,0,0,2
sqlalchemy,38dda83a8cc7d1add83f8691c3176161706aca6c,1755900733,Mike Bayer,3,3,132,3,26,24,897,0,0,2
sqlalchemy,34740d33abffc8e5ec11dd1f2ed98bf42ea078f6,1752682467,Mike Bayer,23,70,831,215,554,482,17672,13,415,59
sqlalchemy,071abbb8636d81ff0c9a4ea8b8a972e63cf5ef54,1746448565,Mike Bayer,5,20,363,32,62,53,2562,0,0,9
sqlalchemy,4c4011b50bf8f2f6acca86b11ae3d900b30034a0,1756234054,Mike Bayer,3,4,96,8,22,21,752,0,0,1
sqlalchemy,b9758c6c7424a7854ea272c71ab380edea63ccee,1756250060,Mike Bayer,1,0,25,30,0,0,0,0,0,0
sqlalchemy,27c0dafbeb26e6317663629cc61dd6fe2afb4d2a,1756241679,Mike Bayer,7,25,321,12,114,89,4343,6,321,19
sqlalchemy,0439f17fd5a2fec48e0c3f4f4e5d397c6eff1edf,1754669836,Mike Bayer,3,2,88,35,22,19,832,2,91,1
sqlalchemy,3544d89d2de0e910afc3648fe1d34c96900b101b,1756825851,Mike Bayer,3,24,72,76,72,62,3503,3,101,7
sqlalchemy,2b2f8b424410d11c3e6d2af505ec8ff1dfe1432e,1756847491,Mike Bayer,1,0,2,2,0,0,0,0,0,0
sqlalchemy,e263825e3c5060bf4f47eed0e833c6660a31658e,1756830366,Mike Bayer,8,23,236,95,28,27,1257,0,0,1
sqlalchemy,9eb35c6664094a8e2b7ca1a0794f3cfd65cd46cf,1757078974,Mike Bayer,2,4,117,40,13,12,454,1,42,0
sqlalchemy,a737e965c7edbda1cd89bd6d4a41ebcd157e9441,1756950273,Mike Bayer,4,8,3347,3002,39,36,1696,0,0,3
sqlalchemy,8f7138326cf48a1394417aa492ad083b3400c529,1757204400,Mike Bayer,2,0,562,434,0,0,0,0,0,0
sqlalchemy,7111dc0cbaae2070173e9f4a054745ee7d036dfa,1756680781,Mike Bayer,10,54,688,71,433,323,13305,2,87,108
sqlalchemy,adabce3aa6ce25e785762b5a28a294e9112b03b5,1757445405,Mike Bayer,5,3,145,12,70,59,2000,0,0,11
sqlalchemy,e7ff28e21e063b13cc6bfe4ca69e108bffc03c4b,1757718091,Mike Bayer,6,10,16,11,15,11,719,4,240,0
sqlalchemy,d526cedef3cd742259af51dac7a8b35e6be6c9f2,1757941120,Tip ten Brink,2,1,27,1,4,4,161,0,0,0
sqlalchemy,02c9d3ab43e163cfa3ffa4f9658ccad323ca686d,1752515409,Mike Bayer,14,124,1611,904,974,810,31890,63,3193,101
sqlalchemy,459ebc668a5512be412c7b73dc6a4468363bf274,1757612039,Reuven Starodubski,19,49,678,106,377,290,13001,5,250,82
sqlalchemy,38008698207dc3703f2565aa8b41f95596724272,1758292363,Mike Bayer,1,2,14,4,14,12,866,0,0,2
sqlalchemy,8488cc7aa64281ebe9c4af7881a5ff668737a345,1756680781,Mike Bayer,11,61,799,77,513,392,16863,1,48,120
sqlalchemy,9156fadc3c9a50f309e720f987ec1be64725853b,1758129159,Federico Caselli,1,1,28,0,28,23,1445,0,0,5
sqlalchemy,9a6854223c60b63a463d4b0ad79c990c0fd29630,1758309519,Mike Bayer,3,0,30,4,0,0,0,0,0,0
sqlalchemy,a04deb60ac28fa9e2555bb89ffdcd676514ef05d,1758314144,Mike Bayer,1,0,86,61,0,0,0,0,0,0
sqlalchemy,94e4d8dcd5fffa5415481227373c8ab6797ec495,1758382032,Mike Bayer,5,0,4190,4083,0,0,0,0,0,0
sqlalchemy,555a18ac02b167db8aaace4c82f8f1076af166b5,1757788651,KapilDagur,2,1,75,0,16,10,369,5,326,1
sqlalchemy,aaa85f707e312bbf21b21926b0901aa14e3f3856,1758391735,Mike Bayer,3,3,142,0,35,30,1078,2,116,3
sqlalchemy,efd49a19a4a8a7e5468939c92114f6e31328afb6,1758385368,Mike Bayer,7,10,340,153,37,32,1672,0,0,5
sqlalchemy,fb3243475e208673d98c6a543cf16169f7f5f42d,1758407485,Mike Bayer,6,0,4409,4412,0,0,0,0,0,0
sqlalchemy,ba8efc59445b41dc6a28ffb1f8b5dace57be8c33,1758466791,Mike Bayer,3,4,97,11,14,12,433,0,0,2
sqlalchemy,fbb623d9ceac8f5499d0d40f8db6f5606b26b068,1758471201,Mike Bayer,3,9,126,71,21,19,1175,0,0,2
sqlalchemy,89a4174a8de0815605874a61a38639658aeb7eab,1758399748,Mike Bayer,11,31,217,13,175,131,5745,2,111,42
sqlalchemy,3d7022a9c8f777506d6a65339c7f8368601e95c4,1758477253,Mike Bayer,9,18,104,33,71,67,2400,0,0,4
sqlalchemy,e688617c9256736c739a6899692247ae7fcdcc3b,1753726491,Federico Caselli,14,94,859,374,366,319,13321,6,340,41
sqlalchemy,9f16251b648af0532786e6c5f3951a2a9bc6732f,1759151332,Mike Bayer,1,0,18,10,0,0,0,0,0,0
sqlalchemy,3f6dd98ae4416ac0867227384b124752005e28c4,1759168082,Mike Bayer,2,0,12,2,0,0,0,0,0,0
sqlalchemy,8a77dc640bb35902e4bf9ba47364f182e9ee6c71,1758926270,Lukáš Kožušník,2,3,28,3,7,7,333,0,0,0
sqlalchemy,e833474db064df32a7c02e809893e71ac4df4996,1755952427,Pablo Estevez,2,49,97,47,97,95,4299,0,0,2
sqlalchemy,456727df50c7dc29ddc31c6f67c1be21771386fa,1758896201,Lysandros Nikolaou,17,21,526,149,81,63,2717,6,284,12
sqlalchemy,b2aa0e2575d3e779a9fc757b04896e9b61045aa8,1759518608,Denis Laxalde,3,19,106,22,40,35,1393,0,0,5
sqlalchemy,ea78ff75bf4b43c417fe2ff4c37a8283f1de9ce5,1759844126,Mike Bayer,1,0,0,19,0,0,0,0,0,0
sqlalchemy,1ad77a925c4d34a6c6c4879803a79e7d6d10881b,1759860349,Mike Bayer,1,0,3,0,0,0,0,0,0,0
sqlalchemy,3815469635a4378cd3b6653a403bee4cc5e31327,1759925121,Mike Bayer,1,0,3,0,0,0,0,0,0,0
sqlalchemy,148059ced691da5edf3504a1d999cb1ab638dc7b,1759863344,Mike Bayer,4,4,6,6,4,4,200,0,0,0
sqlalchemy,652f610a35ca0ba5286b2603dd1de84528262ae2,1759936199,Mike Bayer,2,1,37,0,2,2,135,0,0,0
sqlalchemy,8bb6aaa01bb292ffa7cc8db61d1b6f9c44fb5fc3,1760028196,Mike Bayer,1,0,9,3,0,0,0,0,0,0
sqlalchemy,22ede6eedce8fefdb2b81265e93f82b0960a5a57,1759460014,Allen Chen,5,1,53,0,3,3,52,0,0,0
sqlalchemy,16be119cc04d9327df78e0891bec40765bfd5d4f,1760035526,Federico Caselli,1,12,22,25,22,19,817,1,44,2
sqlalchemy,0486e6eaf878568a1c3f53189a876cccf279fcdc,1760039785,Mike Bayer,1,0,5,0,0,0,0,0,0,0
sqlalchemy,692dee952499bc9ed5abe31692c011b6e4847486,1759605209,Denis Laxalde,4,96,239,117,239,237,8606,0,0,2
sqlalchemy,833953138f355c5288cd0f5b037869c13011dbe5,1760098942,Mike Bayer,1,0,2,0,0,0,0,0,0,0
sqlalchemy,938d70ae82441ebd48cb0f059823b8b39529f0cb,1760247828,Mike Bayer,1,0,11,0,0,0,0,0,0,0
sqlalchemy,78af7c4f0406df614adc65a460481406eb4b1073,1753385709,Denis Laxalde,5,7,80,1,35,30,1150,1,70,4
sqlalchemy,5b49b59ab7b131ee3a0804222910190e4014263c,1760135460,Federico Caselli,2,23,157,99,150,132,5391,12,552,6
sqlalchemy,52bbb8130be3dd8f194e6fba4755ce5a1f7b9ad9,1760457139,Mike Bayer,1,34,168,105,168,144,6154,0,0,24
sqlalchemy,1dd96d274d78ed6ae57de631e8a326857d1b59fc,1750278179,Federico Caselli,5,7,342,3,201,167,6433,4,183,30
sqlalchemy,1a2d5cb8518e0b2ce81b2368e16fb470c27389be,1760476766,Mike Bayer,3,0,68,4,0,0,0,0,0,0
sqlalchemy,8d560a0aa522c4cf8518698c44ea842c2640190a,1759779550,Federico Caselli,4,6,108,16,66,51,2788,1,37,14
sqlalchemy,df899e94cf7ba18f4e7151ef173393be78c56c3f,1759117481,Mike Bayer,3,1,608,0,367,254,8463,35,1732,78
sqlalchemy,03116b8cc90986a2e597d5423c490babf49c9913,1760554058,Mike Bayer,4,7,103,5,24,15,579,8,449,1
sqlalchemy,a1eeb2e2a4a58705b76b281bdba96ab6971be3f4,1760556542,Mike Bayer,1,1,2,2,2,2,124,0,0,0
sqlalchemy,fc1fef7a5c7459897ac48ec23507e684153227cd,1760561541,Mike Bayer,1,0,14,9,0,0,0,0,0,0
sqlalchemy,c78c39bae3fbe5d7433a2c572eabbaf8769896c6,1760562378,Mike Bayer,1,2,3,1,3,2,128,0,0,1
sqlalchemy,1577c1d15be84ad9c72da6f7ffae21a312977544,1760566679,Mike Bayer,1,2,7,2,7,6,325,0,0,1
sqlalchemy,6728b624c0f287a9d46907c954a18fb4cf9e47e0,1760567750,Mike Bayer,1,4,7,2,7,5,271,0,0,2
sqlalchemy,056a96ce5c115d8dbe3e1ae7f1a9ebb16a28adec,1760569936,Mike Bayer,1,2,2,0,2,2,95,0,0,0
sqlalchemy,80576beab2918c1ac9e9e7e6fbc1e1a6cd5df237,1760576107,Mike Bayer,1,3,6,2,6,6,247,0,0,0
sqlalchemy,b8906e62ceb122949f5dc9f49b1174986b64d503,1760705830,Mike Bayer,2,0,9,46,0,0,0,0,0,0
sqlalchemy,0ab0d0c98068d5d259a939cdff19ba34dd0433d0,1760797255,Rebecca Chen,41,0,723,1047,0,0,0,0,0,0
sqlalchemy,e1f3b43ad8b45afca3a7a363a41103f5f468f461,1760817914,Mike Bayer,2,1,4,24,3,1,34,0,0,2
sqlalchemy,e3df59771019b7ca0824eee2f42c3791b607eea9,1760900900,Mike Bayer,2,10,67,48,25,25,788,0,0,0
sqlalchemy,602355753964179a0af8e6e2879491ff2edbad1e,1761050892,Mike Bayer,4,4,155,0,8,6,334,0,0,2
sqlalchemy,87e27693ad57c728e870147cace473a69caca005,1709674131,Mike Bayer,5,2,1,168,0,0,0,0,0,0
sqlalchemy,189907be93392246ed5948506f1ca3921b8379f0,1760820202,Mike Bayer,2,5,256,18,78,48,2198,27,1170,3
sqlalchemy,f9acbeb778a8716a1e49151fe0d0bd23e4f03464,1753949136,Violet Folino Gallo,12,37,501,153,207,187,8092,0,0,20
sqlalchemy,413a87093ccc85a3c8cfc18acc03707631474920,1761342888,Federico Caselli,1,0,1,1,0,0,0,0,0,0
sqlalchemy,7f5e9e733c7b77e55af8836d1ff182c861ab5d16,1758632926,Greg Jarzab,13,15,1114,1,287,210,8427,11,418,66
sqlalchemy,a5ccd8e9ef957509e3209dc45116da14b11b9604,1761485454,Mike Bayer,1,0,2,3,0,0,0,0,0,0
sqlalchemy,3db9c6be2de00331c5f4e520d2822c0eb13c7280,1761577009,Mike Bayer,2,1,59,0,4,1,34,1,44,2
sqlalchemy,293af0439d87b51611206a6c8552048b02ddf995,1761581936,Mike Bayer,1,0,10,6,0,0,0,0,0,0
sqlalchemy,4147accbd2b70493c01df18fd0d4598c4e1cb72e,1761660189,Mike Bayer,1,0,25,14,0,0,0,0,0,0
sqlalchemy,5e62ea65167c4d6d710cb475cf506284e9335cfb,1761674774,Mike Bayer,1,1,1,1,1,1,41,0,0,0
sqlalchemy,93968e2c9e0796a4ea2fc13582b2eec83371f008,1761679365,Mike Bayer,1,1,3,1,3,2,68,0,0,1
sqlalchemy,368f5ac6668456609cf5f862c0676108cef4bec8,1761682854,Mike Bayer,3,1,134,138,25,14,502,4,200,7
sqlalchemy,6f2275d8051beb501af912d431672887baa26594,1761340111,chrispy,2,2,78,6,78,52,2557,8,446,18
sqlalchemy,df558a375339abeaeb416e353fe6f1bdf05e2a32,1761691495,Mike Bayer,1,0,6,0,0,0,0,0,0,0
sqlalchemy,2845e8418db95b4950a4df0d7933a419ca0e6f9e,1761694746,Mike Bayer,1,0,3,0,0,0,0,0,0,0
sqlalchemy,b8c5fd8588aeaea8077560b68c0ce85bfd2dfc3f,1761694870,Mike Bayer,1,0,3,0,0,0,0,0,0,0
sqlalchemy,4fd9fbe73f648ed7e134dddbc43241aac1a75723,1761925897,Mike Bayer,4,2,68,2,2,2,144,0,0,0
sqlalchemy,143d2a78c774d3f20fa8c6970baa9366a6afebf4,1761934085,Mike Bayer,9,16,367,40,61,48,2280,3,164,10
sqlalchemy,cdaf1824316ba6fa7b52164b50cd9fd4aeb2c41f,1761965848,Mike Bayer,2,7,155,6,14,14,683,0,0,0
sqlalchemy,725d1a19b4e638c4a5ef40534397423c6c016614,1762005378,Mike Bayer,2,0,18,2,0,0,0,0,0,0
sqlalchemy,31c4d6c180f8e3592fe4990f97b11f6e8a5dd0bc,1762109642,Federico Caselli,2,2,2,2,2,2,126,0,0,0
sqlalchemy,a87faba35a65563447c8204cc47eb37ab47e216e,1762181373,Pat Buxton,2,0,6,2,0,0,0,0,0,0
sqlalchemy,f4c08c07d0ea4d18d384925f4c7d46f05566f42b,1762268199,Mike Bayer,1,1,1,1,1,1,114,0,0,0
sqlalchemy,98361f19a8144cbc8d528c62a873786be65fc026,1761412788,Mike Bayer,23,71,2239,810,473,367,15543,17,942,89
sqlalchemy,b3fa4fae23cc326645d257ceaae35c979311fe2c,1762712088,Mike Bayer,1,0,21,4,0,0,0,0,0,0
sqlalchemy,828bedbe3ab096d30ade65e387feaffe6c1207e5,1762782190,Mike Bayer,1,0,6,3,0,0,0,0,0,0
sqlalchemy,0d372ea0417162982e56861bbd5e278c1ba26cde,1762786507,Mike Bayer,1,2,4,2,4,2,86,2,88,0
sqlalchemy,e8fdc99e9c8d4262ad6bf2c03e572b1d3da61f76,1761725354,Inada Naoki,25,14,268,329,7,7,360,0,0,0
sqlalchemy,33264146aef33e8f564ec2b8fc3730d59889bf18,1760641170,Federico Caselli,23,70,524,96,199,174,6856,7,299,18
sqlalchemy,59afd08a5206c69ce47c138c6e4f18b2c40e1ef6,1762314422,JetDrag,3,7,93,23,15,11,398,2,66,2
sqlalchemy,d160cb5314239ef9487c84aa5173e946d57804fd,1762279083,Yannick PÉROUX,3,4,56,8,39,33,992,0,0,6
sqlalchemy,543da834b42766e06cb612ce1d58afa876d61682,1762897518,Federico Caselli,1,0,2,4,0,0,0,0,0,0
sqlalchemy,8498a0b36fdc246be477cc61b5e15d3421cd89fe,1762960594,Mike Bayer,1,0,16,1,0,0,0,0,0,0
sqlalchemy,95ab6ed79c7956bcf6ad7e18ad6241f0c9c90f23,1761414357,Albert N,7,18,175,41,106,76,2500,12,629,18
sqlalchemy,8383e3f48c900fa248f026218fed0cea5ad0e6a5,1763224616,Mike Bayer,2,5,14,9,10,5,228,5,210,0
sqlalchemy,850f7ae12ea5783ca451a9e576a17a35966b290f,1762207485,Federico Caselli,4,7,85,24,51,37,1461,0,0,14
sqlalchemy,f6714c8e090b9dd84ac4256ed74eefc1fe9cbddc,1763415174,Mike Bayer,1,2,5,2,5,3,147,2,81,0
sqlalchemy,42710c9220f897487710424981b81a69a7da5def,1763496605,Mike Bayer,2,1,49,0,3,2,88,0,0,1
sqlalchemy,a057c474bf84ccd0508b89aa5428f45c9a644ee3,1763557348,Shamil,2,2,32,3,8,6,121,2,76,0
sqlalchemy,6ee4d884f04aa6bad21ad280a02441262863394c,1763642674,Shamil,4,8,190,4,17,14,572,0,0,3
sqlalchemy,871e66e058fafae8f54d68359370c022d51059e1,1763750671,Mike Bayer,3,0,3675,3643,0,0,0,0,0,0
sqlalchemy,cf6200563953df3ba6061676214d25dc7ac066a9,1764030798,Mike Bayer,60,7,345,220,37,27,982,1,54,9
sqlalchemy,09ce4d07540628dfac84bf500e9bbddbca48dc9f,1764107281,Federico Caselli,1,0,4,6,0,0,0,0,0,0
sqlalchemy,88028954576a8d7e772160d74b14da62c0b4fd43,1764139017,Mike Bayer,19,7,223,190,19,14,726,2,74,3
sqlalchemy,0b8e3dd062734f1a3628777c06fac77910c400b4,1764261152,Mike Bayer,1,2,5,0,5,4,163,0,0,1
sqlalchemy,0260f7e58bcc7574c6b33bbbcc7f511a9e5eba07,1764348502,Mike Bayer,9,11,14,11,14,8,468,6,314,0
sqlalchemy,3d6a109c839638d19790c20f301a6a9c69ad54e8,1764224558,Mike Bayer,21,16,1072,958,136,88,3431,25,1197,23
sqlalchemy,2169a2950479873cd42d62c3f81a6bd7caa8aaeb,1764388060,Mike Bayer,6,2,52,10,2,2,126,0,0,0
sqlalchemy,b9e3cacb0e7025a31458f09d0cb0c72da0c5f660,1763403084,Mike Bayer,22,72,1847,855,462,362,15607,18,813,82
sqlalchemy,4f87f4d9265adf826bd10b3b764405c3b871b5d8,1764585798,Denis Laxalde,2,3,8,1,5,5,170,0,0,0
sqlalchemy,6baf3b9fb2e1353101b91ed6968d6aece6d95e0b,1763898283,Yeongbae Jeon,7,14,337,2,97,66,2664,9,472,22
sqlalchemy,40c2400af7d44a528358ea1d73c275a85bb75616,1764608772,Yossi,7,18,48,17,30,27,1128,0,0,3
sqlalchemy,c5d09f5ed4b4e37cfdd033026e2f67382ee9fcb3,1764619910,Mike Bayer,5,16,215,84,112,89,3878,16,770,7
sqlalchemy,6924f6c5d91be83dd646c3290d53c98afeca4d37,1764735010,Mike Bayer,3,2,34,11,2,2,60,0,0,0
sqlalchemy,a9e82a6abe8824614d959e693885728cad2a8d07,1764735538,Mike Bayer,1,0,3,0,0,0,0,0,0,0
sqlalchemy,133f14dabed44f7398039e2556bf9b7107f3922e,1764791288,Mike Bayer,2,0,96,0,0,0,0,0,0,0
sqlalchemy,9a0d00433134b44a132104618b96516e47fff224,1763739700,Mike Bayer,17,21,1228,66,262,192,9216,8,328,62
sqlalchemy,be4e3e675e7f69a2e728af2aa814524173d7a66c,1764882032,Federico Caselli,3,4,210,99,52,40,1682,8,373,4
sqlalchemy,66d55b51992a463beef47212992e5b2914f9e586,1764974516,Mike Bayer,1,0,28,58,0,0,0,0,0,0
sqlalchemy,4ff1d604f9bec061fb1936b80d3ed09979d930e8,1765033645,Michael Bayer,3,4,99,210,81,62,2377,11,578,8
sqlalchemy,437745e92e0cfe172cfb75a55f3476942fc1c81d,1764605244,Mike Bayer,6,20,185,23,105,86,3652,0,0,19
sqlalchemy,8849e2b775c186da6f037d5403df777ad667c852,1763068923,Federico Caselli,12,21,788,546,648,502,19384,29,1306,117
sqlalchemy,6785a09670cfc90ef0f6977baa3d7dc26c8d1751,1765289240,Mike Bayer,3,4,8,4,6,6,259,0,0,0
sqlalchemy,e4a802f99a0bca813dd29e8dc88bb5e5aaddff93,1765199029,G Allajmi,2,5,138,5,14,9,309,3,111,2
sqlalchemy,9fe3c3cd30bd7d4afc877bb2243ba7679ebe185d,1765307632,G Allajmi,4,18,422,45,65,58,2658,0,0,7
sqlalchemy,3cad9e372b98b96e9493ad383b2e44301b4b58f4,1765316402,Federico Caselli,2,0,2,0,0,0,0,0,0,0
sqlalchemy,292aa19698326793003c0ebb2c75f6863d039573,1765373883,Mike Bayer,1,0,1,1,0,0,0,0,0,0
sqlalchemy,668ea5b7384297236330ead78919889b4473807f,1765376363,Mike Bayer,1,0,2,2,0,0,0,0,0,0
sqlalchemy,ceeac6d91ddab3bf7121a1ea4646abadc3b8c98f,1765035510,Michael Bayer,5,15,753,160,129,84,3293,28,1363,17
sqlalchemy,6f4440dd651980d82845865b872189ee16f9791e,1765386865,Séamus Ó Ceanainn,2,1,4,1,1,1,62,0,0,0
sqlalchemy,01dcb7a967fd91b0764e83dabaed0a8a7bfa78ec,1765683424,Mike Bayer,1,1,22,5,22,16,762,2,86,4
sqlalchemy,3988071d0d158081dca0a683a1233959c8203439,1765828428,Mike Bayer,23,6,936,814,5,5,240,0,0,0
sqlalchemy,fb408b8e9d2e4ca7ac446c3d8dbd42c66b69b5a3,1766089122,Fardin Alizadeh,49,37,63,63,38,25,1716,13,655,0
sqlalchemy,4a8d7f2dd7101265d8bb8dc90f18126df7a16ccd,1766074546,Mike Bayer,2,1,146,0,11,6,218,4,209,1
sqlalchemy,40fc3c90e1fee3f7a19184ab57cca3cbcdfa6da1,1766087939,Edgar Ramírez Mondragón,2,4,16,4,8,8,412,0,0,0
sqlalchemy,81e72ca9cd4230bd29cebc3965cc6fa0913e26e3,1766175863,Fardin Alizadeh,39,32,51,51,32,20,1292,12,664,0
sqlalchemy,0a1be6dcfab7b17613835248a368e6b822a53319,1767192417,Mike Bayer,1,0,2,0,0,0,0,0,0,0
sqlalchemy,39d31c5ea095577147a474be89e5d754a67aa514,1767214124,Mike Bayer,2,2,55,2,9,8,305,0,0,1
sqlalchemy,380c234ce901416ca3c04453744f33d53cc4bd55,1766581337,Federico Caselli,2,10,58,10,42,31,1226,5,260,6
sqlalchemy,11cb95b1d3152bc0291d278fb2d198ef3bab7a22,1766507315,LucasMalor,9,18,225,73,75,55,2016,11,440,9
sqlalchemy,51cc72641ec27d3861bc55dd7f80e34d53f7f179,1767285585,Mike Bayer,2,3,32,58,2,2,26,0,0,0
sqlalchemy,cac245bb7903e8d273b91cac150ae5b057e63055,1767624076,James Addison,1,4,9,7,9,9,384,0,0,0
sqlalchemy,fe350d0f367c43c96c91d6503992b036a6e47b39,1767624181,James Addison,1,1,1,1,1,1,64,0,0,0
sqlalchemy,12ccef924a99b53f1b0a905830df4c2ba03cd7d4,1767747790,Mike Bayer,4,4,81,3,9,8,323,0,0,1
sqlalchemy,5491f251b4db55b8d60455ed56b36482e452490e,1767908258,Mike Bayer,7,6,302,28,32,27,995,3,158,2
sqlalchemy,8e90bfd9b4a1ca8bd62bae3aa373e70fd781cc49,1764191630,Federico Caselli,7,13,137,48,43,38,2070,0,0,5
sqlalchemy,48410f83407661e009326d7170ab79e5163eb8f1,1768313954,Mike Bayer,5,3,158,2,14,13,362,0,0,1
sqlalchemy,997cdf9cadafd0ed54943f35f1add195ab2b31b7,1768413308,Mike Bayer,252,213,252,252,213,0,0,213,13897,0
sqlalchemy,63885906e8a5f6ad479e591e4f5716b486ef1df6,1768416206,Mike Bayer,1,6,22,5,22,18,1196,0,0,4
sqlalchemy,c36643fbb933c0defd00b9caa7a184c24e2a544b,1768399380,rusher,5,6,114,3,13,11,529,0,0,2
sqlalchemy,80ced341154d02e0ff56180420905164abd3fba0,1768406810,Mike Bayer,12,73,580,377,460,370,14301,26,1348,64
sqlalchemy,8e5b76b3d605a5dbbac4a6b4dbf7fab38cd4c2f7,1768933366,Mike Fiedler,5,0,92,23,0,0,0,0,0,0
sqlalchemy,d0d9f1b71115471b0a6918075383c2bddf2212b1,1768826068,Gord Thompson,2,1,31,1,1,1,38,0,0,0
sqlalchemy,1dc49abfea36f6f517b40b15514f10fe439b2926,1768920325,Mike Bayer,3,1,5,5,1,1,20,0,0,0
sqlalchemy,d9d947eb8b5c05eb3d1172ed25950bbf1418df62,1769023587,Mike Bayer,1,0,1,1,0,0,0,0,0,0
sqlalchemy,6729cab54bae3df72d106680e260960daf218399,1769029029,Mike Bayer,1,1,1,1,1,1,23,0,0,0
sqlalchemy,5f1f853d1a744bf526856667c52ba5256fb08f48,1769115419,Federico Caselli,2,4,13,6,13,11,550,0,0,2
sqlalchemy,325addda8b569581f5c5537cbbb76ef70da6534d,1769539106,Mike Bayer,2,9,23,12,23,20,1244,0,0,3
sqlalchemy,c7509cbc5943ec9d0e0524c4760c3ebe421888d5,1769119177,Federico Caselli,2,5,7,4,7,6,318,0,0,1
sqlalchemy,eff50d9e9b1261f987850604bfa94334744ed594,1769727390,Mike Bayer,10,66,244,188,221,198,9901,1,44,22
sqlalchemy,ff2c7668fe90b43b75dcb0d6e7651349dd715e5a,1769787172,Mike Bayer,1,0,8,3,0,0,0,0,0,0
sqlalchemy,026afdfc03a98b47948a0655ba2ca23862dd01a0,1769478841,Yurii Karabas,9,14,186,0,87,69,2230,10,405,8
sqlalchemy,e0f13cb6c1c3f44ebd110e8e32147d9f853146d4,1770126833,Mike Bayer,7,7,95,18,18,12,418,0,0,6
sqlalchemy,6fbdd3602136fe7589238c657f61de60b85c3c54,1770153073,Mike Bayer,3,9,348,134,48,44,1207,0,0,4
sqlalchemy,574facaaf4207b952379c28673c44b62835535fb,1770170879,Mike Bayer,7,7,294,9,34,31,716,3,176,0
sqlalchemy,abaeb00888deb4431f0691536c5ac9c763a3e7e1,1770310027,Mike Bayer,1,0,2,1,0,0,0,0,0,0
sqlalchemy,6b09777e3d1ef35eb0ed07843b51d1a525702b79,1770321386,Loïc Simon,4,15,160,11,24,24,1068,0,0,0
sqlalchemy,6fa097ed100dbe5553796c3b45efc50f614c2371,1770673639,Federico Caselli,2,2,28,0,8,6,198,0,0,2
sqlalchemy,e4b5af34075079103e9740dd3fd428c452a419a8,1770930047,Federico Caselli,2,8,103,173,103,62,2497,8,336,33
sqlalchemy,c3850e57c46d257435c7b33031053f9f4518ac2f,1771361902,Mike Bayer,6,10,340,3,57,39,1521,11,644,7
sqlalchemy,8c262051247d5d83f3d0269003705a363dbc3e60,1771597240,Tiansu Yu,5,7,267,19,85,64,2861,11,519,10
sqlalchemy,0f74af5c339d7f3a6412537571aa60c0180be426,1771673738,Kadir Can Ozden,2,1,15,6,1,1,37,0,0,0
sqlalchemy,d70c040a95cee4f58b109838148a15d18fae8ad6,1771794288,Mike Bayer,7,22,278,77,178,159,6069,0,0,19
sqlalchemy,b1e299b94a32ed48d0edc0fea59afebb8834b79d,1769112315,Federico Caselli,2,1,7,1,1,1,64,0,0,0
sqlalchemy,8af25c2b35f3740a00e2551c65f9ba245e6f5a9d,1772320217,medovi40k,4,5,27,2,16,12,460,0,0,4
sqlalchemy,94ed75eec98246c0c8a5cda8a82a779bd8b4f1c8,1772388321,Mike Bayer,2,4,61,6,13,13,603,0,0,0
sqlalchemy,ddfec399ce63403a48d7185c2b5938ab4db27a5a,1772571017,Daniel Sullivan,2,2,13,9,4,4,179,0,0,0
sqlalchemy,f09778c70050391ab77e97e8043083f6a5177038,1772666684,Georg Sieber,2,3,23,2,10,8,267,0,0,2
sqlalchemy,d7d970222e47da84539fc567df635eb650251c57,1758137471,Mike Bayer,15,24,397,90,279,203,7542,17,695,59
sqlalchemy,b88d9e0969129dfc3efd5bcad617bd4872e6ea9c,1771427572,Mike Bayer,14,89,463,165,143,134,5490,0,0,9
sqlalchemy,1eff7bbc96014e6d0d6f0ac4d11c29c5ad187f22,1772834224,Dr Alex Mitre,1,17,17,17,17,17,1106,0,0,0
sqlalchemy,2513bc65721a7651adb711b075b31f81d4b10343,1773076744,Martin Baláž,2,1,21,1,4,4,104,0,0,0
sqlalchemy,b0b74dc965df2433f6cd951c89499738e97028c0,1769123096,Federico Caselli,20,100,2107,116,879,667,27571,50,2314,162
sqlalchemy,0a185a3bb6347719ffab60012db8fbbc23eb29e4,1773354867,Federico Caselli,3,57,291,89,97,91,4009,4,206,2
sqlalchemy,30880dbd8ec1531268eceadef18e997a3c268a93,1771942250,Varun Chawla,5,15,137,1,45,40,1393,0,0,5
sqlalchemy,4840e6a206741eb7fe54e47067f61a57dd36c68d,1773862254,Mike Bayer,2,8,37,9,37,31,1792,0,0,6
sqlalchemy,f5e4c2bcaa27cf1e1e73e5fc8d4ca19180954ae8,1773863139,Federico Caselli,2,1,0,19,0,0,0,0,0,0
sqlalchemy,c7412ac909125db873b9ddff0dafb8d92034d0a7,1773845833,Austin Graham,2,1,24,1,1,1,45,0,0,0
sqlalchemy,6282bcef11781b5ded26d48b22b5fac8d2eebd61,1773879680,Mike Bayer,1,1,1,1,1,1,35,0,0,0
sqlalchemy,1c78168f8a1a9cd3c88f1977bba1bac763225482,1773848228,Carlos Serrano,2,7,74,4,32,28,1135,4,220,0
sqlalchemy,3cf6c1112e7aeb6337f68481bf2e631b63f1dd29,1774289582,Mike Bayer,3,2,212,4,19,7,326,11,578,1
sqlalchemy,a0baf90b2ee7f21f1f17e27851cb4fc3cc47e3ef,1774299563,Federico Caselli,1,1,3,0,3,2,142,0,0,1
sqlalchemy,a49a4f021ad9c9ff69f5482881b00f831d523a22,1774382883,Federico Caselli,2,2,67,10,3,3,152,0,0,0
sqlalchemy,d466d375889ee266ef928b6fbb6d673bda6beeb1,1774629671,joshuaswanson,2,3,47,5,5,4,199,0,0,1
sqlalchemy,d3a8d4950e7f1c1cfcabc819e4b85f0bba61e26d,1774635850,Mike Bayer,2,3,145,2,20,14,710,2,73,4
sqlalchemy,2ac8c1a7c71400c1bc13f54f3c05cfd2e3ae1442,1774806399,Mike Bayer,2,2,180,2,14,6,244,8,377,0
sqlalchemy,9ad90693bc8f2303f2c964271166a80520bee9bd,1774315846,bekapono,6,2,57,18,12,10,434,0,0,2
sqlalchemy,6a54490c9d4dece8dffdd35feb9bf96486661ac0,1775068281,Mike Bayer,5,6,10,5,7,6,589,0,0,1
sqlalchemy,7d3b4f904957384259f1da6a31828ef17035ad24,1773758009,abdallah elhdad,19,53,576,45,463,344,15518,26,1200,93
sqlalchemy,87f17c2e59cd27e20e7badc685c482e788fb2711,1776112008,Federico Caselli,2,2,36,8,11,11,462,0,0,0
sqlalchemy,08cef20f4a2bfbeda61abfe6caee975190f0794c,1776117180,Federico Caselli,7,10,83,76,79,66,2681,1,66,12
sqlalchemy,77c91b8df51c5a00d6940a9b63b2ba5bd01d9ceb,1776365783,Shamil Abdulaev,2,7,16,20,16,10,374,1,55,5
sqlalchemy,1f27a0deefd86c14fd2de3b80e24aeb00c154da7,1776365790,Mukunda Rao Katta,1,1,1,1,1,1,77,0,0,0
sqlalchemy,956cbcbf4889f3ec1ef486d3ee7d245877049030,1776366415,Federico Caselli,1,2,4,1,4,3,90,0,0,1
sqlalchemy,e5ec8f3b0a10c59413126bc41dc3c3f63d8a6621,1776369757,Mike Bayer,1,1,6,5,6,6,389,0,0,0
sqlalchemy,5237d923ddb0415847cef9fd676f7ec9ed2293b7,1776369849,Mike Bayer,1,0,2,2,0,0,0,0,0,0
sqlalchemy,5559c5e5ae73ccde0a3107321acf40502990c17e,1776370614,Mike Bayer,1,1,1,1,1,1,23,0,0,0
sqlalchemy,70de8780239972233fe2b7b4121251698bbf19ca,1776456833,Mike Bayer,1,2,4,0,4,3,134,0,0,1
sqlalchemy,053a90668acd235cc03b5209470e24c9742121db,1776717020,Bojun Chai,1,1,1,1,1,1,71,0,0,0
sqlalchemy,530e1f71e74263ee9e23245071af2557aa65d425,1776691835,Mike Bayer,2,2,63,1,4,4,178,0,0,0
sqlalchemy,e4e2f94629dd279e5e9dc286b770f9279c36a722,1776790097,Tobias Petersen,2,2,9,1,4,4,135,0,0,0
sqlalchemy,15f1d6dce6870c6ca9b5ad72d79e5a3cdc3a47bd,1776964147,Shamil Abdulaev,2,3,0,7,0,0,0,0,0,0
sqlalchemy,95eb9510fb9528e7de7cff73cfe8e66a76a78741,1776892529,bekapono,3,13,254,35,44,40,1607,0,0,4
sqlalchemy,08eee60332fbd3bbf7da6885b5de3748b40fb36a,1777493495,Federico Caselli,4,1,17,16,1,1,30,0,0,0
sqlalchemy,f1dfe10237d754ae25b9790c9a9e4d9defccb52b,1777568785,Luiz Felipe Neves,2,12,78,11,14,14,768,0,0,0
sqlalchemy,583e2c4a0cb4ae4659a0d4c268d606b10f107ffa,1777746819,dependabot[bot],1,1,1,1,1,1,67,0,0,0
sqlalchemy,f353f623271087bfe47f4b7271b35578046c59b5,1777899092,Matti Picus,1,1,1,1,1,1,55,0,0,0
sqlalchemy,ffc32e517dd3e89ed3f74b78d71d452fc8663aa3,1778007681,Léo Gallot,2,1,4,4,1,1,40,0,0,0
sqlalchemy,dcb36d73bbf6a8e6e780aae3c5ae40e8d03bec3a,1778169298,Mike Bayer,1,1,1,1,1,1,97,0,0,0
sqlalchemy,0aa47f8082513ecccc1638558f46b9fe8e610ad2,1777375394,Shamil Abdulaev,5,9,112,0,42,29,1084,0,0,13
sqlalchemy,3c650cede44e74b0a1939652034debc9fa74759c,1778427000,Mike Bayer,1,4,9,1,9,8,246,0,0,1
sqlalchemy,43213299b596c1bd86a376a252e0df93c3759bdd,1777496997,Federico Caselli,6,12,100,10,25,22,928,2,88,1
sqlalchemy,1e1c0084b1804eaae8b7f089435241a2b8f4be60,1778273338,Federico Caselli,165,143,198,332,111,53,2383,0,0,58
sqlalchemy,15a9df9b2db9603ecaa8635396596b4ecca7d481,1778610637,Mike Bayer,7,19,137,38,58,51,2129,1,63,6
sqlalchemy,120a967505efb4a50a9134bf45b8e88aebb9f483,1779048157,Henry Cai,1,1,0,1,0,0,0,0,0,0
sqlalchemy,57dcfdacaa75ddac3a9246512f3deac4aef10cf0,1779048556,David Lord,1,1,23,0,23,16,896,0,0,7
sqlalchemy,7e0ee8b2541856f50079adf4af95b7120f8d078f,1777576419,Mike Bayer,4,16,311,18,73,64,2707,4,179,5
sqlalchemy,ee9c8625bad11f4dedfa2a610914cebdcf55fec7,1779198001,Mike Bayer,6,17,146,16,85,70,2982,0,0,15
sqlalchemy,f07ad99839105f254df4e640ab851bcc6910168c,1779200438,Karolina Surma,1,0,1,1,0,0,0,0,0,0
sqlalchemy,56edb237cb652bed221a377cdc2ae2b7b835dd61,1779299237,mattip,2,1,4,2,1,1,56,0,0,0
sqlalchemy,f862a4534affcac0522832583e89c209ac58290f,1774277080,OSS Contributor,4,1,32,3,1,1,67,0,0,0
sqlalchemy,4ce719fbb3889765b43d7005954b4a8ae7de8c93,1775064578,Joaquin Hui Gomez,2,2,128,1,7,4,179,3,143,0
sqlalchemy,cf2984c31d1f3edcfd26801a8ac560d95b52892e,1779307541,WiktorB2004,2,2,13,0,6,4,208,0,0,2
sqlalchemy,afa94c32a91711b81e4e663cc328837354491315,1779307150,Mike Bayer,2,1,132,0,4,3,105,0,0,1
sqlalchemy,68e982ad9de3c2300ea1927c099e3489b5baa6bc,1779226789,Federico Caselli,2,3,40,1,11,10,411,0,0,1
sqlalchemy,9030af40baffdd68e214434ef9a89bf4b117f99b,1779480070,Mike Bayer,3,6,376,6,23,9,415,12,627,2
sqlalchemy,e00937ec549ecc1d2cae49d4fe84fac3d758b6fb,1779736480,proto-atlas,3,6,12,6,5,5,261,0,0,0
sqlalchemy,808fd28297f36bf932443bae77ca5bb16bcbd4dd,1779121790,bekapono,5,5,1109,4,47,38,1716,4,191,5
sqlalchemy,cf3cfa307f5b8cdfbd47b104db38c193503de1c8,1778612882,Arya Rizky,2,1,111,1,1,1,37,0,0,0
sqlalchemy,c41f25b17031d8e9ca3d7e613c0d4dcd78b693fe,1779727610,cjc0013,2,1,29,1,1,1,43,0,0,0
sqlalchemy,96f98a9119d79b4f6e6026249a4afcf3b4b98c8e,1779978339,Mike Bayer,4,3,174,33,11,10,437,0,0,1
sqlalchemy,4fb459aaf05dd9c31ce3ece57c1bbf81ca9855de,1780085020,me-saurabhkohli,4,13,87,10,33,27,1091,2,88,4
sqlalchemy,abfe6cc47c12b87164a63739e3718257b452dac6,1780258339,sebastianbreguel,1,4,12,26,12,11,580,0,0,1
sqlalchemy,efa87e25009f815f47a2a3a2a0e639bddf33a459,1780469473,Oliver Parker,6,10,218,25,30,29,1146,0,0,1
sqlalchemy,b14415fa43dd676dd215fec0c18e756db43a70ff,1780582626,Mike Bayer,3,9,148,1,76,47,1639,0,0,29
sqlalchemy,01194229387ab3d5e43d8395ce368b858dcd2b69,1780494379,Mike Bayer,2,4,252,6,24,22,1362,0,0,2
sqlalchemy,35e0d85b3343ce5dde441000f5aefe39787ab9b3,1780601599,Federico Caselli,1,4,8,3,8,6,423,2,79,0
sqlalchemy,563146468ab5da1e4aea7eca2f6bbb09daa03986,1780602692,Bradley Davis,1,1,0,1,0,0,0,0,0,0
sqlalchemy,c84c7b2ffccecb5249fcc8ec01c400ca2867dbe5,1780491129,Gaurav Sharma,3,39,1386,428,1213,1066,39541,20,1066,127
sqlalchemy,f8191bfbc247a708d3f4af7488f7cc381f8c1216,1780608373,Federico Caselli,1,1,1,1,1,1,70,0,0,0
sqlalchemy,7543c167eb9b234afabee455702002db2a54a72f,1780608226,Federico Caselli,4,5,5,39,5,5,266,0,0,0
sqlalchemy,7d410c126469aa122fa49685b44ec1cb0f1559c1,1780613272,Federico Caselli,1,45,90,116,90,88,3833,0,0,2
sqlalchemy,75cb5aec658196a0bae5d07216d790126ebc0739,1780689073,Federico Caselli,4,2,81,7,2,2,132,0,0,0
sqlalchemy,30d75f9a30beab059b6ce93d2c200fd8944d0eb9,1781030866,Mike Bayer,2,1,22,1,2,2,115,0,0,0
sqlalchemy,eeedfc4d522b88df4e3855fed11d8b7da10b0f5b,1780689722,Mike Bayer,4,27,130,323,130,115,4158,3,167,12
sqlalchemy,ea1a30f4606eeaee7d696e0d1291a3501ff1fc8a,1781212756,CaoRongkai,3,3,39,3,22,18,734,0,0,4
sqlalchemy,41caa189ae948647074d06c5ccc4c292ba20d5f5,1781212797,lphuc2250gma,1,0,16,0,0,0,0,0,0,0
sqlalchemy,5ed0294ae28e6034a617e39256c635210bf3c4c4,1781288030,Mike Bayer,1,0,0,4,0,0,0,0,0,0
sqlalchemy,bfe559a7e4d69e5699c390ac9cafd2a5a2d38078,1781285585,Mike Bayer,1,0,94,0,0,0,0,0,0,0
sqlalchemy,f55d694e21bbe17be37070a094d99b3e5601e7e0,1781263144,dxbjavid,2,2,12,2,2,2,98,0,0,0
sqlalchemy,0dcfa5e9ea49e481a7a35130f654cbdd3a8c1405,1781534466,Oliver Parker,8,9,331,42,94,73,3520,9,347,12
sqlalchemy,89565f125f74cdb4780fb50e60a85fc615f261ed,1781709318,Oliver Parker,3,21,146,40,61,42,1709,15,820,4
sqlalchemy,7a823b5f81c05407513efb84d13b67731635154d,1781734016,Mike Bayer,4,1,56,0,2,2,52,0,0,0
sqlalchemy,8604972666978ca981623c7f415e405bc074663a,1781700546,dxbjavid,3,7,144,20,21,20,719,0,0,1
sqlalchemy,3213f9428bef89a41e4aba0c842b93cfbd9f2272,1782142562,Mike Bayer,6,0,20,9,0,0,0,0,0,0
sqlalchemy,74ef020b969a9ae0e124762d4531c85b1834f60e,1781212984,cjc0013,4,11,123,6,61,48,2008,0,0,13
sqlalchemy,695cbfbff2688618add13de21e850d21392592c6,1782237201,Mike Bayer,1,0,18,4,0,0,0,0,0,0
sqlalchemy,8ba06dcce50d7f9f30f953a2961db020f1e42afb,1782142240,dxbjavid,2,1,17,1,1,1,73,0,0,0
sqlalchemy,101fd7f9b31db22f6ca2efdd3384a1e2751890bd,1782305370,Mike Bayer,2,1,25,1,3,2,129,0,0,1
sqlalchemy,295013ba17895cb925bef042b9ad70c80f1d19b0,1782482978,Mike Bayer,3,15,357,101,103,97,3918,0,0,6
sqlalchemy,d22115918f8868f6d6d1fbf563784c75404546ca,1782576959,Mike Bayer,1,0,15,12,0,0,0,0,0,0
sqlalchemy,7fc702572c3e62480351e7ffd61ccbdfdd6e1636,1782579801,Mike Bayer,1,0,1,1,0,0,0,0,0,0
sqlalchemy,45535434a0feb437e4edb22607284541456ae916,1782582405,Mike Bayer,1,0,2,2,0,0,0,0,0,0
sqlalchemy,74149573d2c763feb868b1599593a0819a6d551e,1782586369,Mike Bayer,1,1,1,1,1,1,23,0,0,0
sqlalchemy,4a85bd2bb74fb475e6438a48e5827ed60b47a465,1782849383,Federico Caselli,1,5,7,7,7,5,253,2,134,0
sqlalchemy,b7c6251293a287542ac8568cad7505b710fa3532,1783152155,James Addison,2,2,6,6,2,2,52,0,0,0
sqlalchemy,4009b58467c0f76d318a336894d754adb9ff4f74,1783551433,Mike Bayer,2,3,3,3,3,3,171,0,0,0
sqlalchemy,6aaf1afe8e74c73694a63154d90baebbf63f47a0,1783547375,Ilan Keshet,2,3,43,6,14,14,654,0,0,0
sqlalchemy,121a17bb32046b980f120abca4793aad116aa23c,1783520443,Javid Khan,2,1,18,1,1,1,64,0,0,0
sqlalchemy,0cc286b5cabc147ced35b63587632ccbcbb17fd3,1783450883,AVRC26,2,2,43,7,1,1,28,0,0,0
sqlalchemy,0c6e2f39df1e6748a916fc5f5a1a3b3296aed4af,1782729016,w-Jessamine,2,1,47,1,14,10,463,3,162,1
sqlalchemy,117851648a21cf6cb12430df33913f200a090100,1783611838,Kadir Can Ozden,2,1,100,5,1,1,57,0,0,0
sqlalchemy,5bf558aa45a03d7bb6364e07e7d8fff5b92158ab,1783629856,Mike Bayer,3,7,137,13,42,27,1360,8,553,7
sqlalchemy,702a7f11dd8a9d3dae30048aa3d2fc0197330d88,1783894281,Mike Bayer,2,5,121,12,121,98,5184,0,0,23
sqlalchemy,149572707d5332df77838e9014616dedb0f416e5,1783897036,Mike Bayer,1,1,1,3,1,1,75,0,0,0
sqlalchemy,06fd857c553a9e9cc7b4f30d179ee7582655e7e7,1783796977,cjc0013,4,3,67,5,48,38,1757,0,0,10
sqlalchemy,07338ee93c1307f44d222e7b029b56cde83f01c6,1783978190,Mike Bayer,3,12,166,17,82,67,2528,0,0,15
sqlalchemy,16177b8c73e492e5adaad8f51095f9981831da41,1784160205,Rens Groothuijsen,2,2,51,1,4,4,216,0,0,0
sqlalchemy,13cbc1af77e11c908ddd798be6941e995356e1a1,1784400616,Mike Bayer,2,0,14,1,0,0,0,0,0,0
sqlalchemy,bd0da4263052b4571f3b16eda3552e134b9b1689,1784390354,Mike Bayer,2,1,131,0,16,6,247,9,512,1
sqlalchemy,ada9d7fcd18d10ff101bf2e3b57e32bb06301605,1784120179,Jan Vollmer,12,40,399,48,165,135,5856,2,121,28
sqlalchemy,ea3f59299e3e02a688eee8407738a31a3fd5bacc,1784566340,Mike Bayer,74,315,331,331,330,330,25420,0,0,0
sqlalchemy,2c1ef72b575076375f3dc596460d88ac0e6d5522,1784639979,Michael Bayer,4,3,5,67,1,1,45,0,0,0
sqlalchemy,4eba6997dc0f4cd103d47bbc78a5aafaf0c137b1,1784734177,Mike Bayer,5,4,176,1,19,5,235,14,809,0
sqlalchemy,e32fe92a836b7146c76d4ad9b72ca815831bf35d,1779397507,Federico Caselli,10,46,393,126,268,233,9415,11,542,24
sqlalchemy,dbf2f9583b6767a14a5db3dc40777b6bf0c2c0df,1784613231,Javid Khan,3,6,113,15,44,31,1342,3,145,10
sqlalchemy,8cabfe9532c1429ea8aaba1cd85ef68efa0868f9,1784662442,Mike Bayer,16,44,331,41,207,183,7270,0,0,24
sqlalchemy,b435816d5463eeb30e869a0d70a385eb2e4f5930,1784666608,Mike Bayer,4,14,173,6,65,61,2558,3,173,1
sqlalchemy,2dd1451c5639f59d49111cf8eb34e0240b7f550a,1785261489,Federico Caselli,1,1,1,1,1,1,96,0,0,0
sqlalchemy,d25b6ce2ed97d7cc29fed06e3ebe6c68945cb5a6,1785261791,Sam Fletcher,1,1,1,1,1,1,58,0,0,0
sqlalchemy,52d9ad783f8051efbcbfe8b878cf746f551dfb65,1785261975,nightcityblade,1,0,2,2,0,0,0,0,0,0
sqlalchemy,844817f275ca787a3c20f0ea0640263c64a5a399,1785262074,Léo Gallot,4,0,16,16,0,0,0,0,0,0
sqlalchemy,2bf968d4e98158c6a07e83593da4e1e146dcedd3,1785262169,nightcityblade,1,2,12,0,12,8,482,0,0,4
sqlalchemy,340a9467a0891beb00620a5f5043518f20c32987,1785262720,Federico Caselli,1,1,27,0,27,21,708,2,106,4
sqlalchemy,ec7e8c7dcdf459aba91286c7e8573a9f00e7a61b,1785777519,Mike Bayer,2,2,15,1,15,3,116,11,615,1
sqlalchemy,2e881c11262e6a2e808644cc6838c80f1dfadcdd,1785873062,Mike Bayer,2,13,338,23,156,113,5124,25,1303,18
sqlalchemy,f2ed6422b34a4f738f7178706019ebdbec1e950d,1785943519,Mike Bayer,4,5,201,6,23,15,620,6,301,2
sqlalchemy,3ea271cc9653ef9fe12d26f1911aa8d13386cbab,1786027233,Mike Bayer,1,0,2,2,0,0,0,0,0,0
sqlalchemy,9a4b82e798f9658e9edfac7f9fbd07e530b9993f,1786034266,Mike Bayer,32,64,1076,209,641,474,20093,45,2504,122
sqlalchemy,df5583de9c44ae785a61e75f626bfb16b615420e,1786368441,goutamadwant,2,9,155,26,16,16,566,0,0,0
sqlalchemy,ebb7993232721731c37e472c8ec42f9f40f19a6f,1784567678,LeSingh1,6,5,254,29,104,85,3290,4,217,15
sqlalchemy,4914050a66d0dcb7ec1e5df5a8810fb0c08f25ce,1786457430,Hamody We,2,4,59,23,25,24,909,0,0,1
sqlalchemy,74f0734d1624bf6d587c69557005b5a728574fbf,1786367280,Mike Bayer,11,20,382,73,70,50,2313,7,409,13
sqlalchemy,325f71701a8a994c982c781f59bf34f42add88e7,1786563042,Mike Bayer,2,3,107,2,8,5,203,3,185,0
sqlalchemy,4b486036a2661b0d0078a90765b3b435a8c3cefb,1785262043,Sam Debruyn,2,3,118,4,31,22,903,4,198,5
sqlalchemy,c3efa7b70c10f79cbbd0acdc743b5b94f6996d60,1785792826,MasoNord,3,10,292,32,95,76,3863,0,0,19
sqlalchemy,abd177230f2c6a8166e07c71010e8e27004b9740,1786633580,Itachi-0xAI,5,13,252,41,137,109,5494,4,225,24
sqlalchemy,111a05a35b9fb4e6683bd18d3064634e002233f6,1786657393,Mike Bayer,2,1,193,2,21,4,173,17,889,0
sqlalchemy,c7f60b285c021c84627ab2b5c20a950fe6752821,1786692189,Abhinav Gorrepati,4,1,200,0,92,70,2831,0,0,22
sqlalchemy,9794e80a33c0e47ba4a7a98bffd6df0133b7aaca,1787058501,Mike Bayer,1,0,2,2,0,0,0,0,0,0
sqlalchemy,94c56d454e9100926edb27a5175f364b390a4d2c,1786650594,Mike Bayer,2,12,213,104,174,141,5094,20,1068,13
sqlalchemy,140356a250eb6da88326ae958cb997af86e2aa71,1787090466,Mike Bayer,6,5,131,2,21,16,827,4,200,1
sqlalchemy,37c484667d03aea7ba9216a64f48dcf6ff7877b2,1787239985,Mike Bayer,2,4,75,10,17,14,827,3,137,0
sqlalchemy,c8a6d9ebe467be7cfee50b6342ee6803074aabab,1787082540,Federico Caselli,2,2,58,13,3,3,173,0,0,0
sqlalchemy,10fc65a2160ac2a8f7ba391a5cbbbe5ab996fa9d,1787091052,Mike Bayer,8,13,449,94,57,39,1916,12,677,6
sqlalchemy,4d45a5daef72a3507220240601391720c84a4bd6,1787436935,Federico Caselli,11,11,6,101,4,3,126,1,42,0
sqlalchemy,8cc15c395cdd09fbc68c9f090c111fcbd1744f66,1787531976,Mike Bayer,4,4,1061,132,128,95,4025,6,361,27
sqlalchemy,21ab0f42499ea22a423cd12a0120ff0f0ce4e378,1787247400,Mike Bayer,2,12,104,213,104,84,3607,13,577,7
sqlalchemy,ed3e2447da6bccce8bf46a1c0195f05371984d81,1787093097,Federico Caselli,13,47,662,310,525,402,16926,44,2144,79
sqlalchemy,96550cb598866a3b6a84d4bdd68948b5a3f44497,1787576513,Mike Bayer,5,9,287,19,70,45,1971,17,1033,8
sqlalchemy,b6d9fe28700cde1c326eea58cec7926d042f13eb,1787585653,Mike Bayer,3,1,111,0,6,2,44,4,183,0
sqlalchemy,38f2d0c3882e932d9eb46701c2c9f704c7f057e2,1787758825,Mike Bayer,1,0,10,2,0,0,0,0,0,0
sqlalchemy,e31b2da8f35b7843d324a012a7114f6be2e15e70,1787762944,Evan Rusackas,2,1,23,1,5,5,153,0,0,0
sqlalchemy,bb5a2cf889a7de21db41eefb378eea2d91729e30,1787866105,Mike Bayer,7,22,159,62,112,77,3492,23,1377,12
sqlalchemy,5462cec4c5b97ae9c1cefc0a0e022d49273b32e0,1787682973,Mike Bayer,9,52,1056,144,501,384,18452,21,1126,96
sqlalchemy,91c3cef80d4ab21b5f1a5a5c90192ea4f0c65bde,1787877866,Mike Bayer,3,2,378,11,29,18,855,10,513,1
sqlalchemy,cb2273f5cd23b4e57dccdc8506347891ea306bb7,1787343814,Mike Bayer,8,16,517,17,126,94,3847,12,694,20
sqlalchemy,004bab376fd769cb33efa128071459a0dd480eec,1788196448,Mike Bayer,3,1,14,3,1,1,39,0,0,0
sqlalchemy,b7dab5e34015b4977db4a567c8989c1fe6fface8,1788207091,Mike Bayer,1,1,1,1,1,1,24,0,0,0
sqlalchemy,81c2eaac88816f783f309e67c893559c01408dd6,1788214032,Mike Bayer,1,0,2,2,0,0,0,0,0,0
sqlalchemy,934c55201b9dce67cef6ad805b2fe833f7415abd,1788214618,Mike Bayer,1,1,1,1,1,1,24,0,0,0
sqlalchemy,a4cb8dbb8499c9238f3207794a2d3f36cea36aae,1788284438,Mike Bayer,1,0,12,0,0,0,0,0,0,0
sqlalchemy,6691cab3fe5f3af4813dababb9c3b7ef3709e002,1788359979,Mike Bayer,1,2,58,0,58,37,1591,7,403,14
sqlalchemy,0598d553b7f39a3db433c693cd7117ad5c57ef14,1787776275,Javid Khan,2,2,109,11,20,12,513,6,417,2
sqlalchemy,c9b2a6ee9fb64be4f0f715cd2267aba95a18a642,1788373953,Mike Bayer,4,3,88,1,22,12,381,8,459,2
sqlalchemy,93ab40efdcd58869c9dc772676423b7fbf412a5e,1788451574,Mike Bayer,10,44,793,34,408,300,13829,10,556,98
sqlalchemy,c5a905e96209e3daf0697dc50e7d28d45a1b96b5,1788530132,Mike Bayer,3,5,116,4,11,9,431,2,77,0
sqlalchemy,68e4111980d0598401b41f6fa8f0ff48f250d79b,1788534960,Michael Bayer,10,44,34,793,22,18,725,4,222,0
sqlalchemy,2ec4cacf480f567308926c4e4dc22bbbc3d44ed8,1788451574,Mike Bayer,10,40,822,34,437,321,15038,7,401,109
sqlalchemy,a2ba6e5c719d9e2095a7e06e4a5490861e70839e,1788537577,Mike Bayer,5,40,78,36,40,40,1574,0,0,0
sqlalchemy,49e12e84f7b97485b9f2492e78340fbd866dcbcb,1788537461,Mike Bayer,4,11,283,35,52,28,1389,15,844,9
sqlalchemy,79037d05d74208ee3067790e43c61e9e5addb8b5,1787947613,Mike Bayer,4,14,87,48,33,17,510,11,620,5
sqlalchemy,af309a0f2bf0841a27288e8df766a6c4133de45a,1788875805,Mike Bayer,3,3,177,1,44,29,1184,8,530,7
sqlalchemy,96f67ba284d6545bba8b9a38db50de84b8a7ff71,1788885595,Michael Bayer,4,14,48,87,33,25,851,4,264,4
