repo_full_name,vintage_quarter,snapshot_sha,total_commits,ai_commits,ai_commit_fraction,tools_matched,first_ai_commit_date,marker_files_found
wmak/selenate,2014Q1,0fb2a94de05660e49e9ec069e3f97e531f5ad774,71,0,0.0,,,
coderfi/Flask-Hypertable,2014Q1,63e3cb1e8a76df929ed70d419d2a5a0dd2c2e8b3,27,0,0.0,,,
tkem/mopidy-podcast,2014Q1,136929b7a3c7d42603b57529a4fce8359cfbc5cb,49,0,0.0,,,
Pentusha/cinemate,2014Q1,488ad7ab7456727411a9ff89c93ce79273415362,24,0,0.0,,,
fhats/py_razor_client,2014Q1,7371d28a32f24d94f606ac76bd0ca6de1edda894,17,0,0.0,,,
hackliff/insights,2014Q1,a4eae53a1886164db96751d2b0964aa2acb7c2d7,34,0,0.0,,,
PragmaticMates/django-detective,2014Q1,f531624311c2c1fe2730cd6e571f6143a3e376e2,9,0,0.0,,,
watsonpy/watson-html,2014Q1,e9c58e088945170992d48dd3dbb35512367f3ecf,12,0,0.0,,,
ronaldoussoren/asl,2014Q1,c53c90b515c62a53acd517b7efa9c35da2dcf2b5,20,0,0.0,,,
sergeio/text_comparer,2014Q1,32d42e65f700d397feec3f855003ffb20b04e8d5,5,0,0.0,,,
oroulet/python-urx,2014Q1,914db2a3cc55a61193fd136825fbff1bb419c7b5,79,0,0.0,,,
20tab/twentytab-tree,2014Q1,f2c1ced33e6c211bb52a25a7d48155e39fbdc088,11,0,0.0,,,
dgilland/carafe,2014Q1,f87ad9208094c604eaa57dfd8f848cee71b7daad,91,0,0.0,,,
condense/django-pyodbc-gis,2014Q1,b9a55e301828c02c079848282461da99516ab315,56,0,0.0,,,
lanius/hunk,2014Q1,bba04d9fb7f37c378ea41bc934c3a02401e34fe6,3,0,0.0,,,
mind1master/rainfall,2014Q1,7cebe5ba724385cfe48a32832bdce2b2be639cb0,69,0,0.0,,,
gilles/voyeur,2014Q1,76b06d5f8bc3fc3d7f94cc58ee1bc19214384a56,6,0,0.0,,,
ramonski/underpy,2014Q1,ec9ad8b175a594f5323c16118446d593650c4c1e,26,0,0.0,,,
larsjsol/shellpic,2014Q1,7985165575a37449211ab39e49b01611161acf17,163,0,0.0,,,
devsnd/cherrymusic,2014Q1,db9b5c015f29c31d5523f6b2ead5c19e5949da12,1139,0,0.0,,,
axant/tgapp-resetpassword,2014Q1,ddabc85430c5d538f33b2e35c1ee2432e3dea011,16,0,0.0,,,
lahwran/tree-of-life,2014Q1,5f78579d69e22ed5a9d8ef7d3ed26f832598782f,284,0,0.0,,,
thoas/django-leetchi,2014Q1,ad1299cfbabb29791c6e0bc04ae0e4fb58129188,68,0,0.0,,,
shish/sdog,2014Q1,cea3fe9b113e69244c51a5f44899334360de8e1a,13,0,0.0,,,
spikeekips/serf-python,2014Q1,513092c933589e6ce5598334448a14a38f19a594,41,0,0.0,,,
kickstandproject/python-ari,2014Q1,43ce09ccaa56390036aba13b556742173a8e740a,34,0,0.0,,,
un33k/django-toolware,2014Q1,7fc9e05b409e3b3e731651f7a6aea6b541f852e7,11,0,0.0,,,
acdha/simple-cloud-site,2014Q1,242e0e36841a743c6085fdb9b04afbbd8059bf2c,35,0,0.0,,,
dfunckt/django-rules,2014Q1,ea89022d54eba2c7c23beac3ce0d7a2dc2e7fabc,20,0,0.0,,,
soravux/scoop,2014Q1,65e3b76a08265266d5c64d94ce5bf9078f4fb328,1022,0,0.0,,,
canassa/minibar,2014Q2,f08019b9d228d55c060c50e1bafef3615265a946,40,0,0.0,,,
Juniper/py-junos-netconify,2014Q2,4c091c4de043dc817bc8ca785dad9d54bc469b79,102,0,0.0,,,
dbridges/sermon,2014Q2,c7f0529c97dacec7dc29ce99cc0a12b7bb2d26db,53,0,0.0,,,
asvetlov/bloggertool,2014Q2,f6a5ae5093ca70a579a3ffa40b6baf74ccfc0f4d,16,0,0.0,,,
urga/djangocms-slideshow,2014Q2,7139841efd7a56c22f7e8cb9f5580bcfea66c281,15,0,0.0,,,
micropython/micropython-lib,2014Q2,1bb98d55cc11089b248cb98e02852a9de70b83ba,393,0,0.0,,,
Veselin-Genadiev/NeedForCryptography,2014Q2,42f4b3dcb6d267390f1283d4cf5d51be0fb6a7bf,44,0,0.0,,,
rgalanakis/goless,2014Q2,ce4931e6305e4b37a9942958a2e52588f8a61320,263,0,0.0,,,
MarkusH/django-osm-field,2014Q2,b7af3a09d0b95d88a8a14f235b8a75196b0e79e8,78,0,0.0,,,
antoniobotelho/py-business-calendar,2014Q2,f3ef19d166beb01e855124cfbd738ccde5d72938,21,0,0.0,,,
droundy/visual-hash,2014Q2,bb4b4897eca81ff7030ab20cc8bbbe4584a91d60,163,0,0.0,,,
boakley/robotframework-hub,2014Q2,38f82adeea3f5693ec74266febbb5587b7b4bc32,82,0,0.0,,,
saik0/hibget,2014Q2,90b42c915bffb2151aa01e3e3d9826dd78ca6a87,4,0,0.0,,,
thisissoon/Flask-Velox,2014Q2,907986b0f14b962fbb8e9e88f03982d6d85e9960,95,0,0.0,,,
kimvais/ike,2014Q2,3d083a22b0141c0bab2dfad9200ab93b4c6ac159,76,0,0.0,,,
olemb/dbfread,2014Q2,3a2c67bf8bb4e2b884ada69e2eceb174a6380ac2,454,0,0.0,,,
AyumuKasuga/MimiProxy,2014Q2,7ffe4892bb05a377e2c4c4817786b4b802eb2612,20,0,0.0,,,
ledil/django-orphaned,2014Q2,69aa4e8dddfc1e7882499a2b68da00b2efd59739,32,0,0.0,,,
cybertk/mffr,2014Q2,23fcdedf36273df6c8cfd7b1a8f6fb1b69d6dfe7,7,0,0.0,,,
gabejackson/django-pycharm-debug-middleware,2014Q2,52f7ea0381a2e611f6eb60d17b6cb166520db33f,2,0,0.0,,,
moogar0880/PySubler,2014Q2,6a6d28275c4eb66f52e359f3931c3866834d569e,30,0,0.0,,,
svetlyak40wt/twiggy-goodies,2014Q2,5636e1f02667db066aca9096e578f5a309d92474,20,0,0.0,,,
MechanicalSoup/MechanicalSoup,2014Q2,5002f2f5150d3f40efb7e5d4007e3d90099895a9,54,0,0.0,,,
Tivix/django-rest-auth,2014Q2,644c4d28e1b2cc3b67d27c727db2a6f87cbbf6a9,91,0,0.0,,,
ui/django-thumbnails,2014Q2,d9a2d361ca07d2c809f34c6acc917d5a5509053b,188,0,0.0,,,
kura/pelican-fontawesome,2014Q2,4431f96888f6acfcda8b741544d1e195c9f712fe,5,0,0.0,,,
mozillazg/python-shanbay-team-assistant,2014Q2,23f717a958b1687739292634d928df2c11613930,152,0,0.0,,,
tonyseek/sphinx-kr-theme,2014Q2,b5b52a97b761b0a08b6bb51bece10d49489f711d,17,0,0.0,,,
mozilla/libnfldap,2014Q2,345263aa76c352cb7278f4139a1c01ac73707a9a,24,0,0.0,,,
hchauvet/pyElphel,2014Q2,3ba29a3774eeab7ee4dfc2034be1f2d3a2bcb518,12,0,0.0,,,
allink/allink-essentials,2014Q3,5f6ddfe041d2772d8dbdc861901b8c34d4bd3d90,107,0,0.0,,,
mwcraig/reducer,2014Q3,2865517585c090a29eb57f5ec6a98dcb7f0154e5,161,0,0.0,,,
tkhyn/django-gm2m,2014Q3,365e6b608ad2f7a9296459a99827a36125524c86,135,0,0.0,,,
YeoLab/flotilla,2014Q3,3fc8dccc40e667b87a60bc55e6aa2afda32a5b93,2174,0,0.0,,,
pinax/pinax-wiki,2014Q3,02d5ce5e4a8f5a6abc5595aab0dab988485cdc76,23,0,0.0,,,
ryanfox/pycas,2014Q3,5a6c8f34d4eea430d2993a566bb7788d9265c73d,11,0,0.0,,,
jacebrowning/yorm,2014Q3,785019fa32f31c9b34fe90fa05633f881298945b,151,0,0.0,,,
asweigart/pymsgbox,2014Q3,6c72dbecca82becc3e18638818fbb1a255efbafe,17,0,0.0,,,
radremedy/radrecord,2014Q3,e5a10796d20ee45aab3d0372b3914bb67d9ebf50,16,0,0.0,,,
Bogdan-Alexandrescu/Zookeeper-Watcher,2014Q3,8b27b612bc21a8436edf3d5beb7d260c1037b826,7,0,0.0,,,
jvy1106/webpyutils,2014Q3,f84436508feb04559edf599c3fe70daee5c33a56,16,0,0.0,,,
kennt/fixtest,2014Q3,dcf6761c39b0f1998eea3bdd62546cdf3e9497ce,31,0,0.0,,,
abencz/rosa,2014Q3,9c2ad5a6cdf375237b011f63391b837da1889b5e,26,0,0.0,,,
pytest-dev/pytest-describe,2014Q3,2b9d6e5a9bead0b9541dd07882b19054b484f80d,24,0,0.0,,,
luto/osf.py,2014Q3,f5e0b1d52b3ec2504d52713c13be8aba091e3b9b,47,0,0.0,,,
victor-gil-sepulveda/pyProCT,2014Q3,80e32aa338a9ac504201241c2869ffb5c4446284,356,0,0.0,,,
ambitioninc/pagerduty-api,2014Q3,21bfb0f98182e14e3e3c07f7e0d6d19bfdd12151,17,0,0.0,,,
greedo/python-xbrl,2014Q3,9d2c792ea2e72d935f4f9d7d2c1ae3e7909e73e6,147,0,0.0,,,
bennylope/django-email-users,2014Q3,382740a5b6f4cac4871c23154bdbd937c8dbbeae,13,0,0.0,,,
marteinn/genres,2014Q3,7ed215fb9ab8f38f9262e341eace151be8b7911a,31,0,0.0,,,
kfei/stresser,2014Q3,8aaa95b8c4a6cc9b01f847212dca1742276fcb78,14,0,0.0,,,
IvIePhisto/PyTraPaL,2014Q3,b83e5e81040e7728c7918a249d6e10dc14a00cc9,2,0,0.0,,,
code-kitchen/django-utensils,2014Q3,1570b1704bba80c7792886c091530cd5d5d21f70,42,0,0.0,,,
astex/needs,2014Q3,6459682103c04fb990a49c7de2f3940f613fb1db,40,0,0.0,,,
aplavin/ipy-progressbar,2014Q3,747974f2c9dd1f59e3a4403598c99ddb71ef1227,26,0,0.0,,,
ovh/python-ovh,2014Q3,11bd71836fa6476b8f5439779425fd02d75f8fa3,28,0,0.0,,,
joshhanna/owllib,2014Q3,9e658e60e6a82dccf7da2d66a3a10d3c1da6dc2a,11,0,0.0,,,
rva-data/connector-calendars,2014Q3,019c3ef765c1c3fe75752436fec7277228744671,6,0,0.0,,,
mozilla/b2gperf,2014Q3,330a450ea6b9b7e5d7eee06b13139e1a2e578b29,260,0,0.0,,,
BasementCat/bottle-utils,2014Q3,d82a58de55cf3ce20b518d456d7e796642a8c685,12,0,0.0,,,
jrhames/AWSnapshots,2014Q4,d35f2c61e65d01c9d2e0fc6ac077fc2b46a9bf98,9,0,0.0,,,
yangsibai/SiteMiner,2014Q4,3099ce88f174de8572dcc1fa503a18a5cfbf82c5,15,0,0.0,,,
jgillmanjr/pySchema4neo,2014Q4,d638668791098c4f018f160f73826712bc871cf5,45,0,0.0,,,
lmontopo/Chapeau,2014Q4,01b351e2c584118c9454332b20174c58512dc06e,17,0,0.0,,,
msabramo/requests-unixsocket,2014Q4,ca500584b602f22d4c88ce1ed8306c06c2c4946f,38,0,0.0,,,
ebilionis/py-design,2014Q4,77db6b1ae9ac8d5a6fb7a0e6f49a538544da8839,8,0,0.0,,,
booktype/python-ooxml,2014Q4,ec7c6285451f621db2306b6fe8ff8fadd2c1edbe,46,0,0.0,,,
mattlong/celery-ui,2014Q4,74628c29ded619fdf1eab9317f2203fd9d8b3fe1,14,0,0.0,,,
SigmaEducation/django-mashup,2014Q4,0d67178089b640c4c94b3b1f7039f6888b5e42a0,36,0,0.0,,,
gilesbrown/gsqlite3,2014Q4,7f02b0bc89a942915af47910d751391c57ce0ab7,7,0,0.0,,,
marazmiki/django-webdav-storage,2014Q4,aaff35ae97131a2424d59b3da56dd66bee6c3f34,24,0,0.0,,,
LindaLinsefors/EinSumConv,2014Q4,34ad1d7235d169a22b688cd9b237c4d40683442c,84,0,0.0,,,
sigma-geosistemas/mommy_spatial_generators,2014Q4,2ecace9f8ac142f7f8a2229ac922541f4eba7d80,22,0,0.0,,,
linkedin/zopkio,2014Q4,a9aa267ef40a23c0486a8e7bef07d36aaf4bbed6,120,0,0.0,,,
biocommons/uta-align,2014Q4,7a3674e98cdae2c97befef2b5bcf78a7b0d23827,6,0,0.0,,,
aRkadeFR/django-exceptions,2014Q4,4ae53693ef208ddf5639041511ca3be494084089,5,0,0.0,,,
cans/vcs-ssh,2014Q4,4f4eaedac6cccd5d996bbd827423f626f969d1e3,141,0,0.0,,,
radremedy/radrecord,2014Q4,03b8a432dc876e75ef5870e559f7fd7ad035eaaa,18,0,0.0,,,
jdongian/python-jamo,2014Q4,25308695c7d38b12178345fccb145940c1b9b30b,39,0,0.0,,,
seibert-media/teamvault,2014Q4,b53e2bfadba9747f9ff333abbd1d01493652d981,329,0,0.0,,,
JoakimSoderberg/docker-links-python,2014Q4,170aad36f9dfb1f054e819c909ee35a2b25fd292,10,0,0.0,,,
seddonym/bobsleigh-seddonym,2014Q4,60ada235300b2ce73b088903f68564ee18380e09,22,0,0.0,,,
oursky/norecaptcha,2014Q4,1b40a75353ae46d7759aa953d12d0fe5572f38db,16,0,0.0,,,
jmvrbanac/alchemize,2014Q4,d05426406780d6e2ac9d81b7ef92416ce1729064,30,0,0.0,,,
ariovistus/django-pipejam,2014Q4,b7996b3867c810ce32e5934b627c24a8c6d44b49,15,0,0.0,,,
bmampaey/SOLARNET-python-client,2014Q4,a0b1a5117a5e68877ff26dcabaca137dcf41dc66,12,0,0.0,,,
treasure-data/td-client-python,2014Q4,6e05c2743a117eb61ba58f80b3d3472753dc7c61,298,0,0.0,,,
ccorcos/syncify,2014Q4,46224563b4b91a78aae17885cf8e38bf5c3bfb18,1,0,0.0,,,
codingjoe/django-s3file,2014Q4,6b8b7b47348a6ce3d4bbf456ddf71d07ff5ff464,28,0,0.0,,,
scopely-devops/rolemodel,2015Q1,9a5940192624a1bc0677d2c0583f5634207bc08d,8,0,0.0,,,
podhmo/django-modelhint,2015Q1,526c075a08230b3e2379ddc1b9b3e4926958db93,11,0,0.0,,,
bwhmather/python-jpake,2015Q1,b095003d6f0a631aed602b780d47d3fb93a9f219,62,0,0.0,,,
marazt/object-mapper,2015Q1,668847beedbbe65c0233ad099a2b1fa25e7f2a82,11,0,0.0,,,
aromanovich/jsl,2015Q1,0e24cb31768f2271f5ed15f1869f6e66c6c5e42c,100,0,0.0,,,
lerrua/django-allejo,2015Q1,fe8b8e4b89e2d6ae883e00eaad5305b7a2d4f47d,56,0,0.0,,,
collab-project/django-require-i18n,2015Q1,f8386c05211b95e7920974c1b89b13dd1e3d5a2f,49,0,0.0,,,
rtrwalker/geotecha,2015Q1,44ee1e4139e4d78bb9655d5973df37fb72296f09,290,0,0.0,,,
pytest-dev/pytest-cloud,2015Q1,f2dfb22ffb51d10328a79b43e12bed9ec6b39c24,68,0,0.0,,,
gjo/sqs_consumer,2015Q1,9f426d7ee987f9d165094a70220125c26b394b5a,9,0,0.0,,,
akolpakov/django-paynova,2015Q1,3de15859c25fb1f041fa9930a3bf072b016eb8ff,25,0,0.0,,,
coddingtonbear/eidolon-savegame-editor,2015Q1,683e546fb7a66d452c8764de139461f7baece197,14,0,0.0,,,
Fingel/fchart,2015Q1,06f8f09300a417eec94bf3111f8bb73e784a85fe,11,0,0.0,,,
IndicoDataSolutions/Passage,2015Q1,4b8be6dc4d17ccc78a21abc82afb2d0f72c04b91,43,0,0.0,,,
bfontaine/p7magma,2015Q1,0d976e0d58981b09f5835f4396cceb49b30dd3e0,36,0,0.0,,,
ceph/radosgw-agent,2015Q1,1afb6e0174c9e0f9d9c7fca6e5f2b8c7228ce688,317,0,0.0,,,
pybee/colosseum,2015Q1,4d5951ed891fdbb0f3db59c89241f64b4d849cd3,29,0,0.0,,,
brandonchinn178/servconn,2015Q1,c6aed4d00fe02af44e721264cf34ef4c341e28ea,32,0,0.0,,,
msabramo/tomb_reflect,2015Q1,6c6366d257771fc110f91e02a0d23de7819e47b3,11,0,0.0,,,
incuna/incuna-groups,2015Q1,e2df9589c0ce8c7ff0d470af5a91e3005c15fdb5,105,0,0.0,,,
frascoweb/frasco-redis,2015Q1,00597dc0e1aee862c1a770a9ec35eb4ffff603c6,17,0,0.0,,,
sum33it/scalpy,2015Q1,9b2d714017e78731069a1c8c0c210f2bcd659116,41,0,0.0,,,
tarvitz/dsfp,2015Q1,748233221debdc18ea00934864f7a866a2838060,131,0,0.0,,,
szaghi/FoBiS,2015Q1,c322822af1f8bae1a04c81c6c35650954055e421,161,0,0.0,,,
SimonGreenhill/phylogemetric,2015Q1,af9443f7f03a5051b444d28ab561e97ed877da75,31,0,0.0,,,
atlassian-api/atlassian-python-api,2015Q1,4b69b71d31b36be3c9dfbd0aed4b0785aee96279,46,0,0.0,,,
timtan/django_kss,2015Q1,18098ddeaaa5c547a48f25ac5d0c6186ca32c8d0,76,0,0.0,,,
kata198/PumpkinLB,2015Q1,0060c7cc9a3ca039f44ca7cb6e961a8b86d8ec52,16,0,0.0,,,
rembish/mls,2015Q1,9dd9e7c57a7a4552dc85b777547bd06084320cc8,18,0,0.0,,,
attakei/twinkerer,2015Q1,f8366effac1e2813b2c6f30ee57f0f8cd72c185e,92,0,0.0,,,
halfak/Wiki-Labels,2015Q2,a238989f1da7ad12ff681ecd2639cd8653799fc5,250,0,0.0,,,
cjfuller/sbq,2015Q2,508cd36622631735a3f4b73dd645d798bfc4999b,3,0,0.0,,,
facundobatista/logassert,2015Q2,b261417f46fa9b51e5e643a80089a40407788a0f,10,0,0.0,,,
xingtingyang/ddshape,2015Q2,af12f1c04ace1fbdef0552af883b3d76173e3a49,12,0,0.0,,,
XiaoTaoWang/HiC_pipeline,2015Q2,7ae1bdc3bc16ff40ad4d5820b43db0248bb67a38,201,0,0.0,,,
andresriancho/w3af-api-client,2015Q2,ae9d257eb293ca8cb787e0bfe5a7ce055338d5e2,64,0,0.0,,,
mateuspadua/django-admin-report,2015Q2,01e821f4add63f3ec162ef2e18afbd31c291a2f9,15,0,0.0,,,
garretraziel/ghaminer,2015Q2,1d5452816b3281d0bc8e29df85a57c4faccd063a,89,0,0.0,,,
ZuluPro/django-static-lor,2015Q2,f30c9b7cac7b726f43d302147f9d1186bd1bc232,7,0,0.0,,,
Naible/django-nucleo,2015Q2,67bdad8021847ea32d8f966c933c89b58b6a7b6a,53,0,0.0,,,
MozillaSecurity/dharma,2015Q2,1803328f6200923b2bf0235a029eac56a6e1033c,29,0,0.0,,,
dogebuild/dogebuild,2015Q2,36eb209cd97823b55d819a0a749a81da42606c00,21,0,0.0,,,
aschn/drf-tracking,2015Q2,c08f495f75845ffb4236842c37cdd01ffc854f16,34,0,0.0,,,
rs/domcheck,2015Q2,bccfdf15fb441878227838a5e3b4d64b88eea200,22,0,0.0,,,
Hersh500/pistachio,2015Q2,8414d6ff84769f74ab3b0b8cba6c05d8c50a7598,31,0,0.0,,,
phlax/aio.manhole.server,2015Q2,91245a032c19977cc5388c7f0f68bca81d65fbf6,17,0,0.0,,,
20c/twentyc.database,2015Q2,b23705686df9924b67108feb496a04d2fbc3e296,5,0,0.0,,,
datalib/libextract,2015Q2,9cf9d55c7f8cd622eab0a50f009385f0a39b1200,317,0,0.0,,,
bendtherules/humblematch,2015Q2,42d640c47878f5ae4bbaa6f8f0c30e66ae1fa453,34,0,0.0,,,
rbnvrw/nd2reader,2015Q2,07aa008623d1e971217a2c0480989a00cc12293e,219,0,0.0,,,
jaraco/jaraco.clipboard,2015Q2,a144d0f631b74842f792ea39212ac207f9204b8c,17,0,0.0,,,
lewiseason/read-device,2015Q2,2ece90400cea6b5d82f4542deda50b751f2b7700,81,0,0.0,,,
pysat/pysat,2015Q2,5b9c79968a644ab884b34d39153b40d182634f37,321,0,0.0,,,
phlax/aio.web.server,2015Q2,b1a4262810643042d745d9270019a4e998281ccd,77,0,0.0,,,
ssut/py-hanspell,2015Q2,d726d8074cbee5a7527e5c6a55becd8acab6782d,20,0,0.0,,,
XiaoTaoWang/TADLib,2015Q2,b6423fc9456d8d4a8d804d5a7aceb6fca3c09d9a,46,0,0.0,,,
signalfx/maestro-ng,2015Q2,6d2709517594e26576d1bf8ae7907706110de573,356,0,0.0,,,
tomekwojcik/osxnotify-python,2015Q2,d0392a517539f9bdb7095f9c5039d68099749de7,3,0,0.0,,,
djaodjin/djaodjin-multitier,2015Q2,aa73c2ace47464bda71820930c3b181f739d65e8,36,0,0.0,,,
hehachris/ec2ansible,2015Q2,8c25012cf040f54986734c1daa47c281eb0c65d0,24,0,0.0,,,
zooniverse/panoptes-dump-reader,2015Q3,f744963d5a5c5890e4dd5466dd76099ecb752dc0,6,0,0.0,,,
rguillebert/pymetabiosis,2015Q3,47595ef23622aa57bbaafdad8bd6a0287aebfa5a,124,0,0.0,,,
bqplot/bqplot,2015Q3,5b67988a7e324c59213f6bea6cd99bcae75ce6f6,1240,0,0.0,,,
wikimedia/editquality,2015Q3,1c8a9f53a586cc95c61a731c37e0cbe95a001faf,128,0,0.0,,,
sprockets/sprockets.mixins.mediatype,2015Q3,0c1c757b37cbf03f2ed671221974421b12902572,63,0,0.0,,,
divio/aldryn-addons,2015Q3,d670523a1c68f4cfbe9fa6fffce37e9b599561dd,19,0,0.0,,,
lingthio/SQLAlchemy-boolean-search,2015Q3,0c59ca4d6e32c545119b570df44086747eee79d0,17,0,0.0,,,
ethereum/pyethapp,2015Q3,b738e1b3a37f4deb3c15be3d90482c4794fc1f37,756,0,0.0,,,
henniggroup/MPInterfaces,2015Q3,026f83ace4ed046441a2d5650d751b04ba258aae,509,0,0.0,,,
hepdata/hepdata-validator,2015Q3,6e496fb0b0ee9eb9eeaa2220e48b316439fa4cd0,30,0,0.0,,,
osantana/asteriskonf,2015Q3,daf73d44cfc24f0da132c0c13acc913b5d198819,8,0,0.0,,,
lovedboy/PyTailLog,2015Q3,bcf848339cc9bedc457d60e110f5eb68339bcb04,28,0,0.0,,,
emiliosanchez/django-fixturemigration,2015Q3,af63755138b71ed5dd85c9f3a25769a9491d9129,8,0,0.0,,,
lockys/allpay.py,2015Q3,11e5c6154912cb5da12895831cb4610fe30ba46d,77,0,0.0,,,
maxzheng/workspace-tools,2015Q3,c6c4dd8ed4a5a95f0bea9d366ae8699dc1af5c9b,373,0,0.0,,,
datakurre/collective.recipe.nix,2015Q3,d09bdfcac7dea55cc2482d1ee28158d0fe94756b,186,0,0.0,,,
Wilduck/django-kittens,2015Q3,31e1ff54737c8ba3e99880dbff285a730ddac851,28,0,0.0,,,
shonenada/flask-bearychat,2015Q3,439fff3d5a1c370af470d6486a870e12069ed76e,18,0,0.0,,,
Seagate/kinetic-py,2015Q3,3535ef07273618128c1520fb8d99e3eea1c5d893,183,0,0.0,,,
direvius/bfg,2015Q3,740213f052d48b6b1df5cc80fe0b9f1bf0a2b90e,47,0,0.0,,,
joequant/cryptoexchange,2015Q3,f185cbee2de353be95af366386f9aa6ea489d8d9,32,0,0.0,,,
isaacrob/distdrone3,2015Q3,f2cc202d76afd5b92a3657515fc5eb5623d35ca2,7,0,0.0,,,
BKTO/bdates,2015Q3,2b6dfff875233215edf269e4db8377da586902d8,27,0,0.0,,,
mbr/repl,2015Q3,7ba89c2283c850d0796f9a5d51c78bb0e07d52db,46,0,0.0,,,
j-i-l/FlowVis,2015Q3,fca50fc18230b19b645797faae9b8d14d15a9b92,21,0,0.0,,,
openEduConnect/eduextractor,2015Q3,23114279dfa5711aa577411284be8a19667d2577,115,0,0.0,,,
MacHu-GWU/Python-with-GitHub-PyPI-and-Readthedoc-Guide,2015Q3,29634d93120d1ff37c36b8aec6bd55844d12e48e,25,0,0.0,,,
neo4j-contrib/neo4j_doc_manager,2015Q3,53ae593630dea16afb3823bfce666f93c7c75d6d,146,0,0.0,,,
omji/django-tabbed-admin,2015Q3,d000f752dfdcac082b3077594599c43ff09a9146,41,0,0.0,,,
jason-callaway/kvminstall,2015Q3,a99d4e87e7877cc1d29711900eaa677575b3636a,60,0,0.0,,,
Pegase745/gitlab-freak,2015Q4,a8eb6170375334350f1f12894a969ddaae928426,15,0,0.0,,,
akarl818/nvimex,2015Q4,f4b7aacab95efe526dd93d87e2556d86b18b2169,5,0,0.0,,,
b1naryth1ef/refplay,2015Q4,adc601b2988fcc2cc2a987c996c7aedd2961c035,2,0,0.0,,,
jplusplus/rentswatch-scraper,2015Q4,7cc1cfd58d82610ad963af28429b00fb5c5c6c64,79,0,0.0,,,
conlini/bucket_filters,2015Q4,8e69b67a4c2e6616013a348e75cc458adc4b2ffd,7,0,0.0,,,
spedemon/occiput,2015Q4,eb44964bdf539613dbaf64d8010ce2a842ec0206,4,0,0.0,,,
nanvel/c2p2,2015Q4,f95cd5e07361f2e3d80c9c2524fca1510fdafd01,54,0,0.0,,,
mherrmann/pypxlib,2015Q4,c6f3d878ea62db0b7ec8f7b925b12ef2e2d370e2,41,0,0.0,,,
AtsushiSakai/googleearthplot,2015Q4,5b7e2172d687d307b1d95cf7dc27f91300e7d70c,42,0,0.0,,,
RyanBalfanz/django-smsish,2015Q4,4d450e3d217cea9e373f16c5e4f0beb3218bd5c9,90,0,0.0,,,
mswart/macen,2015Q4,a8349111348c4e157a68ec99e01fd6017722de80,46,0,0.0,,,
nixaio/django-sorted-autocomplete-m2m,2015Q4,9230243ee83580584036d694ccad3a3a30ba3fa3,15,0,0.0,,,
planetlabs/datalake-ingester,2015Q4,d976078bf67025a4f82f3db7fbcf09505272bcbe,76,0,0.0,,,
posita/txrc,2015Q4,38fc24671c67192c35edf9a11a499a9a83dbd123,11,0,0.0,,,
oczkers/pyllegro,2015Q4,1fc0846f13ae9863f0bd9dbf21c8202b00865436,5,0,0.0,,,
CjS77/pybitx,2015Q4,c5366c86aa5108014bb156230ad4038ee2f8ad09,18,0,0.0,,,
amcintosh/statsdecor,2015Q4,b5558189e1b80012f7b8cc9d2f5de63459c888c3,15,0,0.0,,,
the-kid89/pyem7,2015Q4,995c09bc8312a240222e55cc353726da44c41bc4,20,0,0.0,,,
ordermind/logical-permissions-py,2015Q4,aa709e2e08a0e11da93c0691e2329e3956103579,49,0,0.0,,,
zalando-stups/github-maintainer-cli,2015Q4,08a6aa6dc0b85eb45cd9ab6a5afc7879b9120454,18,0,0.0,,,
EGI-Foundation/openstack-voms-auth-type,2015Q4,d40030f272e408d7d8e1216184970fc4754941f9,8,0,0.0,,,
alfredodeza/merfi,2015Q4,9c0f1401a8093eb48a0ead17dd7391379a0e9e32,134,0,0.0,,,
omarkhan/django-pg-array-lookups,2015Q4,5501675da3dabeb4d9b65fe83100ac66970bd720,4,0,0.0,,,
emencia/django-xiti,2015Q4,c67cb8854643a830f9f2c57354cbc47b3291d0ec,3,0,0.0,,,
travispavek/testrail-python,2015Q4,318fa54bd5606e6c97613421b7342b79ef6a8764,136,0,0.0,,,
zalando/zmon-worker,2015Q4,e6bf308ffb4cd766965e6ea068b26f391d087f0f,388,0,0.0,,,
rainforestapp/destimator,2015Q4,0537cc6ba541ef1b8c13bee06f4c35d09dd3cca1,51,0,0.0,,,
edeposit/edeposit.app.fields,2015Q4,dfdf1f0bc435e2eac1b55ca9e69f3b29f8153e14,19,0,0.0,,,
rbavishi/Habitican-Curse,2015Q4,2907f5ae671bbad1fd417f1f6b79f58c9ba5d138,113,0,0.0,,,
it-spirit/spirit.releaser,2015Q4,90f0074a1f0b0c8d7a4d50f8ff65c2cd7052e166,3,0,0.0,,,
flavio/scsgate,2016Q1,a7fd4d2a87394ca690232ac7ddfa7b4679fd0b93,16,0,0.0,,,
im-0/cometblue,2016Q1,4d9d65c2d53564148cfdc9fcf7409be246b4dad9,33,0,0.0,,,
Dmitri-Sintsov/django-jinja-knockout,2016Q1,566a45f81066a4b96262c617d28365745ef48a8f,508,0,0.0,,,
kdheepak/iou,2016Q1,11911030d79b44bc23405636730a51d35824f7f5,28,0,0.0,,,
sauditore/Python-Ansar,2016Q1,4312155919b21c83da86b254b04acb675ed657da,17,0,0.0,,,
Grindizer/hapydeis,2016Q1,46addaa1bdd1978f66085a0e8afdea9a3676c876,12,0,0.0,,,
michelbl/weakscraper,2016Q1,54bfbea0480495b7cab6b7f62a939575e10c475c,20,0,0.0,,,
manodeep/Corrfunc,2016Q1,3c3ce45b0bb54577f70b447ba4d58a22870220b4,447,0,0.0,,,
kharkevich/letsencrypt-pritunl,2016Q1,7aac4782db4569eefe95c3343249e0758ad9ae58,9,0,0.0,,,
ryansb/cfn-wrapper-python,2016Q1,91269454c73c4fafa3130e4e487294c5f2f3e94f,24,0,0.0,,,
royels/Affirmpy,2016Q1,55f89c25916e32ddaa95683ce71a905c1c713c9b,11,0,0.0,,,
jcomo/snake,2016Q1,4eb5f7a4cced327bb5b6b7d8f78e1ca02d071e51,66,0,0.0,,,
dataloop/dalmatiner-python-client,2016Q1,0754d03abce2bc636eb7dc1a20f2f56bcd3db18c,23,0,0.0,,,
F5Networks/f5-icontrol-rest-python,2016Q1,348fc430adb459248de0767a37dc4a5c05b86380,124,0,0.0,,,
allisson/python-cielo-webservice,2016Q1,ce85589ba8bcf65c7ae53e76dd643296142a473e,40,0,0.0,,,
jaredlunde/vital-tools,2016Q1,14e26b45ad627e16d1dcda05485654cad5f49f87,16,0,0.0,,,
acatton/eingefuhrt,2016Q1,e90f293e4ce0e0abaaca45492230dc52a1a507a3,17,0,0.0,,,
Neurosim-lab/netpyne,2016Q1,316ca1ba92eac1f21d5e29633241612462dfca54,989,0,0.0,,,
davidchall/topas2numpy,2016Q1,2eaa1bd262465c3a5d7bce012731738a49e6c0ff,31,0,0.0,,,
ayehavgunne/pyriodic,2016Q1,5a167eb07afd5408719264989d02180ce54e0ee4,48,0,0.0,,,
ltrottier/pystruct3,2016Q1,e535838e378ceaffbd7a87a1fbeefbae1c33981b,77,0,0.0,,,
iottly/prettysettings,2016Q1,980e4c12b1aa135b47bafe8184c03ca017e2dd28,14,0,0.0,,,
sagemath/pari-jupyter,2016Q1,8c2a9e09c74f1629b82ede5d2e53f9e3a6944af2,23,0,0.0,,,
aboucaud/pypher,2016Q1,e8624f1323da2a4dc1819c175cbd434ba79be93f,66,0,0.0,,,
kata198/QueryableList,2016Q1,28af26108df7123aa38ddbf973233aad682cfa82,33,0,0.0,,,
rugging24/pg_monitor,2016Q1,ac43b4b3c023335203866a7430257580736cc328,145,0,0.0,,,
aquatix/python-utilkit,2016Q1,9c480582f74d494784b80c17541dfa2eaeb9df97,64,0,0.0,,,
dns-lexicon/dns-lexicon,2016Q1,ea36399bb1114db208a78886d9d069a0ebc095d7,160,0,0.0,,,
materialsvirtuallab/flamyngo,2016Q1,9b478cbf25eea4bd870b79399ddcfc4c00fe9c53,79,0,0.0,,,
764664/PyCurrency,2016Q1,d5cf806d93e10665aa171f06178122a1cd3f5f68,6,0,0.0,,,
mconcas/plancton,2016Q2,7b2a458d7a152b011198c1573ce432ad8cc09f44,319,0,0.0,,,
honmaple/flask-maple,2016Q2,903c91a376233abcce22d85a59c13660165362be,19,0,0.0,,,
adafruit/Adafruit_Python_MCP4725,2016Q2,5b5fc87049331eb900126a55ea7e97f3424668ea,7,0,0.0,,,
wizeline/relayer,2016Q2,592801bceb803660e14846a9bae4380ff179aca0,57,0,0.0,,,
georgebuckerfield/api-iam-helpers,2016Q2,d8056e3091b919a28adc9e7d81b75e1de670dbcb,9,0,0.0,,,
konglx90/flask-admin.py,2016Q2,74f89b068f7f3ca551588c4da371b9914add165c,5,0,0.0,,,
akucukelbir/stanhelper,2016Q2,0c782b8c761440b791eca6f105ed6e176a87e3a3,12,0,0.0,,,
scisco/wordpad,2016Q2,c5f781a882ec3e888b33896a3bea53bf20ef80f4,4,0,0.0,,,
threeML/astromodels,2016Q2,486a448e84222d58e1beabde1d2873bb4ca410fb,273,0,0.0,,,
benoitguigal/python-epson-printer,2016Q2,7d89b2f21bc76d2cc4d5ad548e19a356ca92fbc5,68,0,0.0,,,
linzhonghong/zapi,2016Q2,ac55c3ddbc4153561472faaf59fb72ef794f13a5,12,0,0.0,,,
invisibleroads/invisibleroads-uploads,2016Q2,4d44736097055264baaf181b68060810f1202a8c,30,0,0.0,,,
Outernet-Project/bottle-streamline,2016Q2,e0dbe39681a5f83460157a9d511c0a528fa5490d,87,0,0.0,,,
mareuter/my_checker,2016Q2,0dd682decf24ddcfa1fe15033d1b193fe4d59253,38,0,0.0,,,
fuentesfranco/kyklop,2016Q2,f45e19bbbf761d38c6b4d8445fffa53bf35e6a2c,5,0,0.0,,,
pablodav/invpy_libs,2016Q2,a128cf986bfb7e111a6706dac7f1110efb94ed56,6,0,0.0,,,
acsone/bobtemplates.odoo,2016Q2,7bc02d631fc50ffa25ac1cb72c1a3b6178643ea4,72,0,0.0,,,
sfischer13/python-stringmetric,2016Q2,013247bd18b99b1bd6a248ccf98cca29119d2e70,1,0,0.0,,,
BlackEarth/bweb,2016Q2,46b4544dcf0c1ca0c93546ad668f47e023b3f225,12,0,0.0,,,
benbacardi/django-font-awesome,2016Q2,cf971d2623c1c26159e7aaeb11cdfe0a5f3571fc,4,0,0.0,,,
ajmazurie/spate,2016Q2,5c19210701c36cd21428dfa015fc131a39ea108d,39,0,0.0,,,
dankinder/qpipe,2016Q2,b115f6302074d78f300de19a9bfc81d5a085220c,9,0,0.0,,,
andreyrusanov/django-static-autocollect,2016Q2,01b803936c60f7b21bac7d6a1eb4bb64eed12491,9,0,0.0,,,
collective/collective.pdfdocument,2016Q2,bf7d0a537ca957ce82e43310e5eec18c6463fdf7,14,0,0.0,,,
bahusvel/COR-Framework-Python,2016Q2,a0e500c632af0a3c677bb6685b5c7f19b8d2060d,43,0,0.0,,,
awacha/cct,2016Q2,7334f375fbfc90d4fa805c1ac639a367dd57f03e,345,0,0.0,,,
scalainc/exp-python2-sdk,2016Q2,5440a8210c97622b3808e4d54ad533673d457dc1,160,0,0.0,,,
matthiask/feincms3,2016Q2,be16b7257e2f33b79d654540efa4018a57fbea84,232,0,0.0,,,
prismagraphql/python-graphql-client,2016Q2,6b6d8fe8a5694e02f5ea71c913e469e6c2a3e2ca,8,0,0.0,,,
scieloorg/paperboy,2016Q2,d46556cf21033b06ffbeda92310804569024a5fb,48,0,0.0,,,
sunpy/drms,2016Q3,37b40e57672a9bfc311db27637c5423509e36778,96,0,0.0,,,
gabrielmagno/nano-dlna,2016Q3,64346c6e3a1cb6b45b9b01f6d2c4070630d98253,61,0,0.0,,,
CCampJr/SciPlot-PyQt,2016Q3,5df6be41df40ab09557ac2662c9f94e0591bdb22,95,0,0.0,,,
ohenrik/laminate,2016Q3,50ec0d7088d79def6b0ea1c752793acbd6114a41,11,0,0.0,,,
jdxin0/django_db,2016Q3,049b30ac83371642a506c539ccbbe4c0f6f7b71c,30,0,0.0,,,
huberf/encryption,2016Q3,313e25fe6bc91b682f70d4151fc72e776ed24e55,11,0,0.0,,,
viveksb007/pybrainyquote,2016Q3,cf7358ea4534b171d5b32a8838def8d359c82024,7,0,0.0,,,
adobdin/timmy,2016Q3,4139ef04cfbbb07058b7ddd3b224c79b9d0ee557,414,0,0.0,,,
Typecraft/tc_xml_python,2016Q3,cc167896645e988b2ea4c83b10e99263d70119e1,61,0,0.0,,,
mbdevpl/argunparse,2016Q3,4a0e615377b81177adf572bcac9b1cda88b5eb2a,7,0,0.0,,,
zenwalker/django-micro,2016Q3,1380dad64aafb2d969d91c9555a985e27ab88b7e,55,0,0.0,,,
j340m3/pycode,2016Q3,3ed2335dced94b609dc8e556c232ee38fe15856f,73,0,0.0,,,
elastic/elasticsearch-py-async,2016Q3,223ae8f6e7642d6a3a0355a4223ad28636e2d808,23,0,0.0,,,
hodgesds/mmal-python,2016Q3,6e299a4ce435bd0d246b92d1e95da8870f215a2f,6,0,0.0,,,
mewwts/feng,2016Q3,62719f7a25d88969094c7ab6d43f3524a8abc8ca,35,0,0.0,,,
null-none/jabber-bot,2016Q3,c71eb881dbca8dda17e6e7b3fa71738145545755,4,0,0.0,,,
Qingluan/QTornado,2016Q3,e727e54ba5de4e0c0e9aad35a6831d19d9e41b9d,49,0,0.0,,,
borisaltanov/TravelTogether,2016Q3,a42eeeaaa46d360231a232ca94c30ee709573e08,20,0,0.0,,,
KarrLab/nose2unitth,2016Q3,0cf3b4ce763db625515108f117185c677f1aae1a,58,0,0.0,,,
effi/dfparaplot,2016Q3,5768edb79b474df95c3b0af1c088aa4e54fc9c95,4,0,0.0,,,
mKeRix/xboxapi-python,2016Q3,5d5880113f0a07a6cdc9ff92fb89b1b4ad4f6dd3,8,0,0.0,,,
tashley/xyz2rast,2016Q3,02fdd02ada3983f0e5041d7d8ca18b11f8cdea5d,5,0,0.0,,,
mcldev/djangocms-charts,2016Q3,f9fdefc501b397f4437ad8ef6278ced30b54291c,6,0,0.0,,,
rabitt/pysox,2016Q3,861e5b9aba17390e679e7af08b57e36a587e6907,127,0,0.0,,,
sweetpay/sweetpay-python,2016Q3,b5c2234e2409d9a8286c905e50d3076927b06403,65,0,0.0,,,
Gohla/eclipsegen,2016Q3,28b3e1ed56d47614a915cb27e19de0d6d8081095,22,0,0.0,,,
ZuluPro/sphinx-django-command,2016Q3,5161ec2f3ec73911404b4816150885653979395b,6,0,0.0,,,
basnijholt/miflora,2016Q3,3575b30e3b4e06d460a1088a8b96999dd328cbed,58,0,0.0,,,
pelotoncycle/flatter,2016Q3,4cfc4f314d5b9b8e81219062ce2e157e644f105c,4,0,0.0,,,
liip/djangocms-local-navigation,2016Q3,c87bae052291ada813aef91ffeb37ad4a2f62507,15,0,0.0,,,
rueberger/enhance,2016Q4,ad1f8450d1b61d99e4192a49a88e0c7cc4406c46,27,0,0.0,,,
oz123/pytest-localftpserver,2016Q4,2bb42ead9d8098a59de70aa09dbf6d92609f3bae,21,0,0.0,,,
tensorly/tensorly,2016Q4,1b9c3537ad0dea4045bf053d3046830f8130d95c,61,0,0.0,,,
Naereen/generate-word-cloud.py,2016Q4,4714df13f588a3aa5a1a3b992d0d17d38148ba52,19,0,0.0,,,
xiachufang/pylogrotate,2016Q4,060214240c923de3bdbfd29e14ea74e3a7a334ad,19,0,0.0,,,
yosaiproject/yosai,2016Q4,7f96aa6b837ceae9bf3d7387cd7e35f5ab032575,864,0,0.0,,,
ranaroussi/multitasking,2016Q4,267aa15c0f4eb51ed600875f82e0eb66b49fa31a,9,0,0.0,,,
apizzimenti/booklist,2016Q4,c14b4812bb4736722315fa4913317e1fc6dc354d,27,0,0.0,,,
liminspace/django-privateurl,2016Q4,41abd646ad0807bf736cf6b574443809b5c54771,27,0,0.0,,,
Alignak-monitoring-contrib/alignak-checks-mysql,2016Q4,4bc111f4d8bcfc06bd3ef1d6d524c46478c782fd,5,0,0.0,,,
CodeTeam/tcrudge,2016Q4,f7532666898fc792444a586a3464ad620750f693,133,0,0.0,,,
MinchinWeb/minchin.pelican.jinja_filters,2016Q4,94b8b1dd04be49950d660fe11d28f0df0fe49664,16,0,0.0,,,
takeflight/wagtailmodelchooser,2016Q4,7da6e54f7d3f77e5e084bb1ed7d7fb48a57604ef,11,0,0.0,,,
Cornices/cornice.ext.swagger,2016Q4,0ea370d17dd41b58b9f4f40bd316757e05230038,160,0,0.0,,,
dssg/collate,2016Q4,1dc025a0d4be6be3d569021a59e85eb5c51d5222,184,0,0.0,,,
biswaroopmukherjee/bec1db,2016Q4,76051950a24113670449640243eb545888e5e7ef,13,0,0.0,,,
PeRDy/django-numpy,2016Q4,d256dfee060c6c9d9e58ac0a9f60a515fd7bab36,4,0,0.0,,,
hiroaki-yamamoto/django-nghelp,2016Q4,673138759ef8799bb8ae272cc0fabafba7a950cf,53,0,0.0,,,
amcat/progressmonitor,2016Q4,d4cabebc95bfd1447120f601c094b20bee954285,8,0,0.0,,,
nir0s/backtrace,2016Q4,f2c8683ec53e4fa48ea8c99c196b201bf22fda3e,24,0,0.0,,,
humilis/humilis-security,2016Q4,0662314ca73e296f2a20316c27709d9a004177f4,9,0,0.0,,,
zodman/kn3,2016Q4,11cc69196069e1fda723fc896e17ea79901ff6c2,2,0,0.0,,,
dispel/jak,2016Q4,dc913c23f7fabe1b21e2a5056da6d5ea54798913,243,0,0.0,,,
abramovd/django-mongolog,2016Q4,3053ee86e0bef5fcc034fdf9dfdec617bb0cef76,1,0,0.0,,,
sheanmassey/django-audit-trails,2016Q4,f0978f955c5332f70715b8a38201179774008a47,9,0,0.0,,,
dobarkod/hnbex-python,2016Q4,8b1155df62e2691430ae2b13e00543bb7804b7bc,10,0,0.0,,,
HadrienG/taxadb,2016Q4,28f7d6a16ee2496233ac1b5848b6ca5297b56bc7,146,0,0.0,,,
phantomxc/pytrium,2016Q4,16ec84bd55c3ba2c4eb5b1d887e1ac1185da35e2,41,0,0.0,,,
mihailv/bossconf,2016Q4,abe777240160e0ba1b6fa8247ac3bd39067b912d,24,0,0.0,,,
beardypig/pymp4,2016Q4,a7fb06260e3becfa312db4341bb04a90eafae091,21,0,0.0,,,
eddiejessup/gowbso,2017Q1,f74fd38672378359906a58356804493a54b91065,10,0,0.0,,,
seveas/pamphlet,2017Q1,ed75ba12f14eb139c8c93190432e2ae696925405,3,0,0.0,,,
diegojromerolopez/django-async-include,2017Q1,0204c49e43811c15b8bc04297fa3f15151029577,53,0,0.0,,,
benlindsay/job_tree,2017Q1,0cdb293fd166d8d1cd50e54ab090264029adf978,13,0,0.0,,,
facebook/mazebase,2017Q1,3d31989ca17b04f6d3998c51b2d7df485cfb57b2,63,0,0.0,,,
r00tkid/mr_csv_worker,2017Q1,be6095f5fa543b1be8bc0b8d07bc5b5cca394bbe,4,0,0.0,,,
BBVA/chaos-monkey-engine,2017Q1,1255e028a196e38d29ce896f7c4c5bed5d9237ae,44,0,0.0,,,
willingc/circuitpython_kernel,2017Q1,30ea63032847888be61c4c3f4f64c06aa87a9948,76,0,0.0,,,
mrmiguez/pymods,2017Q1,3a29f432732476b74d67fb703387acf3c8103049,165,0,0.0,,,
sebriois/bioinfo_tools,2017Q1,f928f7f59baf502cca757608794d69c7e8c7f657,25,0,0.0,,,
gabisurita/kinto-migrations,2017Q1,d3dbf84967252d55ed43d87cc3c5a1fe56508430,17,0,0.0,,,
PeRDy/health-check,2017Q1,74734c387b8e3d0e366be2543141e6fe0a248c2c,49,0,0.0,,,
BambooHR/rapid,2017Q1,7fafd83f8f79d8e65661afeeee82250f42f114d1,44,0,0.0,,,
tyagi-iiitv/PyopenglExample,2017Q1,60321867c7d801b28fa0d2541c8a97c36ac18c37,5,0,0.0,,,
eillarra/irekia,2017Q1,bb993fe36f2fbc2445793e07c5b1522aad219b99,2,0,0.0,,,
channels-frontend/django_redux,2017Q1,b30be9123b9af592f522822e2a9feb39b10f7b87,73,0,0.0,,,
MarkLark/dstore-mysql,2017Q1,ac428e547dbfede9558dae4984e385ba02f4621c,21,0,0.0,,,
ipython/rlipython,2017Q1,e218435e396a5798e001f732afa5b5e5fdc93ce0,43,0,0.0,,,
maqifrnswa/scimpy,2017Q1,200198675d4d213341d7ce266e7d25848214e47e,129,0,0.0,,,
Yoshiyuki-Nakahara/python-ansible-dynamic-inventory,2017Q1,f397a639136fc2605637c81ee3c23a49e9cc3c62,54,0,0.0,,,
4Kaylum/Brickfront,2017Q1,58dd3fd42bb174e34cd89f1f82066dcf1f1c8a31,19,0,0.0,,,
pltrdy/rouge,2017Q1,fbfd63d7be92df5b744e523a6e4dc79e1bde235c,8,0,0.0,,,
Dirguis/ipfn,2017Q1,d7ee3b44edeb6026f6d6e9fb0b4efa3a71980dbf,49,0,0.0,,,
gophish/api-client-python,2017Q1,98d05eba471f436052db407e0189bb0f4bbc4728,25,0,0.0,,,
phate89/tvdbsimple,2017Q1,59b2ca6d15c4550f00a8cb12d0edb06cb1f54161,4,0,0.0,,,
solocompt/plugs-media,2017Q1,62790a1b3f6b9c00c01264f583cdac8863c952f0,10,0,0.0,,,
joshbatchelor/cartridge-stats,2017Q1,4d28c96549c3dd88af9a095590d0f1d2c388acd3,4,0,0.0,,,
slipguru/icing,2017Q1,c11ece8e8e59707b7cf772e940139ab9f24fa243,349,0,0.0,,,
ettoreleandrotognoli/django-pycdi,2017Q1,ec2393d351343aeeb6ab3472ecc23e6511c0c463,15,0,0.0,,,
rodluger/pysyzygy,2017Q1,0b76a6fe8b8aa4ff00b05a1fd34fb717bbfdd86b,158,0,0.0,,,
lamestllama/mgtoolkit,2017Q2,d348b5a71c839388d8eec5a4e7de654596eb4595,41,0,0.0,,,
astr93/c_sghmc,2017Q2,45529d7742d30ee23983b7ce5e413667ecb23b64,17,0,0.0,,,
bashalex/datapot,2017Q2,46107483342168ed312c076c640a517e1de65d1d,185,0,0.0,,,
maurodec/amet,2017Q2,c193e93b701634712d13d3b8857ae2f621281c94,7,0,0.0,,,
SOBotics/libapicache-py,2017Q2,e9a0f3a77272eeb4f4e9a989eb03168607ffecd4,7,0,0.0,,,
morepath/more.pony,2017Q2,7712e044396daddf894f300aab748cf192867ab4,9,0,0.0,,,
cyan-blue/calculator-test,2017Q2,553645d796b04c2bccf8b8d36802cf071030b2e3,6,0,0.0,,,
materialsproject/maggma,2017Q2,064718eb7bb024b48127c88f9df4f958e9e3dde6,195,0,0.0,,,
UseTheApi/flask_url_discovery,2017Q2,ad44d088fb6fe5452e5b6515026eb0fce106baee,51,0,0.0,,,
wsmorgan/analyzefit,2017Q2,9a789bd006512b3d40a80ec87af604f1bca6e4f8,60,0,0.0,,,
chillaranand/netra,2017Q2,763315cc9a8276f8c609f7e1d0463e47cbf8f13e,8,0,0.0,,,
it-spirit/spirit.plone.sitemanagement,2017Q2,e7a49651b1e402c39b57e7ef133893ca3c3ad4d2,29,0,0.0,,,
yandex/gixy,2017Q2,0110b4e7a9f639f61705eed0835a5e93eaa5d427,100,0,0.0,,,
etherwar/vtools,2017Q2,15503f9fe029fef8866dd05ef63409fbc7840366,31,0,0.0,,,
wangyao1052/PyLitMath,2017Q2,01ee3ee69d2c059b4dcb15dd9279d94e00e88e97,15,0,0.0,,,
RoboAndie/django-countable-field,2017Q2,357e859fdb47bba5bde0d9b38e7b1ec015d4ef73,12,0,0.0,,,
jambonrose/django-improved-user,2017Q2,2976ea2d84f96e86505aa1ae035ba607a5aa822e,64,0,0.0,,,
cltrudeau/eenum,2017Q2,5de86463bd2d46877f54f117043a6a4cb6c2c1ba,36,0,0.0,,,
progwriter/TMgen,2017Q2,9806fecc05c917cbadc78f45e0ecd41971bd7043,78,0,0.0,,,
artsy/hokusai,2017Q2,8840ddc98ead3ad24bb720470210a9dde0e5b79f,264,0,0.0,,,
NJUST-FishTeam/ljudge-py,2017Q2,add403acaef281111a123c320fa44fcfba0827dd,5,0,0.0,,,
ImaginaryLandscape/django-version-viewer,2017Q2,3ccb76374ddb5042451caed777b4f74982f6fe91,57,0,0.0,,,
richardcornish/django-registrationwall,2017Q2,56eaa99b720905797137c9c0de7428ac469ffda6,106,0,0.0,,,
frrakn/logging-slack,2017Q2,be4cb27251a3ea8c72dc29c1ec83f5004f082816,2,0,0.0,,,
stevelittlefish/littlefish,2017Q2,fb34c6381ef3cab14b66d1dc23b87a1902b3447e,63,0,0.0,,,
ceyzeriat/joystick,2017Q2,9ba1b4435f5f764c7b9de7876c78a7338c9d0385,58,0,0.0,,,
steinitzu/giveme,2017Q2,728025f7b74b451b7eff3fcb2ad0883da8ab7d79,26,0,0.0,,,
abbageneration/mycosmic,2017Q2,dbbbccc8935dad6fbce201390dc734a4209be12f,11,0,0.0,,,
devbisme/myhdlpeek,2017Q2,2ce94fd8136f751fa12e67b71a689ab09b174bc3,32,0,0.0,,,
victorfsf/pickleclip,2017Q2,9e871ba967af2005f55bf01e25d8e5ea8e3014e8,39,0,0.0,,,
Julian/gtfo,2017Q3,cfe214842650a9dd3700702c89e13b72e3670bfd,21,0,0.0,,,
uw-it-aca/uw-restclients-upass,2017Q3,f5d9f3cfb8656aa7b677782baba0f775e48293d9,11,0,0.0,,,
goranvrbaski/python-namesilo,2017Q3,b84d251bbea7f3f619883f61662e414c8564d4a6,147,0,0.0,,,
swift-nav/pygnss,2017Q3,4175073121798e468da1707bbc97c4c79c26b93e,45,0,0.0,,,
toumorokoshi/jsonschema-extractor,2017Q3,f932faaaccc0f6b87dcd6ff81d46e52a880a8eda,25,0,0.0,,,
jackw01/raspi-python-st7735,2017Q3,89fe0cd2148257ff3b07c9e0badd5e1cf49c4019,2,0,0.0,,,
sklarsa/django-sendgrid-v4,2017Q3,825c625630039e1f12c4926b29f34497e0a707cd,84,0,0.0,,,
guyingbo/cowfish,2017Q3,b5c24324a069dee69f4b1ac19e3bca04289dacb7,39,0,0.0,,,
trbs/rfc3161ng,2017Q3,cef06ddef02c220bb2d9ea71947c4f7f8f496162,27,0,0.0,,,
AnnaChmielinska/fluo,2017Q3,f3bca7b45242bde81d4edc7332b80619940812bf,60,0,0.0,,,
Miserlou/zappa-django-utils,2017Q3,6faa3017e2eb1f314daa8a0ca92e17528c14d6aa,26,0,0.0,,,
LSSTDESC/Coord,2017Q3,0d55355d929fb82937eff84faaf8a310fab82559,124,0,0.0,,,
Rapptz/discord.py,2017Q3,355eb08b25b5c46c4c061cf50594650738ac09cf,1434,0,0.0,,,
delvelabs/marshmallow-autoschema,2017Q3,28727c9c22c6b16a4229e054f9f18491d313c062,25,0,0.0,,,
kezabelle/django-template-selector,2017Q3,1c42baf934f38bb09b0939c67512057e33cacabb,51,0,0.0,,,
rmorshea/spectate,2017Q3,255d928dd9c50df07f9baf0de992ff907c36767c,30,0,0.0,,,
nkrishnaswami/uscensus,2017Q3,b25b64f491b8a7af67ffea598af025ef3a978344,40,0,0.0,,,
Jdsleppy/sweetmorse,2017Q3,b105031443d79240d71bfdfd1cf9d8db3a145839,17,0,0.0,,,
GuillaumeCisco/django-es,2017Q3,967937fe75e633baca8482d6a396ff2e31a293ae,12,0,0.0,,,
IzunaDevs/nsfw_dl,2017Q3,789c3827d85cffdf0a31dd1251e377e51ca04f60,92,0,0.0,,,
sdkwe/pywe-jssdk,2017Q3,5bd8ff52b8b6315672298bc707a743ef02151122,7,0,0.0,,,
kchomski/pip-manager,2017Q3,aa108bd7873b46480b0888253696e19f4c8640ad,28,0,0.0,,,
tombiasz/django-hibpwned,2017Q3,eff5dc9826e0973e7b9f896c51ebce81215ccc39,27,0,0.0,,,
jyotisham/jyotisha,2017Q3,83930880ca74d6ddc95cc72f7026ef63a2e1c3be,203,0,0.0,,,
debonzi/celery_crossover,2017Q3,5d3c070cd10e7a16afc8ddf18f55b4c7d2ec86f7,18,0,0.0,,,
TabsterApp/CMDTwiddler,2017Q3,1fa23598c4cc321cf7d2ecdbdce7a044a5f1b22b,14,0,0.0,,,
titilambert/pynuance,2017Q3,c8e1ca322c478e91988da6b5307cc98cb9a0b97f,39,0,0.0,,,
yang-zhang/howto-pypi,2017Q3,93e864990e782408ab9da5a6c7c63df6a4a4c848,7,0,0.0,,,
NCATS-Tangerine/greent,2017Q3,ebd3428a36bbe36a47a626b3c7740b47cb321b8e,261,0,0.0,,,
srittau/rouver,2017Q4,dae93f095c5f7e930e3210fa4e7357761a79756d,155,0,0.0,,,
pythonanywhere/helper_scripts,2017Q4,1af4cdc12d0d255fa81d13386d5c95a94654c4e3,185,0,0.0,,,
mostm/pyqiwi,2017Q4,1098be4746873b64a302731bfc39b4c9f4fa3c82,18,0,0.0,,,
flowpl/env_config,2017Q4,3b8b5a88ca34a4ab23a65bfcccbb778a2ab5ca49,24,0,0.0,,,
in-toto/in-toto,2017Q4,ae8ddcdf8850ed47eb68f7d245122787b6b58ebd,923,0,0.0,,,
orion46/exlist,2017Q4,33330044c5847d11180ddcf5ae6b6bebce12dbaa,18,0,0.0,,,
renzon/pointz,2017Q4,b7860c2c7cf3f8e086714ba81705cf66599fc1e8,36,0,0.0,,,
cdrx/faktory_python_worker,2017Q4,febc812ce018dd7bf7beee70eab8d09e4ae8c12e,32,0,0.0,,,
SeanDS/datalog,2017Q4,e58d0db984c31758eddbad2734abe37f94da5b4e,146,0,0.0,,,
passalis/sef,2017Q4,7ed6d9ee7c169dac0a26a54228b8be5e4d98cb48,127,0,0.0,,,
cdumay/cdumay-env2cfgfile,2017Q4,a37cbeb2430ebcf3f12acf4f19de8e69c3fd0481,3,0,0.0,,,
davebshow/asyncbolt,2017Q4,6820e92928a3e331d82efdfba8c01b95261c6e4e,25,0,0.0,,,
alisonstreete/cfs-manager,2017Q4,70b2d2c1b6dc49828d78a68f01de2791af9e35de,58,0,0.0,,,
commitizen-tools/commitizen,2017Q4,da94133288727d35dae9b91866a25045038f2d38,50,0,0.0,,,
nnseva/django-access,2017Q4,487dd9c9398bf09de6abc345ef6b3cb503f12465,74,0,0.0,,,
chapkovski/custom-waiting-page-for-mturk,2017Q4,3676a4720a76bce98871446e5da4b3f8a162cc9d,86,0,0.0,,,
acsone/bobtemplates.odoo,2017Q4,582a5195e98e4788c0b9f17b64929fe1121c52f9,89,0,0.0,,,
rymdlego/vquery,2017Q4,628121550bf8ac32d065b3f9041899a6c90d1062,4,0,0.0,,,
Nextdoor/code-crypt,2017Q4,ec1406761cde8c35ac783fa9252d673947e8fa33,43,0,0.0,,,
rasahq/rasa_core,2017Q4,90b7e7e8805b4dda13f9008ddc8ecd21db6e5917,661,0,0.0,,,
aiidateam/qe-tools,2017Q4,e9039d0d12d6180cf12606b178bc6c266156a4fe,55,0,0.0,,,
vatlab/SOS,2017Q4,f245274c769548ef6ccbdbcfde8861e39b2b8ae4,5234,0,0.0,,,
aluriak/pynclose,2017Q4,646bb89253d7094aeaf97630620c1738ce1adea1,31,0,0.0,,,
daviddiazvico/scikit-keras,2017Q4,f3c9aefb8b6096fbb24d237812ca4423c3e76a6e,9,0,0.0,,,
caronc/apprise,2017Q4,11d9e0dc21ca0abe66ae4de56aedfb074a216a36,48,0,0.0,,,
hvnsweeting/outspect,2017Q4,9f0c644cbe9ac7c707cfdab2ce7121c2dfe5db45,4,0,0.0,,,
lqez/rogrepos,2017Q4,0a9b1241151d282a949cec9c2058054a2a84f7fb,13,0,0.0,,,
ethereum/eth-utils,2017Q4,9ffec4ad7df94a4d2c1951b179707b487bbbaf4b,190,0,0.0,,,
pavdmyt/yaspin,2017Q4,2b973a0828a102485be8791f79017ab474d6d8c1,148,0,0.0,,,
bianjp/popup-dict,2017Q4,f96e59433959f6efc2010aff3f1c180948ff0b85,21,0,0.0,,,
ogun/uule_grabber,2018Q1,b5450c87cf4729f880410c272fb63fe4f0454fd8,5,0,0.0,,,
fcracker79/yadi,2018Q1,9309b698af5ad90991d49a28af65d1373f83477e,32,0,0.0,,,
zabertech/python-izaber-wamp-zerp,2018Q1,b7b556505e31edd34de8c266e3967ec41a4b56c0,22,0,0.0,,,
botium/botium,2018Q1,1782f2ecd7bee8610f4ef8466cad2de8532dd78c,5,0,0.0,,,
myaooo/pysbrl,2018Q1,1338db7d105250b5b2424eb9034a76ac14f2b821,46,0,0.0,,,
accraze/python-drumbo,2018Q1,658953315ec7234f80f45a11f091c2720ea9681b,25,0,0.0,,,
MarkAHeywood/Bluetin_Python_Echo,2018Q1,a23add55643b84b27d089ee7ae97c69f24bfc8a5,4,0,0.0,,,
scivision/pylivestream,2018Q1,095b792b38a9831bf62bcab0055b3b6e447e6285,208,0,0.0,,,
gollth/ShutTUM,2018Q1,ec46c12603076cc6913f9145eab9ddb3371b033d,145,0,0.0,,,
huntcsg/pubg-client,2018Q1,c9a213d741ec165f0ba215587a02dab2a2e990f9,4,0,0.0,,,
TACC/agavedb,2018Q1,e517f0b81d81858c66d97234baf10590d4c6019b,70,0,0.0,,,
vipin08/python_fcm,2018Q1,788a4ab8078d215e15aa4a43927b7dda27b470de,5,0,0.0,,,
phenicle/pgpumpy,2018Q1,dec802b4561a88859e0ac26f679d1ebf302812c1,19,0,0.0,,,
life4/homoglyphs,2018Q1,7bba9cd02cf32da96f0f061e1023a4b4393377dc,41,0,0.0,,,
lucidprogrammer/ocraccuracyreporter,2018Q1,1f050ee5d0682c4df3301a94274a0e9375184f2b,3,0,0.0,,,
afpro/dummy_py,2018Q1,be921e078a2307660b91108184577dece867197f,81,0,0.0,,,
vilkasgroup/Pakettikauppa,2018Q1,3e52a6b45532cab1ecd44ef41e860bae003a3b17,59,0,0.0,,,
getbenchmarked/matrix-log-handler,2018Q1,d3b3a0fdd5113c4d5bde64ea46c200185f39d49a,10,0,0.0,,,
calvinjiang/hive-executor-py,2018Q1,ff842afd956fb2bed2cee1de6015c29046f24492,10,0,0.0,,,
freetnt5852/idioticapi,2018Q1,23bada58feb106df67a5e900fff314c0aa89702e,33,0,0.0,,,
vtemian/django-server-timing,2018Q1,467779f101444bc82819741de0b1c756b13fbb7d,22,0,0.0,,,
mdp-dev/munidatapipeline,2018Q1,ad020b1556e22ef93d4d88f4a0fc93a633bfa356,26,0,0.0,,,
robofab-developers/fontPens,2018Q1,dde6d62d4723b04ba54efbc6ab68ece2dacf9eb1,58,0,0.0,,,
Designer023/Wagtail-Paginated-Subpages,2018Q1,d33466cc981fc1a9a126de10be2e9afda795dd73,8,0,0.0,,,
Cog-Creators/Red-Lavalink,2018Q1,560639c1086ce559e93e93f9aaaca71ece58ec3b,52,0,0.0,,,
scikit-learn-contrib/skope-rules,2018Q1,e7f7b932587545b8a947256e3b3c087eea0e1a94,219,0,0.0,,,
colcon/colcon-parallel-executor,2018Q1,c32d8cb75318c9bf19e5501ab738eecaf0c3721c,18,0,0.0,,,
omza/azurestoragewrap,2018Q1,c264172a783056081849b97675c0cb92593fb702,70,0,0.0,,,
AMR-/instruction_graph,2018Q1,2ac113d2f27152483695ab36a495b1dfad493b84,56,0,0.0,,,
ahmadiga/django-files-library,2018Q1,0a26ad087522977ff67d2931ad39328ea29548e3,13,0,0.0,,,
facelessuser/wcmatch,2018Q2,96d84ece8d8b26ba37cfb99eee18ff12adfcb559,125,0,0.0,,,
mossblaser/qth_yarp,2018Q2,ca4d4877c774fbc1c2b79a48bc2c092c07b8e28b,6,0,0.0,,,
fujiisoup/py3nj,2018Q2,309063b858aefbf597905d32ad7a82c46c183a48,18,0,0.0,,,
melizalab/django-neurobank,2018Q2,42d2035f6889c4f5745deb706ee2335a71b4d4af,35,0,0.0,,,
podhmo/csvresumable,2018Q2,c256c8e8ac25cc2f011faa32ed9d72c92fe03446,25,0,0.0,,,
keitheis/p2,2018Q2,5011f7da67da1f42d928954a01ef2591149948fa,7,0,0.0,,,
taniotanio7/omijacz-timera-prawojazdy,2018Q2,de2174014451a47de95f6f9c394935bb04ecd985,58,0,0.0,,,
gioenn/cantor,2018Q2,d02257de2227676b9f84c9da60875f2bedfa9444,9,0,0.0,,,
sassoftware/python-swat,2018Q2,e1458ea5c22d782e118e73b4ce6c1d4d51176678,297,0,0.0,,,
SorenSeeberg/MrDatabase,2018Q2,07d39c1f227d9ceaffe7e409f0915776901dd3e9,51,0,0.0,,,
tonybaloney/workday,2018Q2,82c792ddb5e8f603a5f34e87b8c02f0379e177d7,47,0,0.0,,,
bbva/waf-brain,2018Q2,76f9151188ca354b9ec89cfb55eb15c0d95482fa,24,0,0.0,,,
lmelvin/pyihome,2018Q2,276bae97dc6a073c439f99a10cd379cdd134c1db,22,0,0.0,,,
milesgranger/lumber-jack,2018Q2,647146f08f6ec80f235cfe58a538a783b72ff93c,136,0,0.0,,,
andrewgross/csv_read,2018Q2,a240bcaeeaadcd06414b812bd9bb1dc15fd8b795,12,0,0.0,,,
seibert-media/atlassian_marketplace_python_client,2018Q2,a3b4f6a42dd85192d776765b7d66c83b97762bd6,3,0,0.0,,,
rishikant42/blockchain,2018Q2,b04e6b2ce57ccc8b1f552c81b091c59e02d62ed8,19,0,0.0,,,
oss-a-1/sqlitedb,2018Q2,827650058e583ada3058aa1e5f911812a440c2cc,33,0,0.0,,,
scikit-tda/persim,2018Q2,3d022acf775815b321675ecbca01026b98d473d8,67,0,0.0,,,
yaizar/scipion_empiar_depositor,2018Q2,4e05f259f3b805636430c59312719752d8484073,5,0,0.0,,,
xbanke/pandas-sql,2018Q2,9b811bcfb9f85a7acff28b2b23a3d001abb9ecd1,16,0,0.0,,,
marcelbeining/cryptotrader,2018Q2,50bcf5b4ef94aa4f6ee48f6f5bd6724aef81c6ec,147,0,0.0,,,
singularityhub/stools,2018Q2,7a50fbea50f7f3ca7896190a776e38095724ce81,4,0,0.0,,,
p-eli/pycallgraphdecorator,2018Q2,8900d17364a24334951eef2a53479f236228ed43,3,0,0.0,,,
Webinterpret/falcon-telegraf-middleware,2018Q2,fbd2d61fcde1952443e465f5d1ab5467e5aa0cb8,63,0,0.0,,,
MolSSI/QCEngine,2018Q2,31871c54a784017d75c190330ac2aa0dbbda327d,149,0,0.0,,,
VinitraMk/getcomic-cli,2018Q2,7dc0353b375e131b8f488f1ba51c2ddda1f19405,61,0,0.0,,,
deathbeds/pidgin,2018Q2,9c1e7e59ced283305f6b3a5cf78a22640b50fa71,98,0,0.0,,,
cmdimkpa/BlockMagic,2018Q2,a00d0a62e7a924b48f95651fd46c9824f2866915,69,0,0.0,,,
MLBazaar/BTB,2018Q2,c839024435160c59ee129e60795e6d3a514b6986,246,0,0.0,,,
m90/rasa-mongo-tracker-store,2018Q3,fbbf940f3b7c5221aac18576e11e6afe66720dee,8,0,0.0,,,
pmav99/pybfx,2018Q3,c5fd7f15ca64ababd1d707c92ec28306d5fcf35e,34,0,0.0,,,
escalate/python-loxone-ws-client,2018Q3,ba6ca97645eb3a85dd794e0cd96a86c459a34ac9,73,0,0.0,,,
humitos/sphinx-version-warning,2018Q3,fa6e48eb1dc66f8deea2328ba6f069bf6a808713,86,0,0.0,,,
lundbird/AutoGui,2018Q3,f8296a498a7fd9ac7a2d49e4c1feac8bc064a267,86,0,0.0,,,
ambition-trial/ambition-subject,2018Q3,22fc3acda58dbd1c928966799a21bc293855b152,1494,0,0.0,,,
cjsliuj/mppf,2018Q3,fc77ba422be9f87dd2f4222b729129c36a161bbf,12,0,0.0,,,
SandBlox/sandblox,2018Q3,cff8dc0597aabf1c2991ef547517f7143e7647ed,84,0,0.0,,,
msadique265/Modules,2018Q3,46aef383b16fdd9c2c888621b3af30f866728272,1,0,0.0,,,
thautwarm/reley,2018Q3,17e5730c1afbefaeb22103719c85f08333c65937,20,0,0.0,,,
jakobilab/circtools,2018Q3,be488f8aa5070c28bd2e73c8ca725302b1e1a522,829,0,0.0,,,
apache/buildstream,2018Q3,36a60abe062d4c8514cffc374ecd2c926adac190,4116,0,0.0,,,
TimeTraveller-San/yTermPlayer,2018Q3,d04bb09430b6ea0240a2152c32a5b99d29aad353,5,0,0.0,,,
Rochan-A/sptm,2018Q3,b18ab297520cf01749a3e055e96c3f3db6b2e787,32,0,0.0,,,
kbytesys/django-recaptcha3,2018Q3,e25a908cb19679e64ee8a219e87b8f64fb6895d2,24,0,0.0,,,
ravendb/ravendb-python-embedded,2018Q3,cf9a1ab7749527a2f0638a301488898d08c05898,36,0,0.0,,,
xdusongwei/redux-python,2018Q3,6a026dd6ff9fcfb6631b42880f96341492ddbda9,2,0,0.0,,,
bqbn/iutils,2018Q3,9bf24de221e7e2586ebb0e132b29e5d1cd1d775d,6,0,0.0,,,
wharton/django-cybersource-hosted-checkout,2018Q3,d4630e9faf220bb38c549b0004092d22285ebc7f,45,0,0.0,,,
JoshArmi/EKSClusterSwitcher,2018Q3,d1407286c65891eaf77474bbaaea238ba294610b,11,0,0.0,,,
mrocklin/streamz,2018Q3,148631817633a7bd9f720631d2b54b5968d7144e,247,0,0.0,,,
j-min/pydropbox,2018Q3,50d56cc44e93634f7e1c1c718ebdd3061ce6fbfa,5,0,0.0,,,
05bit/python-signa,2018Q3,48a65c20a9e63277810c2373377b4493357aad29,9,0,0.0,,,
frankvanderkuur/robotframework-sapguilibrary,2018Q3,72632bf9d4e2286cdd58896c210ff779d4fffa5b,8,0,0.0,,,
guimartino/stdclasses,2018Q3,5be27535dfaa8ebbd4d88e60947aba447b80a75f,23,0,0.0,,,
raiden-network/raiden-contracts,2018Q3,ea259567c8d7b06410e7969d5a653953eaf39be9,713,0,0.0,,,
duckietown/duckietown-challenges,2018Q3,52f9f7675b28320a75019d773dce685ff4720fb1,199,0,0.0,,,
inspired-solutions/django-utils,2018Q3,719bd80d95584a3449b479a6327b6f688ec526f3,5,0,0.0,,,
madpilot/pyptv3,2018Q3,f4c6b257d84ccebc0e3a217f5f7aa99257e4a39a,52,0,0.0,,,
Jaimedlrm/entropytriangle,2018Q3,46076aa6e9e06777df4dcf885cd951afdf1de168,64,0,0.0,,,
tatuylonen/wiktfinnish,2018Q4,88ff81d999d9bdbddc62cc62618c97fbdf17560e,48,0,0.0,,,
koszullab/metator,2018Q4,0c1203d1dffedfa5ea380c0335b4baa9cfb7e89a,78,0,0.0,,,
ihgazni2/dlist,2018Q4,4b0a9e1fabb71676386c6ab8a6082a1ad1b0b134,12,0,0.0,,,
CoffeaTeam/fnal-column-analysis-tools,2018Q4,2e93d9fed44ce1a6312ac2d822a7464fcfc8fc99,243,0,0.0,,,
ancklo/ChaosMagPy,2018Q4,02568caa6b2e0955a5ff1240102aa9dbf782470a,228,0,0.0,,,
blackducksoftware/hub-rest-api-python,2018Q4,9a8cb5dd5e86bba9d98c491e372330a700213cea,184,0,0.0,,,
davidenunes/exp,2018Q4,b8d1372eafbd1a80c0c9a1d8548c761b7ffbdd0e,57,0,0.0,,,
ContinuumIO/intake-parquet,2018Q4,7f5eec6de019b5ee98846988e9ac74815555b640,54,0,0.0,,,
roniemartinez/DocCron,2018Q4,6b97ed4dfdc2c094f6b7404a7df1824d410bc25d,60,0,0.0,,,
mattkjames7/MHDWaveHarmonics,2018Q4,8599045e1791e6f4415a020becbbbac3b1f0a29a,3,0,0.0,,,
epandurski/flask_signalbus,2018Q4,3714a09b7b22a71247c5f52ec7b1058121072b35,129,0,0.0,,,
serioeseGmbH/serious-django-graphene,2018Q4,e79bdb7236edf0b2a51938867591ae0d24adf1b0,8,0,0.0,,,
aagnone3/lightroom-export-organizer,2018Q4,9d8da754c6048b585153b3a0b8e23b8ad3f486e1,10,0,0.0,,,
datacentricdesign/dcd-sdk-python,2018Q4,4938b6f994e10255ee3fe52af3c09bb3d1ef79aa,71,0,0.0,,,
Edinburgh-Genome-Foundry/kappagate,2018Q4,c340e8d6c7461be02143871c17f4d990f9842834,13,0,0.0,,,
cdecker/lnet,2018Q4,54893e5495d23d4575088726b89d165aaf842088,7,0,0.0,,,
jmfernandes/datanab,2018Q4,91610c345a821632c5ac4e27792c5d249d9c5b77,10,0,0.0,,,
jbasko/bye-bye-shopify,2018Q4,46e339ccf2e13e10b18e5dce1160fd9387286df4,6,0,0.0,,,
tolstislon/testrail-api,2018Q4,fcdd896e8143c35560844acc63c478e6f141e7b4,11,0,0.0,,,
kverdecia/dj-oauth-clients,2018Q4,abba5920905500a832bcdb46f83496cf57fb785d,5,0,0.0,,,
gdevine/hievpy,2018Q4,671c51ada68fde172f6732c1d0a8361f1a2fc2db,86,0,0.0,,,
kemingy/ime,2018Q4,acb742007057b288e29bf3f9272efdc02c32b5d8,14,0,0.0,,,
li-boxuan/codebench,2018Q4,69ab5c64a05878a49a3d52da706c9358da5e88f4,62,0,0.0,,,
cl-tohoku/phsic,2018Q4,0f89ebf27c6501f0bb9d4e11688e57823ebb7359,5,0,0.0,,,
bobbytrapz/noticeme,2018Q4,34acfeb3e9659c0cbcb5ba97b77d18478b8d38b1,16,0,0.0,,,
martinjzhang/adafdr,2018Q4,5349b5469dda7cd7b549a72c590f5b0c04e41a31,69,0,0.0,,,
kmpm/py-aiogopro,2018Q4,144d9be0f68b141cb9fa007a824ac6b95c5d6b0c,20,0,0.0,,,
inatilab/jem,2018Q4,f5bf6d43c7799c7fda62330bee1db61de604f952,50,0,0.0,,,
NaturalHPC/cerulean,2018Q4,4fe8a571afa369bb9f1f05bee8e3066e84f0ac30,88,0,0.0,,,
s-ball/i18nparse,2018Q4,cc70cbf31903caf45ebfdcb62a57744b6fe9d0df,14,0,0.0,,,
anaakikutushita/delete_last_comma,2019Q1,0202695bdc059a0ee548685e3bb8b8dd3d780a38,6,0,0.0,,,
joelowj/ttrpy,2019Q1,3b9b03544ed2ec63efca0e89cd333ac975d276c9,82,0,0.0,,,
KarrLab/bpforms,2019Q1,6e00c88befde8e6936450792677fbdec5be75327,587,0,0.0,,,
mvn23/pystove,2019Q1,0f0e2325190c108561fb2c3c6e0d5d56f4c62b25,27,0,0.0,,,
luismsgomes/pseq,2019Q1,5116774a3f6baa9020b0b080d9027ca6b143c151,6,0,0.0,,,
dgomes/python-electricity,2019Q1,d72627c0d33265df7cd46edd0bc7ddd32f8e08da,6,0,0.0,,,
Syncurity/opendxl-irflow-client,2019Q1,54e5012da45a826a3485463962205660b011016d,23,0,0.0,,,
alexistm/RakVideo-SDK-Python,2019Q1,8115f81ff83f1cb03c41b8bc6bd66cccd8eb310e,7,0,0.0,,,
pglass/pr-publisher,2019Q1,622667c5f3dc7888c6bbde15758dcb548d75f385,4,0,0.0,,,
Drakkar-Software/OctoBot,2019Q1,b9112e79458bf29163c7a8a4ef60130697480a5f,2937,0,0.0,,,
adamerose/pandasgui,2019Q1,c3cb1dfd555eda048033fd5df8d095ebb3ce50b8,214,0,0.0,,,
netket/netket,2019Q1,aace6bfefa51080cf5c186f43784bac298df71fd,1269,0,0.0,,,
timrichardson/zoho_crm_package,2019Q1,7371f495c433f962ea648cb0164aaefc16d61940,20,0,0.0,,,
gasparka/spectrogram,2019Q1,8151415890e4971c2bfaaa0da499109e24ed5ab6,109,0,0.0,,,
Borks/Pilwio,2019Q1,0dd395dfc605d3b97e71123ec31e7a02a71f3090,13,0,0.0,,,
quadram-institute-bioscience/albatradis,2019Q1,0184084be6982765839f5db0cd1845485b1713f3,175,0,0.0,,,
washingtonpost/html2ans,2019Q1,fe6d0a36d5f328d473e50745d9601ddc24b5147b,73,0,0.0,,,
huntcsg/airflow-docker-helper,2019Q1,3afd9800c803ed4cbc49b0e3a738dc04e3e2fa4d,10,0,0.0,,,
tinybees/eclients,2019Q1,afc6ca3edcb8e9e40bf23df9b28175b983595919,44,0,0.0,,,
dlancer/google-oauth2-tool,2019Q1,69c36dc23a23484fcdeed95dac03b99745c9558a,14,0,0.0,,,
deeplearninc/auger-cli,2019Q1,d552839548a4b0c7d181567019e8736d94955c31,310,0,0.0,,,
Microsoft/Annotation-Factory,2019Q1,d3ae09b1e239177811e82a87aa3f7e7838151a9d,3,0,0.0,,,
molobrakos/blus,2019Q1,4dde90979a3d16bea73b3efb65cc800eed97c52f,153,0,0.0,,,
vogt4nick/dequindre,2019Q1,9e702256f21440f207a63f380035932b2a7bc52e,283,0,0.0,,,
kstaniek/python-ampio-smog-api,2019Q1,c42f0234fc707c24480dddafb5abc812a957ee82,15,0,0.0,,,
poqweur/ampq_cl,2019Q1,97424c8436bb1bd8e6a4dcbbb08d0c83c3b08023,25,0,0.0,,,
architectdrone/OpenCombatFlow,2019Q1,969c6760f0b94e929dbca095be170e07b323fd8b,94,0,0.0,,,
kentwait/blockrs,2019Q1,45a16dfd2428e57cddebe8ea8e78dd9d473e6cbb,109,0,0.0,,,
spacetelescope/cubeviz,2019Q1,24f63eab716fdb094412586dec38b3826feae32a,1299,0,0.0,,,
emakarov/mapboxgl_notebook,2019Q1,582dab3b199107f5cd7620ad53de7f9e4dad52e7,25,0,0.0,,,
cristobalcl/podenco,2019Q2,848213e40e3d418f1d8913720ae7dc0f0d0e873c,27,0,0.0,,,
jun-harashima/msnc,2019Q2,d9bd6f2faa5ed7a59b6f22781bd0b25dbb34f64e,131,0,0.0,,,
liuhedong135/pyclrs,2019Q2,24c3352a0267e29fd5a240a1e247e7eca6428f51,26,0,0.0,,,
srizzo/jupyter-interval-widget,2019Q2,d5558af7a42c7f9cef7c28b77bd7f8e18034fb6c,6,0,0.0,,,
vx68k/prcslib.py,2019Q2,6834c564c44ca29257f014a6e316f4aebde781c6,109,0,0.0,,,
coderforlife/yarc,2019Q2,3aa9ec22270f22b077b63b5ac737d54c5dfe9046,10,0,0.0,,,
rob-blackbourn/iex_parser,2019Q2,ae251dcf115739ee1cd9bcf47bdc6e3ed807a0c7,12,0,0.0,,,
yutiansut/quantaxis_run,2019Q2,77dc260b9fdf829e2a0ad15f90798e500dc092a1,52,0,0.0,,,
eumis/injectool,2019Q2,7f7cc20abb74d5ff6ffff481b6e7944e9e87ae89,23,0,0.0,,,
MinusOneByTwelve/Minus1By12,2019Q2,6a73e1231886d8802a7e2ade08519d4e2331ceb4,12,0,0.0,,,
google/pcbdl,2019Q2,6edcdaeb77124d45a21909459f6d56c481dab7c9,55,0,0.0,,,
rmetcalf9/python_Testing_Utilities,2019Q2,803e770a10c1556c92d28d21f280cfc57fe366e8,25,0,0.0,,,
cryptovoting/damgard-jurik,2019Q2,5471ec2eb098381dd4dc37fac6b041a010290960,140,0,0.0,,,
programmatizoumenos/larry-birdy,2019Q2,bf812413614c2c5f5276ba7ae3d0c51ea855d362,8,0,0.0,,,
BrianPugh/lox,2019Q2,b394b382c63778eb81bbb49a982337147a219d7e,180,0,0.0,,,
akarazniewicz/apiql,2019Q2,3175d9c301a5b6c8d76e133fd4a18f9a6280d76e,5,0,0.0,,,
blockchain-etl/blockchain-etl-common,2019Q2,82b9e3d4a58c5f73b01c901b8ad89d49555b67bb,9,0,0.0,,,
bryand1/python-poverty-level,2019Q2,c4847a4ac8cbfee4935a361bd2342f164bf80e71,5,0,0.0,,,
aioworkers/aioworkers-orm,2019Q2,a470eaf2298e30b6c8e1e91034e50c064f07a3de,33,0,0.0,,,
ProdPerfect/workstreams,2019Q2,b2f91820a9c0ad29ee4496301c4756ec84cac046,27,0,0.0,,,
bannsec/revenge,2019Q2,69400eb4f399fc3cab721ecd69366cc8ca87664f,371,0,0.0,,,
nonabelian/leapy,2019Q2,152152eed87572983dd61b27a4a1726b5cb2e615,51,0,0.0,,,
ken-nakanishi/nftopt,2019Q2,a7ebe35362bd97bb71a6641c0146ff1e778415fa,8,0,0.0,,,
sampsyo/wideq,2019Q2,07b6a1ca2131555634e174d9d648380c408dbc5b,187,0,0.0,,,
kmr-kmr/testing12,2019Q2,e946924c2184e404694d23a0b1cdc603dae68384,2,0,0.0,,,
goodchinas/pyxq,2019Q2,e0e3b51b61ab74a017e1cb370b837be4a44bc6dc,15,0,0.0,,,
okfde/froide-payment,2019Q2,46c137d3ae69e317fded9b0b24221212f6855758,76,0,0.0,,,
jpn--/mapped,2019Q2,ce68f36d301fd222190daf5927e808cc7c17ab50,11,0,0.0,,,
jfilter/clean-text,2019Q2,52956f8536da94f123e1974d0e22a9db453e814d,33,0,0.0,,,
ihaveamac/ninfs,2019Q2,60e61f8467b749a12a5261ae20189c2981a0e24f,539,0,0.0,,,
bat-fleck/pyOrganize,2019Q3,d83cebd6070a1b00f8e20e5d2be461440ce0e837,16,0,0.0,,,
yannvgn/laserembeddings,2019Q3,54dc6b4187bf0fbfb9710b10f18004bcab9fce8a,69,0,0.0,,,
javatechy/dokr,2019Q3,5e162f0c7d4e9d8bb660739f2a34a9f31e03b01e,49,0,0.0,,,
JeordyR/LambdaALBRouter,2019Q3,0d285a17f3b3c6c76ff3b466b4d6dbd4f25b12a6,12,0,0.0,,,
datagutten/entur-api,2019Q3,aab7ce2fc9c71e97384cc2b47ae14a2fc6ba3ce4,43,0,0.0,,,
xiachufang/outplan,2019Q3,fa88862a257dc33c53b69d7ddc6a417e3b78c6a3,76,0,0.0,,,
namboy94/puffotter,2019Q3,cb9a397aeb509b63794e613c4fbeaf7a4236f86d,48,0,0.0,,,
adobe/ops-cli,2019Q3,8458f7a5101e054a13864f0373d7b7043b3dd08c,132,0,0.0,,,
vforwater/metacatalog,2019Q3,df6d5a03bd64901c67ccecf579f22333209b81ce,60,0,0.0,,,
bitranox/lib_doctest_pycharm,2019Q3,f1909c21f95466add9aaa02eaf5881553024c99e,40,0,0.0,,,
aroch/protobuf-dataframe,2019Q3,0025208f45fc7f2b54923c642c518552c05d9c72,8,0,0.0,,,
CostelloLab/GSEA-InContext_noTk,2019Q3,ee1a845cc978cb0da8d296b51e3f36dc26234a63,12,0,0.0,,,
greenelab/xswap,2019Q3,ffbb933d1731c2ce4e4e24f00a9a909b53ddf75c,22,0,0.0,,,
RobertoPrevato/wrktoolbox,2019Q3,8ca7f33faa3a2968798c398d359360d1f1af91bf,4,0,0.0,,,
timesler/facenet-pytorch,2019Q3,93a4842cad913b271be49215b158d3876a386ddc,157,0,0.0,,,
nekomamoushi/jason-server,2019Q3,24371fa8883311192dc8ceff15ccb7027fa6725c,81,0,0.0,,,
sophiamyang/cranlogs,2019Q3,1e9b3457df710c60fc860259331f7b03df5c6526,19,0,0.0,,,
Kamaropoulos/AirSim_Gym,2019Q3,4e3f2bd99f9c415ab8a1a3538d3b6466b49bfe0d,13,0,0.0,,,
GLibAi/pydateparser,2019Q3,0b6d5560290e4cf63038c6f9dc5158d2bdad11de,110,0,0.0,,,
treeyh/soc-excel-convert,2019Q3,24eba75b3de7e615c83e89fbf06c45c0fe305f6e,20,0,0.0,,,
mckib2/ktblast,2019Q3,f365b2d1f747f87500846dd930f9619a5a563f1a,21,0,0.0,,,
techouse/sqlite3-to-mysql,2019Q3,3fd418a7223f3038920050dec4c093670529b114,87,0,0.0,,,
vani-public/pipes,2019Q3,e6c598aa0f3c459a965ceb6971251396fa0ed5bd,4,0,0.0,,,
moreal/flai,2019Q3,5ed254e0c36fa943cb3bef215ae805ffc2ddbfaa,12,0,0.0,,,
Sebokolodi/pyddi,2019Q3,015beb2b13783713de436cd91a6ca61f1e2d370b,64,0,0.0,,,
jonlindg/pydero,2019Q3,a8abc2667d7acba6d015c4dccfa7758178e49d59,26,0,0.0,,,
ludeeus/integrationhelper,2019Q3,3235a40fb22293c5ee6a9af1613fd3bd7c084aca,19,0,0.0,,,
cclienti/svmodule,2019Q3,d29a061b3681f0377edb2f692f3c6c97643afe7e,23,0,0.0,,,
foliant-docs/foliantcontrib.confluence,2019Q3,49d2745d6ba3ee00ccf5ce5c3a196e4e63827a09,28,0,0.0,,,
nmdp-bioinformatics/seq-ann,2019Q3,d46c6bcaebe095127be227ef3f3f39e86c1ee4c3,216,0,0.0,,,
kgrzywocz/mdtest,2019Q4,2f76f4815c47e0c89efd34d965194e06f0978452,9,0,0.0,,,
voicen-llc/voicen-python-sdk,2019Q4,3144f71e3ab42a96ca026479b8743bd0b730b9ed,11,0,0.0,,,
fmralign/fmralign,2019Q4,6130bf8ae6a5847d6ede2cfde03d0b528cb4b166,360,0,0.0,,,
Paebbels/pyHTTPInterface,2019Q4,40b40f34e661e6e2060a9ea4bdab71247c94e5aa,18,0,0.0,,,
Cyril-Grl/AlgoGen,2019Q4,c453dcc37b40047fcc4d5be42f0837178f4f5b60,11,0,0.0,,,
remykarem/mixed-naive-bayes,2019Q4,87ae66536e96ce6729fa66022f2e164957f0d3fd,86,0,0.0,,,
fastai/fastdot,2019Q4,da90709eeae35154638d041dbd3b5237f22f6b52,43,0,0.0,,,
Jordan-Kowal/django_database_translation,2019Q4,a077f356469a32a601dd00452ae3d3e8f8780d90,19,0,0.0,,,
kalsi-avneet/py-fossology,2019Q4,1d3df2c128e20cc3cd442ef103dedcf2e961686f,40,0,0.0,,,
cctester/pydtc,2019Q4,bf8851a045a201eda857c3e14660eaee6b22b06a,17,0,0.0,,,
mazgi/mt-to-hugo-article-converter,2019Q4,9f947d90ecaceb522ccd4f942b56a105944ff7f4,31,0,0.0,,,
thomasms/glastoselenium,2019Q4,3d3da2f6c2ba705cb4765f626ae12d4436587ff4,33,0,0.0,,,
eggachecat/elc-flow-engine,2019Q4,3b0c8f7154a0d302958722f1dccfb2448062fc3b,12,0,0.0,,,
christo-ph/mkdocs_build_plantuml,2019Q4,35f4342bbeef361671b88727a205b09658e1b082,14,0,0.0,,,
openstack-charmers/sriov-netplan-shim,2019Q4,ef25998a6a28424c1990c1f1bc373d23f70b6994,17,0,0.0,,,
jvrana/primer3-py-plus,2019Q4,9be3cc374009fad066180be35721aa8316a5050a,108,0,0.0,,,
Francesco149/push_receiver,2019Q4,ae5c09f5885a824eecac8ea5a54c56e8fd8d2731,6,0,0.0,,,
ynop/spoteno,2019Q4,5d2ae7da437cfd8f9cf351b9602269c115dcd46f,8,0,0.0,,,
OwnCA/ownca,2019Q4,77430e88f7619a6e50c6d3d081482b40fec07717,74,0,0.0,,,
safurrier/data_science_toolbox,2019Q4,842b025ea3197e8a9946401257b2fa22ef1bf82d,131,0,0.0,,,
rasmunk/notebook_parameterizer,2019Q4,2df94eb54dc4f4103e08c65278e928da51bbba61,17,0,0.0,,,
yrevar/navigation_mdp,2019Q4,82df0c9348b257306b20bc23a05e56c16fa1817e,8,0,0.0,,,
shmakovpn/django_ocr_server,2019Q4,b6c2ba1d7630925b1c51542f6ccb8f85775add1a,38,0,0.0,,,
Odder/PyraminXolver,2019Q4,f497a3936e63a51bb9de4d445db0a1399ae4b85c,9,0,0.0,,,
VoIlAlex/pytorchresearch,2019Q4,a9be04ce98e70b86b0a17173c7beb37ca728d3b1,16,0,0.0,,,
mvolkert/EXIFnaming,2019Q4,ef5be48bd48f0f2c847025cbfe7f22cf47775d3c,306,0,0.0,,,
ligaopan/lgp-library,2019Q4,47cd54e4079f3f36ac82aaaae50583ff88138036,4,0,0.0,,,
JarryShaw/f2format,2019Q4,b1cbbc605cb3bb3a6e6de182b683ff61f545b75f,189,0,0.0,,,
sidan93/googleparser,2019Q4,051562c5df8b6f23a7bc600166444ebb6047245a,3,0,0.0,,,
psf/black,2019Q4,8654e8d7aef5253faa7f8ff31d4be3b0b8b9c392,680,0,0.0,,,
openkim/kim-property,2020Q1,163e28d286975216e26fe37c9c73992c0c59c3b8,126,0,0.0,,,
bradlindblad/schrutepy,2020Q1,eb4c2fcae50d87f5639604e3772ddb0f20aff6f8,38,0,0.0,,,
jankrib/xcomfort-python,2020Q1,01771838d3fca4676e7a12b1ae69cb11504f684e,37,0,0.0,,,
yunojuno/django-waffle-window,2020Q1,5817d8dbbfbdac7034a9fb467d58450c66fb5e07,6,0,0.0,,,
tcitry/django-api-permission,2020Q1,371bd5f2989edf906c91a0e5af60a4da11d0da42,34,0,0.0,,,
sumihiro3/line-pay-sdk-python,2020Q1,f958ba39a2091418d7d57961574d7e44863d65e8,59,0,0.0,,,
joaompinto/pystrace,2020Q1,11604e41bab3d2651a865b925a7099b32520c24c,2,0,0.0,,,
Alcampopiano/hypothesize,2020Q1,56d75ade8cd2341542a770d05ebead3eef45d363,145,0,0.0,,,
SkyTemple/tilequant,2020Q1,35eb5d1296980b2fdcbe6884d1c08318dd27b155,18,0,0.0,,,
andreburgaud/robotspy,2020Q1,79566dbe1d15bd9767fb29c8b87293329385a55f,153,0,0.0,,,
jinisaweaklearner/auto-eda,2020Q1,b45d9f1127f5b3d8de87019e0f494dff91266876,11,0,0.0,,,
FRESNA/netallocation,2020Q1,09f7808a593f77fcdc9cd29b81393aa39dd10bd6,116,0,0.0,,,
goktug97/mpcspy,2020Q1,4f67eb6596a11d6209bb34de58322e0f59b8d7f8,7,0,0.0,,,
danielorf/pyhubitat,2020Q1,0f240978d564722438fd262536e1daee5e4f1c6e,17,0,0.0,,,
python-marketing-research/python-marketing-research-1ed,2020Q1,9fa18b68f5b165149e0a4d7a89a403b8ad337fb6,53,0,0.0,,,
tkanngiesser/blobster,2020Q1,fab4dae837b3c84b73e82e420d24b5c0171268e5,26,0,0.0,,,
jdcasey/rpi.infobot,2020Q1,576542dc8e198d0fdf2f25f4dfc4e463629e0547,7,0,0.0,,,
hadar-simulator/hadar,2020Q1,56c758133e1cd519ecdc2e4fd3ec6454c182ea49,243,0,0.0,,,
gee-community/geemap,2020Q1,4389386a2853e8b9629f114f81e78413c2b089b3,243,0,0.0,,,
alexmarder/traceutils,2020Q1,9949cfc2019009c7028d06733656c8b4585268f5,77,0,0.0,,,
tinybees/feshttp,2020Q1,f5994d217fd28bb3f053fc97829286656391400b,10,0,0.0,,,
CleitonDeLima/django-easy-tenants,2020Q1,500bef13e7077a1d6babdeaffba48433b11107ef,44,0,0.0,,,
jj48642/spyfor,2020Q1,897f5cc429166af8501929c8b86284ea0c78034b,25,0,0.0,,,
jonathanschilling/BinaryTimeseries,2020Q1,9744c0042d9eae412ff80f7e326256eb7ef89f11,101,0,0.0,,,
rvnovaes/docassemble-wrappers,2020Q1,1e140a76e78db3b4f7f277a64ba665ec9bdf0258,10,0,0.0,,,
erdogant/treeplot,2020Q1,5e75854ca6ac9ccd2f4fb49e00223891476d2ac3,69,0,0.0,,,
ulf1/numpy-linreg,2020Q1,7ec7e7f0e69b3cb25ccf32a4a39e59fbbd205072,1,0,0.0,,,
agrif/quartustcl,2020Q1,5607340cefdcc13c48eb6c852a0499d4d5edf854,25,0,0.0,,,
KoichiYasuoka/deplacy,2020Q1,569e6d0fdcb838fd2c611a93300e17e0c9579b72,511,0,0.0,,,
tomtom-international/openlr-dereferencer-python,2020Q1,2200b067d94f9a95f1716258c4a614d5953fc4f7,169,0,0.0,,,
WeslyG/apm,2020Q2,844c111c91945b36dbed75293fe5d013dce0099a,20,0,0.0,,,
diffix/aircloak-tools,2020Q2,7c37d486ac3b10c3de07fc242210898b8c9eed89,16,0,0.0,,,
briis/py-weatherbit,2020Q2,6d9c7acc33a51c75ff9274c67b93e15d74b55472,115,0,0.0,,,
GitGuardian/py-gitguardian,2020Q2,988f0cca43bc2c5842bbd7e1f760c2455005530d,26,0,0.0,,,
amandeep1991/aiops,2020Q2,0f9959b740ef51a0aefb8dba1f7d5b4049ef495e,15,0,0.0,,,
acerv/etcdgo,2020Q2,89ae2b7ab5a110677b96b8601bdcd67e7c5edd7c,24,0,0.0,,,
mehdi-wsc/mypackage,2020Q2,8bf49c2e5bbd8b26621234a3d5a3e2dbf0337309,80,0,0.0,,,
earmingol/cell2cell,2020Q2,d26a1b18146895c7514cd52b0e0e5404bcd68bdc,235,0,0.0,,,
criteo/deepr,2020Q2,5ca7fa38aed93466af2e76d664f75585fe62373b,137,0,0.0,,,
SystemLight/madtornado,2020Q2,707ee156c33facd7050449f9fccef44f1c302b19,31,0,0.0,,,
jstephenj14/timedisagg,2020Q2,5be925c3dde492513b0e336fe1bf28583f332b1b,17,0,0.0,,,
reallistic/pyloot,2020Q2,197cc7635753b3d0889b0d19865e567b1a3432e8,29,0,0.0,,,
Jittor/jittor,2020Q2,84c10c7a06c4da3b4f7fd6ca45f0cae3ec13eb05,493,0,0.0,,,
naveens33/ctreport-selenium,2020Q2,9553b5c4b8deb52e46cf0fb3e1ea7092028cf090,62,0,0.0,,,
mzabrams/fars-cleaner,2020Q2,789a8c735654fc8a88fb4b5e20d1292eb1ead204,33,0,0.0,,,
realjohnward/py-method,2020Q2,a155ee24b96a20662ba1c175f14e7893fbd24145,11,0,0.0,,,
kkristof200/py_common_utils,2020Q2,8286c77d100cd7dd01293f9af097d426c4a70679,29,0,0.0,,,
ktrueda/parquet-tools,2020Q2,274a66a1aba6b711c52ac87629a7b5b863626787,25,0,0.0,,,
wnma3mz/wechat_msg,2020Q2,05f471c69083c184a43d5c1c0f894fb0d75df4c7,6,0,0.0,,,
vanche93/RouterOS-Prometheus-client,2020Q2,bb9dfb4edffed7fa75807723e25fd4d155beb668,30,0,0.0,,,
heidelbergcement/hcrystalball,2020Q2,57e90b907f8bc76f750a38161b2a517d25f56863,232,0,0.0,,,
thomas-young-2013/soln-ml,2020Q2,5f3030a940d3339463fb746e375d9e440c0c2b12,1109,0,0.0,,,
Cenbylin/Python-EPnP,2020Q2,dadba93bf7eb5aaf7b8abfd94cef11ac384423d6,10,0,0.0,,,
GabePoel/ML-Peak-Tracker,2020Q2,87a85ddf6abc4350a14537126f2b50931e951450,83,0,0.0,,,
desdelgado/rheology-data-toolkit,2020Q2,054b1659c914b8eed86239d27a746e26404395ec,47,0,0.0,,,
EMSL-Computing/MetaMS,2020Q2,9cad4b4cac033ed3bfb5776c87dcbf0ee7156268,32,0,0.0,,,
skelsec/multiplexor,2020Q2,14e7b2768a965a55aa154ef0351ebdf4f8a7fabf,40,0,0.0,,,
kubilus1/mkdocs-paginate-plugin,2020Q2,fbe69fdef3f7f8f589e3a5d5caf7d8b4bb1fdee6,6,0,0.0,,,
ajinabraham/njsscan,2020Q2,03ee066f5b2c02f2d0045f5d1ac370dfeda402b5,142,0,0.0,,,
aman5319/Classification-Report,2020Q2,bd798c9621b12304686b60c527c4cc2624972e49,54,0,0.0,,,
sfahad1414/conf_loader,2020Q3,02968c25e44e109a62e9201fa0f68590a2a61215,21,0,0.0,,,
dutradda/asyncapi,2020Q3,b9d3a9656e0da8230cffd462441e01b0fef19c93,130,0,0.0,,,
abhishekamralkar/covincli,2020Q3,e5e603d94c982ecf5c640adced013a47687d5b75,9,0,0.0,,,
hnesk/browse-ocrd,2020Q3,bb63450bc36f1e867611f9d961d51c37943d3e2b,365,0,0.0,,,
thomasmatecki/pyreo,2020Q3,9ae79f4922ca49609f80dceebe264805eae1c81c,3,0,0.0,,,
aws/amazon-braket-ocean-plugin-python,2020Q3,d6a0f115cfb4f48a42afb7847fbfe5fc4a1bf66e,70,0,0.0,,,
nthdevops/pyModules,2020Q3,9e573020d8ec0319ddd7f7208f8f224e8611426f,8,0,0.0,,,
aws-samples/faropt,2020Q3,623206b198cdd37099e574274145a65dd3d9662b,148,0,0.0,,,
hsky77/hyssop,2020Q3,8b15179907323c4355104ebd41a20cd9e923cefb,42,0,0.0,,,
bexxmodd/vizex,2020Q3,2ed07f7b2fbb3d697c27d6721636d4b1b20556c3,164,0,0.0,,,
jansky/ghupdatesecret,2020Q3,0246ea5de300c559707d82f053943b9e46c628c3,1,0,0.0,,,
melehin/amazoncaptcha-api,2020Q3,e715489cc184833b3f69fede7d7c2b8083b6efcf,7,0,0.0,,,
jonathanschilling/idf,2020Q3,9127a67c0e7d9d1897e29d0a4e810fed80e51ca0,20,0,0.0,,,
datacommonsorg/api-python,2020Q3,347d4d3478625b5653fd0824af361b5aeea8ae11,211,0,0.0,,,
kevinkovalchik/Plotly-Logo,2020Q3,df578b327bc4ef8c008e9b1c44bdd30498a1e43e,12,0,0.0,,,
jmschrei/bpnet-lite,2020Q3,2c23bcbebde3f82ba799d1196ed3d729c43d9b53,9,0,0.0,,,
peixoto3/python-criaenvio,2020Q3,79e62e64b0370e90434421ca1126accef7b62ca0,11,0,0.0,,,
JakeRoggenbuck/mongofastlogger,2020Q3,92b23e8fb7134c3a01b24f273f3a7774c10c716f,21,0,0.0,,,
yohummus/plantuml2cpp,2020Q3,84db4eb06ddfccae78a11228d34372abe368fead,9,0,0.0,,,
alexrutar/texproject,2020Q3,183bc757000e040576ed8aab669bbd593f36ca76,48,0,0.0,,,
deromka/aws-session-management,2020Q3,ec5899c356644d3d6e7d439253d6502738bb6fb4,8,0,0.0,,,
Couapy/django-user-app,2020Q3,ec347755978ba8e53644e7617c78e6adb63d05d8,6,0,0.0,,,
leonarduschen/cmdchess,2020Q3,8996981e6e25bae26c0f994f3f4de99eb0ff8863,93,0,0.0,,,
Auditory-Biophysics-Lab/ablinfer,2020Q3,94e64eacd8c8b30088637d7dc5fd3f25b70adc0e,44,0,0.0,,,
kratsg/itksn,2020Q3,7a985a91b8a143066427c0ae3fdf314ce3f3f432,12,0,0.0,,,
freelawproject/disclosure-extractor,2020Q3,b771642e17907da414269698e62c131719e4eef2,231,0,0.0,,,
voicegain/python-sdk,2020Q3,337436ebc19951bbe396d6776547db6f68c1e223,100,0,0.0,,,
fredericokremer/covira,2020Q3,ef2580f7651117ce884d1c22d671f0f8da0f2433,17,0,0.0,,,
h1st-ai/h1st,2020Q3,b3853d31f95e4dbd7e76b94ce6be9fb132f87589,307,0,0.0,,,
williamfzc/difile,2020Q3,ad2d029c01b6a4d3ec6f589395e851b6d405de8c,30,0,0.0,,,
supergus/fun,2020Q4,0111ea46b5ace030760eb3ce3b4311e3d7d16306,21,0,0.0,,,
hari01584/pyUDPpunch,2020Q4,0cb56b48f4648b0c4e6ad17ab1d50382b309d6cd,25,0,0.0,,,
brisvag/emfile,2020Q4,a9a7819c12b440259fa8b68d145461c8a6a5f8f1,8,0,0.0,,,
IMIO/imio.prometheus,2020Q4,111201436216abbfd8167e67829f1651e66f38ed,31,0,0.0,,,
adelplanque/html-test-report,2020Q4,948910d3ac9cf0a46898d67fe964b515a682aee8,18,0,0.0,,,
chaptergy/certbot-dns-njalla,2020Q4,71de53610a212ad84e49233fbe7e0e95241feddb,4,0,0.0,,,
CSHS-CWRA/RavenPy,2020Q4,8d9bbda0e6e3f8386f895394d116b2870c4057dc,651,0,0.0,,,
pualien/py-sqlalchemy-ssh-connector,2020Q4,b4b6056036f846dd5fc504fd914a7327dc80bfc4,46,0,0.0,,,
KenMighell/mkpy3,2020Q4,d06e03ed24a7369829cf729389dac4dd144537c3,183,0,0.0,,,
egemenimre/ccsds-ndm,2020Q4,4b310d44cd77cb3d3e5a4923a70a12d35dad2ffa,228,0,0.0,,,
chrahunt/subprocess-check,2020Q4,ea68566a6e9a2fa02394fa992c08ba89cac0e74f,7,0,0.0,,,
naver/kapture-localization,2020Q4,e46b92e282fe8eb53340bb058725df98ddf5e264,121,0,0.0,,,
softnanolab/softnanotools,2020Q4,ad6a80f57bdf8dac31d2757d04e4f5f04d2c6adc,48,0,0.0,,,
inwonyeu/interphon,2020Q4,d4d1333573f41a800652c9f6375130193e03f71f,364,0,0.0,,,
huggingface/accelerate,2020Q4,4f376df41ceea6af4a077b7c2dbedc870d21a646,149,0,0.0,,,
fixpoint/python-spymock,2020Q4,e2095b52bf7ca6252a2666500b1a522d3c6ed4a6,10,0,0.0,,,
ppatrzyk/filmweb-export,2020Q4,2654fc245831e6f12147a4bdf05903ba664e1f9e,115,0,0.0,,,
Iapetus-11/aio-mc-rcon,2020Q4,5c9435e8b91414adb7ab8bf6e57cfe87f370c629,153,0,0.0,,,
microprediction/embarrassingly,2020Q4,47282f10b4b09c634d2e12b6bcf14d0cb389c9e3,36,0,0.0,,,
zetahernandez/aws-2fa,2020Q4,ef2ed02e9e41fa42156566eb190ee738332bbe82,16,0,0.0,,,
asteroid-team/asteroid-filterbanks,2020Q4,8a3d13fb0e495772bc9d1deac3327affe2833e10,49,0,0.0,,,
AntoineHo/HapPy,2020Q4,97007654428d926cddd5c6bdf06ff85231ca2a83,43,0,0.0,,,
Razmo99/SimproAPI,2020Q4,b6753c691c4186e84d30433eb29b6b925fe5a8c3,24,0,0.0,,,
20centcroak/pyBaseApp,2020Q4,1fbbd9870f711e7c89a5eb6cedc44ee6c2895667,19,0,0.0,,,
3r1ck10/meanpy,2020Q4,19e34aca978aea68bbd8a6bb2ac312de3666a372,2,0,0.0,,,
ehoraizon/engineCrawler,2020Q4,9a69b2982a4c1e89158507b3703a9ef7575e1e85,10,0,0.0,,,
raiden-network/raiden-api-client,2020Q4,006e65e46410a105be34c25bfe5e3fed5f48cf09,25,0,0.0,,,
santanu94/torch-helper,2020Q4,1bf14a06cf102e3d00a6e1044e6ea12a35275073,63,0,0.0,,,
modzy/sdk-python,2020Q4,f09caa2c25ab526029af3815845f2074c0417ab8,13,0,0.0,,,
huggingface/huggingface_hub,2020Q4,c28173fe9071005bd5dc2511057a1a9035cd18e9,165,0,0.0,,,
ikergarcia1996/Python-IXA-Pipes,2021Q1,f764f08ceb957333436c93f7a49cd1c6c301dc30,12,0,0.0,,,
KamilPiechowiak/weights-transfer,2021Q1,d7607662a2d2f7d1a16164c813e8721a0563552b,153,0,0.0,,,
EQUENOS/dislash.py,2021Q1,5b6d6b19ec078c914c9110b8c1a6a333145ec785,210,0,0.0,,,
fkshom/avault,2021Q1,93029ea6da8ec1dc7f9fbda24fcefd545a491da5,21,0,0.0,,,
CS-SI/eodag-cube,2021Q1,070aa70373b88ecd77f2ce4743b6e0dfff5e9649,15,0,0.0,,,
exhuma/puresnmp-crypto,2021Q1,b7044307d5ea4c1e4126dc83fb1727151e389d17,6,0,0.0,,,
infinityofspace/pkb_client,2021Q1,bb9c5dec997bea42de4895edb8bd25341d69d367,13,0,0.0,,,
otter18/tg_logger,2021Q1,66d5c201054a910080a8e6063ff0ea3b16326a7f,63,0,0.0,,,
elifesciences/elife-cleaner,2021Q1,523b870e63696e3bf578d731795e9a3e4a67335d,58,0,0.0,,,
long2ice/asyncmy,2021Q1,dcbca92705299a0f788754a960ccde260d7025b1,65,0,0.0,,,
quelhasu/pydeco,2021Q1,475838ed27bd6501b486fa720eac9ac4bcac2906,19,0,0.0,,,
pedromxavier/botele,2021Q1,6c1e6b7f1e83a262d4e407821ab4656f5cad3091,7,0,0.0,,,
tt20050510/howard-music,2021Q1,aa6638fa31af78dbec52b58c8c2a8543c3f8bd59,31,0,0.0,,,
shangcode/crontip,2021Q1,957a7a2005b006e5dc36b8c24d93a1aab596c304,2,0,0.0,,,
fepegar/resector,2021Q1,59231e72e639cae4b2de10d0ea393680522cc80a,134,0,0.0,,,
aqibsaeed/Sensor-Transformer,2021Q1,0ae687743cac47fc1599ad217b12fdc328e05866,9,0,0.0,,,
claasd/caffoa,2021Q1,cc5c2c008db68fb48c3bef90201a14f6275019d3,45,0,0.0,,,
open-telemetry/opentelemetry-python,2021Q1,67bbad45917baa354a3a6d0d4361da48ff13fd31,932,0,0.0,,,
binokkio/markdown_links,2021Q1,4872faa469a5277dda6354ec5b2297588c596c3e,7,0,0.0,,,
ukfast/sdk-python,2021Q1,5b993ba342da7d25ddb70994d30ba88b931a0b4a,48,0,0.0,,,
llango/shaphinx,2021Q1,44ae7cd324c2aa352b0e1b817efd6783177b6249,10,0,0.0,,,
Riddhi-28/DR_pack,2021Q1,b8ecee79b3e55acb9fdf02a33542ac97ba838cbc,3,0,0.0,,,
topenkoff/python-patch,2021Q1,ba6c86d63bce6e1743d1077ba1dda05e45078736,1,0,0.0,,,
skabrits/smartcalc,2021Q1,ebd8af5e736927ef98deb862956037b970cfa23f,14,0,0.0,,,
weearc/cqu_timetable_new,2021Q1,c07db428a71140729fdcc654fc1a413389f68822,74,0,0.0,,,
sbozzolo/Jhuki,2021Q1,35348ee93249df286dc06e0d9f69c13477932f07,45,0,0.0,,,
ibm/mlapp,2021Q1,db34927e4c45df93438e2b7129f01388f1a34753,58,0,0.0,,,
jumon/pywer,2021Q1,dbefd553090fb7cfde35660d6ff5587dc912a7fe,10,0,0.0,,,
configly/python,2021Q1,c24d5571bd887e4b2e8bc63c313d5cc09f4b142f,3,0,0.0,,,
democritus-project/d8s-file-system,2021Q1,4e59568ccf877f6566c8917664137f6d5afe21c5,55,0,0.0,,,
crwood/dzip,2021Q2,2caa345fbaf91e59421a3eb95819372707e1a853,74,0,0.0,,,
romainsacchi/carculator_bus,2021Q2,4d7a512f29accde61c574878a8a619497d49e444,71,0,0.0,,,
bwolfson97/plant_pathology,2021Q2,4036889136d03236b427522ae87368fefc4f0025,100,0,0.0,,,
meghnathomas/magnets,2021Q2,c8ace5f14f1aad6ba7ac80fac0afb2deabdcfe6b,27,0,0.0,,,
vivainio/supermoto,2021Q2,ad57fef183a49661cdce10aa7c6518941d2a5270,28,0,0.0,,,
Iotic-Labs/iotics-identity-py,2021Q2,2037f74ecb72fc018a7e4aaa51fa36d1552a5fa4,16,0,0.0,,,
nasa/radbelt,2021Q2,aaa61dba5b3038becc862ccf66f0562a5f695ca2,30,0,0.0,,,
gauss314/defi,2021Q2,826ec4158aead5c85e05340fda9a372e5c110394,48,0,0.0,,,
eifinger/aioweenect,2021Q2,c22e82b37c968a3481e324c85a44d2ec9527b0be,19,0,0.0,,,
nickvasko/DLTrainer,2021Q2,eec9a54172ab803f75eb4861143913aa29e219d0,16,0,0.0,,,
sebastienmascha/data-science-package-steganography-tools,2021Q2,0de56f96bbbfdae4c8aa2bd491616f87ee5354ee,6,0,0.0,,,
infinityofspace/certbot_dns_porkbun,2021Q2,a81b54e1cdd67238218c02bca4bb553f5a7ed5a8,20,0,0.0,,,
veeeedro/pyArchiver,2021Q2,ce36f36f9167a242b968cefa8cf183ed282f17bd,4,0,0.0,,,
DoctorJohn/django-admin-notice,2021Q2,3bc69f2d20a544409dda3a8c2eeb2a1566d721f6,29,0,0.0,,,
shravanasati/stellapy,2021Q2,23a9b85e44c5cfd95b896ea8ad40fdd9452ff6e7,31,0,0.0,,,
knight-byte/Ums,2021Q2,7341f7ec5f6964781bc5908169960c0412b093ea,5,0,0.0,,,
Carlosrlpzi/Opt_HC_CG,2021Q2,762a313ed16a7096ad3807c54a2d5968bac33bbf,12,0,0.0,,,
ComputationalPhysiology/ap_features,2021Q2,581d5c730365a7157b52a5df59f57f3385591c95,161,0,0.0,,,
VirtualPlanetaryLaboratory/BigPlanet,2021Q2,8ac79ee903c4080831a29e765db230cc52c6cf2d,72,0,0.0,,,
xavibj/pyecom,2021Q2,f66aa8db9ec0edb77d3f707a72ac0b7594002c7b,5,0,0.0,,,
ThiagoPanini/mlcomposer,2021Q2,1a74440dbb0f9b070317c8be1320df8c4e3a38d5,84,0,0.0,,,
epfl-herus/mosaik-demod,2021Q2,9a7021424856e54747562e5df0d18d961bf6702c,49,0,0.0,,,
guilatrova/tryceratops,2021Q2,2308e9ddbbc320b0ad43a7e959cba2d6eaa14526,191,0,0.0,,,
alysson3dev/pyposer,2021Q2,488c6386c9fc4bb288da03a4e6b17a3a0a56d20b,7,0,0.0,,,
i2mint/couchdol,2021Q2,985affa6a1696296e2ad3827f0083602a6a7f4ce,6,0,0.0,,,
softice70/frida-hooks,2021Q2,c754286a325c0a5bf9b810df969851ef2336b9ab,49,0,0.0,,,
sneakers-the-rat/recurse-words,2021Q2,79520d781b44e7c24f377def265f10be602f6e21,5,0,0.0,,,
bandaangosta/saygeek,2021Q2,4da6d9d00a3993fca6fcc3546b299675f08b8bfc,19,0,0.0,,,
ELTE-DH/HTML2TEI,2021Q2,522701f05e90f3d6b63612833043c9437f89bf06,17,0,0.0,,,
buildnode/learndash-python,2021Q2,62876ed296a38f712cb799d79e45a588b4a2b347,29,0,0.0,,,
deepmind/alphafold,2021Q3,be37a41d6f83e4145bd4912cbe8bf6a24af80c29,29,0,0.0,,,
bennokr/ipython_sparql_pandas,2021Q3,59cca736def5def9183494ef1d2b97638db36e42,4,0,0.0,,,
Nicholaswogan/numbalsoda,2021Q3,a389ae81fafe2bb9d927022522029e012cb39899,23,0,0.0,,,
makepath/census-parquet,2021Q3,51027da800797895c569f9b08e84099d750e90c4,87,0,0.0,,,
OpenVoiceOS/precise_lite_runner,2021Q3,aafdcff2bab7a90cd32e1b9ac16daf4b38995bc6,8,0,0.0,,,
rancher/opni-nats-wrapper,2021Q3,3ecf9fc566e772329a02f18b40ab2b8f7a67e834,11,0,0.0,,,
sbaker-dev/pyGenicCT,2021Q3,5fb70a47f02afc6679edf6405131455b3657d58f,14,0,0.0,,,
mattiagiupponi/django-togglefield,2021Q3,359c6e82fb85107896db7c6f1cdfe11c88108c62,12,0,0.0,,,
QuChemPedIA/scanlog,2021Q3,55c9b31259725bcee60d3aff43ffaf2835286aac,14,0,0.0,,,
andyjsmith/GitHub-Email-Scraper,2021Q3,83fa278f533c7e785462b2d96179052742817e9f,3,0,0.0,,,
Liam-Deacon/antlr4-vba-parser,2021Q3,af273e6d7c4efd7660d647ad5b6e338a4ff46bd3,4,0,0.0,,,
xnuinside/table-meta,2021Q3,cc5dd272a03cd8d50018c4a8e5f922ccce207458,31,0,0.0,,,
hamlet-io/executor-python,2021Q3,7ef18019aab4fbc8bde1c8d05da7430707e800fc,442,0,0.0,,,
marcuxyz/mvc_flask,2021Q3,096332c2d94e7750df5a6af8e706d5ef6aa93fc7,16,0,0.0,,,
ChongLC/MinimalSetofViralPeptidome-UNIQmin,2021Q3,cbf0643fc2c1a90c69cd051409d0289d464b7d72,231,0,0.0,,,
sathouel/cdiscount_api_client,2021Q3,1a3e7b02609c64a4a2bf7c700dd6e399aeaf64dd,12,0,0.0,,,
Martin-Jia/logInNOut,2021Q3,8fb1366a86a069e9b9b7263b0acd499793452fc6,7,0,0.0,,,
vnpy/vnpy_rqdata,2021Q3,ac904d57f0915471f562e6596d38a5aaaa4afe8a,19,0,0.0,,,
purveyor97/python_latoken,2021Q3,b8cfd80f9fa2954a69649baae42771d15f64dcaa,12,0,0.0,,,
lvillis/python-crisp-api,2021Q3,da03583d7c891f3b75e056071339ea36b2b199ef,8,0,0.0,,,
dcmoura/spyql,2021Q3,c379afa89c883b29bc4d3eaf3eea5a7c9d9cbd91,194,0,0.0,,,
kellerza/sunsynk,2021Q3,d57102f7b821bda39698e70b3afdeb38e6ea37a0,86,0,0.0,,,
shangsky/flask-sugar,2021Q3,0f3e7fec4d5d7618159075756224d433b30f0997,40,0,0.0,,,
darbiadev/darbiadev-labels,2021Q3,9ff481e0ec4d1a6c10874909b4978efafa663f23,4,0,0.0,,,
glencoesoftware/zarr-jpeg2k,2021Q3,e07cd4507cbc276ac59035b8152cb365c14e694f,23,0,0.0,,,
httpie/httpie-snapdsocket,2021Q3,aa0d58beca2475b461ba9eac420fff5583e67bed,8,0,0.0,,,
cobrobrown/tsregressor,2021Q3,f23d5032bc5841bd65f4673deb96f79551a5647c,9,0,0.0,,,
ijhwlee/histo_confusion_factor,2021Q3,981d64e066a2858fa6d3faa69cbe4ecae3ee9b73,9,0,0.0,,,
mnahinkhan/rnpfind,2021Q3,5aa956ddd528ab9ebd9588be845f78c449915b78,238,0,0.0,,,
wearepal/ranzen,2021Q3,2a3443e79508a7a8a373cc7feb679328b0416eba,247,0,0.0,,,
Machine-Learning-for-Medical-Language/cnlp_transformers,2021Q4,51c0dbad5e84877f1350fae9d97e4fbacc7597d7,142,0,0.0,,,
joseffallman/ffpp,2021Q4,d0cd374c4509dabad6e4c9ac50f410b7e008cbe9,40,0,0.0,,,
kakkarja/ClipperSaver,2021Q4,a27195a6e8cc1e86bcae8445e9c9d866de53c5af,14,0,0.0,,,
home-assistant-ecosystem/python-dingz,2021Q4,85ff621cc42a6b70f1d5aa7c9c7a193087be00d8,88,0,0.0,,,
LiterallyTheOne/r_config,2021Q4,b44c6e6dbeadf5cc53642bb24081b70f66394032,36,0,0.0,,,
TNO-MPC/encryption_schemes.shamir,2021Q4,46dda8dc62c7a453fafe37a9faccca394dec9a49,1,0,0.0,,,
deaflurryth/optimlib,2021Q4,217b97f479d06ecc39d476b47450e27bfc5a835e,30,0,0.0,,,
ffreemt/nb2chan,2021Q4,ba2249679fb053b4a53887467873e4c6b8c96d9c,19,0,0.0,,,
mabel-dev/opteryx,2021Q4,8aa2a195dab158e8e302d3730fd3cec699a200db,692,0,0.0,,,
dynatrace-oss/dynatrace-metric-utils-python,2021Q4,2fbfde20f22e76a641958433097cb688b533ca7c,3,0,0.0,,,
vnpy/vnpy_rpcservice,2021Q4,8cb023e42176fadd7c77e4d36d7ae24af6bd085a,12,0,0.0,,,
mbernste/spatialcorr,2021Q4,33508e8fe5a1e6317fb4f808370e671e2c7374b2,80,0,0.0,,,
sharad28/VIF_FACTOR,2021Q4,ea14384f8e9b6d7467b946366bad9cc23ba01426,7,0,0.0,,,
jrussell25/dask-regionprops,2021Q4,2e193e5be4e30a69c05b0ec72d877a76024c0d0d,22,0,0.0,,,
remigermain/nested-multipart-parser,2021Q4,3ac35f7637314e61d33cb23d6b1f8a59c8d3f01a,33,0,0.0,,,
EeyoreLee/microservices-framework,2021Q4,2de7d33d1c53ce90b0428a47b6f258aad3f0c88b,24,0,0.0,,,
pelican-plugins/search,2021Q4,f39e2dc9e5b2f80e3e88d5570f5b0b0abfb51c24,7,0,0.0,,,
gityoav/pyg-timeseries,2021Q4,87aee17607da0e3618db7d8d13f0af3d3474e448,32,0,0.0,,,
gmyrianthous/example-publish-pypi,2021Q4,bbf25ff23baae4ef7f404ad3953106982989d657,16,0,0.0,,,
un-def/virtualenv-pyenv,2021Q4,19809490f3efefb595898a0b6c1f37a53685d28b,19,0,0.0,,,
deeplearningbrasil/redis-bandit,2021Q4,be5fe991f2831b83772ca2e8c727786f8344c839,2,0,0.0,,,
microsoft/FOST,2021Q4,5dc0e1ec0cd906f781eaf416105722e9693f7e6e,21,0,0.0,,,
doronz88/pytbd,2021Q4,3a3cce172aa56791646c1b73fc8d36f238f7e76e,4,0,0.0,,,
summitllc/tidyhome-py,2021Q4,b8f0c6e0dab2f736c43fbe44c338b21979e2f144,19,0,0.0,,,
Jajcus/python-alsa-midi,2021Q4,14859a3c535d4522610ed0dd2a1f5edf9038d470,185,0,0.0,,,
Topology1225/CUDRA,2021Q4,6145851b755604d37fde4cb1261e427b244a4c98,21,0,0.0,,,
XingyanLiu/CAME,2021Q4,72feaada90811583effd3327c0d879cf02807888,327,0,0.0,,,
siliconcompiler/siliconcompiler,2021Q4,5cfbe80f134597aac4e95cfb1ef941b6dda7102e,4184,0,0.0,,,
NEONKID/python-mf-data,2021Q4,9b0c470b42f874fe415386e9bfc9bcf033e259e4,34,0,0.0,,,
mghadam/ouparams,2021Q4,0862e77b606d833d1955fc47c689661ad12a446d,5,0,0.0,,,
IncognitoCoding/fchecker,2022Q1,353a14beeddc932a54ca84df645df31891205ee0,24,0,0.0,,,
jona799t/python-hotbit,2022Q1,9f64e76284007b347a0ac2eb7b7ed1bddfa78dec,29,0,0.0,,,
eunsoo-icon/icon-console,2022Q1,60268ba09b69e7095841886d26d4aa70bb700230,5,0,0.0,,,
willard-yuan/cvtk-pypi,2022Q1,53d90c1284881de9fd3c7f927e9188c304e9bde8,3,0,0.0,,,
thevickypedia/vpn-server,2022Q1,391f60d12a3acfeadc74172b394cbd30bc3bb278,56,0,0.0,,,
alekssamos/acapela_box,2022Q1,e403a180d5a3e211da021c1bf74ff91732b772df,49,0,0.0,,,
daltonserey/codequery,2022Q1,f19768dcac962cc202c359495e45f7b8100cde16,10,0,0.0,,,
0xOmarA/RadixLib,2022Q1,85d75a47d4c4df4c1a319b74857ae2c513933623,173,0,0.0,,,
danielvdende/adfpy,2022Q1,efd8e97a33ca1c1ab644d780b49099244bc233ca,47,0,0.0,,,
beewally/neverlate,2022Q1,36bd4800fc768591d5f8ff34125d988ce3b0239a,38,0,0.0,,,
offtheface/infinite-note,2022Q1,180215dc57a50f5752403009b7a7d4f435aaae91,13,0,0.0,,,
iMoD1998/PS3API,2022Q1,ba64e6f5c1ed56746309d50c66c906c15045a254,59,0,0.0,,,
withtwoemms/lucious,2022Q1,81485a9c819968b6bb1fac87970ec17bb2733f4d,8,0,0.0,,,
gaemapiracicaba/norma_dd_363_11,2022Q1,26e68a2da0d23c5433e4d2a68ead3ffca9ccaad7,19,0,0.0,,,
xTrayambak/pysyn,2022Q1,b3fbbee7910d61c53e2f8b4d6d82febfb206a084,9,0,0.0,,,
bhch/tornado-debugger,2022Q1,e37f6092d0a3b5663d8dfffe266bff0fdcb64b59,16,0,0.0,,,
malthejorgensen/csvtoexcel,2022Q1,4935587098379345e0329c98d0d7fe25535eeed6,6,0,0.0,,,
caretdev/django-iris,2022Q1,04522d36a709e96bad554580cad83f11b2fc9b4f,51,0,0.0,,,
scottoffen/creds-to-env,2022Q1,c6982a2b0f37e5e7dac3e72ba2c78158cb71127c,1,0,0.0,,,
koulakis/h-nne,2022Q1,02dde3e974e62bba0541113a6ce52892e2ab7179,90,0,0.0,,,
kagandedeturk/ABC-LR,2022Q1,93122b0e0a1a3d13dedd2c98da1aa109ee91dda7,7,0,0.0,,,
fligt/cronomaxrf,2022Q1,b3fe3835ed553e4b0dfdd97d352ff3c57f91c62a,86,0,0.0,,,
jlapeyre/julia_project_basic,2022Q1,e355edaa53d89c26fbf01acbdb798492f62ffd08,15,0,0.0,,,
ilias-ant/pyclimb,2022Q1,0ef3f8483ca331965d9e03ac271f164c8efa240f,9,0,0.0,,,
pyvmt/pyvmt,2022Q1,79ad0cd1145ac7f52891f2fc65747704cf075f96,15,0,0.0,,,
NickleDave/vocles,2022Q1,897cff032af845b0a49af4a0bfdd1a3195b677a9,18,0,0.0,,,
innovationinit/django-kazoo-locks,2022Q1,91ceb37ab92dad97659f24a9a7ace3bb9ae3ba10,13,0,0.0,,,
dcfSec/SecurityRatConnector,2022Q1,53a37829e2da8d863c020df22388312e70482819,9,1,0.1111111111111111,gemini,2022-05-03T19:06:10+02:00,
shinkeonkim/is_likelion,2022Q1,c3f5afd927b50f682e475cdc8b100955cc2698ef,20,0,0.0,,,
mad-lab-fau/cft-analysis,2022Q1,5efeb6d725401bb931013cbcc14b7dc5e4925c78,57,0,0.0,,,
royceltd/django-royce-bulksms,2022Q2,a6edabe111e8651a5707dc2a91c509c13dd120cc,10,0,0.0,,,
stac-utils/stac-geoparquet,2022Q2,09f3bce33c4e2ab8a796b21fd02df55c1b7754f9,50,0,0.0,,,
valtervg13/MechPy,2022Q2,df5d6b5b3d0ed53f211552e4b411a37d0aca67b6,13,0,0.0,,,
songjian/economic-data-tools,2022Q2,bff69a7bbb0d27f0b20cb9f4db9d85e8b50dc56f,60,0,0.0,,,
warhammerkid/bluetti_mqtt,2022Q2,4564b2bceeeb3e21c0ef79d2bc4b7be900bfc927,101,0,0.0,,,
mahesh-maximus/helloworld-pyp,2022Q2,c9a584eb132a8c74bf29653ba0dae72ab73c1e68,8,0,0.0,,,
joelee2012/gitlab-branch,2022Q2,3c0db7c48fa46089b52430746b7864207bd75b66,5,0,0.0,,,
tczhangzhi/torcheeg,2022Q2,f720a6a544d83f04cfb78f2bca5533a3386f31ec,71,0,0.0,,,
pranavacharya/graph_embedding,2022Q2,a8145b1837572ecba38ea2f494b1c89ce1d3b1c2,24,0,0.0,,,
Masao-Someki/espnet_onnx,2022Q2,58a9f72657ae5e839db0744aa92082658c221c73,383,0,0.0,,,
sparks-baird/xtal2png,2022Q2,afe8a41b70f61cf2049ddbeb53b512ede9ab888e,756,0,0.0,,,
mytja/PloudOS-API,2022Q2,582f0cd401d3a027aa782e7a0609ab5b5ab94037,3,0,0.0,,,
Kitware/trame-vtk,2022Q2,7837894175b0fefaaf705070b9c344d1933dc7ec,29,0,0.0,,,
Apifiny-IO/apifiny-connector-python,2022Q2,91b7c825a057390d24132391b8ad734bb0a57c2c,39,0,0.0,,,
tavkhelidzeluka/betsapi3-python,2022Q2,0d72a5a4c6cd0d31223895b8dfb8f8d01b09769e,1,0,0.0,,,
eadali/advanced-pid,2022Q2,af963212ed68fd05c7d7f60a363495912aa26309,80,0,0.0,,,
dgurnari/pyBallMapper,2022Q2,5342015194ee3004997a5ac310803760edf14822,50,0,0.0,,,
bill-ash/django-books,2022Q2,2544fe5af33217d434726f05d76923e65954e14e,19,0,0.0,,,
tplessas/faker-geoscience,2022Q2,2a5b4ee36728c5038484cf4196544e1880e925cd,13,0,0.0,,,
lewangdev/youtube-drive,2022Q2,6de955e9da62a6f39d41c2f05eedab377da3b3d0,14,0,0.0,,,
randovania/open-prime-rando,2022Q2,d0579d99ddcfae026b8508a71d3203557a5dc374,47,0,0.0,,,
zeyus-research/BrainflowCytonEEGWrapper,2022Q2,fa9e2c6fc54db0f6693e4482816f6d343a314532,5,0,0.0,,,
hippke/pandora,2022Q2,b7da6f78dc66a8969e4d343e60c7692268556608,243,0,0.0,,,
naver-ai/eccv-caption,2022Q2,13b9bf3c45fd7778351e06d5f69d39d76f90d53e,2,0,0.0,,,
Elan456/EGene,2022Q2,689dacb4dd77d16d9173996bdfdd297eb1a451de,60,0,0.0,,,
SpangleLabs/vidhash,2022Q2,97731ef81f03eaf2f1b7905a9caa6564b7217a32,77,0,0.0,,,
AMDA-pi/amda-pi-python-sdk,2022Q2,3e9057d3ef88c6ef2a83b2e77bfcdda0a2e0edc6,22,0,0.0,,,
igorvanloo/mathslib,2022Q2,fb7561826037e702a1d84298fa1a3ac6f33647f5,48,0,0.0,,,
defartsa23/password-generator-py,2022Q2,b87fa15cf3dd84daf81c4f98276a8b2aee565ec2,12,0,0.0,,,
GoodManWEN/fastapi-queue,2022Q2,88a39a6d5c205a7612d0e776e167f00c85b7e010,26,0,0.0,,,
deivit24/python-steam-api,2022Q3,fda89cedd1e4498fd6f68bbfe67622dc8196a621,22,0,0.0,,,
blacksuan19/redash-python,2022Q3,4d2190b45ffd6baa9107e3fa2b906c581f05ebe6,206,0,0.0,,,
SiwatINC/siwat-light-control-protocol,2022Q3,1576f358c3c12d6bcf09e3cf76232044f90a3176,40,0,0.0,,,
WitLaboratory/witlab,2022Q3,70cb74bb0e5c14c3820e17f73c920546a209f44e,9,0,0.0,,,
crowsonkb/k-diffusion,2022Q3,b43db16749d51055f813255eea2fdf1def801919,151,0,0.0,,,
mseehafer/PyProtolinc,2022Q3,599ee0273e8563866d83f85dc7639f76d21aa474,97,0,0.0,,,
aoirint/matvtoolpy,2022Q3,b2298f5d1d75def9325b8f85f99033d9a6b652de,35,0,0.0,,,
aysunakarsu/lighthousedataextract,2022Q3,51e08e4dcc7eca1c3674f7e63405fccdb4b393f4,10,0,0.0,,,
Sclock/nonebot2_plugin_eth_terminal,2022Q3,eeeb4c2a9c5591fcab2aa937a02823d3cd4206de,2,0,0.0,,,
krzysztofarendt/confident-blackbox,2022Q3,bb4b9f6f42be81b06971834d5be04df623e089b8,6,0,0.0,,,
snorkysnark/jinja-psycopg,2022Q3,622225e3379978e3b8bff644a0762653cfa464a9,41,0,0.0,,,
sffjunkie/pkiviewer,2022Q3,7d7d0eaa7f89cd9d259c18fbb98fd6b06a5662d2,72,0,0.0,,,
tspspi/pyka3005p,2022Q3,fb1e5277ce308f244fe66d742a90077f2a7c58b8,8,0,0.0,,,
etrotta/flask-discord-interactions,2022Q3,b0d9120673bf909c102b4f622ea51f3dbd1b2683,503,0,0.0,,,
jduffield65/coppafish,2022Q3,358701a3f29eea13c51527e41073bd1ed92027de,462,0,0.0,,,
jbuendia1y/download-animes,2022Q3,64f8d11f94f81ab0152a697147577a1b23446a09,24,0,0.0,,,
Velythyl/s2i2a,2022Q3,9e26caeeaa4805cb70174f6044b3c942d664d9f3,26,0,0.0,,,
kpn/kstreams,2022Q3,4593db17744f78da8baf5f7ffc34d146b58274c3,130,0,0.0,,,
openpifpaf/openpifpaf_extras,2022Q3,bef4bb87e9e6cb6351d73c02ebde733083bc4619,7,0,0.0,,,
rommel-rodriguez/torutils,2022Q3,18b85d43345fe54d8093c741bee02035b41dbb65,3,0,0.0,,,
Hanra-s-work/ask_question,2022Q3,1cb193f83b512664c76e386169ab81fd96859fd6,6,0,0.0,,,
danielvivaspe/typeform-extractor,2022Q3,e5c3ab2f4d3bd6d0264f3860c31ab4af3eef585f,15,0,0.0,,,
skalalab/cell-analysis-tools,2022Q3,fce80a0ab92442d0452a1a503da7c9b475250cd6,185,0,0.0,,,
macwinnie/python-pushover,2022Q3,876c23cf3124ed6469150d9840473d1ed7fe2920,13,0,0.0,,,
matpompili/caniusethat,2022Q3,d531a729469f5051ebdd8f9b0124b3b0b20ebe6c,58,0,0.0,,,
tz4678/x-access-dumper,2022Q3,1080619be1d0d91637b66f4303afa6a3d4bbb77f,61,0,0.0,,,
filippofiocchi/QuClu,2022Q3,7b3acea4643ef680bddc133fa891fd203b1b4a6a,12,0,0.0,,,
dnicolodi/python-siphash24,2022Q3,a58008c75dd2aa5275c19cf0c78a487ba82af256,25,0,0.0,,,
keyu-codebase/toolky,2022Q3,dd7b1de8cf80bffc132cfd8cea5e9f74d92d52c4,4,0,0.0,,,
albertz/py-tui-editor,2022Q3,b2db8aeeb456a8b842dfec61163a3414641519da,65,0,0.0,,,
NicolaDonelli/py4ai-core,2022Q4,5f4b719afdcad7042f8dd1e7d52e810b8ea03321,19,0,0.0,,,
joshburnett/COM-Port-Monitor,2022Q4,1410595865bac49a03655fc1c0b50b01d9e01dee,13,0,0.0,,,
mttng/rikafirenet,2022Q4,681bb5a717d20302a37c2cdf543acb56abfa80ce,23,0,0.0,,,
minaaaatef/Django-Microservice-Admin,2022Q4,991520b1f886115ffc1008ece5e76010cd378625,12,0,0.0,,,
tombenke/otel-inst-py,2022Q4,4f90dc66c2e90ac4517f361da88d8e9ea1cb70ec,14,0,0.0,,,
ortk95/planetmapper,2022Q4,9f43f2e17e4a8992a224e05a63695d7b77176552,770,0,0.0,,,
psychopy/psychopy-mri-emulator,2022Q4,713b6947bfc1278392f543a0ef8fda570c3abe31,2,0,0.0,,,
ChloeXF/jwt-auth-py,2022Q4,39f1505b7cee7b24306dbd0de458eb9d18aacf05,11,0,0.0,,,
Adair-GA/wallapopUpdateWatcher,2022Q4,aacdc271d5847f66a91b88d1780a31817351b02e,55,0,0.0,,,
pstoeckle/TUM-GDPR-Folder-Scanner,2022Q4,b3cfbed668e566b29da42859f8d8452b1c764040,57,0,0.0,,,
nilopro/teleauth,2022Q4,32ee0bb6c4104bcdc85cfb6ed58843fa21dc7dff,41,0,0.0,,,
AnthonyAniobi/Api_Clone,2022Q4,063af7478205d582c0da68d6d07f4e29fa5d0929,18,0,0.0,,,
KAUTH/pre-commit-git-checks,2022Q4,6bceeb7fb9f24270acff72b46979e9298bd60823,8,0,0.0,,,
msbar/crypton-tool,2022Q4,b4daac8d754e2fe9dc85e7c38d1445fff740d781,14,0,0.0,,,
GarethDJohn/python-passivapi,2022Q4,1e7adbda5f91ce282f09355901d992fad1d425e1,8,0,0.0,,,
mtzgroup/bigchem,2022Q4,808c43514d94f42cc61b71f8b51278ab81d87534,72,0,0.0,,,
smithk86/starlite-react,2022Q4,923109b1ac19429f9a3260e5705b6f7a715fd92a,4,0,0.0,,,
jan-grzybek/autisto,2022Q4,268149740bb8f285df8a6324cc173529c5e9d10a,17,0,0.0,,,
schleuss/certbot_dns_freedns,2022Q4,3e06b49bb8c6d6c3d42c0959bae7b805b3432673,2,0,0.0,,,
centre-for-microbiome-research/zenodo_backpack,2022Q4,81029fe38658bcf0af70352484220b2b2728b728,40,0,0.0,,,
atomicptr/genshin-account-switcher,2022Q4,e4fb83abc7697469a04ab1b8fb73425d681b15b0,14,0,0.0,,,
art-egorov/msa4u,2022Q4,e762b9ff265cabe54f6b4d3c202bb6c155dbaaab,16,0,0.0,,,
fablabbcn/smartcitizen-connector,2022Q4,3a6694903cb601f08cbede02447e046c061b43a1,4,0,0.0,,,
i2cy/ch347-hidapi,2022Q4,9331508eafdc1b2f4c3a9893d8e696f31359011f,9,0,0.0,,,
TomJGooding/py-diceware,2022Q4,7cb4286383c1480adff4856a1b099974a6b08731,67,0,0.0,,,
vedro-universe/vedro-cloud,2022Q4,23c889b036c63206c23ce23b5b8bac71ad543e7a,24,0,0.0,,,
MolassesLover/Crpyt,2022Q4,801411156ea27486cc7f457bd18f776375944294,28,0,0.0,,,
devoply-dev/cmdweeebs,2022Q4,de9551d3610c61277eaef9a03c0461e4cb1a76c3,6,0,0.0,,,
maccam912/add-only-dictionary,2022Q4,1514e3d634dd5cb15a8be36118c39356210c9689,190,0,0.0,,,
NeuroPyPy/web_graph_testing,2022Q4,678634bcd1754edd1e9e7f41c00e87ce7442158b,10,0,0.0,,,
FAHRIZTX/ZKSoap-Python,2023Q1,5ab3ff01766014949ff61c5e73c9887e1b4ae54d,9,0,0.0,,,
FFY00/ffy00.packaging,2023Q1,91ff0e9963c34a43aeb2119bcb2f294b70715618,5,0,0.0,,,
Anrufliste/dt-sms-api-sdk-python,2023Q1,12225b0d5c41cabf22f0c64cc5a047e2791bab5b,21,0,0.0,,,
leoxiang66/research-trends-analysis,2023Q1,613ea96ce5ad088cc030eae8f6eb032ff287e207,41,0,0.0,,,
semiautomaticgit/remotior_sensus,2023Q1,8020b1b57251f41d33841e5af6f854f330b60c2a,102,0,0.0,,,
amikrop/pygammon,2023Q1,b67dfac28bf815cafe289690f783b387b2debcf7,12,0,0.0,,,
Lightning-AI/lightning-colossalai,2023Q1,935145a5af4e9b53527410b87be04033cf342db9,57,0,0.0,,,
3BioCompBio/pyScoMotif,2023Q1,b60ff95d8a67655802b6afa08b5ba88e0caf8efa,3,0,0.0,,,
ecmwf/troika,2023Q1,bd71d293388e61230268500cf1ce8553319016a1,258,0,0.0,,,
hamedR96/ANTM,2023Q1,501256c9784d1f4e8e6b4158c2a91242f4a72239,41,0,0.0,,,
oalfonso-o/FastGET,2023Q1,f2cbb2abf99fb17ba5e6b8b7b657da3cd292990a,46,0,0.0,,,
aryan-at-ul/imgraph,2023Q1,83cd97a76f95db99d9af907c0ce9fba5f2d87df6,42,0,0.0,,,
iamgodot/py-tldr,2023Q1,3c1b287ae5708c6db8be0dccc84fe9d20775a357,168,0,0.0,,,
osl-incubator/makim,2023Q1,1d786a9a3dba0c5def41a6f9e8e9d4d0bc72df9e,55,0,0.0,,,
SiLeader/rfcctl,2023Q1,b84f7a3b3b6a2dfd98254b5ad0ac57da3aadb0fc,3,0,0.0,,,
seung-lab/crackle,2023Q1,9fc5e4acb91c105ef64e6976de4c27e840f5bd8c,311,0,0.0,,,
jorgeav527/epic_trials,2023Q1,4a94b3c8564e94af36fad317841ac8719e0b0cfe,5,0,0.0,,,
H-MAli/persian-localizations,2023Q1,c98f9deb02eec5361bf01a10d6f94ff46c29bd10,7,0,0.0,,,
pasteur-dev/pasteur,2023Q1,b08180ec86019037a6784438b51281e17a983ee8,594,0,0.0,,,
aneesh-aparajit/torchtemplates,2023Q1,88d99c4a3c423394a47492552fe313dab3656787,22,0,0.0,,,
Rudd-O/beancount-future-transactions,2023Q1,60e67347ee562533460e3e5ff83549998b136c0a,12,0,0.0,,,
Quantmetry/qolmat,2023Q1,8cfbfd327a0fb4b9c19a36616a47d9e0633e9afc,722,0,0.0,,,
evoth/gopro-video-sync,2023Q1,968ebbb593ab96edb6439d059c203cdb1acb580a,6,0,0.0,,,
lipov3cz3k/aicooking-ble,2023Q1,71c2b1987b426b15390b294e234145976039c1e8,47,0,0.0,,,
scape-agency/rite,2023Q1,dc87cb26406f3d0f9dbe9dc9c9df10374d0f638e,23,0,0.0,,,
VictorMeyer77/tokenish,2023Q1,6db7f49cb62f2912ae2f5208f02027803a8e2050,41,0,0.0,,,
dierk-bentpiening/Dict2Class,2023Q1,999e026ac38ac6936cbdc5f1f6ef5e23090e0b0e,8,0,0.0,,,
lkccrr/rescupybs,2023Q1,44bea75426209d0a76eb6f45c5900c3e6d0bf17e,7,0,0.0,,,
biglocalnews/tile-tools,2023Q1,35c71dd8a883e91d6849ce9e28621570bad5f1da,24,0,0.0,,,
keifufu/PyWNP,2023Q1,168074417889e72e18127614a874b48fa7eb0f4a,36,0,0.0,,,
coyotespike/voyager-dev,2023Q2,c1fe5ce5fc9d4c7e723a81db57bac5e987aeb11c,19,0,0.0,,,
sdpython/sphinx-runpython,2023Q2,f4f0e1b79e2c3e034017485c97dfa8afb8975a47,45,0,0.0,,,
jpmchargue/doremi,2023Q2,4620d21977578bfac5b2f1c6bc1c97aa836b46bc,19,0,0.0,,,
nlandolfi/symgt,2023Q2,1876da068360a39dde184be624ddc031286f5464,58,0,0.0,,,
sitbon/poet,2023Q2,3fa5718d9b2eafbe50bb9c78705f02f935d5efac,5,0,0.0,,,
ftherrien/VaspGibbs,2023Q2,a43c44584e9235452d4e4e3f86beb9a3c52cd00e,22,0,0.0,,,
rizerphe/openai-functions,2023Q2,d86093e07208403b47223fac34fc3f7c69519a46,69,0,0.0,,,
carlos-lorenzo/solarkit,2023Q2,f98fca13fa7ec41068f9058ba95f10b385e85905,45,0,0.0,,,
NeverStopDreamingWang/pysqlmodel,2023Q2,0c5fdf63fc3367ae33192c28cf9a7688b6eaa664,3,0,0.0,,,
chand1012/sql2gpt,2023Q2,a8090eb07ccd61f3f32487e52a10add729ceac5f,7,0,0.0,,,
hylkefoeken/json-to-csv,2023Q2,f5b074d8851ae5f7c10b0da64ed38ee2bb1e5ce1,20,0,0.0,,,
RussellDash332/autokattis,2023Q2,7432aeba67d399559f563704de653eb9d1db8deb,30,0,0.0,,,
Maxoplata/simple-locize-py,2023Q2,8ba2873dee21a4ba0ea4e1ea3573be820651a603,1,0,0.0,,,
karas84/ProjectZeroUndub,2023Q2,f2b50e58dda6b63b2b38883b1da4a125d201e23a,18,0,0.0,,,
jjlawren/sonos-websocket,2023Q2,6ee6167819a22338cc2423cda28db50f1eab847c,33,0,0.0,,,
dahlkar/uservice,2023Q2,8ef73468bd916ebc508bc8d278657549051798c1,8,0,0.0,,,
timothestes/poc-poetry-partifact-plugin,2023Q2,83e4d169f30f3acf9aca904513dddf7190784126,61,0,0.0,,,
max-efort/scraple,2023Q2,1ddc578b55eae0ac7f34e8d4a6898d18c36e12f7,18,0,0.0,,,
ohmytmp/plugin-gui,2023Q2,244150445e5604535e9f75dd0382f05b0d1f84e0,5,0,0.0,,,
Practic1984/SqliteOrmMagic,2023Q2,b1241e7e5e63830ab2b03bedfde2a3d25b6174dd,18,0,0.0,,,
smart-on-fhir/cumulus-library-covid,2023Q2,e3f670422cfc2c95a35b3414939b8c4aeb441af3,25,0,0.0,,,
LukeSavefrogs/easyfatt-db-connector,2023Q2,ac418d249232a877003ef25ab7bb8d4daf3ac35a,54,0,0.0,,,
ConvexRegression/cvxreg,2023Q2,383610aeb250e54d176eb4d02ed92a4d9928e465,83,0,0.0,,,
flexdb/python-flexdb,2023Q2,32dbd7e4332ce6d801e45fd1c560d01e0d03bc70,11,0,0.0,,,
DariuszPorowski/chatgpt-pre-commit-hooks,2023Q2,193409290fa94b897526c76d34d72944c9e84b81,13,0,0.0,,,
max3-2/pybudgetbook,2023Q2,b3ff764a461a934c19b6bb82f443687897a6eb82,258,0,0.0,,,
toripppppy/pymaibool,2023Q2,01b87d0ceb1d57116fd2b846d13ce91cbf351a58,5,0,0.0,,,
zilliztech/GPTCache,2023Q2,a9b94f4bcb0d3cea259f7c647d8ec76ef26ba913,491,0,0.0,,,
miquelmassot/pyvoyis,2023Q2,5553b734c1459054d33843659ffcc45dfe512c76,31,0,0.0,,,
VoXDoX/async-payok,2023Q2,51228e89488123afba0590c42424751b70662cce,5,0,0.0,,,
issacto/PyCuGa,2023Q3,87b0b868813f259b6348016919e91f8b6b635da9,41,0,0.0,,,
ideabosque/suitetalk_connector,2023Q3,6a7527905e34220436d035b5e63948814b5f0fd5,176,0,0.0,,,
harin329/embedchain,2023Q3,ca09b6291a3257796b61321e53e01ddc9344fc87,72,0,0.0,,,
williambdean/latent-calendar,2023Q3,a6a13fdb5ae16b3279558bb3a52ccdea1c48bf72,79,0,0.0,,,
tdsmith/rspro82,2023Q3,c2e3ca919aeedad44ec0fa0d60b0784a9fa94cff,2,0,0.0,,,
logc/bq-tabulate,2023Q3,b5863331368c5769ed387ffb5d6f1f659ce84d78,2,0,0.0,,,
blazeegor/blazogram,2023Q3,18e4312f89ed30d3b7abb401598aa988cf8e612d,15,0,0.0,,,
justengel/just_heic,2023Q3,25e4cd2db3e58a88909f5b7b4563ffdcd2f12588,8,0,0.0,,,
marcosalvalaggio/robingrad,2023Q3,e2c282e627ddaf1f2d9a659f53606f4092be02d0,96,0,0.0,,,
onewesong/natchecker,2023Q3,a19d1bddf3d40d286b3a0f218ad38d342c5c5353,3,0,0.0,,,
gni/offvsix,2023Q3,1e3b7c8824b2618a0561441c312ccb8a37274c79,10,0,0.0,,,
Suke0811/Localization_T265,2023Q3,13d8854bf5b051a30996f5d1ff6ba0bc54dc2bad,21,0,0.0,,,
niqzart/pydantic-marshals,2023Q3,fc21e8e27f28dadd25bbdd4e129d234feec24090,74,0,0.0,,,
EJOOSTEROP/quke,2023Q3,79268a6444fc58571d1149833fd93b7c08e68e1a,5,0,0.0,,,
phunh/markdown-gettext,2023Q3,c9ec4c94aa102284c1dbb06890f6204d34360744,8,0,0.0,,,
RobinPicard/cloud-functions-test,2023Q3,b1011fc21e1e9e9aa321422c098233b206c8b116,18,0,0.0,,,
tracereq/python-tracereq-sdk,2023Q3,a24441ccc54249a7be95b2c2a18a1bab15c61da5,24,0,0.0,,,
Denperidge-Redpencil/divio-docs-parser,2023Q3,824cb59dacc505b6a617e138b1cc1d4f7c0a317c,141,0,0.0,,,
AWeirdScratcher/gpt-trim,2023Q3,5af74583a3cf1dc1ff6b710264558fe456fbeb38,3,0,0.0,,,
infinitode/deepdefend,2023Q3,13d3bc98ec1a15155f9ce4045353653396967aa5,1,0,0.0,,,
joelmccoy/pyiamvortex,2023Q3,13ef847441455be0ce5fb04f41138fb55715ebe8,8,0,0.0,,,
KennethTM/sonarlight,2023Q3,a2ea152324fd77dacfcdb3b9909ef897249a7bcc,23,0,0.0,,,
cheshire-cat-ai/cheshire-cat-api,2023Q3,2902352cd5f50f064d5680277b885d8a9aa87dc8,88,0,0.0,,,
onedata/onedatafilerestclient,2023Q3,562af72dd4242e2c494c5071054b15cb3dabcf56,18,0,0.0,,,
shadowboxingskills/ppchain,2023Q3,22e2edad74b3c9560b91af7e3a1affea954903aa,83,0,0.0,,,
Edrolo/django-url-security,2023Q3,8e59a3718375c1ecd414b33b3b53fc90224c39c9,46,0,0.0,,,
upc-ghs/flopyrw,2023Q3,500ec949581f4c319108c31690625b60f8520ffb,201,0,0.0,,,
AnotherPillow/tmxpy,2023Q3,9948f8585266602e0e0e717a86fac05775f7fea0,29,0,0.0,,,
ydg119/bardclient,2023Q3,c0fc5ac9663c1127c238b9678d50eb04705fcc71,2,0,0.0,,,
kyegomez/kosmos-2,2023Q3,457f00cdbb503f8f93ef7d160f4dd58a6187bf37,22,0,0.0,,,
anayden/r2dt-client,2023Q4,0fa1a320d056ab45451df82e495d7b72df23df9e,62,0,0.0,,,
ftd2xx/ftd2xx-aio,2023Q4,b9b9de1ad08c4a1ecb81190eaf9ab6965a223e7f,7,0,0.0,,,
zmievsa/cadwyn,2023Q4,7ee3871b98660273ecf780126aa754cc9ae8177a,205,0,0.0,,,
AHarnishPM/morsey,2023Q4,0c78c3c25f3ae17954b6382bb97049c11f071bd1,29,0,0.0,,,
hanyangii/methylbert,2023Q4,60a8f82e3fab52e96edd47f54c2e023aa268c51d,105,0,0.0,,,
amirsharapov/aiocdp,2023Q4,9a137ac39d24b0b1d9b34173e6ae407647411071,141,0,0.0,,,
Nathanieljla/cg3d-maya-core,2023Q4,e4369e547366a95bc4c749ed4f475a4f45a5a52e,47,0,0.0,,,
statbiophys/HLAGuessr,2023Q4,c358a7e4bdbe94fd604ec52c6a8db515c4e390e1,45,0,0.0,,,
kkoutini/hf-fastup,2023Q4,ca9e458043f54503fa40e3169296f05a3824b351,12,0,0.0,,,
MaximilianHauser/HexLogic,2023Q4,5fdc2fbec8e0565d4f219edc2ebe6f89afcff570,14,0,0.0,,,
NVIDIA/NeMo-Aligner,2023Q4,5b898b67ab08ed68e2b2b89bf898db233e71eb68,78,0,0.0,,,
choekangrok/k-k-relation,2023Q4,52ca982bd1f57a2f9f27c9c619ffd281195419f3,15,0,0.0,,,
Bing-su/do-problem-solving,2023Q4,096ac8f1e043c15900ff9f132b6edb15506b7b2b,9,0,0.0,,,
tradinghours/tradinghours-python,2023Q4,f020f05a2ef2c360751fb65adfd5b3641f39a556,223,0,0.0,,,
fkie-cad/AndroidFridaManager,2023Q4,f992cef31f3e6590c2b07cb5f19a49b070ca2e87,29,0,0.0,,,
VectorInstitute/flex_model,2023Q4,94e3cb434d26bc35c8503b4f6f2dd0b500ae90e8,94,0,0.0,,,
ClickoTON-Foundation/xrocket,2023Q4,4f6256a1cbf2adcdbcac4afef5a4ea0219e343e0,18,0,0.0,,,
brainspoof/goodgit,2023Q4,642a8d408bfe5aed58fc12c9900d9f2f5ba377d9,49,0,0.0,,,
saman-zand-h/cocalc-python,2023Q4,83a640831f32416b71bfc4ba7485b6fcee54a0e4,5,0,0.0,,,
Valentin-Butorin/rutube_downloader,2023Q4,532f63d1c954e94db823a738ff29281f04f83df3,1,0,0.0,,,
BrandonPacewic/pygpm,2023Q4,23ac9f24820c24c37d13df93d752163419b76332,61,0,0.0,,,
annieklamar/foodframe,2023Q4,f6cf821e70427e1fa6a2b20bc7d50b8856d51784,7,0,0.0,,,
jossmoff/bookshelf,2023Q4,46ead97782c9531dbc584781adc6a8b65a90047d,37,0,0.0,,,
StructuralNeurobiologyLab/autodoc,2023Q4,d52050e6b86674647d0588734a64bca5861e92c3,34,0,0.0,,,
code4mk/drf-friend,2023Q4,62ef06384c68663be07890e42064e2cd166cad69,47,0,0.0,,,
0mudkip/repo_paquete_ibero_al,2023Q4,ebaf814917b122fb550f2f9d8131e68b83f3478f,13,0,0.0,,,
measure-map/pyMeasureMap,2023Q4,287cc491468e95c55866382d227f3602f4f3273a,28,0,0.0,,,
DevArKaDiA/transpy,2023Q4,af87af21d2ea79906e0b68c70d959b2cbcf55cd6,21,0,0.0,,,
kyegomez/fuyu,2023Q4,6ec6c258f9a9e0391baf9dd4ebed05015f96c143,24,0,0.0,,,
ifak/json_schema_tool,2023Q4,a86626ef47d098a64a91b84d72fd8b15d8b5b4a2,25,0,0.0,,,
DSsoli/esa-2scm,2024Q1,bfd1a4aeb1899b6beb525f6acf07480723abedd0,26,0,0.0,,,
jaideepsinhdabhi/JustDataML,2024Q1,2110a4b4257587f88502fa84e711eab01e7ebfe0,23,0,0.0,,,
telefonicasc/tcjexl,2024Q1,79e7e07f9d36718f8709203b52040ea7214d5878,49,0,0.0,,,
metno/pyaro-readers,2024Q1,6924bd1e8a5f8cd34a9f166fe3de56ca94de418d,153,0,0.0,,,
frequenz-floss/frequenz-api-electricity-trading,2024Q1,51b5dd140a960cc8c037a5899ce6ac71cc3a8823,167,0,0.0,,,
django-community/django-community-playground,2024Q1,b42020b0175f9d24d51e2744ff3f346aaaca02c4,11,0,0.0,,,
jdaarevalo/atomic_execution_control,2024Q1,5370e11e8cb33facdc2555eaca6309c631f4073e,15,0,0.0,,,
MikeTheHammer/wmul_file_manager,2024Q1,9d6cdd3e629a617b6afeda2da6c566318d287bdd,20,0,0.0,,,
shibing624/chatpilot,2024Q1,f57e361e59b70e1944316661b6b0905d22579126,129,0,0.0,,,
blackthorn-ai/fluoricLogPpKa,2024Q1,af46a8c74b94242c4c6234b7671eca715eda61b1,16,0,0.0,,,
4Freye/panelsplit,2024Q1,a80d145bbe435a34df71162d74469a1538c3b8e3,153,0,0.0,,,
jjrdk/generalist,2024Q1,68ce886bfa8ac5d1601318d3715c260420267791,4,0,0.0,,,
sotte/mrproject,2024Q1,76ebc8b71c91c8b0bcab1d00009f30a785679082,6,0,0.0,,,
alexishumblet/pyestimate,2024Q1,dd020c5720749e3f1eab91b08f59c1f900751453,48,0,0.0,,,
maskalev/openweather_sdk,2024Q1,9c958574ff59ac6fd9800dd39324bd64a88e70f0,61,0,0.0,,,
timertimertimer/web3db,2024Q1,f7bacc0b527b0001aec93bd87452e20a7ac7226b,42,0,0.0,,,
milvus-io/milvus-model,2024Q1,c19565b6d184fe36d39bba3902bdbb72e34e340a,34,0,0.0,,,
rasmunk/libvirt_provider,2024Q1,3a2f9bbf3943fd97d41c153b0097f7372b366430,159,0,0.0,,,
MarcoGorelli/polars-xdt,2024Q1,a08d7fb427b50310b6b11f2cc7da4720cde9dc6f,479,0,0.0,,,
danibene/tempbeat,2024Q1,a2189bc3a295f407432311c3446a17537d5d1c83,118,0,0.0,,,
YYLIZH/momomail,2024Q1,3fc0b142cd92ec1e3790732de78a17db15365ac6,12,0,0.0,,,
bpcreech/nodejs-eval,2024Q1,d045a655dc44737e2c3d4bce1e63da1c680ac016,19,0,0.0,,,
ZJUFanLab/SCOTCH,2024Q1,8fe676de0a139fbdd7acda634cc3c4aabfbd3425,12,0,0.0,,,
Capsize-Games/PyQt6-mediator-mixin,2024Q1,954e70379023d8a7d9b4f5149ace8f412b460f5e,14,0,0.0,,,
zerario/Python-PiShock,2024Q1,1f8ee1baf59beabbeb48ff9e5818e32b0beb332f,184,0,0.0,,,
matgenix/jobflow-remote,2024Q1,499791a2244f32911e66e06068f876fc6b3fd09f,238,0,0.0,,,
fmahe/fibermat,2024Q1,76942fabf03c9fb2e31e7e59d5aae1d36eb58b67,132,0,0.0,,,
mgoltzsche/beets-webrouter,2024Q1,ceb29f8dac235651c06802f035b8e166904fc677,12,0,0.0,,,
altlinux/py3dephell,2024Q1,b083c36bbc8f1118fcbada5cbc6119a7745ea345,70,0,0.0,,,
chrysochos/django-tristate,2024Q1,d847813fc0228fdd3af97592cf19a2125fbdff12,9,0,0.0,,,
MacHu-GWU/aws_textract-project,2024Q2,563620b6bc353c0b7bbc5e990826f3b9d0924bb5,18,0,0.0,,,
lukasz-migas/yoki5,2024Q2,a99fbb0b53100931216ecb4954a0c112cc137e6b,72,0,0.0,,,
lippinj/statfin,2024Q2,05834ed83302fca807e0d3a31a67327f1239e7a0,13,0,0.0,,,
mike0sv/hanapy,2024Q2,df001c0fab8e6629018256b57d86609ac84d2ad7,33,0,0.0,,,
vectorch-ai/ScaleLLM,2024Q2,dd712028cc418444fc055fc0984b01f313f60092,628,0,0.0,,,
cri98li/TIF,2024Q2,75627b0009615d870de2d0fecb4b5537890a55f1,28,0,0.0,,,
wangyanxi/py-ads-client,2024Q2,bf62ac874694df0d664b16b657a536a8a1cad446,8,0,0.0,,,
vm-x-ai/vm-x-ai-sdk,2024Q2,9beb8592c696acc69b227a915610c9a179e14781,153,0,0.0,,,
AnnaFomina1997/Text-to-Image-Generator,2024Q2,8ef2f4f7d17461a89fec72b3bc2c591deee573f7,21,0,0.0,,,
dominik-gralka/mailengine-sdk-py,2024Q2,a52596767bead603ebf667b7c66c460dc38133b3,11,0,0.0,,,
ochaaz/frameablez,2024Q2,965513c81529551c8899317777a10eae4c5f958f,5,0,0.0,,,
pafernanr/sarcharts,2024Q2,023722063554876e978ebba9f7006dfd6d563156,139,0,0.0,,,
liujianchao1214/PythonTest1,2024Q2,fd4e87f510f2da2865f854c30f636a9bfa35be3c,3,0,0.0,,,
imyizhang/jsonabledb,2024Q2,9a66ae87fda623370397202584259cc934043045,2,0,0.0,,,
ItsNotSoftware/lions,2024Q2,25f1b11896adb041e7c29ae2863451baa9e96f32,156,0,0.0,,,
vxnuaj/nue,2024Q2,2fd268e8beb2a2b092c6b4576b56208e95726a3f,100,0,0.0,,,
mirukutea/serpulidz,2024Q2,b2bce7be30ba2ac50480c545037df01d1ac15bca,5,0,0.0,,,
oyvindwe/connectlife,2024Q2,785531d894bcac92f971aa3e02a0e69c1f8db5e3,44,0,0.0,,,
avadhanij/stym,2024Q2,314f5cbbbf3c978c2e083aeb024101ded06f518d,6,0,0.0,,,
jgrey4296/jgdv,2024Q2,f360a867686536f0aca24f8e475881522001e9fa,89,0,0.0,,,
s-weissbach/neuroimage_denoiser,2024Q2,832c0d7239b0835d51f8d8bc8e6489fb089f57f9,209,0,0.0,,,
AI-Colleagues/st-components,2024Q2,84e83e59e8ce653356c02df747da50e5874ce196,7,0,0.0,,,
ToC-Taiwan/toc-trade-protobuf,2024Q2,5d87275d802b9a1372b4a1ae8437201c9af81adf,176,0,0.0,,,
polaris-hub/auroris,2024Q2,0a73cda55b5dc0ef237fb9dac3d8c361cf9aeb03,18,0,0.0,,,
yaoweiipsy/pylib,2024Q2,6d8ee42769a9fab5d3d6f05b37340b3273912b71,2,0,0.0,,,
ITJamie/netbox-changelog-diff-plugin,2024Q2,dd810be4959c8aa42e23c546d28c8974b6270baf,9,0,0.0,,,
deep-spin/quest-decoding,2024Q2,2d56331ab1101de3b098bb2b6970d5ddf47894fc,21,0,0.0,,,
mirukutea/zygadenusz,2024Q2,6f4690fb77a36c43f0fc0061ee40c06511a79019,5,0,0.0,,,
makridenko/supadantic,2024Q2,b3dba0ef1ee0dc6882089823d6ab98185f6c6e41,36,0,0.0,,,
mhlee216/Matini-Net,2024Q2,d3326c222980c4f77df97b73be544bfaeb78b776,2,0,0.0,,,
leavers/fluentmap,2024Q3,27f36e05358d8f59212fc5a9ee5742d70f3528b9,9,0,0.0,,,
kriskacg/katiag-image-processing-package,2024Q3,ad6e01ef0e1f8cc9485a7f534e85e8b2c5eb9d1c,3,0,0.0,,,
wisstock/hipocount-napari,2024Q3,2ccf95d8694f63161d3da9a8173253b394459088,7,0,0.0,,,
nikhilmenghani/niklibrary,2024Q3,1b3a3b29797377aa84408c71a4d886d17c0d18f2,71,0,0.0,,,
ProtDos/pcheck,2024Q3,9fa33cce25a159c03bd5b97781e0c587399eaac7,8,0,0.0,,,
tum-robotics/trinkgelage,2024Q3,2fdebdf48143d6baca0a70a387c53f05e15ebb53,25,0,0.0,,,
huluxiaohuowa/hdl,2024Q3,5c5bfe865af0f5a3763e587b2483b167979d2b20,442,0,0.0,,,
Martini-Force-Field-Initiative/MartiniGlass,2024Q3,c0365f7fcf4f92731c086b79aa1acd25a203fbaf,179,0,0.0,,,
codebased-sh/codebased,2024Q3,f2d6bca135e22aeba52f7c5b6c8d6aa3dcec10e4,303,0,0.0,,,
benrutter/ufo-tools,2024Q3,90d8aa07d301450ea611f2235d62e129bbdcf6cb,19,0,0.0,,,
gupingan/lakedoc,2024Q3,e070e723411c9892bd1db423fcf3cbca74fe1ff4,14,0,0.0,,,
Xdynix/python-ulid-django,2024Q3,adc547e061e925561f46ef92637f9065ddd07e11,17,0,0.0,,,
OhadRubin/import_from_gist,2024Q3,f0b4557646df4e7a5b706856ff4625d9c9457539,2,0,0.0,,,
paulfioravanti/plover-cycle-translations,2024Q3,04dada7ee3cc20ad319b832ee99234bce501ef6a,34,0,0.0,,,
frobnitzem/psik,2024Q3,8b19d2b54f8efac6a7a7647300dd6c84505012fc,45,0,0.0,,,
qrichert/textcanvas,2024Q3,564eeedfbb089d6d1511dec36598cd0e91f9120b,56,0,0.0,,,
rs-station/abismal,2024Q3,473239d665a02380ba88afa74a7a176bff49d1bc,152,0,0.0,,,
lifsys/intellisys,2024Q3,6ee2706b411d78d3c1182d4759f9bfe5b66b9ef9,29,0,0.0,,,
superduper-io/superduper,2024Q3,a5c0270d86774bc5c4314bd244afe93189c5ed32,2438,1,0.00041017227235438887,copilot,2025-01-20T13:38:36+02:00,
angelolab/Nimbus-Inference,2024Q3,6d72fa57e40447f9b13d8790f4f72a0a94b68a2f,171,0,0.0,,,
Qiskit/qiskit-addon-sqd,2024Q3,f28bbc07eaecaa97ab21bc81296980a87bc6e47f,93,0,0.0,,,
jokra1/mssm,2024Q3,0fe337148756f240f3083a99ef3d160c2b5df489,344,0,0.0,,,
fredguth/fastduck,2024Q3,67b094d95c55f58b97a1b946c7acfb4a654f6787,84,0,0.0,,,
sof-danny/BaCLNS,2024Q3,b955816118072ab35a2b2a0871dfd25723849c6c,5,0,0.0,,,
NoGambling1/ConsoleGames,2024Q3,2f9c17581be02a44f3e6ebf3f7615e7c4f0e4a9f,258,0,0.0,,,
bendikrb/nrk-psapi,2024Q3,ff2dbbb9a489b3dfd06e5578d02eadc27eba226a,110,0,0.0,,,
CyberfusionIO/python3-cyberfusion-queue-support,2024Q3,c5dda81b1473c2f938ad8cfa54b316729bebbeb5,34,0,0.0,,,
NiuTrans/NiuLoad,2024Q3,bde0757e14867f0a3ae0ba07c650f29efcdb6f6a,17,0,0.0,,,
BBEK-Anand/PyTorchLabFlow,2024Q3,6bafe3c3c3e16fd460bb3ae3cc58436edff00b78,98,0,0.0,,,
Do1e/mijia-api,2024Q3,0fe251e0370dbe17bed7a82ff21b3407a349665c,44,0,0.0,,,
upiterbarg/pylintseq,2024Q4,b4cc2fa3b50ba8279379e6d39bf04571bf7464c2,15,0,0.0,,,
wangdedi1997/spib_we,2024Q4,77fc46320f74c9eaf2e2e0e5c735f013be415bde,3,0,0.0,,,
Data-to-Insight-Center/patra-toolkit,2024Q4,6c37eeb07e1af91d0a824c2bb783caac71adcfab,160,0,0.0,,,
Will6855/rotating-proxy,2024Q4,e3a00f60510991420b5407ebad478e2d16e5db16,29,0,0.0,,,
ssenart/gazpar2haws,2024Q4,85b4c26e6d6a7452545912caf6d7af771a4ed4fa,191,0,0.0,,,
mohammadmansour200/lite-spleeter,2024Q4,b46216033229b741ff9f2d38794047dafa58d838,11,0,0.0,,,
Slinky802/pyasciilib,2024Q4,d4dd28ee5e1c066ad1f7e6a2ca5d5957449a06e4,12,0,0.0,,,
PabloFGarrido/ursamirror,2024Q4,a7b579e53ae0b2936c1fa75d1538e610549f2c04,36,0,0.0,,,
Ate329/PersonaFlow,2024Q4,c76e3e8f0f3a3efcd5ac6ea6314d511d620e981f,27,0,0.0,,,
nickatnight/birdeye-py,2024Q4,f0d236b92659d86864404973f75762fa19981a96,13,0,0.0,,,
viditpandey06/SentinelLogAnalyzer,2024Q4,8671731d9d48e486e6ead58d0913165604c87526,48,0,0.0,,,
planbnet/livisi,2024Q4,f356e0d215b68331ba6732bac86127484462c9c7,27,0,0.0,,,
aksimhal/ORC-Omics,2024Q4,3ee6be097661d9d2bf37046225d33fc94f06058d,7,0,0.0,,,
psmyth94/biocore,2024Q4,21e2880d6320ae1d611ec5b8835cc7766d7cb2f9,33,0,0.0,,,
kdkavanagh/dt-browser,2024Q4,24ce852497adf5f15ddc59ccad60dca0f1c83492,60,0,0.0,,,
griffinmilsap/ezmsg-panel,2024Q4,5f4c015b574d6d4a0fcb4638a6d8420b313af11e,55,0,0.0,,,
1337-42/Github2Todoist,2024Q4,32265f53d4f645aaf68a9f347c869f6d3ea64625,5,0,0.0,,,
numdes/ndev,2024Q4,50d3f99b42956bb75dde99efa9efd47fc4746940,80,0,0.0,,,
OpenVoiceOS/ovos-persona,2024Q4,060912f8bfc076861fdc6c66c18f7f79f979773e,223,0,0.0,,,
smvrnn/vgscode.py,2024Q4,0e5dbc94608a47be5d79d2daaae23aaf51ba339e,4,0,0.0,,,
Vidpic/niceplotly-resampler,2024Q4,6f2ea4c018202b705954ef287d46cfd9b5ce59b1,11,0,0.0,,,
WaterFutures/WaterBenchmarkHub,2024Q4,f12f0c121026aa78befa5c170faea24b8b08d1e2,227,0,0.0,,,
monstermichl/ninja-bear,2024Q4,e0e40c55e7f7c034a283b824c001116b9172859c,402,0,0.0,,,
autoatml/autoplex,2024Q4,429730f76d7cf9cd0d26151d417278a48365f98f,1931,0,0.0,,,
jainrishi601/dbautomation,2024Q4,d588761297f3813b4ea302f47055cc3458506a8b,25,0,0.0,,,
Kuhron/icosalattice,2024Q4,3d7e470357089c0d63684b8098fabe6f7920dc64,52,0,0.0,,,
amirivojdan/shekar,2024Q4,1851707f2b274a49b3e4413e328c7e02f7df0fc3,101,0,0.0,,,
ishaanganti/qlib,2024Q4,b687bdf7601b44369051eed4bf499ef16a0ae9c5,22,0,0.0,,,
guillaume-havard/speedestpy,2024Q4,70e156c3792e6c828d37bf207b8e7630e87c7eb9,7,0,0.0,,,
kairodev/selenium-proxy,2024Q4,2b28199a698bbe8898faa5e10505a31b5c74b312,9,0,0.0,,,
j-blackwell/dagster-db,2025Q1,2a090bf5cbc96424b7a5a491733bf49a924a62d6,74,0,0.0,,,
ABrain-One/nn-gpt,2025Q1,b9231e707a726ca91e9c89dcb38ef064d843b609,382,0,0.0,,,
sustainableaviation/jetfuelburn,2025Q1,27f867c223ab315015d9b1e3db680bca0b4fb755,130,0,0.0,,,
shiro46mt/jp-ndb-medicine,2025Q1,7eaf5970cadca4630c2e98e0c43b094731246f32,8,0,0.0,,,
e1004/changelog-api-client,2025Q1,760259feece6af07d813d2f4884aa0422b176bc2,6,0,0.0,,,
JMFiore/Pynomic,2025Q1,083eb57bb5cb965656e8c5b509b6e61974d359fe,114,0,0.0,,,
AI-Planning/l2p,2025Q1,cd4cb27ba6eb33aa572944b5f605fb407aa809a6,207,0,0.0,,,
Prince-05/TOPSIS,2025Q1,f6bd4fd12933a82952b01f47432f328b3ce71595,1,0,0.0,,,
ligt-dev/ligttools,2025Q1,5d383439c5f20d5bd25ed245a635f2b8a3680b60,13,0,0.0,,,
AnswerDotAI/contextkit,2025Q1,a710c3a45a6a572f4891cabaa927dd4daa0e3246,88,0,0.0,,,
sukhbinder/vidtoolz-apply-fadein-fadeout,2025Q1,082220f785507b680738fd8354a978460929c6ad,5,0,0.0,,,
t4zn/taizun,2025Q1,2d3d280f93d8d0268e8366e65aa066551fe81899,2,0,0.0,,,
apache/dubbo-python,2025Q1,ae74a992eec8d67b07f53a72b9e6e2356a2e2b45,15,0,0.0,,,
nunininu/nunininu-check-os-ver,2025Q1,c807e345cb4693bd2ed6d5486af1682c530cf5fa,51,0,0.0,,,
grscheller/bm-recursive-functions,2025Q1,dc552a3d8c6530536e926198f4ce93d3fa94460d,18,0,0.0,,,
bmdaj/MST_TopOpt,2025Q1,5622a78ce89f83aa562bd39b3c1d65f8fa6a7bb6,34,0,0.0,,,
nihaljn/datahawk,2025Q1,a2b725f4f43a5fb74ebb9e3f301c262cc1374a33,27,0,0.0,,,
gregorv/wkdhash,2025Q1,983eec6b1e6883fd71c3fc1f1872106fdea1ce7f,6,0,0.0,,,
pik-piam/flodym,2025Q1,51810ce8e95f76245c7c9a235d33bab0e8031cb8,372,1,0.002688172043010753,copilot,2025-03-28T15:05:00+01:00,
oren-z0/timelockrecovery-specter,2025Q1,b40eb0e1d2f092e7dacd7f5e6725e342a476e0ce,51,0,0.0,,,
AtomGradient/atai-ebook-tool,2025Q1,52060a425885915148633ddc3a9917c58f22d5ba,6,0,0.0,,,
FirstlyBoldly/Angets,2025Q1,3e678784b48e633ad9e971dbe6a46b63b9b28870,73,0,0.0,,,
kvnglb/cursed-toggle,2025Q1,73bdf6f0c908fd8301c1f1c673619eaffb81e640,20,0,0.0,,,
Jimmy228676/arborparser,2025Q1,2a454fff43fa0bbf6c7382528a2b35ff7952eb0c,35,0,0.0,,,
jmcarnahan/bond-ai,2025Q1,9bddb8d1bbf30c0e944eca314956c8188cf5bde9,556,2,0.0035971223021582736,claude,2025-06-17T22:32:23-07:00,
buserbrasil/santander-python-sdk,2025Q1,b7eb71edc0111df05fb333c14d518626f60f0c6b,64,0,0.0,,,
will-ockmore/httpx-retries,2025Q1,51e9eeb5962d21049579d6b46845b916584bdbd6,22,0,0.0,,,
dudanov/python-zxart,2025Q1,2bb78e8ee2ef0ebe5597242e1fd91d012084bcd2,56,0,0.0,,,
AlestackOverglow/scista,2025Q1,b8b1920f1de9759f7c5ca5742bb94e536286eb84,4,0,0.0,,,
gianlucapagliara/financepype,2025Q1,48eb7c344a3c276629f13fa1fac90ac6b050c813,62,0,0.0,,,
ZhaorongDai/binance-data-downloader,2025Q2,31a7046c6d465595dee44f70d830185376b30902,13,0,0.0,,,
apmadsen/dependency-injection-pattern,2025Q2,ff483e2fd2edb64f900a7559bd4dcb9337a1ca52,24,0,0.0,,,
mytoolit/ICOstate,2025Q2,e0393ebc718cd6c446a9a0d77a1e1e30bb1d71b6,199,0,0.0,,,
davidbrownell/dbrownell_CommitEmojis,2025Q2,784d42e679742e580c68542b472a47b537c3635e,12,0,0.0,,,
daizutabi/nbstore,2025Q2,e8cb7aca31b709520a6e502a8f80ceef70c9a520,181,0,0.0,,,
k96e/cnmaptiling,2025Q2,1adf3f4a7373eb883a01d94e5df4e7e9bac60f02,5,0,0.0,,,
aternals/builderapk,2025Q2,1b7dca11b5f8b6bcd67dd57316fe95e53453f334,3,0,0.0,,,
xy-liao/jp2forge,2025Q2,c88e33b645dc60b317c1689289544b4561700ba2,89,0,0.0,,,
lightdash/metamove,2025Q2,49b27cec13fa3342d3c980f3a0d70e0ec20714ff,15,0,0.0,,,
SakibHasanSimanto/deepCausal,2025Q2,97ef1f62c5ad90e6c2e1cf9f7d27611a564858c2,17,0,0.0,,,
RyoJerryYu/mcp-server-memos-py,2025Q2,1064544b750d7154ed447dad489727867a7afc9f,43,0,0.0,,,
Quad-wtf/pretty-io,2025Q2,3cbeacb083d29dbd5262252b2e92b043d9afe794,15,0,0.0,,,
shivdutt-B/heimdall-python-sdk,2025Q2,f871d52809546398dd93cf4f8a5aae379be95313,5,0,0.0,,,
marianochaves/pygent,2025Q2,ab7314ec534570cb6c7d23279cb4e3fb6a053649,254,0,0.0,,,
invisiblethreat/taskcapsule,2025Q2,b539cf011838ee543f28027c903457a2f786a22a,13,0,0.0,,,
wheelos-tools/whl-logmap,2025Q2,f16215051ff89c6f42eb9a39c95b584d706d7049,37,0,0.0,,,
hystax/kiroframe_arcee,2025Q2,0f4143dc6559ea7e6a95b2e9e52da980b4971927,9,0,0.0,,,
DJetelina/tofuref,2025Q2,166550a4c81e62c2bdbe8f2903c8231b5f229d7c,56,0,0.0,,,
ivan-perevala/lib_bhqui,2025Q2,fc5f8c059f1390f7c52a9541738ddf1f07ff5ff9,23,0,0.0,,,
igorrivin/polygon-reader,2025Q2,50d8c5a1fc3b26365c9e3af28cc16f4ac191d795,7,0,0.0,,,
The-Swarm-Corporation/swarms-sdk,2025Q2,a314b74e5574f5d3a0f951863eb8b162cb4ec679,116,0,0.0,,,
Hugo-Galley/EasyWorkEnv,2025Q2,124498125a1b33d25cd97ccb76472539ce42ea82,20,0,0.0,,,
pab1it0/prometheus-mcp-server,2025Q2,a95af70e53864f5b94334cedaa0b0a0ab29e94e0,169,8,0.047337278106508875,claude,2025-08-25T16:30:55+03:00,
metaforx/django-unfold-extra,2025Q2,128c4bb155152cfe28ae4c8d9c5913a569a0ada8,41,0,0.0,,,
Johnathon47/mada_holidays,2025Q2,3064adf4fe6f85d8cfa18e6a27bb983942899b14,2,0,0.0,,,
reven-project/etubeapi,2025Q2,98ddc88a6af57b7c7be3960831f7035f936fb79e,5,0,0.0,,,
COMBINE-lab/QCatch,2025Q2,cc8c8d44f667fe8143474da5498c4dd5003003af,78,0,0.0,,,
albus-shore/PyASMGen,2025Q2,7dfee8fe679035b8780740bc2ecc5821f129f1a2,26,0,0.0,,,
XSpoonAi/spoon-core,2025Q2,07e3cc867e438580f6814acafc7b5280ac6d2729,452,1,0.0022123893805309734,claude,2025-07-22T17:15:12+08:00,
cerndocumentserver/invenio-cern-sync,2025Q2,74db99766d35b371fc7fc3dbcb3274684f4f61fc,43,0,0.0,,,
noklam/mkdocs-llmstxt-md,2025Q3,272ad0445caa60f7c5bc10c8f41519022a267f7e,11,0,0.0,,,
ctoicqtao/mcp-veo3-azure-blob,2025Q3,f791fe4f8959fa38a5b5eb280033667e0331da1d,10,0,0.0,,,
nichind/firstmail,2025Q3,ea5262dc492f118bfb706109c90f232b96c3a750,4,0,0.0,,,
MacHu-GWU/boto3_dataclass-project,2025Q3,b9f9654e6f1df89a0ff59500616207c5820dedc6,173,0,0.0,,,
BioSys-BUT/MethylomeMiner,2025Q3,b3a641b69bfc8482b3d2da36d92ca0fc4bd59e9f,46,0,0.0,,,
0x3st/nage,2025Q3,211e33ede4293e7ab7a10de0056f130ca30b3af7,36,0,0.0,,,
MachineGnostics/machinegnostics,2025Q3,c7fe69bdd1576d5d9fb85105f469f4e6ebec704a,692,0,0.0,,,
rob-smallshire/markuplift,2025Q3,d4941120ded778c44fa0679da2e3835377d2ce79,130,0,0.0,,,.claude/settings.local.json;CLAUDE.md
masterPiece93/django-gauth,2025Q3,5343d759d49bbc8670036b694946c5a8ef7f821f,37,0,0.0,,,
e1-m/dispytch,2025Q3,fe7ba9b19a597aa4d4423007cddbadaa43dbff82,207,0,0.0,,,
tagdots/delete-workflow-runs,2025Q3,e63dfb3482f0c528f76115cf13f164f4a2861183,180,0,0.0,,,
rphpires/html-logging-tool,2025Q3,b71103f24639f4ed7d1b9cd34555a3dee1c0c795,19,0,0.0,,,.claude/settings.local.json
OSCC-Project/AiEDA,2025Q3,6adb322505b5b2f8c3c52259d343360e07814ac2,344,0,0.0,,,
ttygroup/textual-cookbook,2025Q3,fac7e087d898671f34fa10bb7a55152d0ed07453,33,0,0.0,,,
eugenepyvovarov/llm-mcp,2025Q3,0a5e9be98fd851d8f81f886c29e2939014ccc7fe,7,0,0.0,,,
livekit/agents,2025Q3,12ee4acb7b9b92654f2a3235131ab7f5b5a034c2,2948,9,0.0030529172320217096,claude;copilot;devin,2025-10-12T03:34:45-04:00,AGENTS.md;CLAUDE.md
adityasm1238/fastapi-oidc-simple,2025Q3,beabce5d7f7928dfa7f3067b816100e4a6c337b9,1,0,0.0,,,
OHDSI/pyRegularExpression,2025Q3,0005025210a1e32e7be389ee536ac5969cc46ba8,5,0,0.0,,,
meatdumplings0019/rushlib,2025Q3,b3896f41aaf91700e49241bb47d652cd140e89db,15,0,0.0,,,
sree-sphere/foldertree,2025Q3,2b907349c91543985826008146b1c069d0f8c995,39,0,0.0,,,
Wenutu/TaskPanel,2025Q3,36c702833bd51b840af40ca5f7f93e5e18df251d,46,0,0.0,,,
therealtimex/browser-use,2025Q3,40e354c798136430396ad3c68990c9e0b24b4cc7,6671,12,0.001798830760005996,claude;copilot;gemini,2025-05-22T05:00:36-07:00,.cursor/rules/browser-use-rules.mdc;CLAUDE.md
lucidrains/h-net-dynamic-chunking,2025Q3,bee14e7700c1e7bbd5e3c86cc1d2145464882ae6,43,0,0.0,,,
mamahoos/aiogram-input,2025Q3,bd548cc64f732b28123059e663eb394367cec62c,49,0,0.0,,,
Zen-Master-SoSo/colorforms,2025Q3,4278924395efff388047994406b4e30823ae80e1,5,0,0.0,,,
ajmanjoma/tree2cmd,2025Q3,63fe45a6f03cacb9268adda180545289968b2843,58,0,0.0,,,
boscawinks/wplace,2025Q3,ea82ba9004c19873e6db2cecff5a39585ffc7a5d,14,0,0.0,,,
siroosab/bible-search,2025Q3,ad2d671489aad31fb6bee1f810ae89b07b7b900e,7,0,0.0,,,
king-of-the-grackles/reddit-research-mcp,2025Q3,070304756ad6ce7d033fc534078d69afb50834e1,94,75,0.7978723404255319,claude,2025-08-12T00:03:23-07:00,CLAUDE.md
SWRdata/google-cloud-helper,2025Q3,43dd852a8af8ab3b25e9485063a2814d626b7921,12,0,0.0,,,
sezer-muhammed/langchain-fused-models,2025Q4,754014ca35927a075563f4794fad44d137a49fef,20,0,0.0,,,
K-dash/pyropust,2025Q4,6cab713eb5529d5e36dbd393135ecc84eab5812d,77,0,0.0,,,
AscenderTeam/attp-client,2025Q4,6afb5ad9467d8255c99d399ea599e133b1793bb2,24,0,0.0,,,
tahashieenavaz/diayn,2025Q4,59ad07b81a71a50df3cb0780b1fa160825d4bc61,1,0,0.0,,,
FerdinaKusumah/duplicator,2025Q4,126d13ca94129d26d6995582fbe18335a9ac4c7d,28,0,0.0,,,
najuaircrack/UDPscope,2025Q4,b3966da8e50479c37118fcc871759bc8a74cab40,14,0,0.0,,,
ZeparHyfar/mcp-datetime,2025Q4,d517593caabae5cc3ccb5a5034033816af2c4eaf,10,0,0.0,,,
sookcha/libeunhaeung,2025Q4,802d6d452b8c3f23dd70bfcce773ea946cf5a98e,67,23,0.34328358208955223,claude,2025-11-01T13:44:07+09:00,AGENTS.md;CLAUDE.md;GEMINI.md
SEAFOM-Fiber-Optic-Monitoring-Group/pySEAFOM,2025Q4,0d71f753f3d48f48e660aace7f0bef984a2d235f,72,0,0.0,,,
john-psina/django-admin-style-linker,2025Q4,9ab389623620c29e425bcf3f05987cc2faa21270,21,0,0.0,,,
chigwell/layerxtr,2025Q4,10d69e2ce57d27546f20065cdd67b9af941603c0,1,0,0.0,,,
getbindu/Bindu,2025Q4,98cfad0e9f5d3e80a47f9d7ffa8ef9daa893e4e8,1126,4,0.003552397868561279,claude,2026-03-04T12:43:46+05:30,.claude/worktrees/zealous-cartwright
kjrjay/pyreact-start,2025Q4,e574738bae31e5c37f175928f39d6a5e7c99cec6,26,0,0.0,,,
stupid-simple/dataclasses-codec,2025Q4,2d66cc652b94ff8961b4fdd28c5c7c76eae8e96f,10,0,0.0,,,
travishathaway/zensus2pgsql,2025Q4,6169bd7701bceca3274b42452f8d51e4f3b8c633,52,0,0.0,,,CLAUDE.md
polhenarejos/pypicoboot,2025Q4,ad82df09e476beb478a2065cbbff63d2f98b7b19,40,0,0.0,,,
alexisbg/vqu,2025Q4,48bb52ede84ba9c341a014a8fcd4a29ef33d4150,19,0,0.0,,,
HZYAI/RagScore,2025Q4,3fbc6e8bb21c99d50a8b6d7a6d57bf7a2100d21c,143,0,0.0,,,
Karol-G/keepass2-merger,2025Q4,e60b7ca52651289cbe818c1bc6b3322db1395a8e,4,0,0.0,,,
ahmeth4n/renef-mcp,2025Q4,0fd66daf57129152981e8fd0991dd5e2a26f82fa,13,0,0.0,,,
yudivian/beaver-index-importer,2025Q4,0e7c37932fe1f68d2873ac9d309c7438528129f8,3,0,0.0,,,
roman-ellerbrock/pyqutree,2025Q4,439e690d042d45fb5f281862ec735c36c16de2cd,93,0,0.0,,,
xathon/Allianz-BonusDrive-Client,2025Q4,8b1e542393da7c13785489293cf717cdf65e4f56,37,1,0.02702702702702703,copilot,2025-11-29T12:01:15+01:00,
gavingilchrist/pathways,2025Q4,31e6ece5dbec99f3e6309b8529b3a08a207ec68d,5,0,0.0,,,
manelcaireta/gcp-profiles,2025Q4,c313ef1a9a50560fca0d7c828cfde44008744c69,40,0,0.0,,,
sigularusrex/tchu-tchu,2025Q4,4c70df704d24d9013553f3bac2beb058e0bf1de6,73,0,0.0,,,
alexandrainst/bits_and_bobs,2025Q4,2bbca10c1d579b054c5e4f6134f127828bade0fe,15,0,0.0,,,
xissium/git-dates-modifier,2025Q4,4a9f4b4f4494ecc36f0aaf9d9ff02f8b1c1c9557,1,0,0.0,,,
NoyeArk/wolai_python_sdk,2025Q4,ac1d5bb0388eedad6efd1334eee548eee26d64fb,4,0,0.0,,,
python-boot/pyboot-cli,2025Q4,86c5d1d8bd1f842424dbf23fcb2a42145bd59a68,11,0,0.0,,,
LuizSeabraDeMarco/NanoWaitVision,2026Q1,d1a1e6673b01c364aab3474747854826540794ab,5,0,0.0,,,
ThomasRohde/huesignal,2026Q1,827557e12636b01c77f09f4128e505b4d845dc64,31,0,0.0,,,.claude/settings.local.json;AGENTS.md
BACH-AI-Tools/hot-news-bachstudio,2026Q1,58302b95cc028687b758c6f03b71b338ba7f2852,3,0,0.0,,,
robzolkos/fizzy-client-python,2026Q1,a69e5cff9e5eaab9101d20a19b88810f838db4ac,6,0,0.0,,,
mikeyfrilot/backpropagate,2026Q1,ed53fd4f82c87df6a07af34db66dfaefb1318ca6,244,164,0.6721311475409836,claude,2026-01-19T06:28:17-05:00,.claude/launch.json;CLAUDE.md
hadijannat/basyx-client,2026Q1,2bb41c234c35b76c417923ee1b73735626fea560,20,5,0.25,claude,2026-01-21T14:02:32+01:00,
GabbyTab/boofun,2026Q1,5144a6803acb4223d9eb6c25c05e2ca7aeebe2ec,484,82,0.16942148760330578,cursor,2026-01-31T16:38:39-08:00,
bert2002/tmm,2026Q1,68eb4036b93a3b4193f1e99d5730b9b13742859a,10,0,0.0,,,
anthalehq/anthale-python,2026Q1,3495bb4cff0c4e1504eaf669692b86b23d0e0d27,92,0,0.0,,,
Alquimia-ai/fair-forge,2026Q1,1b33a99666f361a46eee6618bde4a5d3a3dba358,203,13,0.06403940886699508,claude,2026-01-28T09:54:29-03:00,.claude/skills/commit/SKILL.md;.claude/skills/docs/SKILL.md;.claude/skills/docs/references/mintlify.md;.claude/skills/docs/templates/core-concept.mdx;.claude/skills/docs/templates/generator.mdx;.claude/skills/docs/templates/metric.mdx;.claude/skills/docs/templates/runner.mdx;.claude/skills/docs/templates/storage.mdx;.claude/skills/fair-forge-lambda/SKILL.md;.claude/skills/fair-forge-lambda/assets/templates/Dockerfile;.claude/skills/fair-forge-lambda/assets/templates/README.md;.claude/skills/fair-forge-lambda/assets/templates/handler.py;.claude/skills/fair-forge-lambda/assets/templates/requirements.txt;.claude/skills/fair-forge-lambda/assets/templates/run.py;.claude/skills/fair-forge-lambda/references/generators.md;.claude/skills/fair-forge-lambda/references/metrics.md;.claude/skills/fair-forge-lambda/references/runners.md;.claude/skills/fair-forge-lambda/scripts/cleanup.sh;.claude/skills/fair-forge-lambda/scripts/deploy.sh;.claude/skills/fair-forge-lambda/scripts/update.sh;.claude/skills/metric-creator/SKILL.md;.claude/skills/metric-creator/templates/fixtures.py.template;.claude/skills/metric-creator/templates/llm_metric.py.template;.claude/skills/metric-creator/templates/metric.py.template;.claude/skills/metric-creator/templates/schema.py.template;.claude/skills/metric-creator/templates/test.py.template;CLAUDE.md
d-ganchar/david8_duckdb,2026Q1,45f3a65a505962adaafefee3ef9fd54b8670bbb7,17,0,0.0,,,
WILLOWMALAK/difunct,2026Q1,6d36f8f35bd82d9942c655e01fc9e4a36cff3296,10,0,0.0,,,
iammohdrazi/DebugSnacks,2026Q1,6802b43a93634996072d8b7753dad9f58af4879e,21,0,0.0,,,
oliverhaas/django-cachex,2026Q1,2b8ebca00f98fc4d96077d0f46e189504e3ad520,465,0,0.0,,,
nk3750/jitapi,2026Q1,8a6e42d0d527ff2cc14f5d20cfb9aff9d8cc1737,35,15,0.42857142857142855,claude,2026-01-18T18:21:11-08:00,
venom21adi/order-journey-viz,2026Q1,e9546d2515f1077fd7ab6359430a99ee42c1c5d8,9,0,0.0,,,
biocontext-ai/protocol-mcp,2026Q1,b3f7681955565d948afac0c99e4d9786d19e0d38,8,0,0.0,,,AGENTS.md;CLAUDE.md
AnswerDotAI/fhvite,2026Q1,34ca9fa24107a27e98eec1fc48ef26f28a237ca4,46,0,0.0,,,
Descanonge/fronts-toolbox,2026Q1,0487470cbf252e6bb9315480fa5db1b0ca7b92d7,148,0,0.0,,,
Zsombroo/humanbytes,2026Q1,26fa351a7c6ddbf557a7a73f7c33866d44e2287b,3,0,0.0,,,
seunghyuoffice-design/hwp2yaml,2026Q1,56231e2e4e26e3aff3dcff6ef82f5789aaa4a9d8,16,12,0.75,claude,2026-01-19T12:59:54+09:00,
lenzo-ka/icukit-pyicu,2026Q1,cd2e4e2864158ec48e60e27a4a9fb33cc6d18da2,25,0,0.0,,,
nickzren/opentargets-mcp,2026Q1,ecb92f8effdd6f8ea8f6a8c8de2fedb23334c126,54,5,0.09259259259259259,claude,2026-02-05T21:05:55-05:00,AGENTS.md;CLAUDE.md
jeweis/jewei-mssql-mcp-server,2026Q1,76890d74edc367babfc82b29a14f58e853524afd,16,0,0.0,,,
computer-reinvention/infera,2026Q1,9e3785dda194518bf4db936d680cf8237a82301c,8,0,0.0,,,CLAUDE.md
techkaduna/isadora,2026Q1,35c589f7f593a8cb187b6b975c172c8ba26f2b5e,23,0,0.0,,,
intellistream/sage-sias,2026Q1,5557322a14b345f9c066652d6d5976910b366142,29,0,0.0,,,.github/copilot-instructions.md
andrewting19/jupyter-cli,2026Q1,05cc9f159eac133825ca84e1f3414be436bf0c34,13,12,0.9230769230769231,claude,2026-01-21T14:50:26-05:00,CLAUDE.md
optego/quant-metrics,2026Q1,fc8694af1c45f606ca0cb8b50d31ddd5ce1646ee,10,0,0.0,,,
sardanaaman/langgraph-compass,2026Q1,35cab2c75be0c101082e0881af43309d26cc2d4a,29,0,0.0,,,.cursor/rules/compass.mdc;CLAUDE.md
