repo,quarter,quarter_end_date,snapshot_sha,is_partial_quarter,n_files,parsed_files,parse_rate,total_lines,n_functions,mean_comment_len,median_comment_len,p90_comment_len,mean_complexity,median_complexity,p90_complexity,mean_func_len,median_func_len,p90_func_len,mean_body_len,median_body_len,p90_body_len,mean_docstring_len,median_docstring_len,p90_docstring_len,frac_functions_with_docstring
pandas,2014Q1,2014-03-31,c2b8c45195dc90bfa526c178c90625b7aceb8852,0,167,165,0.9880239520958084,82971,3966,36.95546179090483,33.0,69,3.5529500756429653,2.0,8,16.386535552193646,9.0,39,13.013111447302068,7.0,31,3.3734241048915785,0.0,12,0.3736762481089258
pandas,2014Q2,2014-06-30,aad1c474f6c58baf479e1926545ea19c74291650,0,171,168,0.9824561403508772,85875,4042,37.324988516306846,34.0,70,3.599208312716477,2.0,8,16.604403760514597,9.0,40,13.164522513607125,7.0,31,3.4398812469074715,0.0,12,0.3711034141514102
pandas,2014Q3,2014-09-30,8d3a39a220d209f5901ae652b37749f5abdf4c25,0,174,171,0.9827586206896552,92144,4310,37.61350085178876,34.0,70,3.6290023201856143,2.0,8,16.831554524361948,9.0,40,13.25707656612529,7.0,31,3.574477958236659,0.0,13,0.3877030162412993
pandas,2014Q4,2014-12-31,4aa0e0a674a0823b5a81944f087e744f27c4e21d,0,174,171,0.9827586206896552,94622,4395,37.841976815131176,35.0,70,3.6352673492605234,2.0,8,17.008646188850967,9.0,41,13.354266211604097,7.0,32,3.654379977246871,0.0,13,0.3931740614334471
pandas,2015Q1,2015-03-31,cb8c130f75e1e2e2a286144961dc71b647ce973a,0,175,173,0.9885714285714284,95869,4423,37.97964884277734,35.0,70,3.6482025774361295,2.0,8,17.121862988921546,9.0,41,13.440651141758988,7.0,32,3.681211847162559,0.0,13,0.3936242369432511
pandas,2015Q2,2015-06-30,054821dc90ded4263edf7c8d5b333c1d65ff53a4,0,177,175,0.9887005649717514,98662,4530,38.12003910068426,35.0,70,3.655629139072848,2.0,8,17.189403973509933,9.0,42,13.444150110375276,7.0,32,3.745253863134658,0.0,13,0.3984547461368653
pandas,2015Q3,2015-09-30,0d39ca1109fddc980e9e7640d7d8f9be852d5194,0,178,176,0.9887640449438202,102155,4703,38.534766355140185,36.0,70,3.6623431852009354,2.0,8,17.299383372315543,9.0,42,13.508186264086753,7.0,32,3.7911971082287903,0.0,13,0.401445885604933
pandas,2015Q4,2015-12-31,a89f48940cd0a7346302311011beb3a09e9be292,0,182,180,0.989010989010989,106273,4907,38.4638969521045,36.0,70,3.622783778275932,2.0,8,17.13062971265539,9.0,42,13.299164458936213,6.0,32,3.831465253719177,0.0,13,0.4039127776645608
pandas,2016Q1,2016-03-31,48f39af49a9ae76c2c7d8f519df6069e7af00755,0,194,192,0.9896907216494846,112020,5071,37.89490772385509,36.0,67,3.635377637546835,2.0,8,17.483336619996056,9.0,43,13.573654111615069,7.0,32,3.90968250838099,0.0,13,0.399329520804575
pandas,2016Q2,2016-06-30,3944a369265f27268d1b3867a161e97f9c63cd62,0,202,200,0.99009900990099,115804,5209,37.94165423504061,36.0,67,3.6433096563639857,2.0,8,17.585333077366098,9.0,43,13.606258398924938,7.0,32,3.979074678441159,0.0,13,0.4033403724323287
pandas,2016Q3,2016-09-30,6dcc23862b6b60ce2a67436b4a278fbe4c05490f,0,203,201,0.9901477832512317,113621,5170,37.98747528015821,36.0,67,3.6626692456479697,2.0,8,17.566731141199227,9.0,43,13.61044487427466,7.0,32,3.9562862669245646,0.0,13,0.4017408123791102
pandas,2016Q4,2016-12-31,366241386282272328333256b6e267a68f8133a4,0,207,205,0.9903381642512076,114963,5203,38.044639947865754,36.0,66,3.67095906207957,2.0,8,17.713818950605418,9.0,43,13.7072842590813,7.0,33,4.006534691524121,0.0,13,0.4007303478762252
pandas,2017Q1,2017-03-31,1b53d8864af0ed936f84d0935e2cc360dc9f8de7,0,201,199,0.9900497512437813,111407,4928,37.95901371652515,36.0,66,3.773133116883117,2.0,8,18.1130275974026,9.0,44,13.954748376623376,7.0,33,4.158279220779221,0.0,14,0.3922483766233766
pandas,2017Q2,2017-06-30,b2b5dc32e24cfa5ab1c37d09c4e505d4a82d171c,0,190,190,1.0,118956,5288,37.352665589660745,36.0,64,3.84928139183056,2.0,9,18.849092284417548,10.0,46,14.211043872919818,7.0,34,4.6380484114977305,0.0,15,0.3959909228441755
pandas,2017Q3,2017-09-30,030e374940a93b7920c0c2ac5c950668564c3703,0,175,175,1.0,120383,5296,37.62047116165719,36.0,64,3.866503021148037,2.0,9,19.163519637462237,10.0,46,14.308345921450153,7.0,34,4.855173716012085,0.0,15,0.4020015105740181
pandas,2017Q4,2017-12-31,cfa5ea6969f4a6a63bb26937181bdd0d00f54a59,0,174,174,1.0,122744,5285,37.93715458708353,37.0,64,3.880794701986755,2.0,9,19.50596026490066,10.0,47,14.445411542100285,7.0,35,5.0605487228003785,0.0,16,0.4119205298013245
pandas,2018Q1,2018-03-31,d2ab4076512f5571b74e6ea2936910841b10dbe2,0,175,175,1.0,132226,5343,38.45307296397215,38.0,65,3.8637469586374698,2.0,9,20.61182856073367,11.0,50,14.370204005240502,7.0,35,6.241624555493169,0.0,18,0.425042111173498
pandas,2018Q2,2018-06-30,dc45fbafef172e357cb5decdeab22de67160f5b7,0,177,177,1.0,135643,5406,38.66413772979282,38.0,65,3.876618571957085,2.0,9,20.88679245283019,11.0,51,14.444876063633,7.0,35,6.441916389197188,0.0,18,0.4297077321494635
pandas,2018Q3,2018-09-30,2f1b842119bc4d5242b587b62bde71d8f7ef19f8,0,188,188,1.0,141218,5573,38.95525291828794,39.0,65,3.8410191997129015,2.0,9,20.913152700520367,11.0,51,14.322447514803518,7.0,35,6.590705185716849,0.0,19,0.4306477660147138
pandas,2018Q4,2018-12-31,bf9d41c8f211fdd9e2b1a37162b753d3845a6708,0,185,185,1.0,149586,5760,40.006724782067245,40.0,66,3.842534722222222,2.0,9,21.55086805555555,11.0,54,14.363194444444444,7.0,35,7.187673611111111,0.0,20,0.4322916666666667
pandas,2019Q1,2019-03-31,b727c6b328c3c586ddab54baae36680a0992e961,0,193,193,1.0,150241,5683,40.23468881725763,41.0,66,3.862396621502727,2.0,9,21.93770895653704,11.0,55,14.501495688896709,7.0,36,7.436213267640331,0.0,21,0.4351574872426535
pandas,2019Q2,2019-06-30,b870dee2818cbfce090f97302b2ab07f858cbd6f,0,200,200,1.0,151574,5688,40.36176506840873,41.0,66,3.8607594936708862,2.0,9,22.094585091420537,11.0,55,14.47134317862166,7.0,36,7.623241912798875,0.0,21,0.4393459915611814
pandas,2019Q3,2019-09-30,ad3280e25db55fc6af9b5527a57829f151b994f1,0,213,213,1.0,157828,5503,40.80865800865801,42.0,66,3.872978375431583,2.0,9,23.505178993276395,12.0,58,15.710158095584228,8.0,39,7.795020897692168,0.0,21,0.4410321642740323
pandas,2019Q4,2019-12-31,35ba6b0dc0d49dbe5abe44eee62ea6276a1f7276,0,214,214,1.0,157660,5482,41.262780813600486,42.0,66,3.8969354250273622,2.0,9,23.534476468442175,12.0,58,15.729295877417002,8.0,39,7.805180591025174,0.0,21,0.4407150674936154
pandas,2020Q1,2020-03-31,1357114f88922cc368c3c5a341a36f5bb59f4095,0,226,226,1.0,159707,5441,41.79068656716418,43.0,67,3.927770630398824,2.0,9,24.107333210806836,13.0,59,15.823378055504502,8.0,39,8.283955155302333,0.0,23,0.4504686638485572
pandas,2020Q2,2020-06-30,2990c1ddd137fcaef46d2cde47334314047a580a,0,228,228,1.0,162164,5365,42.29892857142857,44.0,67,3.9640260950605777,2.0,9,24.904380242311277,13.0,61,16.032246039142592,8.0,40,8.872134203168686,0.0,24,0.4631873252562907
pandas,2020Q3,2020-09-30,e65962718d5a5dc702b7e9b471fe1c26bef881b1,0,237,237,1.0,168275,5765,42.700751537235256,44.0,68,3.843018213356461,2.0,9,23.885862966175196,12.0,59,15.485169124024283,8.0,39,8.400693842150911,0.0,23,0.4444058976582827
pandas,2020Q4,2020-12-31,9b470912e8fea99cd17775d8afc5590ae1eeb50c,0,243,243,1.0,171331,5864,43.140787885438385,45.0,68,3.7818894952251023,2.0,9,23.64154160982265,12.0,58,15.266541609822646,8.0,38,8.375,0.0,23,0.4531036834924966
pandas,2021Q1,2021-03-31,7d2f5ce59551a52643318f3e4e9cd1b8058a6e44,0,260,260,1.0,182593,6091,44.50832751570759,46.0,70,3.767361681168938,2.0,9,23.83976358561813,12.0,58,15.509111804301428,8.0,38,8.330651781316696,0.0,23,0.4567394516499753
pandas,2021Q2,2021-06-30,29094b6aaeae74794d1745c2f73ea04195acaa16,0,264,264,1.0,187847,6264,44.68835127154967,46.0,70,3.764367816091954,2.0,9,23.9029374201788,12.0,59,15.643358876117496,8.0,39,8.259578544061302,0.0,23,0.4482758620689655
pandas,2021Q3,2021-09-30,5319489f6c602ccf4070b9abd951c3c7344a8461,0,270,270,1.0,192193,6359,44.800876702107814,47.0,70,3.779525082560151,2.0,9,24.058027991822613,12.0,59,15.760339676049693,8.0,39,8.29768831577292,0.0,23,0.44629658751376
pandas,2021Q4,2021-12-31,cea27b47b2b1ac804463e70d98443be3450688b0,0,275,275,1.0,197386,6496,44.8453513909224,47.0,70,3.7957204433497536,2.0,9,24.14993842364532,12.0,60,15.915024630541872,8.0,39,8.234913793103448,0.0,22,0.4439655172413793
pandas,2022Q1,2022-03-31,d2aa44f50f6ac4789d4e351e4e52a53a358da42e,0,278,278,1.0,201239,6556,45.02998048607415,47.0,70,3.8149786455155583,2.0,9,24.440817571690054,12.0,60,16.139566809029898,8.0,40,8.301250762660159,0.0,23,0.4472239170225747
pandas,2022Q2,2022-06-30,8ce4f299c4db6d1ef9326669149ed4f826405b58,0,289,289,1.0,206861,6745,45.09229164856175,47.0,70,3.8028169014084505,2.0,9,24.3709414381023,12.0,60,16.166197183098593,8.0,40,8.204744255003707,0.0,22,0.4475908080059303
pandas,2022Q3,2022-09-30,d76b9f2cd045ea0c6e32bedfeaea0410c569f56e,0,290,290,1.0,213167,6927,45.33893181054753,48.0,70,3.774938645878447,2.0,9,24.37144507001588,12.0,60,16.271257398585245,9.0,40,8.100187671430634,0.0,22,0.4400173235166739
pandas,2022Q4,2022-12-31,a28cadbeb6f21da6c768b84473b3415e6efb3115,0,291,291,1.0,206653,6789,45.18619905544866,47.0,70,3.753866548828988,2.0,9,24.032994550007366,12.0,59,15.976432464280451,8.0,40,8.056562085726911,0.0,22,0.4382088672853145
pandas,2023Q1,2023-03-31,9ba4ef86325abab6029436dcabbe3fab4a60f6ba,0,291,291,1.0,210490,6878,45.26111497047586,48.0,70,3.7917999418435593,2.0,9,24.175487060191916,12.0,59,16.025007269555104,8.0,40,8.150479790636814,0.0,22,0.4338470485606281
pandas,2023Q2,2023-06-30,7e0bcf1681a66f9bdf373ea549b2104e1a72184c,0,291,291,1.0,215608,6866,45.13151810942718,48.0,70,3.8195455869501895,2.0,9,24.81590445674337,12.0,61,16.227934750946694,8.0,40,8.587969705796679,0.0,24,0.4315467521118555
pandas,2023Q3,2023-09-30,6f0cd8d9ed251aa80f7415c565176fc33487110a,0,292,292,1.0,221415,6972,45.24428643981717,48.0,70,3.8463855421686746,2.0,9,25.0600975329891,12.0,61,16.40619621342513,8.0,41,8.65390131956397,0.0,24,0.4274239816408491
pandas,2023Q4,2023-12-31,86ad444cff7da73d4df6351fda763fd10420e4b1,0,294,294,1.0,225657,7086,45.27996688741722,48.0,70,3.874400225797346,2.0,9,25.143240191927745,12.0,62,16.57465424781259,9.0,41,8.568585944115156,0.0,24,0.4220999153259949
pandas,2024Q1,2024-03-31,73fd026ce57377a6f791ec02463a72b506a9636c,0,291,291,1.0,220506,6969,45.33129415819404,48.0,70,3.802697661070455,2.0,9,24.98823360596929,12.0,62,16.217534796957956,8.0,40,8.770698809011336,0.0,25,0.4178504807002439
pandas,2024Q2,2024-06-30,23e592f51b7ad94ce52d2376fff59a8d64bade99,0,292,292,1.0,223918,6957,45.36639429763561,48.0,70,3.795170332039672,2.0,9,25.471755066839155,12.0,64,16.157395429064252,8.0,40,9.314359637774904,0.0,27,0.4234583872358775
pandas,2024Q3,2024-09-30,e78ebd3f845c086af1d71c0604701ec49df97228,0,291,291,1.0,226182,6921,45.33367992375011,48.0,70,3.8270481144343305,2.0,9,25.893512498193903,12.0,65,16.28666377691085,8.0,40,9.606848721283052,0.0,29,0.4258055194336078
pandas,2024Q4,2024-12-31,8fbe6ac83da590acfc58ff83713aac14ab7f900d,0,291,291,1.0,227247,6927,45.35633474393298,48.0,70,3.840334921322362,2.0,9,25.992637505413597,13.0,65,16.33246715749964,9.0,40,9.66017034791396,0.0,29,0.4257254222607189
pandas,2025Q1,2025-03-31,83979d6a0c5a223bac2af8ef706c5ff8d432bcca,0,292,292,1.0,229298,6966,45.36480206540448,48.0,70,3.842520815389032,2.0,9,26.052828021820268,13.0,66,16.34079816250359,9.0,40,9.71202985931668,0.0,30,0.4252081538903244
pandas,2025Q2,2025-06-30,0490e1b27cdbf7f5fbed8f6bf37300419b6f3490,0,293,293,1.0,230126,6969,45.36989949317069,48.0,70,3.8520591189553737,2.0,9,26.15640694504233,13.0,66,16.399913904433923,9.0,40,9.756493040608408,0.0,30,0.4251686038169034
pandas,2025Q3,2025-09-30,5cc32409652002b4de442cfa6a065553aa17c3c9,0,294,294,1.0,231920,6986,45.31374383398537,48.0,70,3.876180933295162,2.0,9,26.304036644718007,13.0,66,16.500715717148584,9.0,41,9.803320927569423,0.0,30,0.4265674205553965
pandas,2025Q4,2025-12-31,adf237214db1600e271fc5ff87b2a419f991a830,0,294,294,1.0,239287,6997,45.28093871348979,48.0,70,3.907103044161784,2.0,9,27.883521509218237,14.0,69,16.602972702586822,9.0,41,11.280548806631414,0.0,36,0.4501929398313563
pandas,2026Q1,2026-03-31,877450d4aa635059e8a9ca4072513b47d6c2d6cc,0,291,291,1.0,249386,7080,45.43597787501032,48.0,69,3.9257062146892654,2.0,9,29.702683615819208,14.0,74,16.635734463276837,9.0,41,13.066949152542373,0.0,43,0.4682203389830508
pandas,2026Q2,2026-06-30,a3d6432b92ddb63546c6e493374f09da47b7109d,0,291,291,1.0,254188,7164,45.92783341281196,49.0,69,3.9821328866555,2.0,9,29.95784477945282,14.5,75,16.883026242322725,9.0,42,13.074818537130096,0.0,44,0.4684533780011167
pandas,2026Q3,2026-09-30,04dff44f6224b15ed647ad5cd865905bca8b116e,1,291,291,1.0,263005,7302,47.30340011286682,51.0,70,4.088331963845522,2.0,10,30.57285675157491,15.0,76,17.454122158312792,9.0,43,13.11873459326212,0.0,43,0.471240755957272
numpy,2014Q1,2014-03-31,5b265798b516dc7db710aa3942b97cc50df146fc,0,169,169,1.0,103129,2705,39.76704980842912,40.0,70,4.22181146025878,2.0,9,26.633271719038817,12.0,65,13.790757855822552,6.0,32,12.842513863216269,0.0,45,0.4754158964879852
numpy,2014Q2,2014-06-30,b25cdd68ee38de1be374b396b3b72460c17cad79,0,169,169,1.0,103798,2723,39.790058036840776,40.0,70,4.21520381931693,2.0,9,26.65552699228792,12.0,65,13.777451340433345,6.0,32,12.878075651854571,0.0,45,0.4763128901946383
numpy,2014Q3,2014-09-30,fa14ae0ef313bca848b24d210efae9e0170a63ad,0,167,167,1.0,103363,2728,39.75814188336279,40.0,70,4.209310850439882,2.0,9,26.758431085043988,12.0,65,13.803519061583575,6.0,32,12.95491202346041,0.0,45,0.4791055718475073
numpy,2014Q4,2014-12-31,fb898ce678c8d45364d1ee7b1a6d0308562a8ad9,0,167,167,1.0,104027,2731,39.89232673267327,40.0,70,4.225192237275723,2.0,9,26.941413401684365,12.0,65,13.899304284145002,6.0,33,13.042109117539365,0.0,45,0.4818747711461003
numpy,2015Q1,2015-03-31,799a4c7e66b5e6ab6e9d48b29e386c39c991955e,0,168,168,1.0,104647,2740,39.98699386503067,40.0,70,4.225182481751824,2.0,9,27.041605839416057,13.0,65,13.955474452554745,6.0,33,13.086131386861314,0.0,45,0.481021897810219
numpy,2015Q2,2015-06-30,23e10e18f7951fe040c91134da894f6efdffebe6,0,169,169,1.0,105423,2753,40.03453237410072,40.0,70,4.240464947330185,2.0,9,27.128223755902653,13.0,65,13.989829277152198,6.0,33,13.138394478750454,0.0,45,0.481656374863785
numpy,2015Q3,2015-09-30,e6dbcead884019bd2aee802f78c41f6a9c46cd61,0,171,171,1.0,106999,2763,40.51405517959396,41.0,69,4.249728555917481,2.0,9,27.49764748461817,13.0,66,14.22801302931596,6.0,33,13.269634455302208,0.0,46,0.4824466159971046
numpy,2015Q4,2015-12-31,c8862d75be1f33a5408b112e4f6da32a617ef6e6,0,170,170,1.0,106478,2738,40.744362873623494,41.0,70,4.24945215485756,2.0,9,27.56756756756757,13.0,66,14.162527392257122,6.0,33,13.405040175310443,0.0,46,0.485390796201607
numpy,2016Q1,2016-03-31,25d60a989766e630b92a79284388845ade96d3d0,0,170,170,1.0,107485,2747,40.95750708215297,41.0,70,4.269384783400072,2.0,9,27.807790316709134,13.0,66,14.217692027666546,6.0,32,13.590098289042592,0.0,46,0.4878048780487805
numpy,2016Q2,2016-06-30,d3e3d91d401f5e47a81e748cd7fb12620b45947a,0,170,170,1.0,107993,2755,41.146812293624585,42.0,70,4.2878402903811255,2.0,9,27.869691470054445,13.0,66,14.263157894736842,6.0,33,13.606533575317604,0.0,46,0.4878402903811252
numpy,2016Q3,2016-09-30,86c780d1c60473b594db7a241419167ebc3df687,0,172,172,1.0,109372,2772,41.10657993495121,42.0,70,4.312049062049062,2.0,9,28.157647907647902,13.0,66,14.392496392496392,6.0,33,13.765151515151516,0.0,47,0.4902597402597403
numpy,2016Q4,2016-12-31,b1b67d65503b46f7da04785656b145ee82cc0157,0,172,172,1.0,110040,2790,41.19322117763483,42.0,70,4.32078853046595,2.0,9,28.15663082437276,13.0,66,14.413620071684589,6.0,33,13.743010752688171,0.0,46,0.4921146953405018
numpy,2017Q1,2017-03-31,c3dd0e134b1c354322fc360a0c747b27c62db9c9,0,172,172,1.0,110385,2791,41.37460394833049,42.0,70,4.259405231099964,2.0,9,28.157291293443212,13.0,66,14.308491580078824,6.0,33,13.848799713364386,0.0,47,0.4955213185238266
numpy,2017Q2,2017-06-30,4bbbca2dda4099f689a8fb195696062ed783e4ce,0,173,173,1.0,111536,2843,41.68296755725191,42.0,70,4.208934224410833,2.0,9,27.97502638058389,13.0,66,14.231093914878649,6.0,33,13.74393246570524,0.0,47,0.4945480126626803
numpy,2017Q3,2017-09-30,697609cbb3b49dac0a61370ce7c8cd9b320fc43b,0,173,173,1.0,112273,2860,41.68849391955098,42.0,70,4.213286713286713,2.0,9,28.063286713286715,13.0,66,14.301048951048951,6.0,33,13.762237762237762,0.0,47,0.4961538461538461
numpy,2017Q4,2017-12-31,7255987a11c8b90ff525ad178419b22508164e23,0,174,174,1.0,113870,2908,41.928522493720024,42.0,70,4.197386519944979,2.0,9,28.039546079779917,13.0,67,14.334594222833562,6.0,33,13.704951856946357,0.0,47,0.4938101788170564
numpy,2018Q1,2018-03-31,0440fb1a5578643e526d254762eee70e4859fb5d,0,173,173,1.0,114215,2926,42.043389830508474,43.0,70,4.174982911825017,2.0,9,27.964456596035543,12.0,67,14.293574846206424,6.0,33,13.670881749829118,0.0,47,0.4921394395078605
numpy,2018Q2,2018-06-30,e33be77d664c3e18c4319c84d6a5b8e7448d132b,0,174,174,1.0,115128,2940,41.979504504504504,42.0,70,4.129931972789116,2.0,9,28.012585034013604,12.0,67,14.188095238095238,6.0,33,13.824489795918367,0.0,47,0.4914965986394558
numpy,2018Q3,2018-09-30,cd4fb52e889394125a1bb185b54ff8ca8800c5b1,0,181,181,1.0,116235,2968,42.08903055616619,42.0,70,4.118598382749326,2.0,9,28.047169811320753,12.0,67,14.213274932614556,6.0,33,13.8338948787062,0.0,47,0.4898921832884097
numpy,2018Q4,2018-12-31,1a43137b2b77360175fd530f86808d43bd1f156f,0,182,182,1.0,119064,3229,42.199353448275865,43.0,70,3.890368535150201,2.0,8,26.65809848250232,11.0,66,13.366057602973056,5.0,31,13.292040879529264,0.0,46,0.4611334778569216
numpy,2019Q1,2019-03-31,51140bd0787127184f148cc6cc02a1196980f64e,0,184,184,1.0,118308,3252,42.18544498027181,43.0,70,3.7789052890528905,2.0,8,26.199569495694956,11.0,66,12.974784747847478,5.0,30,13.224784747847478,0.0,46,0.4597170971709717
numpy,2019Q2,2019-06-30,b4105bf03f16e0bd38c6a74ba32de5b0a69ed190,0,186,186,1.0,119401,3288,42.20523356401384,43.0,70,3.7764598540145986,2.0,8,26.139294403892944,11.0,66,12.96198296836983,5.0,30,13.177311435523114,0.0,46,0.4577250608272506
numpy,2019Q3,2019-09-30,68bd6e359a6b0863acf39cad637e1444d78eabd0,0,176,176,1.0,119132,3269,42.32034445640473,43.0,70,3.795656163964515,2.0,8,26.33037626185378,11.0,66,13.048332823493425,5.0,30,13.282043438360354,0.0,46,0.4588559192413582
numpy,2019Q4,2019-12-31,63ef78b1cb80ae52dae115afa2463510336e6759,0,180,180,1.0,120052,3286,42.33632862644416,43.0,70,3.7973219720024343,2.0,8,26.36457699330493,11.0,66,13.060255629945225,5.0,30,13.304321363359708,0.0,46,0.4567863664029215
numpy,2020Q1,2020-03-31,18bfeaf2716001afa8785638a75f90259dbc8aa1,0,179,179,1.0,119190,3268,42.508048937540245,43.0,70,3.784577723378213,2.0,8,26.39504283965728,11.0,66,13.018971848225217,5.0,30,13.37607099143207,0.0,47,0.4574663402692778
numpy,2020Q2,2020-06-30,f38073be387190b7a6db3a1e064594d0c3fd695f,0,182,182,1.0,122388,3351,42.625385089340725,43.0,70,3.8284094300208897,2.0,8,26.56968069233065,11.0,68,13.275440167114294,5.0,31,13.294240525216352,0.0,47,0.4607579826917338
numpy,2020Q3,2020-09-30,26cff95893d7609b7bcba4b6d374835ad975137c,0,181,181,1.0,122599,3344,42.68178087812885,43.0,70,3.841208133971292,2.0,8,26.572667464114833,11.0,67,13.322667464114833,5.0,31,13.25,0.0,47,0.4590311004784689
numpy,2020Q4,2020-12-31,31647f1b3e56c2f2a471cd2c3a583311534173f8,0,191,191,1.0,124733,3455,42.745598057073465,43.0,70,3.7646888567293777,2.0,8,25.969030390738062,11.0,66,13.010998552821995,5.0,30,12.958031837916064,0.0,46,0.4477568740955137
numpy,2021Q1,2021-03-31,79086a575643fe2505edaa444d2b800ec23f62ed,0,192,192,1.0,125299,3455,42.81521521521522,44.0,70,3.7785817655571634,2.0,8,25.97742402315485,11.0,66,13.067438494934876,5.0,30,12.909985528219972,0.0,46,0.4477568740955137
numpy,2021Q2,2021-06-30,35a793c31faa1d7aeb1fd44cf79407132efcab08,0,193,193,1.0,126277,3481,42.89008363201911,44.0,70,3.771904625107727,2.0,8,25.9689744326343,11.0,66,13.060040218328067,5.0,30,12.908934214306234,0.0,46,0.451307095662166
numpy,2021Q3,2021-09-30,b40078630b0ec16280cd06b0cbbb3cef42901138,0,209,209,1.0,131017,3667,43.30934178631363,44.0,70,3.797109353695119,2.0,8,25.572947913826017,11.0,65,13.052086173984184,6.0,29,12.520861739841832,0.0,45,0.4854104172347968
numpy,2021Q4,2021-12-31,2f41a52d9b2fc70ea2bed6e04de470d854362ccd,0,212,212,1.0,132774,3727,43.4877915451895,44.0,70,3.7719345317950097,2.0,8,25.47035148913335,11.0,65,12.98738932116984,6.0,29,12.48296216796351,0.0,44,0.4856452911188623
numpy,2022Q1,2022-03-31,3f9fada45852a8f1b3fd9e0b760f34425099896c,0,217,217,1.0,133798,3772,43.73429084380611,45.0,70,3.7539766702014847,2.0,8,25.321049840933192,11.0,65,12.925503711558855,6.0,29,12.395546129374337,0.0,44,0.4795864262990456
numpy,2022Q2,2022-06-30,b0b523ec0980e46ca735ce96c7c976c4fdd28424,0,216,216,1.0,134906,3795,43.73439971875549,45.0,70,3.767588932806324,2.0,8,25.38418972332016,11.0,65,12.990513833992097,5.0,29,12.393675889328064,0.0,44,0.4793148880105402
numpy,2022Q3,2022-09-30,9b94c6fed78d8aaf358f7552c17754037b3bf320,0,216,216,1.0,135280,3795,43.750527055516514,45.0,70,3.7696969696969695,2.0,8,25.46034255599473,11.0,65,13.002371541501976,5.0,29,12.457971014492754,0.0,44,0.4790513833992095
numpy,2022Q4,2022-12-31,77f15776e1d6d1357cd8c45dd297da821e18e0c2,0,224,224,1.0,136069,3805,43.8322345593338,45.0,70,3.7676741130091984,2.0,8,25.50354796320631,11.0,65,13.039947437582128,6.0,29,12.463600525624178,0.0,44,0.4788436268068331
numpy,2023Q1,2023-03-31,700211a7af88afa225ef0d8332c575c8aae813de,0,223,223,1.0,136217,3782,43.905902777777776,45.0,70,3.7821258593336857,2.0,8,25.710735060814383,11.0,66,13.101269169751454,6.0,29,12.60946589106293,0.0,45,0.4793759915388683
numpy,2023Q2,2023-06-30,7d39d871248fcff595264a1889cd8d9ba8fad9d3,0,224,224,1.0,136932,3801,44.05796853625171,45.5,70,3.7945277558537223,2.0,8,25.751118126808738,11.0,66,13.16390423572744,6.0,30,12.587213891081294,0.0,45,0.4796106287818995
numpy,2023Q3,2023-09-30,241d67678189872a25ebc0e56a07ad4254bcef9b,0,236,236,1.0,136478,3803,44.11216763514703,46.0,70,3.7699184854062584,2.0,8,25.63449907967394,11.0,66,13.08677359978964,6.0,29,12.5477254798843,0.0,45,0.4777806994478044
numpy,2023Q4,2023-12-31,bab72802d9bfa3b17b2abbb0eade7894ff8c53bf,0,259,259,1.0,139836,3879,44.003621938599515,45.0,70,3.749935550399587,2.0,8,25.731631863882445,11.0,66,13.080175302913124,6.0,30,12.651456560969322,0.0,44,0.4751224542407837
numpy,2024Q1,2024-03-31,a52c49ad1fa200d971cff2d2702e2b817ca7b833,0,246,246,1.0,137194,3633,43.47409420289855,45.0,70,3.857418111753372,2.0,9,26.904761904761905,11.0,68,13.52876410679879,6.0,32,13.375997797963116,0.0,46,0.4525185796862097
numpy,2024Q2,2024-06-30,5c7b7b69cc3a6ea0bbbae2976445a169484e0a85,0,246,246,1.0,137745,3643,43.51911287414352,45.0,70,3.8643974746088383,2.0,9,26.962119132583037,11.0,68,13.556958550645072,6.0,32,13.405160581937963,0.0,47,0.4529234147680483
numpy,2024Q3,2024-09-30,3ee9e6aa2d9276648e909a6d0552844ed5bbd98e,0,249,249,1.0,138881,3652,43.552584350323045,45.0,70,3.862814895947426,2.0,9,27.10815991237678,11.0,69,13.557776560788607,6.0,32,13.55038335158817,0.0,48,0.4526286966046002
numpy,2024Q4,2024-12-31,dfb00057a5bba94284dfbebffe37c37b08a16d42,0,254,254,1.0,140268,3735,43.611436689753155,45.0,70,3.8626506024096385,2.0,9,26.76706827309237,11.0,69,13.538152610441768,6.0,32,13.228915662650602,0.0,46,0.443908969210174
numpy,2025Q1,2025-03-31,295e2d5b946109a7bf43b60e6f2ad1478d647888,0,253,253,1.0,139994,3722,43.65515399679544,45.0,70,3.8573347662547017,2.0,9,26.786673831273507,11.0,69,13.501343363782912,6.0,31,13.285330467490596,0.0,46,0.4419666845781838
numpy,2025Q2,2025-06-30,e740470a94bf7b15a5dd981d76a802876a1de56c,0,251,251,1.0,140315,3720,43.63325618657647,45.0,70,3.856720430107527,2.0,9,26.762096774193548,11.0,69,13.476344086021506,5.5,31,13.285752688172042,0.0,46,0.4411290322580645
numpy,2025Q3,2025-09-30,50204c8ef6bd66176341bc6d29c97ad94a8a3b68,0,250,250,1.0,140276,3717,43.65375691593789,45.0,70,3.860371267150928,2.0,9,26.768899650255584,11.0,69,13.477535647027173,6.0,31,13.29136400322841,0.0,46,0.4401398977670164
numpy,2025Q4,2025-12-31,3556042ac2576a7bc4ec5a5bba9954fd07b4167e,0,183,183,1.0,119771,2772,43.83142726440988,45.0,70,3.883838383838384,2.0,8,30.284632034632036,12.0,78,13.30988455988456,5.0,31,16.974747474747474,1.0,54,0.5010822510822511
numpy,2026Q1,2026-03-31,f91c8a83d8a829065e4f54a6b7360f374f052653,0,183,183,1.0,120132,2777,43.798447842958225,45.0,70,3.883327331652863,2.0,8,30.32301044292402,12.0,79,13.334173568599208,5.0,31,16.98883687432481,1.0,54,0.5012603528988117
numpy,2026Q2,2026-06-30,c06657a6622cb9f48946e2ef7222b7294bdd629e,0,183,183,1.0,120644,2787,43.86464968152866,45.0,70,3.8783638320775022,2.0,8,30.36454969501256,12.0,78,13.31324004305705,5.0,31,17.051309651955506,1.0,54,0.501973448152135
numpy,2026Q3,2026-09-30,d9079517ca17819bca8cbc1587ea9047f8a56ecf,1,181,181,1.0,121062,2783,44.04708012675419,45.0,70,3.9001077973409983,2.0,8,30.554796981674453,12.0,79,13.384477182896156,5.0,31,17.170319798778298,1.0,55,0.5023356090549767
scipy,2014Q1,2014-03-31,2e5b1ddc4365cbd81ddf6b0175ceb34e845a7a9f,0,245,244,0.9959183673469388,127430,3717,42.18384714193963,42.0,70,3.3701910142588107,1.0,8,24.40247511433952,9.0,64,13.544525154694648,6.0,32,10.857949959644875,0.0,36,0.4471347861178369
scipy,2014Q2,2014-06-30,97e93bd0ef24b9d1f59cfba4fd0b540f348cb4c9,0,248,247,0.995967741935484,129921,3748,42.320733828878694,42.0,70,3.394076840981857,1.0,8,24.74759871931697,9.0,65,13.67075773745998,6.0,33,11.076840981856993,0.0,36,0.4517075773745997
scipy,2014Q3,2014-09-30,4a5d2ae012e97af7ac07ce4cf5b4666c05dd0044,0,249,248,0.9959839357429718,132060,3790,42.55036659228562,43.0,70,3.3894459102902377,1.0,8,24.916094986807387,9.0,65,13.67414248021108,6.0,33,11.241952506596306,0.0,36,0.4511873350923482
scipy,2014Q4,2014-12-31,a9c5eea4802f224a61b6ffd160c184870e7ce3da,0,251,250,0.99601593625498,134344,3868,42.710809102402024,43.0,70,3.3689245087900725,1.0,8,24.8653050672182,9.0,64,13.586091003102378,6.0,32,11.279214064115822,0.0,36,0.4537228541882109
scipy,2015Q1,2015-03-31,52354d4b0e9049ad9df86de934ed340741dd40a8,0,247,246,0.9959514170040484,137895,3952,42.89604863221884,44.0,70,3.3823380566801617,1.0,8,25.012145748987855,9.0,65,13.680161943319838,6.0,32,11.331983805668017,0.0,37,0.4547064777327935
scipy,2015Q2,2015-06-30,390acd9748df61300766b7495fdade24fdaf37bb,0,248,247,0.995967741935484,141699,4031,42.97495554238293,44.0,70,3.368394939221037,1.0,8,25.359712230215827,10.0,65,13.701314810220788,6.0,32,11.65839741999504,0.0,38,0.4581989580749194
scipy,2015Q3,2015-09-30,cb1321e23038ce91f8e9750865d7b474fc72d923,0,260,259,0.9961538461538462,147771,4130,43.11957779063042,44.0,70,3.4322033898305087,1.0,8,26.065617433414044,10.0,67,14.07094430992736,6.0,33,11.994673123486685,0.0,38,0.461501210653753
scipy,2015Q4,2015-12-31,e7a015e41a07092b1ae7dd13dfa4c49a459fea28,0,260,259,0.9961538461538462,150595,4190,43.23246606334842,44.0,70,3.439856801909308,1.0,8,26.15322195704057,10.0,68,14.09856801909308,6.0,33,12.054653937947494,0.0,39,0.4656324582338902
scipy,2016Q1,2016-03-31,819f58f161f07105ec9281644913e063751a9365,0,264,263,0.9962121212121212,155160,4273,43.30442035029191,44.0,70,3.4058038848584133,1.0,8,26.032997893751464,10.0,67,13.930727825883457,6.0,33,12.102270067868009,0.0,39,0.4678212029019424
scipy,2016Q2,2016-06-30,812be1e8db586e3cc46c5646f8f3093d321cd0af,0,268,267,0.996268656716418,160766,4459,43.60184813177983,45.0,70,3.374747701278314,1.0,8,25.941018165507963,10.0,68,13.94662480376766,6.0,34,11.9943933617403,0.0,39,0.4649024444942812
scipy,2016Q3,2016-09-30,fe6df4ee057dee8a066ecb11cceb18b15e445431,0,270,269,0.9962962962962963,164069,4525,43.572315414080045,45.0,70,3.3602209944751382,1.0,8,26.0846408839779,10.0,68,13.95889502762431,6.0,34,12.125745856353593,0.0,39,0.4645303867403315
scipy,2016Q4,2016-12-31,fa13ccb67808c263301f44041d411b6decf8b6e2,0,247,246,0.9959514170040484,154075,4050,42.90604929051531,44.0,70,3.548641975308642,2.0,8,28.645185185185184,11.0,74,14.745432098765432,6.0,36,13.899753086419754,0.0,43,0.4846913580246914
scipy,2017Q1,2017-03-31,ab9eff32ef594a59621404ffe18045fd6bd49e1f,0,249,248,0.9959839357429718,157735,4104,42.76083794006401,43.0,69,3.564327485380117,2.0,8,28.992446393762183,12.0,74,14.850389863547758,6.0,36,14.142056530214424,0.0,44,0.486598440545809
scipy,2017Q2,2017-06-30,825f8f73ba46d53011e854d0f9a4714b9647b052,0,257,256,0.9961089494163424,161729,4184,42.83050847457627,43.0,69,3.5717017208413,2.0,8,29.169694072657744,12.0,75,14.965583173996176,6.0,37,14.204110898661568,0.0,44,0.4820745697896749
scipy,2017Q3,2017-09-30,676da8f65d38cd62c89799aec7444df227424e04,0,263,262,0.9961977186311788,166912,4250,42.898971000935454,44.0,69,3.607764705882353,2.0,9,29.697882352941175,11.0,76,15.256235294117648,6.0,37,14.441647058823529,0.0,45,0.4788235294117647
scipy,2017Q4,2017-12-31,eaa2fdef699ba0b81a75434f6483891f11cc116f,0,265,264,0.9962264150943396,168418,4268,42.96069868995633,44.0,69,3.6279287722586697,2.0,9,29.903701968134957,12.0,77,15.32357075913777,6.0,37,14.580131208997187,0.0,46,0.4800843486410496
scipy,2018Q1,2018-03-31,47c0a24c8798bef46467f1dde38594939c27c98b,0,266,264,0.9924812030075189,171016,3635,42.9528474399164,44.0,69,4.094635488308116,2.0,10,34.863273727647865,17.0,84,17.40825309491059,8.0,42,17.455020632737277,1.0,52,0.5598349381017882
scipy,2018Q2,2018-06-30,8835355c56ff972942ef326f546171716626cd54,0,281,280,0.99644128113879,179693,4534,42.49712397503365,43.0,69,3.6340979267754743,2.0,9,30.36634318482576,11.0,79,15.568151742390825,6.0,38,14.798191442434936,0.0,47,0.4693427437141597
scipy,2018Q3,2018-09-30,209e1c6c656dde645f926957f29554a800aaa13c,0,283,282,0.9964664310954064,182851,4650,42.51798474022042,43.0,69,3.59741935483871,2.0,8,30.13118279569893,11.0,79,15.390752688172045,6.0,38,14.740430107526882,0.0,47,0.4705376344086021
scipy,2018Q4,2018-12-31,193f160feeeb6256d26ba7d42c627910bc78d4a5,0,288,288,1.0,187925,4882,42.324942263279446,42.0,69,3.5649324047521507,2.0,8,29.67574764440803,11.0,79,15.263826300696437,6.0,37,14.411921343711594,0.0,47,0.4633346988938959
scipy,2019Q1,2019-03-31,41f26a297baf7bf2ce7b480f58bd96bebd6b6071,0,291,291,1.0,190369,4916,42.3547762723443,42.0,69,3.574247355573637,2.0,8,29.92046379170057,11.0,80,15.339910496338486,6.0,38,14.580553295362083,0.0,47,0.4639951179820992
scipy,2019Q2,2019-06-30,485f4b4125304957eb1ef05e1dc8f8380a56714d,0,300,300,1.0,194565,5037,42.369419642857146,42.0,69,3.557276156442327,2.0,8,29.887035934087752,11.0,79,15.294818344252532,6.0,37,14.59221758983522,0.0,47,0.4649593011713321
scipy,2019Q3,2019-09-30,c33dd0afbe45339a1dcc70511859457c36325bcf,0,313,313,1.0,199308,5163,42.51267013389399,43.0,69,3.516172767770676,1.0,8,29.66802246755762,11.0,78,15.093550261475889,6.0,37,14.574472206081737,0.0,47,0.463102847181871
scipy,2019Q4,2019-12-31,1a2666f1b84be84ad09e931e07d4d2e723fee47c,0,313,313,1.0,202920,5211,42.45204436711614,42.5,69,3.522740356937248,1.0,8,29.75033582805603,11.0,78,15.13874496257916,6.0,37,14.611590865476876,0.0,48,0.4601803876415275
scipy,2020Q1,2020-03-31,7ac26a178f385e4fa88d5c22951797a32ec8f38f,0,314,314,1.0,204585,5222,42.46624203821656,42.0,69,3.552853312906932,2.0,8,30.06472615855994,11.0,79,15.29088471849866,6.0,37,14.77384144006128,0.0,48,0.4607430103408655
scipy,2020Q2,2020-06-30,fd6f6d670909681127be0e545bc1a116d6b74a79,0,314,314,1.0,207145,5241,42.6983814069309,43.0,69,3.586147681740126,2.0,8,30.33028048082427,11.0,79,15.384659416141956,6.0,37,14.945621064682312,0.0,48,0.4609807288685365
scipy,2020Q3,2020-09-30,c2ed45da7aa3716a864e176f2f41be9f7f93dfd6,0,316,316,1.0,208736,5241,42.74162284771626,43.0,69,3.590536157221904,2.0,8,30.53176874642244,11.0,79,15.422056859377982,6.0,37,15.109711887044456,0.0,49,0.4647967945048655
scipy,2020Q4,2020-12-31,7df7d350fb3156d6e1554eec6997be8bb59cb052,0,320,320,1.0,213543,5328,42.80297811993517,43.0,69,3.5812687687687688,2.0,8,30.78978978978979,11.0,80,15.445195195195195,6.0,37,15.344594594594597,0.0,50,0.464527027027027
scipy,2021Q1,2021-03-31,7dcdeffed53483a60b3e054618520e0f28adeba4,0,333,333,1.0,218974,5465,42.76465934935232,43.0,69,3.5674290942360476,2.0,8,30.724245196706313,11.0,80,15.455992680695331,6.0,37,15.268252516010978,0.0,49,0.4651418115279048
scipy,2021Q2,2021-06-30,b8bdbbf112413e9a8f5e209fc05d3b8927718b28,0,346,346,1.0,224610,5599,42.9038961038961,43.0,69,3.545633148776567,2.0,8,30.80460796570816,11.0,80,15.433827469190929,6.0,37,15.370780496517236,0.0,50,0.466869083764958
scipy,2021Q3,2021-09-30,31595654daa2f0c425488d603f068b64a590d817,0,360,360,1.0,228482,5704,42.910927370102414,43.0,69,3.5662692847124826,2.0,8,30.852384291725105,11.0,81,15.532433380084152,6.0,37,15.319950911640952,0.0,50,0.4640603085553997
scipy,2021Q4,2021-12-31,cf71f7e3749edbdc1c2efbc37f9c1aaaf0a2f3fa,0,473,473,1.0,237336,6019,43.26722079759484,44.0,69,3.5052334274796477,2.0,8,30.080412028576177,11.0,79,15.360525004153514,6.0,36,14.71988702442266,0.0,49,0.4452566871573351
scipy,2022Q1,2022-03-31,e3cd846ef353b10cc66972a5c7718e80948362ac,0,476,476,1.0,242696,6220,43.33813699105825,44.0,69,3.466720257234727,2.0,8,29.720096463022507,10.0,78,15.208360128617365,6.0,36,14.511736334405144,0.0,48,0.435048231511254
scipy,2022Q2,2022-06-30,bf6e1b994f6af6f79cf5768c23e91898f543f063,0,477,477,1.0,245943,6270,43.471150563332195,45.0,69,3.479585326953748,2.0,8,29.884051036682617,10.5,78,15.277352472089314,6.0,37,14.606698564593302,0.0,48,0.4355661881977671
scipy,2022Q3,2022-09-30,ac815d40de0819497dfabd27046c3b605dae447f,0,483,483,1.0,251406,6373,43.71096677491881,45.0,70,3.45598619174643,2.0,8,30.016475757100267,10.0,79,15.236466342381924,6.0,37,14.780009414718345,0.0,50,0.4333908677232073
scipy,2022Q4,2022-12-31,35dfd06bf37a5fdddda5e0b9e8043623957c084e,0,485,485,1.0,256455,6483,43.68461156203412,45.0,69,3.4351380533703533,2.0,8,30.065864568872435,10.0,79,15.186641986734536,6.0,37,14.8792225821379,0.0,50,0.4300478173685022
scipy,2023Q1,2023-03-31,bd6423f6332ddbfb6d27ab20898018c5aafff7e5,0,489,489,1.0,264433,6749,43.75639921722114,45.0,69,3.392650763076011,1.0,8,29.9072455178545,10.0,78,15.1041635797896,6.0,36,14.8030819380649,0.0,48,0.4215439324344347
scipy,2023Q2,2023-06-30,5353f121af03157207c62aa4dd8748888d855a2b,0,488,488,1.0,268319,6852,43.83643939393939,45.0,69,3.3852889667250436,1.0,8,29.86602451838879,10.0,78,15.131056625802684,6.0,36,14.734967892586106,0.0,48,0.4213368359603036
scipy,2023Q3,2023-09-30,4fc97887b5b6bc94af4b9f85fe8d10a2c62d6082,0,499,499,1.0,278985,7127,44.336792721069095,46.0,70,3.372667321453627,1.0,8,29.924231794583974,9.0,78,15.165988494457697,6.0,36,14.75824330012628,0.0,49,0.4196716711098639
scipy,2023Q4,2023-12-31,05e26d633b8e95cc53c0128d4a94f121c95813d6,0,495,495,1.0,279205,7150,44.415884527872585,46.0,70,3.355104895104895,1.0,8,29.78909090909091,9.0,78,15.075804195804196,6.0,36,14.713286713286712,0.0,48,0.4165034965034965
scipy,2024Q1,2024-03-31,3c71ac3805067f1429bca0725120b48d09150e0f,0,499,499,1.0,279447,7190,44.45216536814768,46.0,70,3.369401947148818,1.0,8,29.898470097357443,9.0,79,15.14770514603616,6.0,37,14.75076495132128,0.0,49,0.4157162726008345
scipy,2024Q2,2024-06-30,04410471b8a71cc3d9eef69805d876cd89f60319,0,502,502,1.0,281332,7314,44.63481938570339,46.0,70,3.3928083128247195,1.0,8,29.658599945310364,9.0,78,15.137544435329506,6.0,37,14.521055509980858,0.0,48,0.4068908941755537
scipy,2024Q3,2024-09-30,2ee2fc5bb4de129978c8802ba46bfa54601e62e5,0,517,517,1.0,284145,7483,44.7906239460371,46.0,70,3.3922223707069357,1.0,8,29.351730589335823,9.0,78,15.16437257784311,6.0,37,14.187358011492718,0.0,48,0.3955632767606575
scipy,2024Q4,2024-12-31,aaed3ae5256fe298c023d6923a397f67d7891b57,0,524,524,1.0,301854,8178,45.39025893958076,47.0,71,3.3159696747370995,1.0,8,28.879799461971142,8.0,77,15.395940327708486,5.0,36,13.483859134262657,0.0,46,0.3714844705306921
scipy,2025Q1,2025-03-31,7bbca7ff2e38c42488751402ddf1e14b58ad0f9f,0,526,526,1.0,305147,8231,45.5213503649635,48.0,71,3.3247479042643664,1.0,8,29.04920422791884,8.0,77,15.447576236180296,5.0,36,13.60162799173855,0.0,46,0.3710363260843154
scipy,2025Q2,2025-06-30,8f51c63d384f0e9c966355362f982ea7ec2de1cc,0,553,553,1.0,315223,8394,46.53677044972659,48.0,73,3.4340004765308554,1.0,8,29.561353347629257,8.0,78,15.727424350726707,5.0,37,13.83392899690255,0.0,47,0.3736001906123422
scipy,2025Q3,2025-09-30,6ad1c3219ef5295aadf921ff90e9d522269119c1,0,557,557,1.0,319777,8500,46.82125890736342,49.0,73,3.4567058823529413,1.0,8,29.65094117647059,8.0,78,15.872235294117647,5.0,37,13.77870588235294,0.0,47,0.3718823529411765
scipy,2025Q4,2025-12-31,2335807e25747c4dd41ba0c939b181168512a7c2,0,560,560,1.0,323304,8570,46.93556618819777,49.0,73,3.4614935822637105,1.0,8,29.710968494749125,8.0,79,15.930921820303384,6.0,37,13.78004667444574,0.0,47,0.370828471411902
scipy,2026Q1,2026-03-31,b12b8106ae919da2b0ba6624e389e66a4001128b,0,563,563,1.0,326848,8636,46.98452846129475,49.0,73,3.454029643353405,1.0,8,29.816813339509032,8.0,80,15.909333024548404,6.0,37,13.90748031496063,0.0,47,0.3719314497452524
scipy,2026Q2,2026-06-30,09bac46b69447b454b775eb2793f9fb848e4ec9f,0,559,559,1.0,326664,8690,47.099167495680405,49.0,73,3.4399309551208286,1.0,8,29.870771001150747,8.0,80,15.876754890678942,6.0,37,13.994016110471806,0.0,48,0.3710011507479862
scipy,2026Q3,2026-09-30,f389d8d3514b720452029c88fef930f0d9e8e618,1,447,447,1.0,323944,8452,47.147449409780776,49.0,73,3.5095835305253194,1.0,8,30.97030288689068,9.0,83,16.356838618078562,6.0,38,14.613464268812116,0.0,51,0.3839327969711311
scikit-learn,2014Q1,2014-03-31,fec2867aee5a9943486a7a1a0b6695af59461560,0,167,167,1.0,67051,1687,41.76167947959787,43.0,67,3.5257854179016004,2.0,8,27.32246591582691,16.0,67,16.688203912270303,9.0,39,10.634262003556607,1.0,30,0.6069946650859513
scikit-learn,2014Q2,2014-06-30,877d4711bde70df121c6dffa9dc46a110836721f,0,168,168,1.0,69344,1759,41.969869243888574,43.0,67,3.536668561682774,2.0,8,27.19613416714042,16.0,67,16.665150653780557,9.0,40,10.530983513359864,1.0,29,0.6014781125639568
scikit-learn,2014Q3,2014-09-30,9c079cf268a9c9e6d3d29003050dd412f9746351,0,173,173,1.0,73349,1817,41.924044002095336,43.0,67,3.631810676940011,2.0,8,28.082003302146394,17.0,68,17.235553109521188,9.0,39,10.846450192625207,1.0,31,0.5910842047330765
scikit-learn,2014Q4,2014-12-31,9c079cf268a9c9e6d3d29003050dd412f9746351,0,173,173,1.0,73349,1817,41.924044002095336,43.0,67,3.631810676940011,2.0,8,28.082003302146394,17.0,68,17.235553109521188,9.0,39,10.846450192625207,1.0,31,0.5910842047330765
scikit-learn,2015Q1,2015-03-31,9c079cf268a9c9e6d3d29003050dd412f9746351,0,173,173,1.0,73349,1817,41.924044002095336,43.0,67,3.631810676940011,2.0,8,28.082003302146394,17.0,68,17.235553109521188,9.0,39,10.846450192625207,1.0,31,0.5910842047330765
scikit-learn,2015Q2,2015-06-30,9c079cf268a9c9e6d3d29003050dd412f9746351,0,173,173,1.0,73349,1817,41.924044002095336,43.0,67,3.631810676940011,2.0,8,28.082003302146394,17.0,68,17.235553109521188,9.0,39,10.846450192625207,1.0,31,0.5910842047330765
scikit-learn,2015Q3,2015-09-30,47a85f3f3470dc07fa4a6f621e9ebaef4525827b,0,189,189,1.0,86958,2087,42.47489082969432,44.0,67,3.7656923814087206,2.0,9,29.457594633445137,17.0,71,18.0857690464782,9.0,43,11.371825586966938,1.0,31,0.6042165788212746
scikit-learn,2015Q4,2015-12-31,4afbccedd3ced50e9b4019a2509df8eacdc1c7ba,0,202,202,1.0,97730,2368,42.362567271277655,44.0,67,3.69847972972973,2.0,8,28.90625,17.0,70,17.55954391891892,9.0,41,11.34670608108108,1.0,31,0.6043074324324325
scikit-learn,2016Q1,2016-03-31,acdaeaf5dd2577855b09a23862489d7b10faeaa3,0,206,206,1.0,99993,2408,42.58109414266383,45.0,67,3.723006644518272,2.0,8,29.123338870431898,17.0,71,17.70639534883721,9.0,42,11.416943521594684,1.0,31,0.606312292358804
scikit-learn,2016Q2,2016-06-30,78890543a7893460c4f36288de9f51c60ad940c6,0,208,208,1.0,101964,2481,42.656782092978766,45.0,67,3.6852075775896815,2.0,8,28.84522370012092,17.0,70,17.48045143087465,9.0,41,11.364772269246272,1.0,31,0.6078194276501411
scikit-learn,2016Q3,2016-09-30,3619bd386b66b5131c5b78e21e6775982d2b984d,0,212,212,1.0,105563,2606,42.95688864428545,45.0,67,3.653491941673062,2.0,8,28.357636224098236,17.0,68,17.21987720644666,9.0,40,11.137759017651574,1.0,30,0.61128165771297
scikit-learn,2016Q4,2016-12-31,e2adbb7e037de74044db002eff5898f5e11a5507,0,208,208,1.0,105760,2570,42.82729601170875,45.0,67,3.679766536964981,2.0,8,28.904280155642024,17.0,70,17.492217898832685,9.0,41,11.41206225680934,1.0,30,0.6116731517509728
scikit-learn,2017Q1,2017-03-31,369b6a9434f776ecc4281aabda2db376066d64b8,0,208,208,1.0,106789,2591,42.85376930063578,45.0,67,3.6854496333461984,2.0,8,28.918564260903125,17.0,70,17.513315322269396,9.0,41,11.405248938633733,1.0,30,0.6090312620609803
scikit-learn,2017Q2,2017-06-30,ae8223356b5e3618ce5a0e18070b03272a81c36b,0,207,207,1.0,106864,2578,43.08757752302199,45.0,67,3.6442979053529863,2.0,8,28.921256788207913,17.0,68,17.357641582622186,9.0,41,11.563615205585725,1.0,31,0.6186966640806827
scikit-learn,2017Q3,2017-09-30,4e6b403796238a1263b871a67d72d39ab61f2075,0,208,208,1.0,109276,2607,43.35573195495662,46.0,67,3.675489067894131,2.0,8,29.1710778672804,17.0,69,17.446873801304182,9.0,41,11.72420406597622,1.0,31,0.6194859992328346
scikit-learn,2017Q4,2017-12-31,5e26bf902621933bc8c7f3ce21c2085ee32651d3,0,210,210,1.0,111094,2639,43.455074572571846,46.0,67,3.7078438802576734,2.0,8,29.268283440697235,17.0,69,17.571428571428573,9.0,41,11.696854869268662,1.0,31,0.6176582038651004
scikit-learn,2018Q1,2018-03-31,12cdb8323c1a4018fcc97dc5a0014a0ba7b44593,0,214,214,1.0,113022,2671,43.401180468610264,46.0,67,3.7379258704605016,2.0,8,29.43991014601273,17.0,70,17.690003743916137,9.0,41,11.749906402096594,1.0,31,0.6177461624859603
scikit-learn,2018Q2,2018-06-30,c7e498b78ea9597024eaac14382e0561e115056d,0,211,211,1.0,109356,2542,43.58155251141552,46.0,67,3.7934697088906377,2.0,8,30.13729346970889,18.0,71,18.017309205350116,10.0,42,12.119984264358772,2.0,32,0.6258851298190401
scikit-learn,2018Q3,2018-09-30,e1c3c228b28c0fd1b1c6763a3da579d21bee63d1,0,253,253,1.0,123787,3105,43.96972907522325,47.0,68,3.693719806763285,2.0,8,27.786795491143316,17.0,65,17.008373590982288,9.0,40,10.77842190016103,1.0,27,0.591304347826087
scikit-learn,2018Q4,2018-12-31,fda8f4786df97669025c9a664d7868105ef74799,0,249,249,1.0,123394,3075,44.34226773076344,47.0,69,3.7245528455284553,2.0,8,28.01560975609756,17.0,66,17.06178861788618,9.0,41,10.95382113821138,1.0,28,0.593170731707317
scikit-learn,2019Q1,2019-03-31,8f35843d985e71d55f26ed1dfd0b41404655b2f5,0,251,251,1.0,126640,3212,44.38713968957872,47.0,69,3.668742216687422,2.0,8,27.64601494396015,16.0,66,16.844333748443336,9.0,40,10.801681195516812,1.0,27,0.5834371108343711
scikit-learn,2019Q2,2019-06-30,be4accf79d924e9afce0e124124de12bd8709ef2,0,210,210,1.0,115387,2608,43.64420737413438,46.0,68,3.83090490797546,2.0,9,31.17446319018405,19.0,72,18.208588957055216,10.0,43,12.965874233128837,5.0,33,0.6253834355828221
scikit-learn,2019Q3,2019-09-30,af8a6e592a1a15d92d77011856d5aa0ec4db4c6c,0,218,218,1.0,121395,2745,43.82221420843852,46.0,68,3.825500910746813,2.0,9,31.109653916211293,19.0,73,18.087795992714025,9.0,43,13.021857923497269,5.0,33,0.6225865209471767
scikit-learn,2019Q4,2019-12-31,70d8b70d7a3fbd2ead8c27ed9190024ff10372ca,0,221,221,1.0,121888,2683,43.96326530612245,46.0,68,3.902720834886322,2.0,9,31.83153186731271,20.0,75,18.53335818114051,10.0,44,13.298173686172197,5.0,34,0.6239284383153186
scikit-learn,2020Q1,2020-03-31,c2f5fe3e43f18f788dfad218abc6498a3fbbe20c,0,225,225,1.0,124609,2763,44.07981055955096,47.0,68,3.8512486427795873,2.0,9,31.479551212450236,19.0,74,18.34527687296417,10.0,44,13.134274339486064,4.0,33,0.6134636264929425
scikit-learn,2020Q2,2020-06-30,6b29bc69c59509e61d5a57c94cd27cc90456c060,0,226,226,1.0,127347,2814,44.11508282476024,47.0,68,3.84363894811656,2.0,9,31.46766169154229,19.0,74,18.33084577114428,10.0,44,13.13681592039801,4.0,33,0.6087420042643923
scikit-learn,2020Q3,2020-09-30,21121f50997dba43fffbfecb2f672431cf708363,0,229,229,1.0,130953,2894,44.31293439566028,47.0,68,3.841741534208708,2.0,9,31.422252937111264,19.0,74,18.378714581893572,10.0,44,13.043538355217692,3.0,32,0.600898410504492
scikit-learn,2020Q4,2020-12-31,6b4f82433dc2f219dbff7fe8fa42c10b72379be6,0,234,234,1.0,133958,2972,44.19820717131474,47.0,68,3.8304172274562585,2.0,9,31.35699865410498,19.0,75,18.38593539703903,9.5,44,12.971063257065948,3.0,32,0.5958950201884253
scikit-learn,2021Q1,2021-03-31,c9c89cfc85dd8dfefd7921c16c87327d03140a06,0,235,235,1.0,136406,3012,44.25757087628866,47.0,68,3.840305444887118,2.0,9,31.53187250996016,19.0,75,18.529548472775563,10.0,44,13.002324037184597,3.0,33,0.5969455511288181
scikit-learn,2021Q2,2021-06-30,0d343bb2d296ece7205f9e230d98e3ad68ac4472,0,239,239,1.0,147702,3083,44.497745296221424,47.0,68,3.825819007460266,2.0,9,33.89361012001297,20.0,79,21.075900097307816,11.0,49,12.817710022705157,1.0,32,0.5890366526110931
scikit-learn,2021Q3,2021-09-30,e7fb5b8c8dd2cd4d7ccd6f9f9ad6c1d206c43a33,0,241,241,1.0,153981,3147,44.55569136745607,47.0,68,3.841118525579917,2.0,9,34.505878614553545,21.0,80,21.26850969176994,11.0,49,13.237368922783604,2.0,33,0.5993009215125517
scikit-learn,2021Q4,2021-12-31,b242b9dd200cbb3f60247e523adae43a303d8122,0,247,247,1.0,157246,3222,44.78340050753844,48.0,69,3.834574798261949,2.0,9,34.385474860335194,21.0,80,21.179081315952825,10.0,49,13.20639354438237,2.0,33,0.6005586592178771
scikit-learn,2022Q1,2022-03-31,7811a3a4789f5a252e99708e7bd45445f78839e4,0,247,247,1.0,159426,3185,44.977930429698915,48.0,69,3.929984301412873,2.0,9,35.423861852433284,21.0,83,21.91365777080063,11.0,51,13.510204081632653,4.0,33,0.6153846153846154
scikit-learn,2022Q2,2022-06-30,577a1d2a4fd2f029c30bca1015c8dc4d4948865a,0,254,254,1.0,164872,3295,45.243912678421495,48.0,69,3.896813353566009,2.0,9,35.12139605462823,21.0,84,21.672837632776936,11.0,50,13.44855842185129,3.0,33,0.607587253414264
scikit-learn,2022Q3,2022-09-30,df626e43ac3c99da2aeb005709d77395bd717e6a,0,256,256,1.0,165551,3312,45.35000694733917,48.0,70,3.871376811594203,2.0,9,34.63586956521739,21.0,82,21.381642512077295,11.0,49,13.254227053140095,2.0,33,0.6029589371980676
scikit-learn,2022Q4,2022-12-31,96a0bc861ad2ba3c63db0326b42b41ddabeb2aff,0,261,261,1.0,169228,3363,45.30287029515299,48.0,70,3.900683913172762,2.0,9,34.97175141242938,21.0,82,21.648528099910795,11.0,50,13.323223312518584,2.0,33,0.6042224204579245
scikit-learn,2023Q1,2023-03-31,c3bfe86b45577a9405a4680d9971efa9594a0657,0,262,262,1.0,171367,3386,45.530546623794216,49.0,70,3.8981098641464857,2.0,9,35.05670407560543,21.0,83,21.704961606615477,11.0,50,13.35174246898996,2.0,33,0.6033668044890727
scikit-learn,2023Q2,2023-06-30,0a45f93418d2724e496b39c2d260a2ae047ec334,0,266,266,1.0,176817,3499,45.97812097812098,49.0,70,3.865961703343813,2.0,9,34.731066018862535,21.0,83,21.418691054587025,11.0,50,13.312374964275508,2.0,33,0.6033152329236925
scikit-learn,2023Q3,2023-09-30,9f6592f714cf1b0fb6f2d8fb636d9e458fad41d5,0,265,265,1.0,179491,3505,46.3182382133995,50.0,70,3.9172610556348073,2.0,9,35.227674750356634,21.0,84,21.774607703281028,11.0,51,13.453067047075606,2.0,34,0.6037089871611983
scikit-learn,2023Q4,2023-12-31,678e3999eeaadcaaef523d1d0d2f52a25986d460,0,269,269,1.0,180635,3549,46.48786796403498,50.0,70,3.8999718230487463,2.0,9,35.162581008734854,21.0,85,21.654268808114963,11.0,51,13.508312200619892,2.0,34,0.6027049873203719
scikit-learn,2024Q1,2024-03-31,f59c50301bc725fe3da75ac3b5e8614ff9a26f98,0,277,277,1.0,185518,3595,46.77704564514197,50.0,71,3.917663421418637,2.0,9,35.85006954102921,21.0,87,21.8230876216968,11.0,51,14.026981919332409,2.0,36,0.6019471488178025
scikit-learn,2024Q2,2024-06-30,a4ebe19a95ffbb3cf6abf3e98d737d0d097f5de3,0,278,278,1.0,187726,3644,47.227423109913,50.0,71,3.910537870472009,2.0,9,35.875137211855105,21.0,87,21.87541163556531,11.0,51,13.99972557628979,2.0,36,0.6029088913282108
scikit-learn,2024Q3,2024-09-30,7ab1b647f57e0df5f33bdf14ae57a62b0bd861dd,0,281,281,1.0,191139,3689,47.11997152011392,49.0,71,3.904581187313635,2.0,9,36.01463811330984,21.0,87,21.957169964760094,11.0,52,14.057468148549743,2.0,36,0.6044998644619138
scikit-learn,2024Q4,2024-12-31,74775cac41cb299d029417d0b06d2cd25ec8f1fc,0,285,285,1.0,193896,3721,47.2786866359447,50.0,71,3.94168234345606,2.0,9,36.14861596345069,21.0,86,22.057511421660845,11.0,52,14.09110454178984,3.0,36,0.6062886320881483
scikit-learn,2025Q1,2025-03-31,e146da145575baaba99e9ed9b93501e729703297,0,328,328,1.0,203735,4007,47.56336980771274,50.0,71,3.901422510606438,2.0,9,35.403044671824304,21.0,85,21.626403793361614,11.0,50,13.77664087846269,1.0,36,0.5889693037184927
scikit-learn,2025Q2,2025-06-30,6eeb16782ba417b2a00c436da0b83edadfcd7575,0,333,333,1.0,206141,4075,47.64634528913521,50.0,72,3.8885889570552146,2.0,9,35.237300613496934,20.0,85,21.580122699386504,11.0,50,13.657177914110427,1.0,36,0.583558282208589
scikit-learn,2025Q3,2025-09-30,3cc6c810c988ef1af2ea7d0cf821d19d36974e7b,0,336,336,1.0,209298,4160,47.61232665639445,50.0,72,3.9004807692307697,2.0,9,35.09399038461538,20.0,84,21.51490384615385,11.0,50,13.57908653846154,1.0,36,0.5788461538461539
scikit-learn,2025Q4,2025-12-31,04c9f3eee9dafa76b92bc589e55e700398ca6e10,0,337,337,1.0,209863,4162,47.63789018234264,50.0,72,3.914944738106679,2.0,9,35.15233061028352,20.0,85,21.577126381547338,11.0,50,13.575204228736183,1.0,36,0.578808265257088
scikit-learn,2026Q1,2026-03-31,cc4843adf8bcbbe8a6d70ae0b4f490e11c010fa5,0,339,339,1.0,212738,4217,47.81640308191403,50.0,72,3.924828076831871,2.0,9,35.236423998102914,20.0,85,21.68674413089874,11.0,50,13.549679867204173,1.0,36,0.5760018970832346
scikit-learn,2026Q2,2026-06-30,3c5db7378c68b3477e121138d0f657da1d1136df,0,347,347,1.0,217563,4329,48.04889019262736,50.0,72,3.931854931854932,2.0,9,35.256872256872256,20.0,85,21.764379764379765,11.0,50,13.492492492492492,1.0,36,0.5777315777315777
scikit-learn,2026Q3,2026-09-30,2cc7893a2097be891426ca6a4d9ea2e14cf82b9c,1,362,362,1.0,219530,4347,48.190935114503816,51.0,72,3.9691741430871863,2.0,9,35.43156199677939,20.0,85,21.969634230503797,11.0,51,13.461927766275592,1.0,36,0.5787899700943179
matplotlib,2014Q1,2014-03-31,b8cb6c37bef913d3352ba0a6bec3109b161f406f,0,184,184,1.0,128748,6086,41.01927437641723,42.0,67,2.817121261912586,1.0,6,16.11156753204075,8.0,38,12.171541242195202,5.0,29,3.940026289845547,0.0,9,0.4901413079198159
matplotlib,2014Q2,2014-06-30,d8de9d5cdf37dccee324a20d609e348dab6373d3,0,187,187,1.0,130594,6146,41.036146064643475,42.0,67,2.8190693133745524,1.0,6,16.19036771884152,8.0,38,12.211682395053693,5.0,29,3.9786853237878295,0.0,9,0.4902375528799219
matplotlib,2014Q3,2014-09-30,b243b2f66d62f91091f4b93bf830b3c012868362,0,186,186,1.0,131697,6175,41.08172016662583,42.0,67,2.820242914979757,1.0,6,16.282105263157895,8.0,38,12.244696356275304,5.0,29,4.037408906882591,0.0,9,0.4893927125506073
matplotlib,2014Q4,2014-12-31,e9b90c70e7e87e147e823408dbfeebd655f5294d,0,186,186,1.0,132201,6199,41.11449451887942,42.0,67,2.819325697693176,1.0,6,16.271334086142925,8.0,38,12.22584287788353,5.0,29,4.045491208259397,0.0,9,0.4897564123245684
matplotlib,2015Q1,2015-03-31,bf6e86db050a8fd3c6079de8cf5bd4dd71588e35,0,184,184,1.0,131772,6215,41.16736504806507,42.0,67,2.8162510056315364,1.0,6,16.186001609010457,8.0,37,12.176025744167337,5.0,29,4.009975864843121,0.0,9,0.4894609814963797
matplotlib,2015Q2,2015-06-30,5a798d8190bd8abd663ccb6b2ef11b73443a1280,0,187,187,1.0,135002,6387,41.26690909090909,43.0,67,2.8146234538907153,1.0,6,16.15829027712541,8.0,37,12.161891341788008,5.0,29,3.996398935337404,0.0,9,0.4880225457961484
matplotlib,2015Q3,2015-09-30,e5b7e454392ae60a9b3c8dde9ffafb0999d6bcb7,0,190,190,1.0,138493,6497,41.42132396016403,43.0,67,2.8303832538094507,1.0,6,16.199014929967678,8.0,37,12.19963059873788,5.0,29,3.9993843312297983,0.0,9,0.4866861628443897
matplotlib,2015Q4,2015-12-31,0abca30ed4d8e6bc01ea41dd8943eb014038a48d,0,187,187,1.0,140198,6575,41.510992206583694,43.0,67,2.818403041825095,1.0,6,16.259467680608363,8.0,37,12.18615969581749,5.0,28,4.073307984790874,0.0,10,0.4876045627376426
matplotlib,2016Q1,2016-03-31,5d0ca1d1d55fe016ce87cea1e7d3647a65b9bdad,0,194,194,1.0,141298,6577,41.26691125888558,43.0,67,2.8374638893112363,1.0,6,16.333738786680858,8.0,37,12.2219857077695,5.0,28,4.111753078911358,0.0,10,0.4897369621407936
matplotlib,2016Q2,2016-06-30,5151cf5ddbd0a6c3d136e330b72934876f580a1f,0,191,191,1.0,140518,6510,41.30626450116009,43.0,67,2.8460829493087556,1.0,6,16.472196620583716,8.0,38,12.28694316436252,5.0,28,4.185253456221198,0.0,10,0.495084485407066
matplotlib,2016Q3,2016-09-30,45dbc9bc7a1521c4889472ff60466dee8bd14a35,0,191,191,1.0,141630,6550,41.25990127425095,43.0,67,2.8589312977099235,1.0,6,16.50503816793893,8.0,38,12.310839694656488,5.0,28,4.194198473282443,0.0,10,0.4952671755725191
matplotlib,2016Q4,2016-12-31,159f36edcce736c04ecad09e75b07752159544ba,0,187,187,1.0,138682,6432,41.609588228313754,43.0,67,2.8292910447761193,1.0,6,16.50419776119403,8.0,37,12.229944029850746,5.0,28,4.274253731343284,0.0,10,0.4992226368159204
matplotlib,2017Q1,2017-03-31,f9e0b925101e99f8c09a7cf25f4793d0ca47cc93,0,185,185,1.0,138644,6441,41.68246954860282,43.0,67,2.8267349790405216,1.0,6,16.507685142058687,8.0,37,12.198726905759974,5.0,28,4.308958236298712,1.0,10,0.5020959478341872
matplotlib,2017Q2,2017-06-30,9da6cb6cdf4eb3c2508de96d7243abd82ff487a0,0,211,211,1.0,146770,6443,42.77550843038415,45.0,70,2.822753375756635,1.0,6,16.482694397020023,8.0,37,12.177712245848207,5.0,28,4.3049821511718145,1.0,10,0.5038025764395468
matplotlib,2017Q3,2017-09-30,17ec416129db68649e531f571eee4ca8c5de601c,0,209,209,1.0,147610,6454,42.897592923364805,45.0,70,2.8227455841338704,1.0,6,16.53098853424233,8.0,37,12.188100402850946,5.0,28,4.342888131391385,0.0,10,0.4979857452742485
matplotlib,2017Q4,2017-12-31,92a93d698b1085a20b40274dee4ea19013d011f0,0,208,208,1.0,146609,6385,42.98708703672648,45.0,70,2.8231793265465934,1.0,6,16.549099451840252,8.0,37,12.136256851996867,5.0,28,4.412842599843383,1.0,11,0.5014878621769773
matplotlib,2018Q1,2018-03-31,a10b90c1ef346d6d77f545cea2c0a2d6a8a8ddff,0,211,211,1.0,144603,6240,43.36346909759973,46.0,71,2.834455128205128,1.0,6,16.649839743589745,8.0,37,12.074198717948718,5.0,28,4.575641025641025,1.0,11,0.5038461538461538
matplotlib,2018Q2,2018-06-30,f4127b12ad5b39b20f82eb97849621a48c8ff836,0,205,205,1.0,145034,6236,43.488846024823886,46.0,72,2.827774214239897,1.0,6,16.67815907633098,8.0,37,11.979474021808851,5.0,28,4.698685054522129,1.0,12,0.5035279025016036
matplotlib,2018Q3,2018-09-30,7bcf6186e9420608ab60ea36b76f9a295aa4ea8a,0,205,205,1.0,146194,6278,43.69550431320504,47.0,72,2.8110863332271423,1.0,6,16.732080280344057,8.0,37,11.91956036954444,5.0,27,4.812519910799618,1.0,12,0.5052564510990761
matplotlib,2018Q4,2018-12-31,d1060a885309ec7ac19ca912d3011a5eb1673bd5,0,205,205,1.0,144062,6171,43.75888955530803,47.0,72,2.8082968724679955,1.0,6,16.696321503808136,8.0,37,11.86436558094312,5.0,28,4.8319559228650135,0.0,12,0.4994328309836331
matplotlib,2019Q1,2019-03-31,019aeea91b8576cfef986975d5ae9ef58cd4c61c,0,207,207,1.0,144685,6237,43.646908315565035,46.0,72,2.7890011223344557,1.0,6,16.5988455988456,8.0,37,11.761423761423762,5.0,28,4.837421837421838,0.0,12,0.4962321628988295
matplotlib,2019Q2,2019-06-30,fdcdf4fac9e00d0256faad9478d4a0aeba1e88d5,0,203,203,1.0,143776,6166,43.68949303240147,46.0,72,2.7984106389879986,1.0,6,16.719591307168344,8.0,38,11.79386960752514,5.0,28,4.925721699643205,0.0,13,0.4993512812195913
matplotlib,2019Q3,2019-09-30,6870ac00097508411c10d67b96f9863d597d04aa,0,204,204,1.0,143876,6173,43.864127681134946,47.0,72,2.7902154543981856,1.0,6,16.665640693341974,8.0,37,11.704357686700146,5.0,28,4.961283006641827,0.0,13,0.4973270694961931
matplotlib,2019Q4,2019-12-31,cab5dcc117c65173a42c741d942c02f0f8fd6df2,0,204,204,1.0,141805,6066,43.849642614023146,47.0,72,2.8026706231454006,1.0,6,16.659413122321133,8.0,38,11.716287504121333,5.0,28,4.943125618199802,0.0,13,0.4894493900428618
matplotlib,2020Q1,2020-03-31,c30129ba5ed9fe1e3957a8b9c68699a193ff2257,0,204,204,1.0,139102,5997,43.75650699448919,47.0,72,2.8084042021010505,1.0,6,16.66649991662498,8.0,38,11.686009671502418,5.0,27,4.980490245122561,0.0,13,0.4904118726029681
matplotlib,2020Q2,2020-06-30,a68562aa230e5895136120f5073dd01f124d728d,0,208,208,1.0,141684,6034,43.913405088062625,47.0,72,2.8355982764335432,1.0,6,16.816871063970833,8.0,39,11.765329797812395,5.0,28,5.051541266158435,0.0,14,0.4882333443818362
matplotlib,2020Q3,2020-09-30,c5ab728dc0f4f2172fc1dc10f95f0939d2f0ca8b,0,210,210,1.0,142199,6024,44.02842356033845,47.0,72,2.8426294820717133,1.0,6,16.943393094289508,8.0,39,11.7898406374502,5.0,28,5.15355245683931,0.0,14,0.4897078353253652
matplotlib,2020Q4,2020-12-31,a8f52d977b30965dc3b7d71f73feeb9f96a2721b,0,210,210,1.0,142604,6019,44.23657663520989,47.0,72,2.8557899983385946,1.0,6,17.027579332114968,8.0,39,11.798139225785016,5.0,28,5.229440106329955,0.0,14,0.490280777537797
matplotlib,2021Q1,2021-03-31,7ce970e1c12824cebc47223e497fa92d1bbaedc2,0,211,211,1.0,142716,6020,44.33829684481648,48.0,72,2.8556478405315615,1.0,6,17.01312292358804,8.0,39,11.790365448504984,5.0,28,5.222757475083056,0.0,14,0.4900332225913621
matplotlib,2021Q2,2021-06-30,070e0938763628daccf552ba5b5515e5c8ef9d50,0,227,227,1.0,142950,6012,44.191688193283696,48.0,72,2.8606121091151033,1.0,6,17.028443113772454,8.0,39,11.780272787757818,5.0,28,5.2481703260146375,0.0,14,0.4925149700598802
matplotlib,2021Q3,2021-09-30,9d4560d04c2471b25a24b8e02c14d0d797937fd0,0,236,236,1.0,144967,6116,44.306910720956296,48.0,72,2.858894702419882,1.0,6,16.975964682799216,8.0,40,11.806736429038589,5.0,28,5.169228253760628,0.0,14,0.4887181164159581
matplotlib,2021Q4,2021-12-31,92989c3d21f4815f9fcb22048e2e21dd55bbbb9a,0,236,236,1.0,145452,6155,44.53937874990507,48.0,72,2.870186839967506,1.0,6,16.95369618196588,8.0,39,11.796913078797726,5.0,27,5.156783103168156,0.0,14,0.4872461413484971
matplotlib,2022Q1,2022-03-31,d8ede1a710d66ffcebc524cec06285ff3e0f8de4,0,242,242,1.0,145007,6105,44.60627045125942,48.0,72,2.881736281736282,1.0,6,17.045208845208844,8.0,39,11.833906633906636,5.0,28,5.211302211302211,0.0,15,0.4932022932022932
matplotlib,2022Q2,2022-06-30,9fb42c9d5c10ae1100001b41904049d7df70c101,0,227,227,1.0,145400,6101,44.66880277442702,48.0,72,2.8828060973610885,1.0,6,17.085395836748074,8.0,39,11.819209965579413,5.0,28,5.266185871168661,0.0,15,0.4987706933289624
matplotlib,2022Q3,2022-09-30,3feaa5de08f451ee16146731641a5b4b24662844,0,227,227,1.0,146367,6116,44.61588561161851,48.0,72,2.8930673642903857,1.0,6,17.177567037279267,8.0,39,11.864453891432309,5.0,28,5.313113145846959,0.0,15,0.4990189666448659
matplotlib,2022Q4,2022-12-31,087ca0c615f697dc857277b0fb87657c13ee0eed,0,239,239,1.0,147256,6079,44.76869744800118,48.0,72,2.911005099522948,1.0,6,17.32307945385754,8.0,40,11.89093600921204,5.0,28,5.432143444645501,1.0,15,0.5013982562921533
matplotlib,2023Q1,2023-03-31,a844ecaaefe74fbb7b7873b5b96d1b75739fa814,0,236,236,1.0,147838,6004,43.23014301430143,46.0,72,2.926382411725516,1.0,6,17.60093271152565,9.0,40,12.098434377081944,5.0,28,5.502498334443704,1.0,15,0.5028314457028648
matplotlib,2023Q2,2023-06-30,ae723ba892b83b0c099efad6d1fdda4c77d41415,0,233,233,1.0,147710,6033,43.30714703303128,47.0,72,2.928559588927565,1.0,6,17.607160616608653,9.0,40,12.090170727664512,5.0,28,5.51698988894414,1.0,15,0.5033979777888281
matplotlib,2023Q3,2023-09-30,2cb8c6ad9b3141de3366234ee2d768f93dfcb768,0,235,235,1.0,149735,6081,43.00600265233475,46.0,72,2.925176780134846,1.0,6,17.657293208353888,9.0,40,12.087978950830456,5.0,28,5.569314257523434,1.0,15,0.5043578358822562
matplotlib,2023Q4,2023-12-31,b4fc72bb8858f7a8841bb2378634f4fa1acb4d32,0,227,227,1.0,149491,6046,43.3960396039604,47.0,72,2.9305325835262983,1.0,6,17.656963281508435,9.0,40,12.053258352629838,5.0,28,5.603704928878598,1.0,15,0.5054581541515051
matplotlib,2024Q1,2024-03-31,78b6bdc04f89dafe4d157855a9023826cab8a0fd,0,228,228,1.0,150309,6071,43.46685295144953,47.0,72,2.931477516059957,2.0,6,17.689672212156154,9.0,40,12.065228133750615,5.0,28,5.624444078405534,1.0,15,0.5051886015483446
matplotlib,2024Q2,2024-06-30,f5067c16757f4cd800ae3ba0ac25ff79d2e41a7f,0,234,234,1.0,151777,6120,43.57258510932743,47.0,72,2.935457516339869,1.0,6,17.736437908496733,9.0,40,12.087581699346403,5.0,28,5.648856209150327,1.0,15,0.5058823529411764
matplotlib,2024Q3,2024-09-30,6404c951cb46341cc341cef927e789403b60963a,0,237,237,1.0,155398,6182,43.50075695017892,47.0,72,2.9351342607570365,2.0,6,17.7368165642187,9.0,41,12.069718537690068,5.0,28,5.667098026528632,1.0,15,0.5063086379812358
matplotlib,2024Q4,2024-12-31,f2717a5486f782baca9fedd5fdb28f73e6c366d0,0,236,236,1.0,156825,6239,43.565715845502936,47.0,72,2.920660362237538,1.0,6,17.754447828177593,9.0,41,12.049366885718864,5.0,28,5.705080942458728,1.0,15,0.5068119891008175
matplotlib,2025Q1,2025-03-31,a3aad584ae9f79f7d7477dec7e96334d49924369,0,236,236,1.0,157631,6252,43.617794316644115,47.0,72,2.93682021753039,2.0,6,17.838291746641076,9.0,41,12.103486884197055,5.0,28,5.734804862444018,1.0,16,0.5078374920025592
matplotlib,2025Q2,2025-06-30,0e430b9b19f6cdcdbfc583392f6887686a47b74c,0,236,236,1.0,158895,6295,43.60287982774862,47.0,72,2.9404289118347897,1.0,6,17.87005559968229,9.0,41,12.1077045274027,5.0,28,5.7623510722795865,1.0,16,0.5069102462271644
matplotlib,2025Q3,2025-09-30,56494bb16b9dcdb82844275d3a4ff0b71e1b7290,0,236,236,1.0,160039,6350,43.64081305161808,47.0,72,2.9447244094488187,2.0,6,17.85543307086614,9.0,41,12.093858267716536,5.0,28,5.761574803149606,1.0,16,0.5066141732283465
matplotlib,2025Q4,2025-12-31,776b24910f433d7dbd5bd9ee72d0c1f245eaa794,0,237,237,1.0,161378,6381,43.629420741822045,47.0,72,2.950634696755994,2.0,6,17.885441153424228,9.0,41,12.109700673875569,5.0,28,5.77574047954866,1.0,16,0.5069738285535182
matplotlib,2026Q1,2026-03-31,ee63e754a4385b58e698a5edc9c9b4da1d64db9d,0,239,239,1.0,165078,6426,43.685110270129194,47.0,72,2.96171802054155,2.0,6,17.96763149704326,9.0,41,12.154684095860569,5.0,28,5.812947401182695,1.0,16,0.5079365079365079
matplotlib,2026Q2,2026-06-30,c0a08db5a17bfcd080dc9054ce0c2a8c67f83173,0,239,239,1.0,166716,6488,43.740526653821455,47.0,73,2.961467324290999,2.0,6,17.961159062885326,9.0,41,12.121454993834773,5.0,28,5.839704069050555,1.0,16,0.5075524044389642
matplotlib,2026Q3,2026-09-30,8a621d3bbebbc480a7036ea19e82196e737f9f59,1,241,241,1.0,168484,6544,43.86785147572199,47.0,73,2.9662286063569683,2.0,6,17.936277506112468,9.0,41,12.123471882640589,5.0,28,5.812805623471883,1.0,16,0.5056540342298288
django,2014Q1,2014-03-31,4aa80149e71d02947164a89ec5da6fd035393425,0,773,773,1.0,104617,6288,47.42227282136203,52.0,71,2.980120865139949,2.0,6,11.985209923664122,7.0,27,10.036418575063614,5.0,23,1.9487913486005088,0.0,5,0.4394083969465648
django,2014Q2,2014-06-30,e3c7af18a307f9d020eb798bdad6cc63ab22dac9,0,791,791,1.0,106724,6428,47.64556574923547,52.0,71,2.9911325451151214,2.0,6,12.021779713752334,7.0,27,10.103142501555691,5.0,23,1.9186372121966395,0.0,5,0.4335718730553827
django,2014Q3,2014-09-30,fe2afcd318493c933ab1191a5a64271869a1227f,0,799,799,1.0,109219,6533,47.53542275521516,52.0,71,2.999693861931731,2.0,6,12.081585795193632,7.0,27,10.17725394152763,5.0,23,1.9043318536660032,0.0,5,0.4290525026787081
django,2014Q4,2014-12-31,b4bdd5262b18644456d12a00d475adf9897a9255,0,810,810,1.0,112150,6753,47.464977050488926,52.0,71,2.986228342958685,2.0,6,11.958240781874723,6.0,27,10.1089885976603,5.0,23,1.8492521842144232,0.0,5,0.413890122908337
django,2015Q1,2015-03-31,4e59156c10d36eeb1e6fced4dff0f11157f68264,0,800,800,1.0,109176,6598,47.60686204431737,53.0,71,2.961048802667475,2.0,6,11.841163989087605,6.0,27,9.979690815398603,5.0,23,1.861473173688997,0.0,5,0.4066383752652319
django,2015Q2,2015-06-30,eecd42ea7d97bce04bc909c71bed14850060c39c,0,817,815,0.9975520195838432,112431,6805,47.68631388693644,53.0,71,2.953269654665687,2.0,6,11.792946362968406,6.0,27,9.944305657604705,5.0,23,1.848640705363703,0.0,5,0.4011756061719324
django,2015Q3,2015-09-30,5c6316dc3467fd7b669bea9157f591ac5fd00ec4,0,831,829,0.9975932611311672,113217,6860,47.69646424290851,53.0,71,2.950291545189504,2.0,6,11.77740524781341,6.0,26,9.929737609329448,5.0,23,1.847667638483965,0.0,5,0.4043731778425656
django,2015Q4,2015-12-31,98839e906632dfe77c6f6906d61d62868a0541dc,0,841,839,0.9976218787158144,114083,6897,47.719230387781415,53.0,71,2.9505582137161084,2.0,6,11.797883137596056,6.0,26,9.949253298535597,5.0,23,1.848629839060461,0.0,5,0.4048136871103378
django,2016Q1,2016-03-31,8928823b135b9ce2c7b18f4da0d2602b113a247e,0,831,831,1.0,114971,7011,47.79634025717112,53.0,71,2.947511054057909,2.0,6,11.732563115104837,6.0,26,9.900727428326917,5.0,23,1.8318356867779204,0.0,5,0.4005134788189987
django,2016Q2,2016-06-30,12b4280444b58c94197255655e284e4103fe00a9,0,839,839,1.0,117728,7146,47.8937069813176,53.0,71,2.953680380632522,2.0,6,11.793590820039183,6.0,27,9.976910159529806,5.0,23,1.816680660509376,0.0,5,0.3964455639518612
django,2016Q3,2016-09-30,63bf615d5e5566e23ba698f95e64acfa9f2651ff,0,838,838,1.0,118278,7200,47.94455348380765,53.0,71,2.9575,2.0,6,11.768888888888888,6.0,26,9.969583333333333,5.0,23,1.7993055555555555,0.0,5,0.3915277777777777
django,2016Q4,2016-12-31,2b4bb78f7944adbf88f9bf3b868632707c79b5dd,0,840,839,0.9988095238095238,118884,7189,47.91798941798942,53.0,71,2.9636945333147864,2.0,6,11.793295312282654,6.0,27,9.989984698845458,5.0,23,1.8033106134371957,0.0,5,0.3931005703157602
django,2017Q1,2017-03-31,6b3724fa1116c0949a6e0cd3e0dd55959a3abd93,0,825,824,0.9987878787878788,113298,7031,47.75342046150705,53.0,71,2.9553406343336652,2.0,6,11.542454842838856,6.0,26,9.856919357132698,5.0,22,1.6855354857061584,0.0,5,0.3895605177072962
django,2017Q2,2017-06-30,5cbcb3683964205ce023157ca181d05a31be2ab5,0,828,827,0.998792270531401,113435,7114,47.78564931783729,53.0,71,2.958813606972168,2.0,6,11.496485802642676,6.0,26,9.82569581107675,5.0,22,1.6707899915659263,0.0,5,0.3874051166713522
django,2017Q3,2017-09-30,fd866c25d1665b73aff0d8312c414ae6f69812a3,0,828,827,0.998792270531401,114281,7176,47.71912612521493,53.0,71,2.947881828316611,2.0,6,11.456243032329988,6.0,26,9.7961259754738,5.0,22,1.6601170568561874,0.0,5,0.3854515050167224
django,2017Q4,2017-12-31,d065c92678f5d11a70b88e195c6357576eb3a2ef,0,830,830,1.0,114408,7239,47.75567665758401,53.0,71,2.9446056085094625,2.0,6,11.418842381544412,6.0,26,9.772067965188562,5.0,22,1.6467744163558502,0.0,5,0.3829258184832159
django,2018Q1,2018-03-31,73cb62a33197652a3c8261dbf052d7eb75e26139,0,819,819,1.0,114593,7265,47.75327291037261,53.0,71,2.944253269098417,2.0,6,11.391741225051618,6.0,26,9.749759119064006,5.0,22,1.641982105987612,0.0,5,0.3829318651066758
django,2018Q2,2018-06-30,c530428d360daf904c9e98515ea836643a73a54c,0,821,821,1.0,115440,7329,47.80172500250727,53.0,71,2.9525173966434712,2.0,6,11.375358166189113,6.0,26,9.739800791376725,5.0,22,1.635557374812389,0.0,5,0.3817710465274935
django,2018Q3,2018-09-30,033d842e84b6211aa21a34fce49a98aed1d6c557,0,825,825,1.0,116644,7416,47.813230738483064,53.0,71,2.957928802588997,2.0,6,11.353964401294498,6.0,26,9.733279395900755,5.0,22,1.6206850053937432,0.0,5,0.3787756202804746
django,2018Q4,2018-12-31,043bd709425149b8eff3fb821cba5c23aaebd0df,0,827,827,1.0,117411,7453,47.83654419066534,53.0,71,2.96363880316651,2.0,6,11.384140614517644,6.0,26,9.767610358245005,5.0,22,1.6165302562726418,0.0,5,0.3775660807728431
django,2019Q1,2019-03-31,8335d59200e4c64dfe3348ea93989d95e0107439,0,816,816,1.0,117230,7457,47.8038196180382,53.0,71,2.970631621295427,2.0,6,11.402842966340351,6.0,26,9.781279334853158,5.0,22,1.6215636314871933,0.0,5,0.3785704706986724
django,2019Q2,2019-06-30,8fc8c958a5840df48a2bda110c6f06656968b156,0,819,819,1.0,118083,7505,47.77682020802377,53.0,71,2.976282478347768,2.0,6,11.423317788141238,6.0,26,9.807728181212523,5.0,22,1.615589606928714,0.0,5,0.3778814123917388
django,2019Q3,2019-09-30,7b5f8acb9e6395a1660dd7bfeb365866ca8ef47c,0,821,821,1.0,119058,7562,47.77379541864139,53.0,71,2.9867759851891034,2.0,6,11.435466807722824,6.0,26,9.825310764348057,5.0,22,1.6101560433747686,0.0,5,0.3768844221105528
django,2019Q4,2019-12-31,9762617a03f2bff93384604799572e4fdf4b00b4,0,823,823,1.0,119768,7599,47.752673403316,53.0,71,2.990525069088038,2.0,6,11.444268982760889,6.0,26,9.839978944597974,5.0,22,1.6042900381629162,0.0,5,0.3751809448611659
django,2020Q1,2020-03-31,3eaf6d67d01dd13baa7237153e7a6e371c56b336,0,824,824,1.0,120724,7652,48.09300039323634,54.0,71,2.9997386304234186,2.0,6,11.487323575535807,6.0,26,9.885389440669108,5.0,22,1.6019341348667016,0.0,5,0.3745426032409827
django,2020Q2,2020-06-30,b5371539a9d871758d639a85d1f2fd648c1f633d,0,842,842,1.0,122478,7743,47.98440241762527,53.0,71,3.010202763786646,2.0,6,11.527960738731757,6.0,26,9.942399586723493,5.0,22,1.5855611520082655,0.0,5,0.3706573679452408
django,2020Q3,2020-09-30,8ee4bb6ffcb3346c0fa8fb194986fbf9edadc822,0,847,847,1.0,123571,7791,47.94118779478294,53.0,71,3.0227185213708125,2.0,6,11.563085611603132,6.0,26,9.982800667436786,5.0,22,1.5802849441663458,0.0,5,0.3688871775125144
django,2020Q4,2020-12-31,e13b71403bd1568abed237858127677144d43d23,0,850,850,1.0,124610,7856,48.037029930928625,53.0,71,3.024439918533605,2.0,6,11.572428716904277,6.0,26,10.001654786150713,5.0,22,1.5707739307535642,0.0,5,0.3663441955193482
django,2021Q1,2021-03-31,548dce50cf548e777a0c34b5485a146a0606ae73,0,850,850,1.0,124932,7873,48.0039598222909,53.0,71,3.038358948304331,2.0,6,11.599136288581226,6.0,26,10.034294423980691,5.0,23,1.5648418646005335,0.0,5,0.3649180744316017
django,2021Q2,2021-06-30,775f7506d7fbabf79d8bdec4ccf039ce2870fe70,0,849,849,1.0,125809,7955,48.0114401076716,53.0,71,3.0297925832809556,2.0,6,11.567441860465117,6.0,26,10.01181646763042,5.0,23,1.5556253928346953,0.0,5,0.3624135763670647
django,2021Q3,2021-09-30,492ed60f236d770eb9a6d56d85ff2550bb1ecfff,0,851,851,1.0,126877,8043,47.991998475900175,53.0,71,3.0238716896680344,2.0,6,11.532139748849932,6.0,26,9.988685813751088,5.0,23,1.5434539350988437,0.0,5,0.3599403207758299
django,2021Q4,2021-12-31,4400d8568ad5695c46e8de45635a82a27a26b871,0,854,854,1.0,127817,8121,47.9719255128084,53.0,71,3.021795345400813,2.0,6,11.494027829085088,6.0,26,9.963428149242704,5.0,22,1.530599679842384,0.0,5,0.3570988794483438
django,2022Q1,2022-03-31,ae506181f7fb9d9e74f4935686540bef29b60255,0,855,855,1.0,140789,8165,47.03243590921621,52.0,70,3.0309859154929577,2.0,6,12.691243110838949,7.0,28,11.16325780771586,5.0,25,1.5279853031230863,0.0,5,0.3556644213104715
django,2022Q2,2022-06-30,5c93a84f44054034f495267ff2400a5de69a4fc1,0,855,855,1.0,142237,8245,47.02419721641044,52.0,70,3.039660400242571,2.0,6,12.700909642207398,7.0,28,11.183505154639176,5.0,25,1.517404487568223,0.0,5,0.3534263189812007
django,2022Q3,2022-09-30,5e0aa362d91d000984995ce374c2d7547d8d107f,0,857,857,1.0,142882,8275,46.98949370528032,52.0,70,3.043987915407855,2.0,6,12.717220543806649,7.0,29,11.20737160120846,5.0,25,1.5098489425981874,0.0,5,0.3519033232628399
django,2022Q4,2022-12-31,c179ad9fe7e82dcb80261aa016f2fe18c8fcc181,0,861,861,1.0,144279,8381,46.966029915300055,52.0,70,3.0385395537525355,2.0,6,12.685598377281949,7.0,28,11.193294356282069,5.0,25,1.4923040209998806,0.0,5,0.347810523803842
django,2023Q1,2023-03-31,066aabcb77579cf8d549119c860d11cd15e3eef1,0,859,859,1.0,144261,8418,47.00054490963582,52.0,70,3.036231884057971,2.0,6,12.67807080066524,7.0,28,11.182703730102162,5.0,25,1.495367070563079,0.0,5,0.3466381563316702
django,2023Q2,2023-06-30,7eeadc82c2f7d7a778e3bb43c34d642e6275dacf,0,861,861,1.0,145204,8461,46.956141930835734,52.0,70,3.04302091951306,2.0,6,12.717172911003429,7.0,28,11.228932750265926,5.0,25,1.4882401607375015,0.0,5,0.3461765748729464
django,2023Q3,2023-09-30,e99c7d8847e9006f877ab3cea47f1977652af71f,0,871,871,1.0,145640,8473,46.95467168323928,52.0,70,3.0529918564853062,2.0,6,12.744954561548449,7.0,28,11.260474448247374,5.0,25,1.484480113301074,0.0,5,0.3459223415555293
django,2023Q4,2023-12-31,d88ec42bd0a37340c8477a6f20bf26e58bd84735,0,869,869,1.0,146416,8501,46.97882983474766,52.0,70,3.0599929420068226,2.0,6,12.772379720032935,7.0,28,11.289495353487824,5.0,25,1.4828843665451124,0.0,5,0.3451358663686625
django,2024Q1,2024-03-31,425b26092f038accd2a5c5fc5a9bd3f82d4dd847,0,871,871,1.0,147787,8621,46.94680098974903,52.0,70,3.0517341375710476,2.0,6,12.731585662916135,7.0,28,11.268414337083865,5.0,25,1.46317132583227,0.0,5,0.3413757104744229
django,2024Q2,2024-06-30,a5215f9a3e9b8422678289c259e826f97e4dc63a,0,871,871,1.0,148352,8655,46.97080548716145,52.0,70,3.0511842865395726,2.0,6,12.73217793183131,7.0,28,11.27209705372617,5.0,25,1.4600808781051415,0.0,5,0.340843443096476
django,2024Q3,2024-09-30,6765b6adf924c1bc8792a4a454d5a788c1abc98e,0,871,871,1.0,148963,8710,47.01402155814565,52.0,70,3.051435132032147,2.0,6,12.717221584385763,7.0,28,11.268312284730197,5.0,25,1.4489092996555684,0.0,5,0.3382319173363949
django,2024Q4,2024-12-31,8d9901c961bf9d5cfa6bddddbbcebfbf487a5125,0,875,875,1.0,150661,8828,47.01102143539009,52.0,70,3.0538060715903943,2.0,6,12.70842772995016,7.0,28,11.274467603081106,5.0,25,1.433960126869053,0.0,5,0.336202990484821
django,2025Q1,2025-03-31,6888375c53476011754f778deabc6cdbfa327011,0,874,874,1.0,151032,8866,47.10650836294306,52.0,70,3.054703361154974,2.0,6,12.675727498308143,6.0,28,11.242725016918566,5.0,25,1.433002481389578,0.0,5,0.3358899165350778
django,2025Q2,2025-06-30,ff0ff98d427982b7225df59f454a86bdf66251d6,0,878,878,1.0,151706,8891,47.14695494874666,52.0,70,3.062872567765156,2.0,6,12.696772016646047,7.0,28,11.265099538859522,5.0,25,1.4316724777865255,0.0,5,0.3356202901810819
django,2025Q3,2025-09-30,6c82b0bc91fc650891b0b411ac4a5a86cf0cf3e8,0,891,891,1.0,153990,8992,46.35875231209013,52.0,70,3.0661699288256226,2.0,6,12.766014234875446,7.0,29,11.3264012455516,5.0,26,1.4396129893238434,0.0,5,0.3346307829181494
django,2025Q4,2025-12-31,d6ae2ed868e43671afc4d433c3d8f4d27f7eb555,0,893,893,1.0,155157,9061,46.36609686609687,52.0,70,3.072398190045249,2.0,6,12.77210020968988,7.0,29,11.336386712283412,5.0,26,1.4357134974064674,0.0,5,0.3332965456351396
django,2026Q1,2026-03-31,dff1980d61b1129c82757f70117dcea68e69a8c8,0,894,894,1.0,155864,9094,46.38262029855725,52.0,70,3.0814822960193533,2.0,6,12.797228942159666,7.0,29,11.360787332307016,5.0,25,1.43644160985265,0.0,5,0.3328568286782494
django,2026Q2,2026-06-30,8defe54f03d1bd50c2051f8514dfa1e85efa38f7,0,900,900,1.0,158146,9180,46.3763879817113,52.0,70,3.092483660130719,2.0,6,12.87276688453159,7.0,29,11.439760348583878,5.0,26,1.4330065359477124,0.0,5,0.3312636165577342
django,2026Q3,2026-09-30,fc4eaaabf419508ea39d750ca5ca801d933e0b16,1,900,900,1.0,158826,9204,46.47126064045399,52.0,70,3.1004997827031726,2.0,6,12.896566710126033,7.0,29,11.466753585397653,5.0,26,1.429813124728379,0.0,5,0.3296392872664059
sqlalchemy,2014Q1,2014-03-31,e16ede8cae00fd5cbbd5fb33d63c14df0153c2bc,0,150,150,1.0,88428,5051,43.57421240662553,46.0,69,2.57889526826371,1.0,5,12.779449613937834,6.0,29,8.97465848346862,4.0,20,3.804791130469214,0.0,10,0.2989507028311226
sqlalchemy,2014Q2,2014-06-30,3db84b174ad9a6c7ba64a8dfd1746905651ca04f,0,149,149,1.0,93980,5260,41.64484007242004,45.0,65,2.625665399239544,1.0,6,13.134220532319391,6.0,30,9.194106463878327,5.0,21,3.9401140684410647,0.0,10,0.2927756653992395
sqlalchemy,2014Q3,2014-09-30,3db84b174ad9a6c7ba64a8dfd1746905651ca04f,0,149,149,1.0,93980,5260,41.64484007242004,45.0,65,2.625665399239544,1.0,6,13.134220532319391,6.0,30,9.194106463878327,5.0,21,3.9401140684410647,0.0,10,0.2927756653992395
sqlalchemy,2014Q4,2014-12-31,3db84b174ad9a6c7ba64a8dfd1746905651ca04f,0,149,149,1.0,93980,5260,41.64484007242004,45.0,65,2.625665399239544,1.0,6,13.134220532319391,6.0,30,9.194106463878327,5.0,21,3.9401140684410647,0.0,10,0.2927756653992395
sqlalchemy,2015Q1,2015-03-31,a87b3c2101114d82f999c23d113ad2018629ed48,0,149,149,1.0,94109,5266,41.65281541704306,45.0,65,2.627611090011394,1.0,6,13.136346372958602,6.0,30,9.203000379794911,5.0,21,3.933345993163692,0.0,10,0.2922521838207368
sqlalchemy,2015Q2,2015-06-30,a87b3c2101114d82f999c23d113ad2018629ed48,0,149,149,1.0,94109,5266,41.65281541704306,45.0,65,2.627611090011394,1.0,6,13.136346372958602,6.0,30,9.203000379794911,5.0,21,3.933345993163692,0.0,10,0.2922521838207368
sqlalchemy,2015Q3,2015-09-30,a87b3c2101114d82f999c23d113ad2018629ed48,0,149,149,1.0,94109,5266,41.65281541704306,45.0,65,2.627611090011394,1.0,6,13.136346372958602,6.0,30,9.203000379794911,5.0,21,3.933345993163692,0.0,10,0.2922521838207368
sqlalchemy,2015Q4,2015-12-31,a87b3c2101114d82f999c23d113ad2018629ed48,0,149,149,1.0,94109,5266,41.65281541704306,45.0,65,2.627611090011394,1.0,6,13.136346372958602,6.0,30,9.203000379794911,5.0,21,3.933345993163692,0.0,10,0.2922521838207368
sqlalchemy,2016Q1,2016-03-31,fdb6ab6a1d5d55d900c388e039835c6433032977,0,155,155,1.0,101033,5522,41.57577480807507,45.0,65,2.646323795726186,1.0,6,13.398587468308584,7.0,31,9.308583846432452,5.0,21,4.090003621876132,0.0,11,0.2940963419051068
sqlalchemy,2016Q2,2016-06-30,07e5b7cf5436ed22d902c31d8ada6422a1574036,0,158,158,1.0,103045,5598,41.67198879551821,45.0,65,2.650410861021794,1.0,6,13.455698463737049,7.0,31,9.335119685602,5.0,22,4.120578778135048,0.0,11,0.2927831368345838
sqlalchemy,2016Q3,2016-09-30,079df65dc0f71ea4d1771b6ae17e13242c766517,0,158,158,1.0,103596,5619,41.642276422764226,45.0,65,2.6522512902651716,1.0,6,13.473749777540489,7.0,31,9.336180815091652,5.0,22,4.137568962448834,0.0,11,0.2927567182772735
sqlalchemy,2016Q4,2016-12-31,a030bc9f171f6692e08eb7604f29e4bc6d51a574,0,158,158,1.0,104007,5636,41.67806505421184,45.0,65,2.6557842441447836,1.0,6,13.484208658623135,7.0,31,9.349361249112846,5.0,22,4.134847409510291,0.0,11,0.2918736692689851
sqlalchemy,2017Q1,2017-03-31,1daacdb408e023ece337f3bc7cbe9c00d9b0449f,0,158,158,1.0,105533,5694,41.74378109452736,46.0,65,2.6589392342817,1.0,6,13.557780119423954,7.0,31,9.37021426062522,5.0,22,4.187565858798735,0.0,11,0.2911837021426062
sqlalchemy,2017Q2,2017-06-30,1db3029abc371c0808fb622ae2bd716ada81281a,0,158,158,1.0,107423,5754,41.898350905650176,46.0,65,2.6878693083072647,1.0,6,13.693952033368092,7.0,32,9.489746263468891,5.0,22,4.2042057698992,0.0,12,0.2902328814737573
sqlalchemy,2017Q3,2017-09-30,6ff05dae071fcf3213024a4004511a9bd049d1e6,0,159,159,1.0,108242,5790,41.97620978642876,46.0,65,2.689637305699482,1.0,6,13.724697754749569,7.0,32,9.50587219343696,5.0,22,4.218825561312608,0.0,12,0.2905008635578583
sqlalchemy,2017Q4,2017-12-31,435aaff20effbc914bbb4d19f177df3c1f5f15ab,0,159,159,1.0,109080,5824,42.03899946207638,46.0,65,2.68904532967033,1.0,6,13.7551510989011,7.0,32,9.516826923076923,5.0,22,4.238324175824176,0.0,12,0.2906936813186813
sqlalchemy,2018Q1,2018-03-31,54d530d4480b0b465e42ab927f98cda2435b9468,0,159,159,1.0,109558,5832,42.066825145272055,46.0,65,2.6930727023319614,1.0,6,13.813271604938272,7.0,32,9.549039780521262,5.0,22,4.26423182441701,0.0,12,0.2908093278463649
sqlalchemy,2018Q2,2018-06-30,3e37848f07a1d07421576aa826544af6b8bb3724,0,159,159,1.0,110146,5847,42.17376535145022,46.0,65,2.699161963400034,1.0,6,13.848640328373524,7.0,32,9.574482640670428,5.0,22,4.274157687703096,0.0,12,0.2916025312125876
sqlalchemy,2018Q3,2018-09-30,29d54ab69b689c2bc4b9be8273f4c0a96e37153f,0,163,163,1.0,111183,5908,42.28803088803089,46.0,65,2.693805010155721,1.0,6,13.83700067704807,7.0,32,9.564319566689235,5.0,22,4.272681110358835,0.0,12,0.2894380501015572
sqlalchemy,2018Q4,2018-12-31,1eaf9dc7776b9833a9fb62fe630b4b9ac63a31f4,0,163,163,1.0,112794,5955,42.43606478124244,47.0,65,2.7083123425692697,1.0,6,13.95617128463476,7.0,32,9.66784214945424,5.0,23,4.28832913518052,0.0,12,0.289168765743073
sqlalchemy,2019Q1,2019-03-31,fd2ecb5f87c1c0132263b5a35067c4bb76160fb2,0,162,162,1.0,121890,6029,42.59809976247031,47.0,65,2.7107314645878255,1.0,6,14.84956045778736,7.0,34,10.627633106651183,5.0,25,4.221927351136175,0.0,11,0.2879416155249626
sqlalchemy,2019Q2,2019-06-30,c211140ef17dcf053cd2e5a59edfcf9ad4d5de65,0,165,165,1.0,123736,6145,42.71799065420561,47.0,65,2.70480065093572,1.0,6,14.778030919446705,7.0,34,10.602115541090315,5.0,24,4.175915378356387,0.0,11,0.2829943043124491
sqlalchemy,2019Q3,2019-09-30,a3c964203e61f8deeb559b15a78cc640dee67012,0,166,166,1.0,125914,6218,42.902945878054354,48.0,65,2.70649726600193,1.0,6,14.856223866194918,7.0,34,10.637986490833065,5.0,25,4.218237375361853,0.0,12,0.2830492119652621
sqlalchemy,2019Q4,2019-12-31,7210595a79cd33b3b0da48db2806856fe018f495,0,164,164,1.0,126918,6167,43.22185430463576,48.0,65,2.732122587968218,1.0,6,15.035998054159236,7.0,34,10.791146424517594,5.0,25,4.244851629641641,0.0,12,0.2806875304037619
sqlalchemy,2020Q1,2020-03-31,14137fece3480c148441285cd71c340403401bca,0,170,170,1.0,130269,6292,43.283601286173635,48.0,65,2.740623013350286,1.0,6,15.161315956770505,7.0,35,10.89828353464717,5.0,25,4.263032422123331,0.0,12,0.2778130959949141
sqlalchemy,2020Q2,2020-06-30,f2ec52c232dbbe59282e9b9740ede52887f9ee8d,0,172,172,1.0,138460,6510,44.18713228316569,49.0,66,2.784331797235023,1.0,6,15.688172043010752,8.0,37,11.331182795698926,5.0,27,4.356989247311828,0.0,12,0.2763440860215054
sqlalchemy,2020Q3,2020-09-30,338d1f4dd0418dffa979a66e6471514691f06231,0,186,186,1.0,148711,7108,44.413656783468106,50.0,66,2.727349465391109,1.0,6,15.458356781091728,8.0,36,11.204980303882948,5.0,27,4.2533764772087785,0.0,12,0.2772931907709623
sqlalchemy,2020Q4,2020-12-31,2581655c545a0cf705e0347e81cd092896d3207c,0,190,190,1.0,152425,7226,44.48281304805331,50.0,66,2.7351231663437585,1.0,6,15.57168557985054,8.0,36,11.288679767506228,5.0,27,4.283005812344312,0.0,12,0.2784389703847218
sqlalchemy,2021Q1,2021-03-31,62e68beea671215e98cb939bb87af95d6d9f35ee,0,196,196,1.0,157998,7426,44.68374938006282,50.0,66,2.749932669000808,1.0,6,15.687045515755454,8.0,37,11.39967681120388,5.0,27,4.287368704551575,0.0,12,0.2749798007002424
sqlalchemy,2021Q2,2021-06-30,7ed6aee2750d6ceaadc429087e2314962808180a,0,200,200,1.0,161122,7539,44.74321736354931,50.0,66,2.76283326701154,1.0,6,15.757262236370872,8.0,37,11.455100145907943,5.0,27,4.302162090462926,0.0,12,0.2757660167130919
sqlalchemy,2021Q3,2021-09-30,ab6605aee23ed2c70c38bd5b9f50a6395ac3f2e1,0,201,201,1.0,163699,7657,44.86344372939884,51.0,66,2.759697009272561,1.0,6,15.77667493796526,8.0,37,11.450437508162466,5.0,27,4.326237429802795,0.0,12,0.2756954420791432
sqlalchemy,2021Q4,2021-12-31,e913ec8155b64e055f3a88ca9c1bb7f112202c76,0,197,197,1.0,159441,7385,45.06457709875571,51.0,66,2.744888287068382,1.0,6,15.89478672985782,8.0,37,11.47190250507786,5.0,27,4.42288422477996,0.0,13,0.2786729857819905
sqlalchemy,2022Q1,2022-03-31,44f55913267481165cd9dbfb6ebffa05a72424bd,0,204,204,1.0,169420,7948,45.29284164859002,51.0,66,2.644061399094112,1.0,6,15.429290387518872,7.0,36,11.29265223955712,5.0,26,4.136638147961752,0.0,12,0.2600654252642174
sqlalchemy,2022Q2,2022-06-30,286e5fb649f77367883800ba4ec3d536e8031ca8,0,209,209,1.0,189130,8658,45.23806189609299,51.0,66,2.5912450912450913,1.0,5,15.72106722106722,8.0,37,11.470662970662971,5.0,26,4.250404250404251,0.0,12,0.2641487641487641
sqlalchemy,2022Q3,2022-09-30,befa8e92675dea992423011b929dfc7ca45de6b6,0,210,210,1.0,194806,8857,45.267527173913045,51.0,66,2.610816303488766,1.0,5,15.873546347521737,8.0,37,11.62583267472056,5.0,26,4.247713672801174,0.0,12,0.2616009935644123
sqlalchemy,2022Q4,2022-12-31,f74de7bc0b886b3585536e2a3c7f1828ec8be083,0,212,212,1.0,200811,9036,45.48390834191555,51.0,66,2.627047366091191,1.0,6,16.027113767153608,8.0,38,11.769145639663568,5.0,27,4.25796812749004,0.0,12,0.2621735281097831
sqlalchemy,2023Q1,2023-03-31,15e903d77df78ed2a6e63c05ce7c26f71a4c33c4,0,213,213,1.0,204163,9200,45.529500756429655,51.0,67,2.6201086956521737,1.0,6,15.98282608695652,8.0,38,11.738478260869565,5.0,27,4.2443478260869565,0.0,12,0.2598913043478261
sqlalchemy,2023Q2,2023-06-30,a48ebfe72558ca4cf16ff1ce06e4efd83de48685,0,214,214,1.0,206378,9290,45.58090316229851,51.0,66,2.6384284176533908,1.0,6,16.01313240043057,7.0,38,11.807104413347686,5.0,27,4.2060279870828845,0.0,12,0.2594187298170075
sqlalchemy,2023Q3,2023-09-30,aab212af7d4ae7b94221192a40fdc6e88888adb1,0,215,215,1.0,207725,9363,45.59595220677883,51.0,66,2.636120901420485,1.0,6,15.989960482751256,7.0,38,11.804656627149418,5.0,27,4.185303855601837,0.0,12,0.258143757342732
sqlalchemy,2023Q4,2023-12-31,94d20a225b4806f89a399da4704724284356598c,0,217,217,1.0,208948,9396,45.56232023010546,51.0,66,2.6343124733929333,1.0,6,16.028735632183906,8.0,38,11.833546189868027,5.0,27,4.195189442315879,0.0,12,0.258833546189868
sqlalchemy,2024Q1,2024-03-31,a124a593c86325389a92903d2b61f40c34f6d6e2,0,218,218,1.0,209846,9470,45.569323272813016,51.0,67,2.6289334741288277,1.0,5,15.91869060190074,7.0,38,11.743400211193242,5.0,27,4.175290390707497,0.0,12,0.2578669482576557
sqlalchemy,2024Q2,2024-06-30,83b0690f88f46c0c8c04f8f24b5a95f426eba12b,0,218,218,1.0,210422,9485,45.558177570093456,51.0,67,2.630680021085926,1.0,6,15.931259884027412,7.0,38,11.749393779652085,5.0,27,4.181866104375329,0.0,12,0.2577754348972061
sqlalchemy,2024Q3,2024-09-30,fe03298593e59e5d40de81e7f864690e73930666,0,218,218,1.0,211127,9521,45.58227994897368,51.0,67,2.632076462556454,1.0,6,15.93509085180128,7.0,38,11.763260161747716,5.0,27,4.171830690053566,0.0,12,0.2569057872072261
sqlalchemy,2024Q4,2024-12-31,a4e38d119913ca18462f2e9c6448c6e24d369df3,0,218,218,1.0,212973,9532,45.612761530458904,51.0,67,2.637221989089383,1.0,6,15.984683172471676,7.0,38,11.78871170793118,5.0,27,4.195971464540495,0.0,12,0.2567142257658413
sqlalchemy,2025Q1,2025-03-31,451225588f36cc9ab84ba6248599047a8717ca53,0,211,211,1.0,212014,9530,45.694189602446485,52.0,67,2.612696747114376,1.0,5,15.8897166841553,7.0,37,11.707345225603358,5.0,26,4.182371458551941,0.0,12,0.2570828961175236
sqlalchemy,2025Q2,2025-06-30,d01e022cba072127b9123e3e4b248ddf22a662fa,0,212,212,1.0,214023,9595,45.73439683278994,52.0,67,2.611881188118812,1.0,5,15.90734757686295,7.0,37,11.745596664929652,5.0,26,4.161750911933298,0.0,12,0.2562793121417405
sqlalchemy,2025Q3,2025-09-30,1d80e68d744088a4968613382e6f2549ff658c3c,0,213,213,1.0,217860,9763,45.78234205045128,52.0,67,2.603707876677251,1.0,5,15.86879033084093,7.0,37,11.713510191539486,5.0,26,4.1552801393014445,0.0,12,0.2561712588343747
sqlalchemy,2025Q4,2025-12-31,0a1be6dcfab7b17613835248a368e6b822a53319,0,215,215,1.0,221383,9864,45.84213508612874,52.0,67,2.6085766423357666,1.0,5,15.937145174371452,7.0,37,11.78132603406326,5.0,26,4.155819140308191,0.0,12,0.2563868613138686
sqlalchemy,2026Q1,2026-03-31,41b025d7c37743181b8faf104ec7ca6f6cf7edf6,0,218,218,1.0,223355,9940,45.85530582578553,52.0,67,2.6076458752515093,1.0,5,15.945372233400402,7.0,37,11.79698189134809,5.0,26,4.148390342052314,0.0,12,0.2557344064386317
sqlalchemy,2026Q2,2026-06-30,d59159ca08cdf661f97d19d2966071a1b1d3df80,0,219,219,1.0,225043,10003,45.867111111111114,52.0,67,2.6117164850544836,1.0,5,15.976407077876637,7.0,37,11.830650804758571,5.0,27,4.145756273118065,0.0,12,0.2561231630510847
sqlalchemy,2026Q3,2026-09-30,121d0cde4679845a37f39ea36fa16cb2039a82ce,1,220,220,1.0,228605,10093,46.21652910279773,52.0,67,2.6108193797681563,1.0,5,16.081343505399783,7.0,38,11.87278311701179,5.0,27,4.208560388387991,0.0,12,0.2597840087189141
sympy,2014Q1,2014-03-31,34572e4c31c7317c9a16caaa6de83156d92106cb,0,522,521,0.9980842911877394,294066,12303,42.094682422452,42.0,70,3.742745671787369,2.0,9,18.954889051450863,8.0,47,12.427537998862066,5.0,29,6.527351052588799,0.0,21,0.424042916361863
sympy,2014Q2,2014-06-30,062f1b8a46543281efd9df309cb9b2a88186a644,0,532,531,0.9981203007518796,299673,12549,42.18489182251559,42.0,70,3.7481871065423538,2.0,9,18.962228065981353,8.0,47,12.395489680452624,5.0,29,6.566738385528727,0.0,21,0.4240975376524026
sympy,2014Q3,2014-09-30,2b427d2f28702df489d89c3fafc0ada6cd88fba1,0,558,557,0.9982078853046596,311891,13023,42.192378654555775,42.0,70,3.747830760961376,2.0,9,19.05828150195807,8.0,47,12.38977194194886,5.0,29,6.668509560009214,0.0,21,0.4258619365737541
sympy,2014Q4,2014-12-31,7d7eb6731562f9a7cf25f92264613f0331f72119,0,562,561,0.998220640569395,316394,13272,42.25259758494805,42.5,70,3.755801687763713,2.0,9,18.98025919228451,8.0,47,12.362718505123569,5.0,29,6.617540687160941,0.0,21,0.420961422543701
sympy,2015Q1,2015-03-31,0e9e62c2890e480845bed8c297dee554a8defc48,0,511,510,0.9980430528375732,272034,12065,43.0736496165838,44.0,70,3.6372150849564857,2.0,8,18.407542478242853,7.0,46,11.80082884376295,5.0,28,6.606713634479901,0.0,21,0.4335681723995027
sympy,2015Q2,2015-06-30,c4ad62846323824feef6726cdb655c4a69c516bf,0,520,519,0.9980769230769232,276629,12263,43.099842048383074,44.0,70,3.630596102095735,2.0,8,18.387017858599037,7.0,46,11.786593818804532,5.0,28,6.600424039794504,0.0,21,0.4334991437657995
sympy,2015Q3,2015-09-30,a57f3c43b9c86979ff7fe04d520bc404b94d859a,0,529,528,0.998109640831758,282508,12515,43.111988159842134,44.0,70,3.6270075908909303,2.0,8,18.43036356372353,7.0,46,11.789292848581702,5.0,28,6.64107071514183,0.0,22,0.434358769476628
sympy,2015Q4,2015-12-31,7e1dda39709367e36e605444a918b31aaf709d67,0,537,536,0.9981378026070764,285304,12637,43.14339437540876,44.0,70,3.632745113555433,2.0,8,18.412043997784284,7.0,46,11.76972382685764,5.0,28,6.642320170926644,0.0,22,0.4327767666376513
sympy,2016Q1,2016-03-31,3364138879de0ea98f2df313f56ada03c13163f9,0,535,534,0.9981308411214952,287326,12592,43.00413321675543,44.0,70,3.6551778907242696,2.0,8,18.596489834815756,7.0,47,11.809482210927571,5.0,28,6.787007623888183,0.0,22,0.4359116899618805
sympy,2016Q2,2016-06-30,1dbb15fee2099f760c2d036578e54c3aff3d11af,0,548,547,0.998175182481752,295648,12904,42.97775732474306,44.0,70,3.6788592684438934,2.0,8,18.68079665220087,7.0,47,11.883137011779294,5.0,28,6.797659640421575,0.0,22,0.4355238685678859
sympy,2016Q3,2016-09-30,828a93d91e27cb709b90d5a6edbfe9d9068da8ba,0,555,555,1.0,301548,13100,43.048622003136906,44.0,70,3.7518320610687024,2.0,8,19.05809160305343,7.0,47,12.155038167938931,5.0,29,6.903053435114503,0.0,22,0.4372519083969465
sympy,2016Q4,2016-12-31,25ea11a953ec1a83e73b58d43a1d5f4026e006bc,0,555,555,1.0,303303,13185,43.06365732133561,44.0,70,3.751459992415624,2.0,8,19.05278725824801,8.0,47,12.141296928327645,5.0,29,6.911490329920364,0.0,22,0.437163443306788
sympy,2017Q1,2017-03-31,b921ef3908c597f3d21284deac3856dad46a96cf,0,560,560,1.0,304617,13307,43.043635558180746,44.0,70,3.737205981814083,2.0,8,18.92116930938604,7.0,47,12.078304651687082,5.0,28,6.842864657698955,0.0,22,0.4321785526414669
sympy,2017Q2,2017-06-30,8bb5814067cfa0348fb8b708848f35dba2b55ff4,0,566,566,1.0,309100,13557,42.877073101288346,44.0,69,3.740429298517371,2.0,8,18.83558309360478,7.0,47,12.05967396916722,5.0,28,6.77590912443756,0.0,22,0.4298886184259054
sympy,2017Q3,2017-09-30,dad1ce1df51f395acac73ade0d18e9a55bbe4980,0,601,601,1.0,357140,15189,43.57751254577513,44.0,70,3.677463954177365,2.0,8,19.98419909144776,6.0,45,13.75995786424386,4.0,28,6.224241227203898,0.0,21,0.3958127592336559
sympy,2017Q4,2017-12-31,06ba2be42dd5932866213bc123db36acf50b9f98,0,605,605,1.0,360737,15308,43.4688537654403,44.0,70,3.690292657434022,2.0,8,20.02763261039979,6.0,45,13.799451267311207,4.0,28,6.228181343088581,0.0,21,0.3943036320877972
sympy,2018Q1,2018-03-31,4605c8bd7ed3548946b7ea97c3ab59b0c513b3b0,0,628,628,1.0,370886,15962,43.38700876908087,44.0,70,3.66113269013908,2.0,8,19.705049492544795,6.0,45,13.65737376268638,4.0,28,6.047675729858414,0.0,21,0.3825335171031199
sympy,2018Q2,2018-06-30,267634a6e1de6835e5a5da047cadfdf2c2e97e1e,0,634,634,1.0,374009,16071,43.48884901307357,44.0,70,3.6731379503453425,2.0,8,19.73144172733495,6.0,45,13.679671457905544,4.0,28,6.051770269429407,0.0,21,0.3818679609234024
sympy,2018Q3,2018-09-30,5997e30a33f92e6b4b4d351e835feb7379a0e31d,0,675,675,1.0,409754,25579,43.57738937780786,44.0,71,2.7801712342155676,1.0,6,14.18034325032253,3.0,33,10.273544704640525,3.0,19,3.9067985456820047,0.0,15,0.2444192501661519
sympy,2018Q4,2018-12-31,8f4cbf05d2ebec6388b1366432381531874ffd27,0,680,680,1.0,414112,25771,43.57419628261791,44.0,71,2.7943424779791237,1.0,6,14.212409297272128,3.0,33,10.292926157308605,3.0,19,3.919483139963525,0.0,15,0.2438399751658841
sympy,2019Q1,2019-03-31,fb98dbb5a50dc13489b365ea6558e1efc5e62377,0,680,680,1.0,419519,26013,43.526366079426694,44.0,71,2.7954099873140352,1.0,6,14.276477146042364,3.0,33,10.296966901164804,3.0,19,3.979510244877561,0.0,15,0.2429938876715488
sympy,2019Q2,2019-06-30,1d3327b8e90a186df6972991963a5ae87053259d,0,685,685,1.0,426903,26396,43.5149053074585,44.0,71,2.8040612213971814,1.0,6,14.30474314290044,3.0,34,10.285497802697378,3.0,19,4.019245340203061,0.0,15,0.2429534777996666
sympy,2019Q3,2019-09-30,5138712daf66fde7050c7fabdcec7bdc5d02d047,0,697,697,1.0,452178,26861,43.524435553015145,44.0,70,2.82160008934887,1.0,6,13.478351513346489,3.0,34,9.41063251554298,2.0,20,4.067718997803507,0.0,15,0.2432895275678493
sympy,2019Q4,2019-12-31,c559a8421ac4865ebfe66024be6cd43a6103a62b,0,707,707,1.0,458870,27067,43.48667760366578,44.0,70,2.824398714301548,1.0,6,13.536187977980568,3.0,34,9.428492259947538,2.0,20,4.107695718033029,0.0,15,0.2436176894373222
sympy,2020Q1,2020-03-31,b9179e80d2daa1bb6cba1ffe35ca9e6612e115c9,0,719,719,1.0,462392,27324,43.44854357928142,44.0,71,2.812399355877617,1.0,6,13.47167325428195,3.0,34,9.361989459815549,2.0,19,4.109683794466403,0.0,15,0.2425706338749817
sympy,2020Q2,2020-06-30,e926fc095fd6402f4d01dc4bf119e63e9fb56a76,0,731,731,1.0,469113,27626,43.38953096947935,44.0,71,2.8224860638528924,1.0,6,13.507311952508507,3.0,34,9.375081445015566,2.0,20,4.132230507492942,0.0,15,0.2437920799247086
sympy,2020Q3,2020-09-30,96c1ecb46b6b8889e7ad19fdd5473d32015a91a4,0,744,744,1.0,475676,27978,43.40405224380442,44.0,71,2.8247194224033167,1.0,6,13.51754950318107,3.0,34,9.37440131531918,2.0,20,4.143148187861891,0.0,15,0.2441561226678104
sympy,2020Q4,2020-12-31,1b162a0ede3aa3d398634419a6c491df905bc129,0,754,754,1.0,481806,28189,43.4698815192116,44.0,71,2.828088970875164,1.0,6,13.604916811522225,3.0,35,9.39164212990883,2.0,20,4.213274681613395,0.0,15,0.2438894604278264
sympy,2021Q1,2021-03-31,4875c64ff6249da145133f16e6b733a462139bff,0,783,783,1.0,491407,28625,43.46707303798846,44.0,71,2.8251528384279476,1.0,6,13.576174672489085,3.0,35,9.365659388646288,2.0,20,4.210515283842795,0.0,15,0.2411877729257641
sympy,2021Q2,2021-06-30,6a5c741b5413c974e28e0272875d706352448738,0,791,791,1.0,497132,28918,43.35630514310308,44.0,71,2.827961823085967,1.0,6,13.578324918735737,3.0,35,9.365447126357289,2.0,20,4.21287779237845,0.0,15,0.243896535030085
sympy,2021Q3,2021-09-30,b0d83c555eda061014ae1d04dc0af07a569650e6,0,800,800,1.0,504285,29175,43.39144702021806,44.0,71,2.8330419880034277,1.0,6,13.612065124250217,3.0,35,9.371928020565552,2.0,20,4.240137103684662,0.0,15,0.2455526992287917
sympy,2021Q4,2021-12-31,b0b66d5511575eda9f0e3c7cc048b7bf63a85706,0,812,812,1.0,513151,29483,43.21737336222016,44.0,71,2.839059797171251,1.0,6,13.684190889665231,3.0,35,9.3795746701489,2.0,20,4.3046162195163316,0.0,16,0.2483125869144931
sympy,2022Q1,2022-03-31,56b1c08619dc4c4b53567fca2fffb9ca7ca6445a,0,809,809,1.0,516029,29582,43.23213556553696,44.0,71,2.8453789466567505,1.0,6,13.70525995537827,3.0,35,9.402643499425324,2.0,20,4.302616455952944,0.0,16,0.2475491853153945
sympy,2022Q2,2022-06-30,721753021c0a6c53f93945cce562a36b4b57936f,0,806,806,1.0,516867,29619,43.3446771821271,44.0,71,2.8483068300752894,1.0,6,13.7231169181944,3.0,35,9.413957257166008,2.0,20,4.309159661028394,0.0,16,0.2479827137985752
sympy,2022Q3,2022-09-30,acf9f60540b9e5cd02fb90cf1d10e89ce39a03f3,0,813,813,1.0,522117,29792,43.24317965660509,44.0,71,2.8533498925886143,1.0,6,13.721368152524168,3.0,35,9.402725563909774,2.0,20,4.318642588614393,0.0,16,0.2476839419978517
sympy,2022Q4,2022-12-31,40b1af74c7f6826b9ba702c359cb538621e9207c,0,783,783,1.0,448215,19810,42.73196138211382,43.0,70,3.629883897021706,2.0,8,18.0884401817264,6.0,47,11.59944472488642,5.0,27,6.48899545683998,0.0,22,0.370519939424533
sympy,2023Q1,2023-03-31,1b64adc288e6e6bfdf35a9abf701f1141a03d67e,0,795,795,1.0,454137,20010,42.86688768334338,44.0,70,3.628735632183908,2.0,8,18.120589705147427,6.0,47,11.595302348825587,5.0,27,6.525287356321839,0.0,22,0.3727636181909045
sympy,2023Q2,2023-06-30,0464812c6cc4d1582df7e0338720713f0a06dd76,0,798,798,1.0,458855,20190,42.87794486215539,44.0,70,3.617781079742447,2.0,8,18.131054977711734,6.0,47,11.559534422981674,4.0,27,6.571520554730064,0.0,22,0.375780089153046
sympy,2023Q3,2023-09-30,6e347f05210519d5eef3f8b894ccf5c4d7029226,0,825,825,1.0,477053,20905,43.13206921071344,44.0,70,3.6084668739536,2.0,8,18.23621143267161,6.0,47,11.536761540301365,4.0,27,6.699449892370247,0.0,23,0.3848361635972255
sympy,2023Q4,2023-12-31,c81c8169142f14a1b427664e073cde196f111d53,0,828,828,1.0,485016,21519,43.21964319073417,44.0,70,3.5684279009247644,2.0,8,18.02676704307821,6.0,47,11.375528602630231,4.0,27,6.651238440447976,0.0,22,0.3905385938008271
sympy,2024Q1,2024-03-31,d91b8ad6d36a59a879cc70e5f4b379da5fdd46ce,0,828,828,1.0,486061,21539,43.22891397648815,44.0,70,3.567667951158364,2.0,8,18.045359580296207,6.0,47,11.371697850410882,4.0,27,6.673661729885325,0.0,22,0.3905938065834068
sympy,2024Q2,2024-06-30,e06873a179e0ff94f623bef63accc17c1f5804e2,0,829,829,1.0,488596,21638,43.248932813659984,44.0,70,3.5708013679637673,2.0,8,18.058970329975043,6.0,47,11.373833071448376,4.0,27,6.685137258526666,0.0,23,0.3908864035493114
sympy,2024Q3,2024-09-30,dc69be1c42b3dfdbf03478d14b9ad2ca5a7dbc9e,0,831,831,1.0,492107,21769,43.31627478100507,44.0,70,3.5759566355827093,2.0,8,18.086131655105884,6.0,47,11.409205751297716,4.0,27,6.676925903808168,0.0,23,0.3911066195048004
sympy,2024Q4,2024-12-31,b7e7de3b02c8d1edf683e12c61a69f57eebd4ce9,0,831,831,1.0,493025,21863,43.32746705979913,44.0,71,3.56602479074235,2.0,8,18.030233728216626,6.0,47,11.37309609843114,4.0,27,6.657137629785482,0.0,22,0.3897909710469743
sympy,2025Q1,2025-03-31,9ea536ddd5c1f9383908debfc4c2718c83ed5344,0,835,835,1.0,495641,22021,43.33211059654271,44.0,71,3.56309886017892,2.0,8,17.9850597157259,6.0,47,11.3482130693429,4.0,27,6.636846646382998,0.0,22,0.3894918486898869
sympy,2025Q2,2025-06-30,b7af8e77a7aeb2eac5a62c85b33c8066e097615c,0,837,837,1.0,498753,22188,43.334616971530735,44.0,71,3.545610239769245,2.0,8,17.911618893095365,6.0,47,11.29993690283036,4.0,27,6.611681990265008,0.0,22,0.3874616910041464
sympy,2025Q3,2025-09-30,8594f5d89248391655cbe310f48f094f4d0c9d5e,0,847,847,1.0,510052,23011,43.3731884057971,44.0,71,3.48429012211551,2.0,8,17.63430533223241,6.0,46,11.14771196384338,4.0,26,6.486593368389031,0.0,22,0.39237755855895
sympy,2025Q4,2025-12-31,d8b7a83971169b49c5330f0156a056a4c9a2172e,0,848,848,1.0,512198,23092,43.3817286849711,44.0,71,3.48579594664819,2.0,8,17.63913909579075,6.0,46,11.158626364108782,4.0,26,6.4805127316819675,0.0,22,0.392127143599515
sympy,2026Q1,2026-03-31,e4742ca253eac19aa9fffa478959e675e2893595,0,847,847,1.0,514957,23384,43.415481548154816,44.0,71,3.4634365378036263,2.0,8,17.49046356483065,6.0,46,11.078386931235032,4.0,26,6.412076633595621,0.0,22,0.3877865206979131
sympy,2026Q2,2026-06-30,cacef37de3738284af467a88ee0437768b626738,0,847,847,1.0,515806,23420,43.42830264749362,44.0,71,3.4609735269000854,1.0,8,17.483561058923996,6.0,46,11.071263877028182,4.0,26,6.412297181895815,0.0,22,0.389197267292912
sympy,2026Q3,2026-09-30,3cbbd286f761fce70f38a94d982b6f485cfd4fd3,1,859,859,1.0,523291,23741,43.99677571901466,45.0,71,3.479760751442652,1.0,8,17.526641674739903,6.0,46,11.147550650772924,4.0,26,6.379091023966977,0.0,22,0.3875152689440209
ipython,2014Q1,2014-03-31,1ebcc4267bad4220615266e204b01f34f1ffe1c7,0,423,423,1.0,98316,4443,48.719929916776174,54.0,78,3.031960387125816,2.0,6,15.09813189286518,8.0,35,11.279765923925275,6.0,26,3.8183659689399057,1.0,12,0.591267161827594
ipython,2014Q2,2014-06-30,1c6583e721ad5069da2276f05f77337c9f2f214c,0,428,428,1.0,97798,4504,48.34787746568494,52.0,78,2.9937833037300177,2.0,6,14.96247779751332,8.0,35,11.228685612788633,6.0,26,3.733792184724689,1.0,12,0.5890319715808171
ipython,2014Q3,2014-09-30,897a094a934228596161d99f59fe103cb783ecf0,0,432,432,1.0,101008,4624,48.15797194462272,52.0,78,2.999351211072665,2.0,6,14.883217993079583,8.0,35,11.188365051903114,6.0,26,3.6948529411764706,1.0,11,0.5869377162629758
ipython,2014Q4,2014-12-31,4396a13ec56a4a414ea19d19ab1ef7d621382955,0,456,456,1.0,103818,4840,47.82857675806753,51.0,78,2.9816115702479338,2.0,6,14.709297520661156,8.0,35,11.089256198347108,6.0,26,3.6200413223140497,1.0,11,0.5814049586776859
ipython,2015Q1,2015-03-31,aeffef19ececeadfeae947aa6829fd265a498b28,0,475,475,1.0,102474,4723,47.76366251198466,51.0,78,3.012915519796739,2.0,6,14.796104171077705,8.0,35,11.161126402710142,6.0,25,3.634977768367563,1.0,11,0.5843743383442727
ipython,2015Q2,2015-06-30,7fb6e46a1dcfdabdf63e7f3db71015eda09be5a5,0,188,188,1.0,45855,1750,48.157384048127305,52.0,78,3.262857142857143,2.0,7,17.973714285714287,9.0,42,12.92457142857143,6.0,30,5.049142857142857,1.0,15,0.6142857142857143
ipython,2015Q3,2015-09-30,32ee8c1d850ed94ea221fa566141e05d62172502,0,189,189,1.0,45677,1746,48.174235041902165,52.0,78,3.2686139747995417,2.0,7,17.959908361970218,9.0,42,12.90893470790378,6.0,30,5.050973654066437,1.0,15,0.6139747995418099
ipython,2015Q4,2015-12-31,fa27f966e74a9076e22f5c98ed0e631bda4b895c,0,189,189,1.0,45769,1746,48.154070332232365,52.0,78,3.288087056128293,2.0,7,18.04524627720504,9.0,43,12.989690721649485,6.0,30,5.055555555555555,1.0,15,0.6139747995418099
ipython,2016Q1,2016-03-31,af1c39e08f1c395b947fb3663249549eabbbbe1d,0,200,200,1.0,46785,1813,48.12734785875282,52.0,78,3.260893546607832,2.0,7,17.84997242140099,9.0,42,12.936569222283508,6.0,30,4.913403199117485,1.0,15,0.6039713182570325
ipython,2016Q2,2016-06-30,dc4b85d3a0c4b1031cdf2ef3eb1cf2aab8c9d256,0,203,203,1.0,46413,1809,48.02005111067427,52.0,78,3.241569928137092,2.0,7,17.79380873410724,9.0,42,12.881702598120508,6.0,30,4.912106135986733,1.0,15,0.5986733001658375
ipython,2016Q3,2016-09-30,4fd45e5827f378e1381f6b629c3d5b7ed028de60,0,203,203,1.0,46604,1814,48.01767478397486,52.0,78,3.243109151047409,2.0,7,17.797133406835723,9.0,42,12.883682469680265,6.0,30,4.913450937155457,1.0,15,0.5964718853362734
ipython,2016Q4,2016-12-31,ac4c93866de1899ce6c607b954fa4afe74c2d0ae,0,199,199,1.0,45343,1775,48.27445817297954,52.0,78,3.1983098591549295,2.0,7,17.747042253521126,9.0,42,12.732394366197184,6.0,30,5.014647887323943,1.0,15,0.6061971830985915
ipython,2017Q1,2017-03-31,3f95541b52f650ab0cf0009f64370ea4cdd4f557,0,198,198,1.0,45800,1774,48.354060134996935,52.0,78,3.222096956031567,2.0,7,17.968996617812852,9.0,43,12.820180383314543,6.0,30,5.148816234498309,1.0,15,0.6155580608793687
ipython,2017Q2,2017-06-30,ff635c8e434f4cee58d4b731e53149285136920d,0,197,197,1.0,46304,1783,48.4169899938738,52.0,78,3.2692091979809312,2.0,7,18.137969713965227,9.0,43,12.89736399326977,6.0,30,5.2406057206954575,1.0,15,0.6158160403813797
ipython,2017Q3,2017-09-30,7e28a947dde3e864b2d84d5d4a759a42a29163af,0,197,197,1.0,46439,1795,48.4527687296417,53.0,78,3.2590529247910864,2.0,7,18.076880222841226,9.0,43,12.869080779944287,6.0,30,5.207799442896936,1.0,15,0.615041782729805
ipython,2017Q4,2017-12-31,fee7d92b4ead3f2d86d1afac8bb9638ca72a07a6,0,197,197,1.0,46480,1792,48.474059003051885,53.0,78,3.2650669642857144,2.0,7,18.135044642857142,9.0,43,12.900669642857142,6.0,30,5.234375,1.0,15,0.6166294642857143
ipython,2018Q1,2018-03-31,65778adec13a65f82c5d2bab123e7a63516702c8,0,197,197,1.0,46602,1800,48.47904800650936,53.0,78,3.2544444444444443,2.0,7,18.086111111111112,9.0,43,12.862222222222222,6.0,30,5.223888888888889,1.0,15,0.6155555555555555
ipython,2018Q2,2018-06-30,a2685d78f2403f84e6cb915ae11a4f6033ccc5f6,0,197,197,1.0,46529,1792,48.51818553330609,53.0,78,3.26171875,2.0,7,18.137834821428573,9.0,43,12.89453125,6.0,30,5.243303571428571,1.0,15,0.6171875
ipython,2018Q3,2018-09-30,194d1d7fe2fcc8547205bd7f54fcf63bee9df4e3,0,198,198,1.0,47114,1825,48.617228768793176,53.0,78,3.243835616438356,2.0,7,18.05095890410959,9.0,43,12.805479452054794,6.0,30,5.245479452054795,1.0,15,0.6224657534246575
ipython,2018Q4,2018-12-31,a8165da9102a62203c824f8cb59988e188fc6032,0,199,199,1.0,47563,1843,48.63297013720742,53.0,78,3.2615301139446555,2.0,7,18.081389039609338,9.0,43,12.841020075963105,6.0,30,5.240368963646229,1.0,15,0.6207270754205101
ipython,2019Q1,2019-03-31,4f901de17aff2132365fc3741fc5b4b8a9a98dc6,0,199,199,1.0,47647,1848,48.6383964544722,53.0,78,3.267857142857143,2.0,7,18.061147186147185,9.0,43,12.83495670995671,6.0,30,5.226190476190476,1.0,15,0.6190476190476191
ipython,2019Q2,2019-06-30,223d17f2e85507fc0ce8be1e0bd25ce0afea1c62,0,199,199,1.0,47870,1854,48.61991584852735,53.0,78,3.290722761596548,2.0,7,18.112189859762676,9.0,43,12.892664509169364,6.0,30,5.219525350593312,1.0,15,0.6181229773462783
ipython,2019Q3,2019-09-30,4a2240fb440c497e9e195d9ff43d96973b7ae33f,0,199,199,1.0,47851,1853,48.614365971107546,53.0,78,3.285483000539666,2.0,7,18.11117107393416,9.0,43,12.882892606583916,6.0,30,5.2282784673502425,1.0,15,0.6184565569347005
ipython,2019Q4,2019-12-31,54057a78f9c1100ec8ad8b06803ad27120fa7889,0,200,200,1.0,48075,1859,48.656725380304245,53.0,78,3.293168370091447,2.0,7,18.14792899408284,9.0,43,12.93329747175901,6.0,30,5.21463152232383,1.0,15,0.615922538999462
ipython,2020Q1,2020-03-31,a0c21526a456347f5f1f397dfb58bd0e7412e235,0,200,200,1.0,47571,1849,48.6934068177179,53.0,78,3.2650081124932395,2.0,7,18.01352082206598,9.0,43,12.802595997836669,6.0,30,5.210924824229314,1.0,15,0.6149269875608437
ipython,2020Q2,2020-06-30,ba11b22ef9f8c94d1ead775dc0ef69043ba9605c,0,201,201,1.0,48172,1870,48.64799516421519,53.0,78,3.2807486631016043,2.0,7,18.04705882352941,9.0,43,12.849197860962567,6.0,31,5.197860962566845,1.0,15,0.6122994652406417
ipython,2020Q3,2020-09-30,d0a0447a4baf31d8a558b72f1840895f1376f8c0,0,201,201,1.0,48264,1871,48.654936657952945,53.0,78,3.282736504543025,2.0,7,18.063602351683592,9.0,43,12.886691608765366,6.0,31,5.176910742918226,1.0,15,0.6125066809192945
ipython,2020Q4,2020-12-31,3587f5bb6c8570e7bbb06cf5f7e3bc9b9467355a,0,201,201,1.0,48430,1877,48.618683309844975,53.0,78,3.2759722962173683,2.0,7,18.094832179009057,9.0,43,12.937666489078316,6.0,31,5.157165689930741,1.0,15,0.6100159829515184
ipython,2021Q1,2021-03-31,657384935a24be05f2725d41ea0eac271863e6d1,0,201,201,1.0,48584,1882,48.62665862484921,53.0,78,3.281083953241233,2.0,7,18.122741764080764,9.0,43,12.9596174282678,6.0,31,5.163124335812965,1.0,15,0.6105207226354942
ipython,2021Q2,2021-06-30,a2c2a2dcec36224c7dca561efcf9ed9e5c514c3c,0,200,200,1.0,48873,1889,48.64966874121662,53.0,78,3.2901005823186873,2.0,7,18.175224986765485,9.0,43,13.015352038115404,6.0,31,5.159872948650079,1.0,15,0.6103758602435151
ipython,2021Q3,2021-09-30,d50de437cd35522873c0b308ac9eb15cc3bf12b8,0,201,201,1.0,49386,1908,48.45987286452126,52.5,78,3.280922431865828,2.0,7,18.15041928721174,9.0,44,13.00314465408805,6.0,31,5.14727463312369,1.0,15,0.6074423480083857
ipython,2021Q4,2021-12-31,c5102802380809adfdb980dafd041d99c5c9e299,0,159,159,1.0,47027,1805,48.19844357976654,52.0,78,3.345706371191136,2.0,7,18.427700831024932,9.0,43,13.245983379501386,7.0,31,5.181717451523546,1.0,15,0.6038781163434903
ipython,2022Q1,2022-03-31,6ddb518ca6ad0b4addfe9ae6e2ac88f4bc12e056,0,158,158,1.0,47302,1817,48.17254054054054,52.0,78,3.3428728673637864,2.0,7,18.412768299394607,9.0,43,13.2526141992295,7.0,32,5.160154100165108,1.0,15,0.6015410016510732
ipython,2022Q2,2022-06-30,359181665fcc65c6ff4d76430348ca27858b0443,0,158,158,1.0,47334,1816,48.17535135135135,52.0,78,3.344713656387665,2.0,7,18.436674008810577,9.0,43,13.277533039647578,7.0,32,5.159140969162996,1.0,15,0.6013215859030837
ipython,2022Q3,2022-09-30,4f6e132d2fc56feabd9d87cac98906d3e5806d6a,0,158,158,1.0,47480,1823,48.15017286084702,52.0,78,3.345035655512891,2.0,7,18.46187602852441,9.0,43,13.309380142622052,7.0,31,5.152495885902359,1.0,15,0.6006582556226001
ipython,2022Q4,2022-12-31,6a4bff46d5bdcb231ed89cef1387cb7f2cccb271,0,160,160,1.0,49398,1891,48.240631578947365,52.0,78,3.3569539925965097,2.0,7,18.37969328397673,9.0,43,13.349550502379694,7.0,30,5.030142781597038,1.0,15,0.597567424643046
ipython,2023Q1,2023-03-31,a418f38c4f96de1755701041fe5d8deffbf906db,0,163,163,1.0,50979,1942,48.428305014504765,52.0,78,3.375386199794027,2.0,7,18.226055612770335,9.0,43,13.248712667353244,7.0,31,4.977342945417096,1.0,15,0.601956745623069
ipython,2023Q2,2023-06-30,c3d7f161b19ddb3c16120487b0797539568c2c0f,0,164,164,1.0,51631,1965,48.43595551894563,52.0,78,3.368447837150127,2.0,7,18.189821882951655,9.0,43,13.229007633587786,7.0,31,4.960814249363867,1.0,15,0.5984732824427481
ipython,2023Q3,2023-09-30,6004e9b0bb0c702b840dfec54df8284234720817,0,164,164,1.0,51880,1972,48.46299342105263,52.0,78,3.3884381338742395,2.0,7,18.24239350912779,9.0,43,13.288539553752535,7.0,31,4.953853955375253,1.0,15,0.597870182555781
ipython,2023Q4,2023-12-31,fd2cf18f8109637662faf70862a84594625b132a,0,164,164,1.0,52076,1982,48.460984146592544,52.0,78,3.380928355196771,2.0,7,18.230575176589305,9.0,43,13.29212916246216,7.0,31,4.938446014127145,1.0,15,0.5958627648839556
ipython,2024Q1,2024-03-31,b9c597dfd0b29469ad32344f85b97b9ef83085f0,0,166,166,1.0,52408,1993,48.504123711340206,52.0,78,3.389362769693929,2.0,7,18.245358755644755,9.0,44,13.333667837431008,7.0,32,4.911690918213748,1.0,15,0.5930757651781234
ipython,2024Q2,2024-06-30,a499dbd507a92ea0087eca0f53e550fc838f0580,0,166,166,1.0,52657,2000,48.52439524395244,52.0,78,3.3905,2.0,7,18.251,9.0,43,13.345,7.0,32,4.906,1.0,15,0.592
ipython,2024Q3,2024-09-30,9b52ad5d0fae168679a63ecc8743541e2f127d92,0,166,166,1.0,52776,2004,48.535436296599755,52.0,78,3.3912175648702596,2.0,7,18.26197604790419,9.0,44,13.357784431137723,7.0,32,4.904191616766467,1.0,15,0.5913173652694611
ipython,2024Q4,2024-12-31,eb3f5ff99c4b929112d8ca8e721d7709e0705386,0,159,159,1.0,52127,1950,48.48952380952381,52.0,78,3.4225641025641025,2.0,7,18.53128205128205,10.0,45,13.577948717948718,7.0,32,4.953333333333333,1.0,15,0.5912820512820512
ipython,2025Q1,2025-03-31,116ee9e50b5d4546f6bb90d39114bb9e313aec19,0,158,158,1.0,52839,1954,48.9296174863388,53.0,78,3.589048106448311,2.0,8,18.83111566018424,10.0,46,14.042988741044011,7.0,34,4.788126919140225,1.0,14,0.5777891504605936
ipython,2025Q2,2025-06-30,1e9a2e8b5a584ffe1973318fdabf2e39395ec367,0,158,158,1.0,53236,1967,48.9339561155768,53.0,78,3.601423487544484,2.0,8,18.894763599389933,10.0,46,14.120488052872394,7.0,34,4.774275546517539,1.0,14,0.5760040671072699
ipython,2025Q3,2025-09-30,67d466eaf408ac5ce2a440be9ec085988d16187f,0,159,159,1.0,54264,1995,48.90771202734459,53.0,78,3.657142857142857,2.0,8,19.05814536340852,10.0,46,14.328320802005011,7.0,34,4.729824561403508,1.0,14,0.5759398496240602
ipython,2025Q4,2025-12-31,4d71bcf89fe04107f6b1ecb0cf52c047c13c31c0,0,159,159,1.0,54958,2004,48.906276686592655,53.0,78,3.723552894211577,2.0,8,19.244011976047904,10.0,46,14.521956087824352,7.0,35,4.722055888223553,1.0,14,0.5768463073852296
ipython,2026Q1,2026-03-31,77ad39aaed0ab65503952ab7a43c0e7e55ab9f7a,0,159,159,1.0,55247,2004,48.94661016949153,53.0,78,3.743013972055888,2.0,8,19.36127744510978,10.0,46,14.631736526946108,7.0,35,4.729540918163672,1.0,14,0.5768463073852296
ipython,2026Q2,2026-06-30,50fa9b942878f6c53d179b1b5151054255a8097f,0,160,160,1.0,55616,2018,49.00588977702987,53.0,78,3.752725470763132,2.0,8,19.38453914767096,10.0,46,14.66798810703667,7.0,35,4.716551040634291,1.0,14,0.5758176412289395
ipython,2026Q3,2026-09-30,e18b391ad00d77f4d7441bf8b340d03bfa4d4ca7,1,156,156,1.0,56036,2044,49.812422616591,55.0,78,3.720156555772994,2.0,8,19.369373776908024,10.0,46,14.66242661448141,7.0,35,4.706947162426615,1.0,14,0.574853228962818
pytest,2014Q1,2014-03-31,95cc114b349c34c776b3420e4c2eab9f678afb88,0,40,40,1.0,10889,932,43.59966777408638,45.0,67,2.822961373390558,2.0,6,9.401287553648068,6.0,22,8.741416309012875,6.0,21,0.6598712446351931,0.0,1,0.1834763948497854
pytest,2014Q2,2014-06-30,ad8131be9e971801080dd21ddaa03557edee9e32,0,40,40,1.0,10964,937,43.73220338983051,45.5,67,2.8207043756670225,2.0,6,9.417289220917825,6.0,22,8.743863393810033,6.0,21,0.6734258271077909,0.0,1,0.1846318036286019
pytest,2014Q3,2014-09-30,9e549a1acf2c61750f946e6a245c952bd1359906,0,40,40,1.0,11231,945,43.991638795986624,46.0,67,2.8275132275132275,2.0,6,9.524867724867724,6.0,22,8.785185185185185,6.0,21,0.7396825396825397,0.0,1,0.1925925925925926
pytest,2014Q4,2014-12-31,3df598932654a620f9acf0d6384e10a4b75df947,0,40,40,1.0,11278,948,44.461290322580645,46.0,68,2.809071729957806,2.0,6,9.513713080168776,6.0,22,8.746835443037975,6.0,21,0.7668776371308017,0.0,1,0.1951476793248945
pytest,2015Q1,2015-03-31,e16983d265e12d66c389d7f767a8dfbb6615685a,0,40,40,1.0,11400,953,44.60876369327074,47.0,68,2.8226652675760757,2.0,6,9.587618048268626,6.0,22,8.815320041972718,6.0,21,0.7722980062959076,0.0,1,0.1941238195173137
pytest,2015Q2,2015-06-30,01f59138262401cf8887c773a5d7d065545072f8,0,39,39,1.0,11567,916,45.194940476190474,47.0,68,2.868995633187773,2.0,6,10.102620087336245,7.0,23,9.028384279475985,6.0,22,1.074235807860262,0.0,4,0.2456331877729257
pytest,2015Q3,2015-09-30,639ae0cfe0127999674d10384e4677d2447b792f,0,43,43,1.0,13366,1042,45.23489932885906,47.0,68,2.862763915547025,2.0,6,10.22936660268714,7.0,23,9.005758157389636,6.0,21,1.223608445297505,0.0,4,0.2744721689059501
pytest,2015Q4,2015-12-31,71ab6b8b056c73da213afcf2293ef0e4df796198,0,43,43,1.0,13597,1056,45.473544973544975,48.0,68,2.858901515151515,2.0,6,10.285984848484848,7.0,23,9.023674242424242,6.0,21,1.262310606060606,0.0,4,0.2736742424242424
pytest,2016Q1,2016-03-31,fed89ef5491703c74cc287f63668756dbf3d15d2,0,45,45,1.0,14822,1146,45.33760186263097,48.0,68,2.8891797556719023,2.0,6,10.338568935427574,7.0,23,9.021815008726003,6.0,22,1.3167539267015709,0.0,4,0.2923211169284467
pytest,2016Q2,2016-06-30,7927dff8a14592f86da4b07960a2b9959336955f,0,46,46,1.0,15044,1162,45.24588235294117,48.0,68,2.9036144578313254,2.0,6,10.4302925989673,7.0,24,9.096385542168674,6.0,22,1.333907056798623,0.0,4,0.2943201376936317
pytest,2016Q3,2016-09-30,a87b1c79c17128a1e62832149ae5cae454ecf6b2,0,48,48,1.0,15108,1158,45.55152224824356,48.0,68,2.9093264248704664,2.0,6,10.467184801381691,7.0,24,9.06390328151986,6.0,22,1.4032815198618307,0.0,5,0.3056994818652849
pytest,2016Q4,2016-12-31,7592c5b491ac83c3c2be1b580a3a6afde469114e,0,47,47,1.0,15272,1167,45.56434474616293,48.0,68,2.9143101970865466,2.0,6,10.499571550985433,7.0,24,9.08140531276778,6.0,22,1.418166238217652,0.0,5,0.3084832904884318
pytest,2017Q1,2017-03-31,144d90932eda86030ff7ce190fb6ba4315ff55d1,0,47,47,1.0,15331,1169,45.582850521436846,48.0,68,2.9195893926432848,2.0,6,10.52010265183918,7.0,24,9.092386655260906,6.0,22,1.427715996578272,0.0,5,0.3088109495295124
pytest,2017Q2,2017-06-30,6e2b5a3f1b023d2c9e367dafa1ef14a6dcd70d89,0,52,52,1.0,16194,1196,45.586009174311926,48.0,68,2.947324414715719,2.0,6,10.732441471571908,7.0,24,9.226588628762542,6.0,22,1.5058528428093645,0.0,5,0.3168896321070234
pytest,2017Q3,2017-09-30,966391c77e8f5c528487b7165af908df4c09ce1d,0,54,54,1.0,16838,1228,46.17342342342342,48.0,68,2.925895765472313,2.0,6,10.855048859934854,7.0,24,9.163680781758956,6.0,22,1.6913680781758955,0.0,6,0.3249185667752443
pytest,2017Q4,2017-12-31,c70efaa0fb955ee4276ebd6d08ccc73d821a22ed,0,52,52,1.0,16781,1200,46.83501683501684,49.0,69,2.9275,2.0,6,11.124166666666667,7.0,24,9.289166666666668,6.0,22,1.835,0.0,6,0.3333333333333333
pytest,2018Q1,2018-03-31,2962c7367cff967b03b46581eafe13c5fd2e2d54,0,55,55,1.0,17496,1234,47.09788654060067,49.0,69,2.939222042139384,2.0,6,11.254457050243111,8.0,24,9.348460291734195,6.0,23,1.905996758508914,0.0,7,0.3363047001620745
pytest,2018Q2,2018-06-30,8680dfc939648768ebff3600757dbfda11099f5f,0,61,61,1.0,18891,1253,47.1578947368421,49.0,69,2.9353551476456503,2.0,6,12.000798084596967,8.0,26,10.05267358339984,6.0,24,1.9481245011971269,0.0,7,0.3391859537110934
pytest,2018Q3,2018-09-30,d8d7f73e1cef40394e90b595fd0f21bd9097b23a,0,59,59,1.0,19827,1293,47.91304347826087,50.0,70,2.976798143851508,2.0,6,12.224284609435422,8.0,27,10.17478731631864,6.0,24,2.0494972931167825,0.0,7,0.3441608662026295
pytest,2018Q4,2018-12-31,83ec0228d1fde88f87b393e7ac8472ea7f541fb7,0,60,60,1.0,20831,1338,48.24066797642436,51.0,70,2.986547085201794,2.0,6,12.361733931240655,8.0,27,10.312406576980568,6.0,24,2.0493273542600896,0.0,7,0.3542600896860987
pytest,2019Q1,2019-03-31,49d690d137be1edc79bfffce6720d1186c3eabf2,0,62,62,1.0,21430,1380,48.41091954022989,51.0,70,2.9869565217391303,2.0,6,12.41304347826087,8.0,27,10.388405797101449,6.0,24,2.02463768115942,0.0,7,0.3550724637681159
pytest,2019Q2,2019-06-30,5d8da88e9e0705904f8ce6c056a0b784b74688af,0,62,62,1.0,21259,1370,47.970443349753694,51.0,70,2.986131386861314,2.0,6,12.57007299270073,8.0,27,10.528467153284671,6.0,24,2.0416058394160586,0.0,7,0.3554744525547445
pytest,2019Q3,2019-09-30,88434f1f42430ac250908b176697f0ac5a9e571c,0,62,62,1.0,21749,1385,48.20829406220547,51.0,71,2.990613718411552,2.0,7,12.76462093862816,8.0,28,10.728519855595668,6.0,25,2.036101083032491,0.0,7,0.3588447653429603
pytest,2019Q4,2019-12-31,162d737f680f170afd9d5f3a4d0a8272740444bb,0,63,63,1.0,22547,1418,48.40419708029197,51.0,71,2.9894217207334273,2.0,7,12.870239774330042,8.0,28,10.837799717912551,6.0,25,2.0324400564174896,0.0,7,0.3596614950634696
pytest,2020Q1,2020-03-31,2d9dac95ecbc67c73fc9f834a9a551d93befe159,0,65,65,1.0,23496,1449,49.18181818181818,52.0,72,2.975845410628019,2.0,7,12.995859213250515,8.0,30,10.969634230503797,6.0,27,2.026224982746722,0.0,7,0.3581780538302277
pytest,2020Q2,2020-06-30,e6e300e729dd33956e5448d8be9a0b1540b4e53a,0,67,67,1.0,26101,1530,49.0203007518797,52.0,73,2.9640522875816995,2.0,7,13.423529411764706,8.0,29,11.309150326797386,6.0,27,2.1143790849673203,0.0,7,0.3549019607843137
pytest,2020Q3,2020-09-30,b250c9d6157fe6ae6d308d0fbd7625b280b793fc,0,66,66,1.0,26237,1524,49.28726483357453,53.0,73,2.980971128608924,2.0,7,13.55511811023622,8.0,30,11.428477690288714,6.0,27,2.126640419947506,0.0,7,0.3569553805774278
pytest,2020Q4,2020-12-31,5f11a35b99e3606b003f695b908496c363796074,0,70,70,1.0,27384,1617,49.27354570637119,53.0,73,2.9029066171923317,2.0,7,13.290661719233148,8.0,30,11.1713048855906,6.0,27,2.119356833642548,0.0,7,0.3716759431045145
pytest,2021Q1,2021-03-31,ca4a7a085e853636e400ac68f38609e5ed5e8b3d,0,70,70,1.0,27663,1621,49.39010989010989,54.0,73,2.909315237507711,2.0,7,13.341147439851945,8.0,30,11.200493522516965,6.0,26,2.1406539173349786,0.0,7,0.3763109191856878
pytest,2021Q2,2021-06-30,501637547ecefa584db3793f71f1863da5ffc25f,0,71,71,1.0,28094,1633,49.44121621621622,54.0,73,2.9259032455603182,2.0,7,13.476423759951013,8.0,31,11.32394366197183,6.0,27,2.1524800979791796,0.0,7,0.3772198407838334
pytest,2021Q3,2021-09-30,7720154ca023da23581d87244a31acf5b14979f2,0,72,72,1.0,28221,1642,49.50745257452574,54.0,73,2.915956151035323,2.0,7,13.454933008526188,8.0,31,11.304506699147382,6.0,27,2.1504263093788065,0.0,7,0.3788063337393422
pytest,2021Q4,2021-12-31,9a992df3c93ae330765e81316f7fb65ef40692af,0,73,73,1.0,28480,1639,49.73798551678736,54.0,74,2.9359365466748018,2.0,7,13.587553386211104,8.0,31,11.413666870042707,6.0,28,2.1738865161683956,0.0,7,0.3825503355704698
pytest,2022Q1,2022-03-31,00ad12b9db8d3309c361061fe1c4878b2e0cd51c,0,73,73,1.0,28621,1649,49.75252525252525,54.0,73,2.930260764099454,2.0,7,13.573681018799272,8.0,30,11.376591873862948,6.0,28,2.1970891449363252,0.0,7,0.3887204366282595
pytest,2022Q2,2022-06-30,b08c1dcf0e421b408653d185574baec7855e2439,0,73,73,1.0,28791,1649,49.72400756143667,54.0,73,2.935112189205579,2.0,7,13.664038811400848,8.0,31,11.426318981200728,6.0,28,2.2377198302001213,0.0,7,0.3899332929047908
pytest,2022Q3,2022-09-30,59b8ec3ce11f8e94d924dc97bc1e14f380824b54,0,73,73,1.0,29054,1658,49.917030567685586,54.0,73,2.925211097708082,2.0,7,13.74065138721351,8.0,31,11.386610373944512,6.0,28,2.354041013268999,0.0,7,0.387816646562123
pytest,2022Q4,2022-12-31,326ae0cd88f5e954c8effc2b0c986832e9caff11,0,77,77,1.0,31001,1791,49.807007125890735,54.0,73,2.9503070910106084,2.0,7,13.648799553322169,8.0,30,11.333333333333334,6.0,27,2.315466219988833,0.0,7,0.3986599664991624
pytest,2023Q1,2023-03-31,a3b39069bc44774206c7bd682e0ca253d5f74efc,0,77,77,1.0,31215,1802,49.847647058823526,54.0,73,2.950610432852386,2.0,7,13.652053274139844,8.0,30,11.342397336293008,6.0,27,2.309655937846837,0.0,7,0.3973362930077691
pytest,2023Q2,2023-06-30,81cfb3fc874d5a4127dcc8f11e6bb4ae424fb094,0,77,77,1.0,31570,1807,49.99767981438515,54.0,73,2.9596015495296073,2.0,7,13.771997786386276,8.0,31,11.438295517432207,6.0,27,2.3337022689540676,0.0,7,0.3990038738240177
pytest,2023Q3,2023-09-30,b73b4c464c6fa54f55a1c6ed8eaceb5529a161bb,0,77,77,1.0,31768,1810,50.07732256203115,54.0,74,2.962430939226519,2.0,7,13.857458563535912,8.0,31,11.484530386740332,6.0,27,2.3729281767955803,0.0,7,0.4011049723756906
pytest,2023Q4,2023-12-31,6bec880283cd9f6c37a73c522271e8eb5d0ffab7,0,78,78,1.0,32821,1853,50.17011751538892,54.0,74,2.9681597409606044,2.0,7,14.002698327037235,8.0,31,11.605504587155965,6.0,27,2.3971937398812737,0.0,7,0.397733405288721
pytest,2024Q1,2024-03-31,44895289c725ed922889c882b7f1b78b741eba20,0,77,77,1.0,33118,1856,50.07162089391492,54.0,74,2.9547413793103448,2.0,7,14.114762931034482,8.0,32,11.553879310344827,6.0,27,2.5608836206896552,0.0,8,0.3992456896551724
pytest,2024Q2,2024-06-30,dbf7dee8c8818de27d83d4593b0048ac5e06bfc7,0,77,77,1.0,33511,1869,50.263350785340315,55.0,74,2.9737827715355807,2.0,7,14.195291599785982,8.0,32,11.614232209737828,6.0,27,2.581059390048154,0.0,8,0.3986088817549492
pytest,2024Q3,2024-09-30,758a4bea481240a3e005620cd01a53d7ad1ee0a4,0,76,76,1.0,33745,1871,50.38489394723228,55.0,74,2.9930518439337255,2.0,7,14.318011758417958,8.0,32,11.708711918760022,6.0,27,2.609299839657937,0.0,8,0.3981827899518974
pytest,2024Q4,2024-12-31,9c02a3f6ed59215a06fb146ccb573182e9481e06,0,77,77,1.0,33864,1872,50.703647416413375,55.0,74,3.0037393162393164,2.0,7,14.403846153846152,8.0,32,11.801816239316238,6.0,28,2.6020299145299144,0.0,8,0.3974358974358974
pytest,2025Q1,2025-03-31,33e2e262d688ed2951ec5174e51545fda918e6f2,0,78,78,1.0,35683,1947,51.286726499763816,55.0,75,3.0436569080636877,2.0,7,14.543400102722137,8.0,33,11.968156137647664,6.0,28,2.5752439650744736,0.0,8,0.3908577298407807
pytest,2025Q2,2025-06-30,e920a27e7926dee4a05c147bd9304df14b8b8a22,0,78,78,1.0,35978,1959,51.451672862453535,55.0,75,3.041858090862685,2.0,7,14.489025012761614,8.0,33,11.950995405819295,6.0,28,2.5380296069423176,0.0,8,0.3905053598774885
pytest,2025Q3,2025-09-30,184f5f1dfe3b8c987304b05bbacc2da86d8ad7d3,0,78,78,1.0,36012,1959,51.48585999072786,55.0,75,3.038284839203675,2.0,7,14.5048494129658,8.0,33,11.956610515569167,6.0,29,2.548238897396631,0.0,8,0.3920367534456355
pytest,2025Q4,2025-12-31,004a96740fb990c7d6dc39bd305b08852635ec5d,0,80,80,1.0,37215,2007,52.13855150697256,56.0,75,3.062282012954659,2.0,7,14.646238166417538,8.0,33,12.102640757349278,6.0,29,2.543597409068261,0.0,8,0.3886397608370702
pytest,2026Q1,2026-03-31,ada80d5e96e469939abb2a945985279f01857e10,0,79,79,1.0,37194,2009,52.1125678119349,56.0,75,3.060726729716277,2.0,7,14.625684420109508,8.0,33,12.068690890990542,6.0,29,2.5569935291189645,0.0,8,0.3902439024390244
pytest,2026Q2,2026-06-30,1aa747de62dd9e9f395513c25298ba604f1724d0,0,87,87,1.0,38247,2037,52.2534188034188,56.0,75,3.075601374570447,2.0,7,14.78105056455572,8.0,34,12.200294550810014,6.0,29,2.5807560137457046,0.0,8,0.3897889052528228
pytest,2026Q3,2026-09-30,3fd8675d6d798507c06cf9c60753be6d9d7b0e17,1,88,88,1.0,39601,2092,52.718737514982024,57.0,75,3.10755258126195,2.0,7,14.8914913957935,9.0,34,12.252390057361376,6.0,29,2.6391013384321225,0.0,8,0.4010516252390057
