repo,quarter,pooled_n_commits,pooled_n_contributors,pooled_mean_added_comment_len,pooled_median_hunk_added,pooled_mean_hunk_added,pooled_median_added_code_lines_per_commit,pooled_mean_added_code_lines_per_commit,pooled_total_added_code_lines,pooled_total_added_comment_lines,pooled_total_added_blank_lines,pooled_total_raw_added_lines,pooled_total_raw_deleted_lines,pooled_total_raw_n_files,excltop_n_commits,excltop_n_contributors,excltop_mean_added_comment_len,excltop_median_hunk_added,excltop_mean_hunk_added,excltop_median_added_code_lines_per_commit,excltop_mean_added_code_lines_per_commit,excltop_total_added_code_lines,excltop_total_added_comment_lines,excltop_total_added_blank_lines,excltop_total_raw_added_lines,excltop_total_raw_deleted_lines,excltop_total_raw_n_files,top_contributor,top_contributor_share_overall
pandas,2014Q1,507,72,40.603857566765576,2.8333333333333335,4.675328070551117,4.0,17.674556213017752,8961,674,1544,31232,20799,1227,507,72,40.603857566765576,2.8333333333333335,4.675328070551117,4.0,17.674556213017752,8961,674,1544,31232,20799,1227,jbrockmendel,0.23335315101070156
pandas,2014Q2,389,64,41.551980198019805,2.480769230769231,4.006762464660283,3.0,17.48586118251928,6802,404,1115,25006,10996,1075,389,64,41.551980198019805,2.480769230769231,4.006762464660283,3.0,17.48586118251928,6802,404,1115,25006,10996,1075,jbrockmendel,0.23335315101070156
pandas,2014Q3,302,65,42.703271028037385,2.5,4.103239135440028,4.0,26.394039735099337,7971,428,1265,24837,8573,828,302,65,42.703271028037385,2.5,4.103239135440028,4.0,26.394039735099337,7971,428,1265,24837,8573,828,jbrockmendel,0.23335315101070156
pandas,2014Q4,249,72,42.91961414790997,2.5,4.136383095897451,3.0,15.78714859437751,3931,311,714,10718,3332,605,249,72,42.91961414790997,2.5,4.136383095897451,3.0,15.78714859437751,3931,311,714,10718,3332,605,jbrockmendel,0.23335315101070156
pandas,2015Q1,173,56,43.291512915129154,2.6666666666666665,7.658328460570122,5.0,25.641618497109828,4436,271,820,11186,4802,455,173,56,43.291512915129154,2.6666666666666665,7.658328460570122,5.0,25.641618497109828,4436,271,820,11186,4802,455,jbrockmendel,0.23335315101070156
pandas,2015Q2,259,70,38.625,2.4,4.9931280303530565,4.0,20.216216216216218,5236,224,792,19184,6178,717,259,70,38.625,2.4,4.9931280303530565,4.0,20.216216216216218,5236,224,792,19184,6178,717,jbrockmendel,0.23335315101070156
pandas,2015Q3,316,85,42.82939632545932,2.2857142857142856,4.776083100058643,4.0,20.300632911392405,6415,381,1144,33728,11941,1059,316,85,42.82939632545932,2.2857142857142856,4.776083100058643,4.0,20.300632911392405,6415,381,1144,33728,11941,1059,jbrockmendel,0.23335315101070156
pandas,2015Q4,201,67,39.66423357664234,2.0,3.753517979364517,4.0,30.09950248756219,6050,274,1015,15138,8087,515,201,67,39.66423357664234,2.0,3.753517979364517,4.0,30.09950248756219,6050,274,1015,15138,8087,515,jbrockmendel,0.23335315101070156
pandas,2016Q1,252,81,41.899604743083,2.291666666666667,13.294025748940502,5.0,66.42460317460318,16739,1265,2887,97585,79903,999,252,81,41.899604743083,2.291666666666667,13.294025748940502,5.0,66.42460317460318,16739,1265,2887,97585,79903,999,jbrockmendel,0.23335315101070156
pandas,2016Q2,256,69,39.45238095238095,3.0,5.185846501540852,4.0,37.06640625,9489,546,1834,50753,34467,1085,256,69,39.45238095238095,3.0,5.185846501540852,4.0,37.06640625,9489,546,1834,50753,34467,1085,jbrockmendel,0.23335315101070156
pandas,2016Q3,287,68,39.804819277108436,2.75,3.574719494901019,3.0,23.250871080139373,6673,415,1140,35244,28917,1072,287,68,39.804819277108436,2.75,3.574719494901019,3.0,23.250871080139373,6673,415,1140,35244,28917,1072,jbrockmendel,0.23335315101070156
pandas,2016Q4,223,83,43.916666666666664,2.5,4.232702026203324,2.0,10.717488789237668,2390,192,423,19100,17195,612,223,83,43.916666666666664,2.5,4.232702026203324,2.0,10.717488789237668,2390,192,423,19100,17195,612,jbrockmendel,0.23335315101070156
pandas,2017Q1,314,98,38.067278287461775,2.2,5.6836791963582645,2.0,18.14968152866242,5699,327,1127,112826,114245,1767,314,98,38.067278287461775,2.2,5.6836791963582645,2.0,18.14968152866242,5699,327,1127,112826,114245,1767,jbrockmendel,0.23335315101070156
pandas,2017Q2,304,94,39.011328125,2.857142857142857,10.927885961657664,3.5,137.0953947368421,41677,2560,9570,131155,124816,2905,304,94,39.011328125,2.857142857142857,10.927885961657664,3.5,137.0953947368421,41677,2560,9570,131155,124816,2905,jbrockmendel,0.23335315101070156
pandas,2017Q3,290,100,41.678082191780824,2.0,4.519205895453116,4.0,19.586206896551722,5680,292,753,16322,10157,967,248,99,41.14230769230769,2.175,4.864746805660706,4.0,20.56048387096774,5099,260,664,15306,8990,855,jbrockmendel,0.23335315101070156
pandas,2017Q4,488,104,42.70196078431373,2.0,4.401278546677729,3.0,17.131147540983605,8360,510,1165,61355,52037,1908,401,103,42.805352798053526,2.3,4.48401627600816,4.0,18.104738154613468,7260,411,1042,45969,37039,1681,jbrockmendel,0.23335315101070156
pandas,2018Q1,591,198,43.88618925831202,3.9615384615384617,8.2105754514554,8.0,29.920473773265652,17683,782,3104,58426,43281,1671,480,197,44.21880650994575,4.232142857142858,8.985002265379405,9.0,31.5875,15162,553,2785,39070,26025,1225,jbrockmendel,0.23335315101070156
pandas,2018Q2,293,94,41.0656836461126,2.0625,7.412158980399272,4.0,30.77815699658703,9018,746,1750,28613,20688,912,280,93,41.05177111716621,2.176923076923077,7.571694898095624,4.0,31.582142857142856,8843,734,1732,27873,20158,880,jbrockmendel,0.23335315101070156
pandas,2018Q3,390,144,40.86961451247166,2.9705882352941178,28.871498323580468,4.0,57.53333333333333,22438,1764,4938,63467,49911,1539,318,143,39.96638655462185,2.7777777777777777,5.948710220100541,4.0,29.044025157232703,9236,595,1732,36230,24934,1064,jbrockmendel,0.23335315101070156
pandas,2018Q4,633,147,44.65250965250965,2.6547619047619047,4.8528940577902615,6.0,39.380726698262244,24928,1813,3691,84426,66652,3477,531,146,44.40965207631874,2.4,4.64758293603707,4.0,31.757062146892654,16863,891,2466,65074,51136,2625,jbrockmendel,0.23335315101070156
pandas,2019Q1,459,123,44.41653905053599,2.0,4.066916161175233,2.0,21.69281045751634,9957,653,1276,32195,30498,2440,407,122,44.389978213507625,2.0,4.259728333978978,2.0,19.324324324324323,7865,459,883,27164,21451,2122,jbrockmendel,0.23335315101070156
pandas,2019Q2,421,117,43.95967741935484,1.75,3.3406932676688617,3.0,24.280285035629454,10222,620,1685,32069,26377,2564,400,116,43.78607809847199,1.7596153846153846,3.391619249916077,3.0,24.93,9972,589,1635,31193,25806,2462,jbrockmendel,0.23335315101070156
pandas,2019Q3,486,112,44.10232558139535,2.0,10.08167674021965,5.0,95.20164609053498,46268,1290,3721,167001,142709,2589,291,111,44.484848484848484,2.0,8.694952265089864,4.0,134.06872852233678,39014,528,2533,155315,130520,1901,jbrockmendel,0.23335315101070156
pandas,2019Q4,935,179,44.40671273445212,1.5,2.8102242687296446,4.0,17.108021390374333,15996,1013,1475,69144,67964,3360,589,178,43.200417536534445,1.5,3.173073488922621,2.0,17.500848896434636,10308,479,1006,41470,32186,2076,jbrockmendel,0.23335315101070156
pandas,2020Q1,1115,183,45.45909090909091,1.875,3.9571250363341477,3.0,17.014349775784755,18971,1320,2551,67528,56354,4356,650,182,48.370370370370374,2.0,4.859373990102257,2.0,18.82923076923077,12239,486,1674,34562,23447,2814,jbrockmendel,0.23335315101070156
pandas,2020Q2,766,164,48.14,2.0,3.68568365254559,5.0,16.56396866840731,12688,800,1544,42861,29323,2504,487,163,49.763636363636365,2.5,4.462640151683454,3.0,18.164271047227928,8846,385,1098,30798,15741,1395,jbrockmendel,0.23335315101070156
pandas,2020Q3,591,136,46.93558606124604,2.0,9.503855536991066,4.0,25.26565143824027,14932,947,2437,34678,19204,2057,420,135,46.682675814751285,2.0,4.667815285791777,3.0,24.17142857142857,10152,583,1614,27110,15083,1435,jbrockmendel,0.23335315101070156
pandas,2020Q4,1077,153,46.81141304347826,2.3,5.172239369869943,4.0,19.77623026926648,21299,1840,2870,88353,72488,4138,621,152,47.4422268907563,2.2777777777777777,4.10392669042681,2.0,18.083735909822867,11230,952,1271,45147,31145,2385,jbrockmendel,0.23335315101070156
pandas,2021Q1,807,103,50.732160312805476,2.235294117647059,5.163702606757881,6.0,32.050805452292444,25865,3069,3082,84238,59779,4218,503,102,51.359035191775405,2.414285714285714,6.3114577522338,4.0,39.163021868787276,19699,2529,2304,63752,42146,2906,jbrockmendel,0.23335315101070156
pandas,2021Q2,695,89,49.63050216986981,2.208695652173913,4.234720954243651,9.0,25.867625899280576,17978,1613,2037,39334,25662,2597,420,88,50.99787234042553,2.0454545454545454,4.901054990827084,4.0,25.873809523809523,10867,470,1209,27418,16068,1547,jbrockmendel,0.23335315101070156
pandas,2021Q3,566,119,49.80295047418335,2.272727272727273,4.06067801484564,6.0,17.796819787985864,10073,949,1312,26264,15584,1679,368,118,51.35198135198135,2.0,4.592521498442628,3.0,19.222826086956523,7074,429,940,20886,11271,1167,jbrockmendel,0.23335315101070156
pandas,2021Q4,660,121,49.22678185745141,2.5,4.110971237340679,4.0,15.607575757575757,10301,926,1236,36127,23794,2610,398,120,51.674050632911396,2.227722772277228,4.151590370942345,2.0,17.105527638190956,6808,316,733,21480,12204,1167,jbrockmendel,0.23335315101070156
pandas,2022Q1,553,91,49.745365853658534,2.266025641025641,4.079722416880502,4.0,16.645569620253166,9205,1025,1103,29871,18949,2273,375,90,51.9682151589242,2.1833333333333336,4.396915600304686,2.0,16.064,6024,409,654,20129,11573,1530,jbrockmendel,0.23335315101070156
pandas,2022Q2,351,90,51.54624277456647,2.0,4.44221513464044,4.0,23.837606837606838,8367,692,1026,21243,6959,1231,274,89,52.07334525939177,2.155555555555556,5.009912431317975,5.0,27.956204379562045,7660,559,944,18346,5936,999,jbrockmendel,0.23335315101070156
pandas,2022Q3,451,99,51.79922279792746,2.1484593837535013,4.342608973146583,4.0,27.341463414634145,12331,772,1156,25993,11640,1904,401,98,52.77850162866449,2.0546737213403876,4.327017032701513,3.0,28.423940149625935,11398,614,1066,23876,10185,1745,jbrockmendel,0.23335315101070156
pandas,2022Q4,671,117,48.0990099009901,1.2,2.664866936019122,3.0,10.563338301043219,7088,505,578,26004,35976,3026,511,116,48.109170305676855,1.1665805340223945,2.828338548187464,2.0,10.405088062622308,5317,229,413,20173,25450,2061,jbrockmendel,0.23335315101070156
pandas,2023Q1,789,110,49.08626198083067,2.3333333333333335,4.160498967827315,6.0,19.361216730038024,15276,939,1699,40036,25005,3575,633,109,48.495850622406635,2.272727272727273,4.269189777392497,5.0,17.82306477093207,11282,482,1207,31975,18013,2922,jbrockmendel,0.23335315101070156
pandas,2023Q2,618,117,46.344686648501366,2.466666666666667,4.721713705964015,6.0,21.514563106796118,13296,734,1522,34422,22001,2289,495,116,45.36607142857143,2.45,5.006346555903306,4.0,15.503030303030304,7674,224,950,25284,13840,1408,jbrockmendel,0.23335315101070156
pandas,2023Q3,494,98,50.82954545454545,3.0,4.747573712201422,5.0,17.945344129554655,8865,440,915,31758,19412,2670,410,97,52.670411985018724,3.0,4.851816294702271,5.0,18.351219512195122,7524,267,793,25929,13996,2167,jbrockmendel,0.23335315101070156
pandas,2023Q4,579,71,47.576736672051695,2.5,3.7134447955157888,4.0,14.849740932642487,8598,619,808,51790,36151,3378,412,70,49.119791666666664,2.6666666666666665,3.9602353848389544,3.0,14.54126213592233,5991,384,596,31133,19635,2412,jbrockmendel,0.23335315101070156
pandas,2024Q1,502,99,49.410557184750736,1.75,3.5199087912041938,4.0,25.695219123505975,12899,341,854,27214,39570,2959,477,98,49.630718954248366,1.8192934782608696,3.628022299775898,4.0,26.71698113207547,12744,306,835,26759,38234,2861,jbrockmendel,0.23335315101070156
pandas,2024Q2,414,93,47.6045197740113,3.5,6.939355040173398,6.0,15.415458937198068,6382,177,836,13545,10115,1302,397,92,49.675862068965515,3.6666666666666665,7.14307597780705,6.0,15.42317380352645,6123,145,826,12290,8702,1156,jbrockmendel,0.23335315101070156
pandas,2024Q3,292,86,44.91133004926108,3.8,5.223963227202426,6.0,16.133561643835616,4711,203,604,10967,6672,1186,265,85,46.01910828025478,4.0,5.347286032631002,6.0,15.464150943396227,4098,157,524,9965,5582,1097,jbrockmendel,0.23335315101070156
pandas,2024Q4,214,72,48.73913043478261,2.5,3.9943861076754237,4.0,9.30373831775701,1991,92,175,5356,3265,640,212,71,48.73913043478261,2.5,3.9741224435579405,4.0,9.25,1961,92,175,5165,3204,624,jbrockmendel,0.23335315101070156
pandas,2025Q1,162,55,46.98148148148148,3.0,5.1622705844124255,3.5,13.820987654320987,2239,54,271,6646,1703,485,161,54,46.98148148148148,3.0,5.1622705844124255,4.0,13.906832298136646,2239,54,271,6629,1692,482,jbrockmendel,0.23335315101070156
pandas,2025Q2,98,50,50.41509433962264,2.111111111111111,4.320904590698215,4.5,15.03061224489796,1473,53,122,4010,1589,284,98,50,50.41509433962264,2.111111111111111,4.320904590698215,4.5,15.03061224489796,1473,53,122,4010,1589,284,jbrockmendel,0.23335315101070156
pandas,2025Q3,213,65,45.62883435582822,2.3076923076923075,4.282788870598897,6.0,19.661971830985916,4188,326,374,10678,6369,1131,148,64,48.854304635761586,1.8076923076923077,4.037107208481643,5.5,18.506756756756758,2739,151,264,6533,3580,760,jbrockmendel,0.23335315101070156
pandas,2025Q4,365,138,44.32,2.3095238095238093,6.137902154175117,3.0,33.93150684931507,12385,200,1816,23334,11590,1504,312,137,49.214285714285715,2.1176470588235294,6.437082839051012,3.0,37.717948717948715,11768,112,1776,20164,9870,1063,jbrockmendel,0.23335315101070156
pandas,2026Q1,499,96,52.183673469387756,3.4222222222222225,6.55897501564297,7.0,34.901803607214426,17416,490,2632,32839,19819,1770,336,95,50.47692307692308,3.3333333333333335,7.246381920741732,8.0,43.342261904761905,14563,195,2426,25494,16635,1168,jbrockmendel,0.23335315101070156
pandas,2026Q2,496,76,54.57349397590362,3.6904761904761907,5.589265801373945,5.0,15.58266129032258,7729,830,763,21390,7035,1473,154,75,57.25609756097561,3.0,5.207247221279085,4.0,14.75974025974026,2273,164,244,6771,2202,418,jbrockmendel,0.23335315101070156
numpy,2014Q1,173,51,40.77884615384615,1.85,4.120183688860159,0.0,14.3121387283237,2476,104,390,7675,4370,273,161,50,37.883720930232556,1.8416666666666668,4.030503998034486,0.0,15.031055900621118,2420,86,373,7236,4235,246,Sebastian Berg,0.08577797592510031
numpy,2014Q2,118,33,48.223880597014926,1.55,4.209124899124899,1.0,12.254237288135593,1446,67,136,3381,2269,168,115,32,48.223880597014926,1.55,4.249656146322812,1.0,12.2,1403,67,130,3238,2199,161,Sebastian Berg,0.08577797592510031
numpy,2014Q3,130,31,48.66115702479339,2.0507293007293006,5.755990364987222,1.0,14.86923076923077,1933,121,285,4761,2725,278,126,30,48.84873949579832,2.03003003003003,5.791782447649394,1.0,15.333333333333334,1932,119,285,4629,2720,273,Sebastian Berg,0.08577797592510031
numpy,2014Q4,111,47,58.40196078431372,2.0,3.1246153903012974,2.0,8.63963963963964,959,102,127,2702,835,167,111,47,58.40196078431372,2.0,3.1246153903012974,2.0,8.63963963963964,959,102,127,2702,835,167,Sebastian Berg,0.08577797592510031
numpy,2015Q1,137,49,47.84939759036145,2.5,5.70443510064043,2.0,9.218978102189782,1263,166,171,4266,1445,231,136,48,47.84939759036145,2.5,5.70443510064043,2.5,9.286764705882353,1263,166,171,4248,1444,230,Sebastian Berg,0.08577797592510031
numpy,2015Q2,119,43,39.46153846153846,2.0,3.19172278338945,1.0,6.294117647058823,749,104,80,2980,1223,170,117,42,39.46153846153846,2.0,3.19172278338945,1.0,6.401709401709402,749,104,80,2944,1222,168,Sebastian Berg,0.08577797592510031
numpy,2015Q3,154,43,42.93418259023355,2.0,5.574560062419281,1.0,41.1948051948052,6344,471,889,14367,10229,402,145,42,42.93418259023355,2.0,5.698367928067888,1.0,43.6551724137931,6330,471,887,14231,10193,391,Sebastian Berg,0.08577797592510031
numpy,2015Q4,169,54,53.641304347826086,2.0,3.352401012054874,1.0,7.254437869822485,1226,92,119,3457,2619,332,168,53,53.641304347826086,2.0,3.3754637670750203,1.0,7.291666666666667,1225,92,119,3447,2617,330,Sebastian Berg,0.08577797592510031
numpy,2016Q1,206,54,46.08130081300813,1.8238993710691824,3.269955119723221,1.0,10.20873786407767,2103,123,271,6763,3109,374,198,53,46.077586206896555,1.8238993710691824,3.168977288117577,1.0,9.848484848484848,1950,116,259,6410,2997,330,Sebastian Berg,0.08577797592510031
numpy,2016Q2,93,40,53.8,2.2,4.130310438569367,1.0,7.956989247311828,740,75,149,2796,1135,161,82,39,54.6,2.2,4.096177067167633,2.0,8.621951219512194,707,65,147,1810,683,123,Sebastian Berg,0.08577797592510031
numpy,2016Q3,101,44,43.51327433628319,1.4375,5.412731636215092,1.0,14.693069306930694,1484,113,262,5442,1346,209,94,43,43.51327433628319,1.5,5.595883352758353,1.0,15.691489361702128,1475,113,262,5390,1302,198,Sebastian Berg,0.08577797592510031
numpy,2016Q4,140,42,46.19178082191781,1.90625,3.174467810628525,1.0,7.014285714285714,982,73,140,3826,1409,238,137,41,46.19178082191781,1.8125,3.044039711961399,1.0,6.912408759124087,947,73,133,3654,1367,232,Sebastian Berg,0.08577797592510031
numpy,2017Q1,224,51,48.194117647058825,2.0,3.788471266940487,2.0,8.607142857142858,1928,170,309,5485,3412,410,222,50,48.194117647058825,2.0,3.8138972485978058,2.0,8.684684684684685,1928,170,309,5339,3374,407,Sebastian Berg,0.08577797592510031
numpy,2017Q2,217,43,48.639810426540286,2.5,4.389652594835327,2.0,12.995391705069125,2820,211,388,7158,3253,419,214,42,48.639810426540286,2.5,4.4235690545632975,2.0,13.126168224299066,2809,211,388,7142,3242,415,Sebastian Berg,0.08577797592510031
numpy,2017Q3,222,44,44.61421319796954,1.5,2.8518403410878106,1.0,10.86036036036036,2411,197,240,14320,8703,498,219,43,44.81025641025641,1.5,2.820056702844935,1.0,10.926940639269406,2393,195,238,14262,8699,494,Sebastian Berg,0.08577797592510031
numpy,2017Q4,231,49,49.20318725099602,2.358974358974359,5.870645021218245,4.0,14.822510822510823,3424,251,520,7835,4369,401,230,48,49.20318725099602,2.358974358974359,5.870645021218245,4.0,14.88695652173913,3424,251,520,7785,4368,400,Sebastian Berg,0.08577797592510031
numpy,2018Q1,235,61,46.53107344632768,2.0,8.108046893298589,2.0,12.927659574468086,3038,177,463,22943,12428,543,234,60,46.53107344632768,2.0,8.108046893298589,2.0,12.982905982905983,3038,177,463,22927,12428,542,Sebastian Berg,0.08577797592510031
numpy,2018Q2,244,55,49.064,2.0,4.413985316742753,1.0,8.344262295081966,2036,125,275,6926,7847,561,242,54,49.064,2.0,4.413985316742753,1.0,8.413223140495868,2036,125,275,6904,7841,559,Sebastian Berg,0.08577797592510031
numpy,2018Q3,247,53,42.33780160857909,2.0,14.20196513196513,1.0,34.93927125506073,8630,373,2257,14646,12264,474,244,52,42.33780160857909,2.0,14.20196513196513,1.0,35.368852459016395,8630,373,2257,14613,12262,471,Sebastian Berg,0.08577797592510031
numpy,2018Q4,247,54,50.47232472324723,2.016885553470919,7.832118883124115,2.0,32.89473684210526,8125,271,1635,14327,8354,610,246,53,50.47232472324723,2.063998332291015,7.86696306768672,2.0,32.9349593495935,8102,271,1635,14304,8344,608,Sebastian Berg,0.08577797592510031
numpy,2019Q1,192,55,45.862857142857145,2.0,3.759744304217086,2.0,11.666666666666666,2240,175,236,12762,11907,397,186,54,45.862857142857145,2.0,3.7739357905414175,2.0,12.03225806451613,2238,175,236,12462,11904,391,Sebastian Berg,0.08577797592510031
numpy,2019Q2,266,70,42.63057324840764,2.0,3.913256426951083,1.0,11.319548872180452,3011,157,445,15152,14753,541,258,69,42.63057324840764,2.0,3.895551214063018,1.0,11.60077519379845,2993,157,443,14970,14719,527,Sebastian Berg,0.08577797592510031
numpy,2019Q3,263,73,53.06944444444444,1.2066666666666666,7.9308760645218985,0.0,9.140684410646388,2404,72,437,5347,4979,776,251,72,53.12676056338028,1.08,8.144770333583283,0.0,9.458167330677291,2374,71,435,5201,4910,757,Sebastian Berg,0.08577797592510031
numpy,2019Q4,189,55,42.96052631578947,2.0,3.819363286044984,1.0,7.666666666666667,1449,76,225,4233,2045,334,178,54,42.78666666666667,2.0,3.841965180542598,1.0,8.073033707865168,1437,75,223,4061,1994,321,Sebastian Berg,0.08577797592510031
numpy,2020Q1,232,60,50.06432748538012,1.2426470588235294,3.265685313903158,1.0,8.72844827586207,2025,171,207,6346,5490,888,216,59,49.36486486486486,1.2,3.1906419628103784,1.0,8.99537037037037,1943,148,203,5928,5367,850,Sebastian Berg,0.08577797592510031
numpy,2020Q2,322,88,43.21714285714286,2.28125,19.290493992289377,1.0,13.391304347826088,4312,350,503,12954,3935,532,276,87,42.75659824046921,2.5,20.63222949989495,1.0,15.05072463768116,4154,341,490,11586,3145,469,Sebastian Berg,0.08577797592510031
numpy,2020Q3,290,77,50.66101694915254,1.5,3.288228583366599,1.0,6.927586206896552,2009,118,331,9107,9203,463,261,76,49.90909090909091,1.45,3.1494444568798903,1.0,7.524904214559387,1964,110,321,8478,9138,429,Sebastian Berg,0.08577797592510031
numpy,2020Q4,313,79,45.123456790123456,1.0714285714285714,5.196085418059868,0.0,8.798722044728434,2754,81,417,13150,4834,551,281,78,44.41772151898734,1.1031746031746033,5.378612447905365,0.0,8.99644128113879,2528,79,377,11469,4381,489,Sebastian Berg,0.08577797592510031
numpy,2021Q1,344,66,39.052763819095475,2.0,7.340235037683756,1.0,12.767441860465116,4392,398,683,13158,3707,618,299,65,38.200520833333336,2.0,7.286534386242567,2.0,14.324414715719064,4283,384,663,12171,3391,548,Sebastian Berg,0.08577797592510031
numpy,2021Q2,349,68,48.904347826086955,1.8,3.007706797755134,1.0,6.378223495702006,2226,115,245,7601,3387,570,311,67,48.80909090909091,2.0,3.010653327458783,1.0,6.993569131832797,2175,110,230,6873,3162,505,Sebastian Berg,0.08577797592510031
numpy,2021Q3,381,65,49.32656023222061,2.0,4.5887070041842986,1.0,24.094488188976378,9180,689,1155,16948,16460,725,359,64,49.295487627365354,2.0,4.634977120920703,1.0,25.545961002785514,9171,687,1155,16472,16359,697,Sebastian Berg,0.08577797592510031
numpy,2021Q4,295,76,50.64957264957265,1.75,4.869543301827087,1.0,9.806779661016948,2893,234,489,8339,6019,567,258,75,50.116402116402114,1.75,4.862325629174077,1.0,8.957364341085272,2311,189,418,7134,5007,514,Sebastian Berg,0.08577797592510031
numpy,2022Q1,232,67,50.35585585585586,2.0,5.07172711189739,0.0,9.400862068965518,2181,222,426,6752,3218,350,181,66,50.014084507042256,2.0,5.240714745579544,1.0,11.662983425414364,2111,213,412,4902,2218,289,Sebastian Berg,0.08577797592510031
numpy,2022Q2,283,67,47.59090909090909,1.6666666666666667,2.461147145813877,0.0,4.120141342756184,1166,110,132,5354,2084,418,207,66,46.07058823529412,1.5,2.3020657220160916,1.0,4.821256038647343,998,85,110,4068,1597,287,Sebastian Berg,0.08577797592510031
numpy,2022Q3,175,79,45.93103448275862,2.0,4.074510647766462,1.0,5.24,917,29,101,2325,1339,239,156,78,44.629629629629626,2.0,4.067805175176829,2.0,5.448717948717949,850,27,92,1875,1199,206,Sebastian Berg,0.08577797592510031
numpy,2022Q4,214,49,52.48571428571429,2.0,5.594355195576904,1.0,10.55607476635514,2259,210,490,6305,3461,511,126,48,47.8125,1.9,3.669485333415072,1.0,7.777777777777778,980,64,171,3645,1653,286,Sebastian Berg,0.08577797592510031
numpy,2023Q1,257,59,48.417391304347824,2.0,4.594239417019469,0.0,5.715953307392996,1469,115,221,4873,4885,427,210,58,44.116279069767444,1.9145454545454546,4.419090472352777,0.0,6.09047619047619,1279,86,171,4070,4707,357,Sebastian Berg,0.08577797592510031
numpy,2023Q2,263,62,51.99354838709677,2.0,4.075250527033836,1.0,6.475285171102661,1703,155,224,4251,2460,434,194,61,49.29090909090909,2.0,4.497350734948037,1.0,6.041237113402062,1172,55,153,3007,1308,309,Sebastian Berg,0.08577797592510031
numpy,2023Q3,356,61,46.058340929808566,1.6666666666666667,14.125908920866657,2.0,140.12078651685394,49883,2194,11044,121603,128654,1302,316,60,45.897235023041475,1.6666666666666667,15.269994948411913,2.0,157.56012658227849,49789,2170,11037,121270,128412,1244,Sebastian Berg,0.08577797592510031
numpy,2023Q4,335,58,45.615107913669064,2.1,9.422524427355448,2.0,26.38507462686567,8839,278,1714,13783,8912,728,287,57,44.91269841269841,2.5,10.284586038642802,3.0,30.33101045296167,8705,252,1703,13321,8521,648,Sebastian Berg,0.08577797592510031
numpy,2024Q1,257,48,52.37948717948718,2.0,5.036294207270803,1.0,17.77431906614786,4568,195,785,11026,11384,463,227,47,52.53086419753087,2.0,5.0335515036445315,1.0,19.273127753303964,4375,162,748,10552,11045,411,Sebastian Berg,0.08577797592510031
numpy,2024Q2,304,56,44.93939393939394,2.2857142857142856,6.73884739825867,2.0,11.552631578947368,3512,66,510,6302,3322,468,294,55,44.93939393939394,2.2857142857142856,6.788726829591198,2.0,11.914965986394558,3503,66,508,6168,3280,457,Sebastian Berg,0.08577797592510031
numpy,2024Q3,235,61,51.767857142857146,1.3,2.977463498222332,1.0,6.340425531914893,1490,56,153,3574,3211,680,212,60,51.265306122448976,1.1642512077294687,2.9531055385981526,1.0,6.7924528301886795,1440,49,148,3173,2856,631,Sebastian Berg,0.08577797592510031
numpy,2024Q4,160,50,50.494897959183675,1.251057529610829,7.592084661073691,0.0,27.3125,4370,196,596,10132,7624,601,134,49,50.622950819672134,1.251057529610829,7.897245019617821,1.0,32.5,4355,183,596,9627,7480,566,Sebastian Berg,0.08577797592510031
numpy,2025Q1,117,46,47.111111111111114,1.25,2.0336179596277515,0.0,2.0854700854700856,244,9,50,1839,1753,170,113,45,47.111111111111114,1.125,2.028466006285555,0.0,2.0265486725663715,229,9,47,1788,1735,165,Sebastian Berg,0.08577797592510031
numpy,2025Q2,267,51,41.301886792452834,1.0,2.618458052138632,1.0,13.198501872659175,3524,106,176,8473,6737,1399,259,50,40.28712871287129,1.0,2.604212515088286,1.0,13.328185328185327,3452,101,168,8328,6693,1386,Sebastian Berg,0.08577797592510031
numpy,2025Q3,125,47,42.06976744186046,1.25,2.3362369337979096,0.0,3.888,486,43,69,5899,3609,254,120,46,42.06976744186046,1.25,2.3362369337979096,0.0,4.05,486,43,69,5783,3585,245,Sebastian Berg,0.08577797592510031
numpy,2025Q4,227,63,43.095238095238095,1.5,3.061990667544592,1.0,11.092511013215859,2518,126,432,5795,27580,503,217,62,41.721739130434784,1.5,2.7918904675634044,1.0,11.47926267281106,2491,115,423,5626,27555,489,Sebastian Berg,0.08577797592510031
numpy,2026Q1,161,54,57.47222222222222,1.2596899224806202,2.8489878438372545,1.0,8.614906832298137,1387,36,154,4731,2466,438,156,53,58.3235294117647,1.186046511627907,2.788938777464542,1.0,8.243589743589743,1286,34,139,4447,2424,427,Sebastian Berg,0.08577797592510031
numpy,2026Q2,144,56,46.719298245614034,1.9375,3.409526198439242,0.0,4.111111111111111,592,57,66,4403,1520,335,121,55,43.36363636363637,1.6875,2.961098104793757,0.0,3.9669421487603307,480,44,47,3727,1129,286,Sebastian Berg,0.08577797592510031
scipy,2014Q1,471,46,40.53411764705882,2.0,6.540704585385331,3.0,25.065817409766453,11806,425,1565,22490,18946,884,471,46,40.53411764705882,2.0,6.540704585385331,3.0,25.065817409766453,11806,425,1565,22490,18946,884,Matt Haberland,0.11018935978358882
scipy,2014Q2,220,45,47.36702127659574,2.0,5.330627704274941,3.5,16.34090909090909,3595,188,528,8496,4860,340,220,45,47.36702127659574,2.0,5.330627704274941,3.5,16.34090909090909,3595,188,528,8496,4860,340,Matt Haberland,0.11018935978358882
scipy,2014Q3,264,46,52.166666666666664,1.9090909090909092,4.086100499470814,2.0,12.715909090909092,3357,72,640,7073,3436,383,264,46,52.166666666666664,1.9090909090909092,4.086100499470814,2.0,12.715909090909092,3357,72,640,7073,3436,383,Matt Haberland,0.11018935978358882
scipy,2014Q4,273,43,49.31404958677686,1.9473684210526314,5.415179564524532,1.0,16.46153846153846,4494,242,887,35734,22192,694,273,43,49.31404958677686,1.9473684210526314,5.415179564524532,1.0,16.46153846153846,4494,242,887,35734,22192,694,Matt Haberland,0.11018935978358882
scipy,2015Q1,378,64,44.06622516556291,2.0,8.106674253906819,2.0,22.166666666666668,8379,755,1463,27996,21429,723,378,64,44.06622516556291,2.0,8.106674253906819,2.0,22.166666666666668,8379,755,1463,27996,21429,723,Matt Haberland,0.11018935978358882
scipy,2015Q2,320,56,45.12890625,2.0,5.80081835969563,3.0,17.94375,5742,256,1068,14615,4864,515,320,56,45.12890625,2.0,5.80081835969563,3.0,17.94375,5742,256,1068,14615,4864,515,Matt Haberland,0.11018935978358882
scipy,2015Q3,452,51,52.87781350482315,2.0,8.532319591061656,6.0,32.06637168141593,14494,622,2570,25653,13949,842,452,51,52.87781350482315,2.0,8.532319591061656,6.0,32.06637168141593,14494,622,2570,25653,13949,842,Matt Haberland,0.11018935978358882
scipy,2015Q4,295,70,48.72043010752688,2.0,5.127578400147025,2.0,15.484745762711864,4568,279,841,10351,5256,467,295,70,48.72043010752688,2.0,5.127578400147025,2.0,15.484745762711864,4568,279,841,10351,5256,467,Matt Haberland,0.11018935978358882
scipy,2016Q1,333,59,43.381418092909534,2.0,5.002000712934544,3.0,21.144144144144143,7041,409,1300,12940,6130,562,333,59,43.381418092909534,2.0,5.002000712934544,3.0,21.144144144144143,7041,409,1300,12940,6130,562,Matt Haberland,0.11018935978358882
scipy,2016Q2,308,64,48.98861047835991,2.4,6.250026674365264,5.0,29.13961038961039,8975,439,1450,17144,7398,537,308,64,48.98861047835991,2.4,6.250026674365264,5.0,29.13961038961039,8975,439,1450,17144,7398,537,Matt Haberland,0.11018935978358882
scipy,2016Q3,217,47,42.568345323741006,2.0,4.780520974515764,2.0,23.682027649769584,5139,139,1044,9960,24186,366,217,47,42.568345323741006,2.0,4.780520974515764,2.0,23.682027649769584,5139,139,1044,9960,24186,366,Matt Haberland,0.11018935978358882
scipy,2016Q4,319,56,43.228476821192054,2.0,4.120500060705121,3.0,18.33542319749216,5849,302,817,12089,6135,609,319,56,43.228476821192054,2.0,4.120500060705121,3.0,18.33542319749216,5849,302,817,12089,6135,609,Matt Haberland,0.11018935978358882
scipy,2017Q1,262,63,42.41458541458542,2.2222222222222223,20.536669985934978,4.0,48.412213740458014,12684,1001,1905,22293,12356,432,230,62,43.354285714285716,2.361111111111111,7.895669356659563,4.0,24.017391304347825,5524,175,921,8519,4746,368,Matt Haberland,0.11018935978358882
scipy,2017Q2,178,55,51.68345323741007,2.088235294117647,7.088690797857912,3.0,15.095505617977528,2687,139,389,5861,2317,297,172,54,51.541984732824424,2.076923076923077,7.157693666998633,4.0,15.622093023255815,2687,131,387,5695,2299,289,Matt Haberland,0.11018935978358882
scipy,2017Q3,463,62,42.20402561756633,2.0,13.472259866954698,2.0,31.1792656587473,14436,1093,2427,33717,22948,1356,389,61,40.10267857142857,2.0,16.078791158602492,2.0,32.39588688946015,12602,896,2173,27402,17587,1232,Matt Haberland,0.11018935978358882
scipy,2017Q4,160,54,39.236111111111114,2.0,4.596461153397447,2.0,38.8625,6218,576,958,12243,7552,289,157,53,39.24521739130435,2.0,4.529423743368041,2.0,39.50955414012739,6203,575,956,12197,7539,285,Matt Haberland,0.11018935978358882
scipy,2018Q1,272,70,45.53846153846154,2.02,6.611921618255258,4.0,23.147058823529413,6296,325,1250,13768,7915,569,271,69,45.317460317460316,2.0,6.575882211515039,4.0,23.22140221402214,6293,315,1249,13754,7912,568,Matt Haberland,0.11018935978358882
scipy,2018Q2,353,69,42.096385542168676,2.0,4.80747087500138,3.0,19.195467422096318,6776,332,1289,13139,4386,583,348,68,41.806748466257666,2.0,4.850286959168074,3.0,19.347701149425287,6733,326,1289,13035,4355,574,Matt Haberland,0.11018935978358882
scipy,2018Q3,288,59,40.102695763799744,2.0,9.854271344399452,3.0,26.572916666666668,7653,779,1229,15090,9324,509,256,58,40.59866220735786,2.0,8.83799289636602,3.0,26.4296875,6766,598,1049,13291,8782,451,Matt Haberland,0.11018935978358882
scipy,2018Q4,247,64,41.35261194029851,1.8210526315789473,6.910013995201271,3.0,22.870445344129553,5649,536,1060,11428,5630,496,229,63,41.063559322033896,1.7,7.2659196970824365,3.0,22.200873362445414,5084,472,1007,9737,4381,457,Matt Haberland,0.11018935978358882
scipy,2019Q1,264,63,45.67638483965015,2.0,5.197010293646059,3.0,17.363636363636363,4584,343,687,8377,3856,489,257,62,45.76401179941003,2.0,5.310058041306703,3.0,17.66147859922179,4539,339,682,8323,3512,480,Matt Haberland,0.11018935978358882
scipy,2019Q2,277,52,46.71111111111111,2.0,16.580183529308172,2.0,25.40072202166065,7036,270,1191,13751,5373,397,245,51,46.60311284046693,2.0,18.076504485758235,2.0,27.779591836734692,6806,257,1166,13334,5069,359,Matt Haberland,0.11018935978358882
scipy,2019Q3,410,83,46.175644028103044,2.1,8.166608416570199,2.0,26.2609756097561,10767,427,2323,21658,10638,748,397,82,46.16705882352941,2.0,8.272691446010056,2.0,26.513853904282115,10526,425,2303,21174,10429,723,Matt Haberland,0.11018935978358882
scipy,2019Q4,293,73,53.00714285714286,2.416666666666667,5.292179944332107,3.0,32.63481228668942,9562,560,1004,15993,10548,868,273,72,52.899817850637525,2.541666666666667,5.378409940852863,3.0,34.48717948717949,9415,549,982,15471,10229,845,Matt Haberland,0.11018935978358882
scipy,2020Q1,360,68,48.441108545034645,2.0,4.112395768420004,1.0,13.702777777777778,4933,433,599,12761,9023,1372,342,67,48.60900473933649,1.7647058823529411,3.9945993127132926,1.0,13.783625730994151,4714,422,559,12144,8848,1343,Matt Haberland,0.11018935978358882
scipy,2020Q2,450,80,47.474137931034484,2.0588235294117645,6.680209405703217,2.0,18.08222222222222,8137,464,1253,17548,12625,843,423,79,47.05882352941177,2.0,6.903974248725115,2.0,18.17966903073286,7690,425,1166,16666,11498,791,Matt Haberland,0.11018935978358882
scipy,2020Q3,229,60,47.45273631840796,2.0,9.075711407613866,2.0,22.895196506550217,5243,201,928,18073,12250,460,224,59,47.122699386503065,2.0,8.382492283245472,2.0,20.571428571428573,4608,163,770,16703,12219,448,Matt Haberland,0.11018935978358882
scipy,2020Q4,267,69,47.691964285714285,2.0,5.409394629334724,2.0,21.99250936329588,5872,224,955,11477,3531,463,241,68,47.66492146596859,2.0,5.537284041092751,2.0,16.42738589211618,3959,191,625,8661,3024,409,Matt Haberland,0.11018935978358882
scipy,2021Q1,309,68,46.37073170731707,2.0,5.598169085994954,4.0,20.56957928802589,6356,410,1110,15141,6128,845,268,67,45.351351351351354,2.0,5.5264287368585165,4.0,18.80223880597015,5039,333,798,11647,5362,740,Matt Haberland,0.11018935978358882
scipy,2021Q2,383,76,48.866156787762904,2.0,5.190616162593551,2.0,21.046997389033944,8061,523,1409,16873,7581,777,300,75,49.18905472636816,2.0,5.294690277166642,2.0,20.083333333333332,6025,402,1051,12285,5094,611,Matt Haberland,0.11018935978358882
scipy,2021Q3,221,70,48.362637362637365,2.6666666666666665,19.04267140023695,2.0,46.244343891402714,10220,637,1656,19540,10797,450,165,69,45.875,2.375,22.031130461756543,2.0,52.64242424242424,8686,432,1389,15531,8990,341,Matt Haberland,0.11018935978358882
scipy,2021Q4,355,80,44.203518063173824,2.4,73.56499143502019,4.0,277.49577464788734,98511,5287,22288,143805,129541,1289,335,79,43.9441125457699,2.343137254901961,77.09001038700934,4.0,291.5731343283582,97677,5189,22102,141611,129167,1243,Matt Haberland,0.11018935978358882
scipy,2022Q1,376,87,48.97361477572559,2.4,5.839068921525181,4.0,24.19148936170213,9096,379,1520,18039,9272,671,244,86,47.699074074074076,2.3333333333333335,4.6197084423158135,3.0,21.62295081967213,5276,216,804,10139,3822,430,Matt Haberland,0.11018935978358882
scipy,2022Q2,319,87,44.27318932655654,2.5227272727272725,15.45654790025368,4.0,28.275862068965516,9020,787,1527,16654,11575,547,263,86,44.14153439153439,2.416666666666667,17.719722569896003,3.0,31.1787072243346,8200,756,1365,15073,11053,449,Matt Haberland,0.11018935978358882
scipy,2022Q3,330,86,53.60796645702306,2.5,7.060471113860862,5.5,23.55151515151515,7772,477,1355,14683,5216,692,237,85,52.747800586510266,2.3076923076923075,7.481416762299451,4.0,25.223628691983123,5978,341,1099,11355,3371,512,Matt Haberland,0.11018935978358882
scipy,2022Q4,310,79,49.0328947368421,2.4,8.26442241634118,5.0,24.36774193548387,7554,456,1480,15330,4923,721,226,78,48.187290969899664,2.5625,8.719399733974642,4.0,25.115044247787612,5676,299,1141,11683,3795,527,Matt Haberland,0.11018935978358882
scipy,2023Q1,346,65,51.02329450915141,3.0,8.621526030417035,4.0,23.979768786127167,8297,601,1357,17372,7141,945,239,64,50.58638743455497,3.0,7.229340728357596,3.0,22.87029288702929,5466,382,940,11979,4496,755,Matt Haberland,0.11018935978358882
scipy,2023Q2,338,85,48.80667838312829,2.761904761904762,5.746685560804458,3.5,24.443786982248522,8262,569,1331,17405,9883,664,276,84,46.19489559164733,2.909090909090909,6.099910965302286,3.0,24.75,6831,431,1148,14166,8161,543,Matt Haberland,0.11018935978358882
scipy,2023Q3,336,88,52.706273764258555,2.0,11.483296224881132,5.0,39.523809523809526,13280,1052,2408,27454,12070,973,287,87,49.78309409888357,2.0,11.452208572023485,5.0,40.397212543554005,11594,627,2089,22719,11384,895,Matt Haberland,0.11018935978358882
scipy,2023Q4,237,52,49.61449275362319,2.0,6.5258567925246345,3.0,26.088607594936708,6183,345,599,13888,9321,981,191,51,50.252252252252255,2.0,4.364787428798912,2.0,27.094240837696336,5175,222,421,11785,8785,901,Matt Haberland,0.11018935978358882
scipy,2024Q1,357,81,53.49016853932584,2.0,6.338952710149475,2.0,18.464985994397757,6592,712,1078,17574,10951,666,311,80,50.24728260869565,2.0,6.759992990162557,2.0,13.784565916398714,4287,368,668,12015,5923,570,Matt Haberland,0.11018935978358882
scipy,2024Q2,476,80,51.50474383301708,2.0,6.022051151951919,3.0,23.939075630252102,11395,527,1646,27432,23748,1412,341,79,48.257234726688104,1.8888888888888888,5.825990095342447,2.0,23.50733137829912,8016,311,1052,18033,18265,999,Matt Haberland,0.11018935978358882
scipy,2024Q3,516,75,52.347049269085005,2.0,8.331300030642746,3.0,34.548449612403104,17827,1847,3511,48946,28663,1258,457,74,48.19764705882353,1.90625,6.405626575490822,2.0,25.522975929978116,11664,850,2027,37255,25303,1098,Matt Haberland,0.11018935978358882
scipy,2024Q4,419,75,51.48792884371029,2.357142857142857,13.272854700699517,4.0,41.04057279236277,17196,787,2524,32581,14603,1142,312,74,49.30365296803653,2.0,5.7881860014511535,3.0,20.91346153846154,6525,438,1105,16460,10197,861,Matt Haberland,0.11018935978358882
scipy,2025Q1,389,73,53.213822894168466,2.2,4.265215950543537,4.0,18.18508997429306,7074,463,987,16738,8980,1040,306,72,50.82165605095541,2.2,4.03100087095822,3.0,15.34640522875817,4696,314,570,12413,7371,818,Matt Haberland,0.11018935978358882
scipy,2025Q2,417,62,57.26966292134831,1.8030769230769232,18.79410316634395,2.0,31.7242206235012,13229,1780,2487,29030,15489,767,386,61,57.275028768699656,1.7207792207792207,20.381055706688805,2.0,33.10880829015544,12780,1738,2442,27792,14806,694,Matt Haberland,0.11018935978358882
scipy,2025Q3,236,69,55.7022696929239,2.0,5.10275489684113,4.0,27.639830508474578,6523,749,843,17731,9442,708,224,68,55.63453815261044,2.0,5.159377095890635,4.0,28.21875,6321,747,804,17367,9210,673,Matt Haberland,0.11018935978358882
scipy,2025Q4,400,56,54.1623246492986,2.0277777777777777,3.600909707576139,2.0,15.8875,6355,499,770,18185,10565,794,301,55,51.90415335463259,2.0,3.626424607207616,1.0,14.548172757475083,4379,313,577,11089,5642,578,Matt Haberland,0.11018935978358882
scipy,2026Q1,358,68,57.45575692963752,2.0,7.714605710835617,4.0,46.770949720670394,16744,1876,2917,36385,26353,1326,268,67,56.64549938347719,2.0,9.347349346426734,3.0,50.4365671641791,13517,1622,2507,27525,20889,1015,Matt Haberland,0.11018935978358882
scipy,2026Q2,319,67,54.7454954954955,1.5,10.083989429372622,2.0,20.570532915360502,6562,444,1081,14603,13033,806,318,66,54.228028503562946,1.5,10.113835538045155,2.0,20.61320754716981,6555,421,1080,14572,12989,805,Matt Haberland,0.11018935978358882
scikit-learn,2014Q1,405,59,44.81818181818182,1.8571428571428572,3.5521958172489922,2.0,9.955555555555556,4032,198,629,10237,5501,813,405,59,44.81818181818182,1.8571428571428572,3.5521958172489922,2.0,9.955555555555556,4032,198,629,10237,5501,813,Guillaume Lemaitre,0.042100320838876285
scikit-learn,2014Q2,347,60,47.29527559055118,2.0,3.935611293590054,2.0,13.302593659942364,4616,254,743,12595,6173,751,347,60,47.29527559055118,2.0,3.935611293590054,2.0,13.302593659942364,4616,254,743,12595,6173,751,Guillaume Lemaitre,0.042100320838876285
scikit-learn,2014Q3,538,66,42.3141592920354,2.0,5.455624491197994,3.0,23.302973977695167,12537,678,2052,26010,22044,1169,538,66,42.3141592920354,2.0,5.455624491197994,3.0,23.302973977695167,12537,678,2052,26010,22044,1169,Guillaume Lemaitre,0.042100320838876285
scikit-learn,2014Q4,449,60,46.1343669250646,2.0,4.8559315618434065,3.0,15.351893095768375,6893,387,1114,13648,6101,799,449,60,46.1343669250646,2.0,4.8559315618434065,3.0,15.351893095768375,6893,387,1114,13648,6101,799,Guillaume Lemaitre,0.042100320838876285
scikit-learn,2015Q1,388,70,44.94510739856802,2.0,7.3515211816920045,3.0,19.68041237113402,7636,419,1325,17845,10540,962,388,70,44.94510739856802,2.0,7.3515211816920045,3.0,19.68041237113402,7636,419,1325,17845,10540,962,Guillaume Lemaitre,0.042100320838876285
scikit-learn,2015Q2,289,61,44.656,2.0,3.91238242402761,4.0,30.79584775086505,8900,500,1911,19308,6797,772,289,61,44.656,2.0,3.91238242402761,4.0,30.79584775086505,8900,500,1911,19308,6797,772,Guillaume Lemaitre,0.042100320838876285
scikit-learn,2015Q3,315,68,45.60079051383399,2.0,4.279176082178244,2.0,21.546031746031748,6787,506,1114,14484,7023,704,315,68,45.60079051383399,2.0,4.279176082178244,2.0,21.546031746031748,6787,506,1114,14484,7023,704,Guillaume Lemaitre,0.042100320838876285
scikit-learn,2015Q4,331,98,45.293577981651374,1.5,3.3825876732207534,1.0,10.117824773413897,3349,218,565,7778,5138,788,331,98,45.293577981651374,1.5,3.3825876732207534,1.0,10.117824773413897,3349,218,565,7778,5138,788,Guillaume Lemaitre,0.042100320838876285
scikit-learn,2016Q1,165,54,46.30927835051546,1.8888888888888888,3.591159700672975,1.0,10.23030303030303,1688,194,307,5723,3192,302,164,53,46.575268817204304,1.7444444444444445,3.58602124561946,1.0,10.073170731707316,1652,186,301,5615,3177,299,Guillaume Lemaitre,0.042100320838876285
scikit-learn,2016Q2,109,66,41.78378378378378,2.0,3.7517130079118384,2.0,18.71559633027523,2040,74,396,5699,2239,268,109,66,41.78378378378378,2.0,3.7517130079118384,2.0,18.71559633027523,2040,74,396,5699,2239,268,Guillaume Lemaitre,0.042100320838876285
scikit-learn,2016Q3,251,85,49.08095238095238,1.8,2.727266335756631,3.0,22.768924302788843,5715,420,939,12053,5485,572,251,85,49.08095238095238,1.8,2.727266335756631,3.0,22.768924302788843,5715,420,939,12053,5485,572,Guillaume Lemaitre,0.042100320838876285
scikit-learn,2016Q4,163,95,44.75949367088607,2.0,3.423874504373812,2.0,17.012269938650306,2773,158,412,7025,4485,524,163,95,44.75949367088607,2.0,3.423874504373812,2.0,17.012269938650306,2773,158,412,7025,4485,524,Guillaume Lemaitre,0.042100320838876285
scikit-learn,2017Q1,110,76,47.73170731707317,2.0,3.3662029350409632,1.0,15.745454545454546,1732,82,252,4838,1888,248,102,75,48.53333333333333,2.0,3.27647624541564,1.0,15.892156862745098,1621,75,242,4494,1835,234,Guillaume Lemaitre,0.042100320838876285
scikit-learn,2017Q2,197,95,46.822429906542055,2.0,3.0558768781855408,3.0,21.563451776649746,4248,107,504,10652,8317,743,182,94,47.01234567901235,1.7419354838709677,2.8713610579939033,2.0,15.593406593406593,2838,81,373,8289,7679,647,Guillaume Lemaitre,0.042100320838876285
scikit-learn,2017Q3,178,67,51.10752688172043,2.0,3.58855680740924,2.0,22.792134831460675,4057,186,770,9035,6262,517,175,66,51.10752688172043,2.0,3.589361715991037,2.0,23.097142857142856,4042,186,765,9006,6259,513,Guillaume Lemaitre,0.042100320838876285
scikit-learn,2017Q4,154,82,49.22222222222222,2.4891304347826084,4.491702721340332,2.0,13.987012987012987,2154,117,389,6419,2272,303,151,81,48.91919191919192,2.3333333333333335,4.153394732510231,2.0,12.95364238410596,1956,99,348,5577,2264,294,Guillaume Lemaitre,0.042100320838876285
scikit-learn,2018Q1,132,66,45.437869822485204,2.0,5.600056533390177,4.0,23.113636363636363,3051,169,512,10713,4792,408,129,65,45.541666666666664,2.0,5.638934916549268,4.0,22.891472868217054,2953,168,497,10360,4597,402,Guillaume Lemaitre,0.042100320838876285
scikit-learn,2018Q2,157,84,48.50964467005076,2.076923076923077,6.52320371691682,3.0,51.99363057324841,8163,985,1637,18782,22819,466,148,83,48.4917864476386,2.0,6.701573958545363,3.0,53.527027027027025,7922,974,1593,18135,22583,433,Guillaume Lemaitre,0.042100320838876285
scikit-learn,2018Q3,283,87,47.83216127519925,2.5714285714285716,10.372293606262238,5.0,72.87985865724382,20625,2133,3953,33288,14757,1042,273,86,47.83896713615024,2.5669642857142856,10.617007175456273,5.0,75.0915750915751,20500,2130,3936,32848,14608,1018,Guillaume Lemaitre,0.042100320838876285
scikit-learn,2018Q4,173,75,51.7060606060606,2.085144927536232,3.6641073183925887,4.0,20.55491329479769,3556,330,535,8371,8141,761,173,75,51.7060606060606,2.085144927536232,3.6641073183925887,4.0,20.55491329479769,3556,330,535,8371,8141,761,Guillaume Lemaitre,0.042100320838876285
scikit-learn,2019Q1,216,92,47.81911262798635,2.0,4.213281434842195,3.5,26.421296296296298,5707,293,830,14973,7559,1014,214,91,47.65743944636678,2.0,4.212851977939764,3.0,26.50467289719626,5672,289,825,14865,7531,1009,Guillaume Lemaitre,0.042100320838876285
scikit-learn,2019Q2,243,91,46.11443661971831,2.0,7.684329780439502,2.0,32.69135802469136,7944,568,1323,19767,27000,889,209,90,46.87619047619047,2.0,7.884529344692683,2.0,33.51196172248804,7004,525,1167,17647,21875,679,Guillaume Lemaitre,0.042100320838876285
scikit-learn,2019Q3,312,127,46.26271186440678,3.0,5.509092165865826,4.0,30.403846153846153,9486,472,1686,24367,10970,1134,295,126,46.09068627450981,2.625,5.367628628069427,4.0,28.12542372881356,8297,408,1497,21774,10190,1090,Guillaume Lemaitre,0.042100320838876285
scikit-learn,2019Q4,349,133,44.468913857677904,2.1607142857142856,29.0935558040825,5.0,204.1002865329513,71231,4005,17151,98650,94870,1369,330,132,44.35007571933367,2.0277777777777777,30.46844998735869,4.5,213.2969696969697,70388,3962,16981,96548,93626,1300,Guillaume Lemaitre,0.042100320838876285
scikit-learn,2020Q1,260,112,47.50889679715303,2.5,4.028710337168628,6.0,31.465384615384615,8181,281,788,16802,9140,826,249,111,47.75875486381323,2.5,3.7388912207754825,6.0,30.815261044176708,7673,257,685,15505,8044,800,Guillaume Lemaitre,0.042100320838876285
scikit-learn,2020Q2,351,136,49.423469387755105,2.0,3.6634722096476233,6.0,21.943019943019944,7702,196,766,16621,10904,1137,344,135,49.40721649484536,2.0,3.679164802121242,6.0,21.808139534883722,7502,194,741,16074,10692,1125,Guillaume Lemaitre,0.042100320838876285
scikit-learn,2020Q3,303,106,48.355555555555554,1.6,3.4771837914082724,6.0,26.425742574257427,8007,270,961,17515,7811,706,288,105,47.669322709163346,1.5,3.3112129182886956,5.0,25.86111111111111,7448,251,872,16298,7196,661,Guillaume Lemaitre,0.042100320838876285
scikit-learn,2020Q4,157,65,42.090196078431376,2.0,6.490136810967204,5.0,27.178343949044585,4267,255,642,12110,3613,468,139,64,43.79365079365079,1.8611111111111112,6.691380818527739,4.0,22.02158273381295,3061,189,544,9698,2530,337,Guillaume Lemaitre,0.042100320838876285
scikit-learn,2021Q1,199,96,44.784671532846716,2.0,5.033852546953233,2.0,17.407035175879397,3464,274,538,11442,4407,446,187,95,44.44268774703557,2.0,4.724418031838437,2.0,16.02673796791444,2997,253,474,9975,3947,422,Guillaume Lemaitre,0.042100320838876285
scikit-learn,2021Q2,234,95,47.89637305699482,2.0,4.270791477570584,4.0,126.97008547008546,29711,386,1347,72940,49856,1681,215,94,47.95294117647059,2.0,4.386060124891941,4.0,134.58139534883722,28935,340,982,70942,49440,1559,Guillaume Lemaitre,0.042100320838876285
scikit-learn,2021Q3,327,98,49.9593023255814,2.5,3.6485228513527392,12.0,25.941896024464832,8483,172,1375,17755,6515,979,294,97,49.57534246575342,2.4615384615384617,3.442411921523377,12.0,24.768707482993197,7282,146,1186,14112,5388,892,Guillaume Lemaitre,0.042100320838876285
scikit-learn,2021Q4,312,117,51.78333333333333,2.388888888888889,5.308358546985785,2.0,14.663461538461538,4575,240,682,21613,10631,1202,284,116,51.69897959183673,2.361111111111111,5.492910121631351,2.0,13.901408450704226,3948,196,594,19143,9299,1148,Guillaume Lemaitre,0.042100320838876285
scikit-learn,2022Q1,394,141,48.94588744588744,2.1494565217391304,4.857462772405131,3.0,16.395939086294415,6460,462,878,17566,10849,1117,380,140,49.01598173515982,2.2222222222222223,5.021827481995128,3.0,16.294736842105262,6192,438,857,16886,9378,1060,Guillaume Lemaitre,0.042100320838876285
scikit-learn,2022Q2,337,132,51.03365384615385,2.2941176470588234,8.455573214651142,2.0,20.827893175074184,7019,416,1237,18867,8353,692,320,131,50.70184696569921,2.0555555555555554,8.693541628988777,2.0,19.35625,6194,379,1119,15964,6769,630,Guillaume Lemaitre,0.042100320838876285
scikit-learn,2022Q3,356,110,50.95867768595041,2.388888888888889,3.0864594391694196,5.0,14.938202247191011,5318,242,650,10443,10744,915,344,109,51.431924882629104,2.4285714285714284,2.9909020598095886,5.0,14.380813953488373,4947,213,580,9723,10303,875,Guillaume Lemaitre,0.042100320838876285
scikit-learn,2022Q4,290,95,49.95043731778426,2.7777777777777777,5.378802484067824,3.0,18.855172413793102,5468,343,842,14644,7587,608,255,94,50.401315789473685,2.5,3.906002946127603,2.0,14.811764705882354,3777,304,573,11079,6340,528,Guillaume Lemaitre,0.042100320838876285
scikit-learn,2023Q1,314,102,54.013215859030836,3.0,4.438554189515417,6.0,13.143312101910828,4127,227,478,10166,4855,690,294,101,52.83505154639175,3.0,4.562683675270759,5.0,11.534013605442176,3391,194,363,8608,4189,595,Guillaume Lemaitre,0.042100320838876285
scikit-learn,2023Q2,270,77,54.65806451612903,3.0,6.228610829162414,7.0,37.1037037037037,10018,465,1120,23539,11853,1818,251,76,54.72389791183295,3.08,6.45229973044975,7.0,36.7609561752988,9227,431,993,22063,11206,1767,Guillaume Lemaitre,0.042100320838876285
scikit-learn,2023Q3,278,75,54.3550135501355,2.5625,3.4565522672750535,1.5,16.219424460431654,4509,369,545,16064,8443,704,255,74,54.38040345821326,2.53125,3.4141087717193703,2.0,16.478431372549018,4202,347,516,14959,7780,609,Guillaume Lemaitre,0.042100320838876285
scikit-learn,2023Q4,193,64,55.13483146067416,2.0,3.340767820519622,3.0,20.253886010362695,3909,267,506,9865,6082,491,141,63,56.097938144329895,2.0384615384615383,3.5357419186802113,3.0,21.638297872340427,3051,194,425,7382,3101,329,Guillaume Lemaitre,0.042100320838876285
scikit-learn,2024Q1,273,89,55.903645833333336,5.0,6.710496619125725,8.0,23.76923076923077,6489,384,935,12835,4962,627,249,88,56.08595988538682,5.142857142857143,6.954073671212892,10.0,25.140562248995984,6260,349,920,12192,4370,589,Guillaume Lemaitre,0.042100320838876285
scikit-learn,2024Q2,184,61,45.80681818181818,2.0,3.2941716393509157,3.0,20.625,3795,528,588,13593,12436,1370,177,60,45.71235521235521,2.0,2.8739422875632643,3.0,16.259887005649716,2878,518,409,10717,12354,1349,Guillaume Lemaitre,0.042100320838876285
scikit-learn,2024Q3,162,59,46.94972067039106,3.0,6.456833633037493,5.0,38.49382716049383,6236,537,789,12729,8167,1046,151,58,46.95522388059702,3.0,6.525594461013764,5.0,40.920529801324506,6179,536,781,12482,8130,1031,Guillaume Lemaitre,0.042100320838876285
scikit-learn,2024Q4,174,74,52.18609406952965,2.0555555555555554,3.993618462946307,4.0,24.902298850574713,4333,489,550,10878,5012,507,150,73,52.81127982646421,2.4,3.9688471890728274,4.0,26.826666666666668,4024,461,507,9504,4138,471,Guillaume Lemaitre,0.042100320838876285
scikit-learn,2025Q1,150,61,53.26245443499393,2.0,4.281044958940633,2.0,63.22666666666667,9484,823,1698,15400,3617,629,147,60,53.31211750305997,2.0,4.107102410996116,2.0,64.35374149659864,9460,817,1698,15201,3531,622,Guillaume Lemaitre,0.042100320838876285
scikit-learn,2025Q2,176,81,55.18817204301075,2.682142857142857,4.719958103780434,3.0,31.960227272727273,5625,372,718,12581,7436,609,174,80,55.18817204301075,2.7142857142857144,4.7479277135832945,3.0,32.31609195402299,5623,372,718,12561,7418,602,Guillaume Lemaitre,0.042100320838876285
scikit-learn,2025Q3,184,74,50.72053872053872,2.0,4.12661550441058,3.0,34.391304347826086,6328,297,586,11475,6065,744,183,73,50.85034013605442,2.0,3.9085616029829198,3.0,34.431693989071036,6301,294,582,11416,6065,741,Guillaume Lemaitre,0.042100320838876285
scikit-learn,2025Q4,179,53,56.08629441624365,2.0,3.1358354464533096,3.0,16.033519553072626,2870,197,267,7628,4515,437,179,53,56.08629441624365,2.0,3.1358354464533096,3.0,16.033519553072626,2870,197,267,7628,4515,437,Guillaume Lemaitre,0.042100320838876285
scikit-learn,2026Q1,145,51,54.74782608695652,2.0,3.249899550660448,3.0,33.88275862068966,4913,345,528,12322,6023,563,145,51,54.74782608695652,2.0,3.249899550660448,3.0,33.88275862068966,4913,345,528,12322,6023,563,Guillaume Lemaitre,0.042100320838876285
scikit-learn,2026Q2,209,71,56.319327731092436,2.5625,3.3650338626151632,4.0,33.229665071770334,6945,595,1026,16712,6328,671,202,70,56.29202037351443,2.5833333333333335,3.3950964786904057,4.0,33.93069306930693,6854,589,1016,15999,5928,641,Guillaume Lemaitre,0.042100320838876285
matplotlib,2014Q1,209,55,43.388625592417064,2.0,5.690185080324153,2.0,14.679425837320574,3068,211,482,6036,3729,280,209,55,43.388625592417064,2.0,5.690185080324153,2.0,14.679425837320574,3068,211,482,6036,3729,280,Antony Lee,0.1698370203372317
matplotlib,2014Q2,192,53,39.1,2.0,4.810132604763094,3.0,23.489583333333332,4510,420,877,7654,4812,300,192,53,39.1,2.0,4.810132604763094,3.0,23.489583333333332,4510,420,877,7654,4812,300,Antony Lee,0.1698370203372317
matplotlib,2014Q3,349,60,47.30072463768116,1.5,3.120608307726018,1.0,8.965616045845271,3129,276,456,9731,6783,1000,342,59,47.17948717948718,1.5,3.1300014003455834,1.0,9.043859649122806,3093,273,448,9667,6737,992,Antony Lee,0.1698370203372317
matplotlib,2014Q4,446,64,45.76780185758514,2.0,3.1473566280143572,1.0,8.221973094170403,3667,323,552,12331,7467,1463,446,64,45.76780185758514,2.0,3.1473566280143572,1.0,8.221973094170403,3667,323,552,12331,7467,1463,Antony Lee,0.1698370203372317
matplotlib,2015Q1,374,69,43.5,1.5,2.9162528999763344,2.0,7.660427807486631,2865,278,301,4922,5715,573,374,69,43.5,1.5,2.9162528999763344,2.0,7.660427807486631,2865,278,301,4922,5715,573,Antony Lee,0.1698370203372317
matplotlib,2015Q2,270,53,45.98672566371681,1.3333333333333333,2.950320185252545,3.0,13.596296296296297,3671,226,548,6345,3314,616,266,52,45.98672566371681,1.3333333333333333,2.9729590231961738,3.0,13.774436090225564,3664,226,547,6307,3281,611,Antony Lee,0.1698370203372317
matplotlib,2015Q3,676,68,47.613376835236544,2.0,4.431310851345783,1.0,14.650887573964496,9904,613,783,18550,11233,859,673,67,47.545909849749584,2.0,4.353422343679209,1.0,14.49777117384844,9757,599,748,18354,11083,855,Antony Lee,0.1698370203372317
matplotlib,2015Q4,665,63,46.46138211382114,2.0,4.603014777145378,2.0,14.10827067669173,9382,492,1029,20153,14473,1242,652,62,46.75946547884187,2.0,4.546466182839064,2.0,13.874233128834355,9046,449,1005,19747,14158,1224,Antony Lee,0.1698370203372317
matplotlib,2016Q1,428,58,45.91634980988593,2.0,6.3320580338869314,2.0,13.212616822429906,5655,263,553,8840,6262,670,416,57,45.650205761316876,2.0,6.442807781437496,2.0,13.461538461538462,5600,243,553,8643,6150,653,Antony Lee,0.1698370203372317
matplotlib,2016Q2,400,61,44.443661971830984,1.6666666666666667,7.950903668240724,1.0,13.7675,5507,284,421,9352,8380,1097,346,60,44.681102362204726,1.9,9.094571597889656,1.0,13.369942196531792,4626,254,363,8058,7161,938,Antony Lee,0.1698370203372317
matplotlib,2016Q3,488,67,44.532051282051285,2.0,3.4158687449055027,1.0,7.120901639344262,3475,156,371,9094,6535,672,460,66,42.46456692913386,2.0,3.493777507112399,1.0,7.052173913043478,3244,127,357,8784,6249,637,Antony Lee,0.1698370203372317
matplotlib,2016Q4,573,58,44.148936170212764,1.5,2.8193431647469587,2.0,11.991273996509598,6871,329,597,16965,16207,1588,529,57,43.63568773234201,1.5,2.930244318375551,1.0,10.2117202268431,5402,269,528,14736,12654,1219,Antony Lee,0.1698370203372317
matplotlib,2017Q1,719,67,48.067873303167424,1.75,4.471907551721811,0.0,9.058414464534074,6513,442,951,25902,25590,1479,662,66,46.8379746835443,1.8,4.697776106389725,0.0,9.081570996978853,6012,395,933,24979,24492,1295,Antony Lee,0.1698370203372317
matplotlib,2017Q2,316,55,45.71233937141972,1.6666666666666667,13.75216260808938,1.0,23.126582278481013,7308,6459,2842,42626,32827,1578,266,54,45.53364854215918,1.7142857142857142,16.360750992191576,1.0,23.469924812030076,6243,6345,2702,32703,21540,1290,Antony Lee,0.1698370203372317
matplotlib,2017Q3,369,49,46.151728768042965,2.0,4.084720587018229,2.0,14.970189701897018,5524,2979,1074,19258,19623,853,311,48,45.94034482758621,2.0,4.4404020099564026,2.0,14.395498392282958,4477,2900,1035,17964,14885,724,Antony Lee,0.1698370203372317
matplotlib,2017Q4,581,65,43.810317460317464,2.0,4.156789204554738,2.0,17.946643717728055,10427,1260,1472,19008,14256,1210,428,64,43.083788706739526,2.0,4.846648781432308,2.0,17.766355140186917,7604,1098,1257,13717,6344,775,Antony Lee,0.1698370203372317
matplotlib,2018Q1,706,80,52.83905013192612,1.8856209150326797,3.225024528123358,3.0,16.543909348441925,11680,1137,1207,22922,26750,1974,534,79,51.91730474732006,2.0,3.3949243030652565,2.5,11.853932584269662,6330,653,763,13942,14194,1019,Antony Lee,0.1698370203372317
matplotlib,2018Q2,416,52,48.47282608695652,1.819672131147541,4.968469500949475,2.5,16.557692307692307,6888,736,727,19160,12187,1318,317,51,46.234982332155475,1.8410714285714285,6.055187190896017,2.0,15.46056782334385,4901,566,583,16028,7843,842,Antony Lee,0.1698370203372317
matplotlib,2018Q3,591,55,50.26548672566372,1.5,3.492117375366033,2.0,13.302876480541455,7862,904,1262,14888,14493,1496,438,54,50.235023041474655,1.3333333333333333,3.7110703407213346,2.0,11.52283105022831,5047,651,904,10846,8411,1027,Antony Lee,0.1698370203372317
matplotlib,2018Q4,447,56,41.390143737166326,2.0,3.8576355931699493,3.0,13.176733780760626,5890,487,812,9916,7402,849,308,55,35.778481012658226,2.0,4.1095812725367376,3.0,11.954545454545455,3682,316,602,6742,3610,587,Antony Lee,0.1698370203372317
matplotlib,2019Q1,600,48,45.802413273001505,2.0,3.1155580379829053,3.0,11.693333333333333,7016,663,665,14647,11785,1344,344,47,49.79929577464789,2.0,3.312134802958518,2.0,8.752906976744185,3011,284,390,8278,4461,598,Antony Lee,0.1698370203372317
matplotlib,2019Q2,614,47,49.61031518624642,2.0,3.2328123090552996,4.0,13.802931596091206,8475,698,703,16024,14974,1703,374,46,47.37223974763407,2.0,3.349328022116345,2.0,11.748663101604278,4394,317,415,8737,5334,807,Antony Lee,0.1698370203372317
matplotlib,2019Q3,433,53,56.246006389776355,2.0,2.890043498973473,2.0,12.688221709006928,5494,626,377,9657,8267,922,266,52,57.62130177514793,1.6666666666666667,2.68568285000177,1.0,9.146616541353383,2433,338,197,5055,2488,539,Antony Lee,0.1698370203372317
matplotlib,2019Q4,420,45,48.17872340425532,1.8333333333333333,2.8860192361772192,3.0,13.692857142857143,5751,235,372,10213,11647,1048,233,44,47.17977528089887,2.0,3.2387020249463543,2.0,11.218884120171674,2614,89,203,5869,5790,561,Antony Lee,0.1698370203372317
matplotlib,2020Q1,575,57,54.05235602094241,1.8333333333333333,3.1565550568817846,4.0,14.140869565217391,8131,764,725,14646,15395,1514,298,56,48.98371335504886,2.0,3.731295244671629,2.0,12.61744966442953,3760,307,423,7490,4238,713,Antony Lee,0.1698370203372317
matplotlib,2020Q2,627,58,49.1646803900325,2.0,3.799782773554028,2.0,12.830940988835726,8045,923,881,14146,11304,1286,451,57,48.525874125874125,2.0,4.094686031167589,2.0,11.634146341463415,5247,715,654,9820,6357,832,Antony Lee,0.1698370203372317
matplotlib,2020Q3,699,67,50.04197530864197,2.0,3.712780937437419,3.0,14.793991416309012,10341,810,1400,19291,15157,1455,620,66,51.13984674329502,2.0,3.4551747943914983,2.0,10.453225806451613,6481,522,808,13987,8664,1215,Antony Lee,0.1698370203372317
matplotlib,2020Q4,438,64,53.196850393700785,2.0,4.246459076903692,2.0,12.529680365296803,5488,508,623,10129,10584,1044,347,63,53.497757847533634,2.0,4.893198894715837,2.0,13.288184438040346,4611,446,568,8810,6786,891,Antony Lee,0.1698370203372317
matplotlib,2021Q1,407,52,47.29917355371901,2.0,3.4401132048937817,2.0,13.036855036855037,5306,605,643,10706,8496,962,292,51,43.88668555240793,2.0,3.6750071554315364,2.0,9.270547945205479,2707,353,381,6857,4162,680,Antony Lee,0.1698370203372317
matplotlib,2021Q2,510,53,44.528141865844255,2.0,3.588161137959863,4.0,12.952941176470588,6606,1297,833,14210,14742,1339,374,52,45.430817610062896,2.0,3.186156972029503,3.0,11.467914438502675,4289,636,629,10302,10043,1061,Antony Lee,0.1698370203372317
matplotlib,2021Q3,596,51,49.819575471698116,2.0,3.582043148484319,3.0,16.79530201342282,10010,848,1382,21265,13268,1340,481,50,48.55420054200542,2.0,3.9574890704462597,3.0,16.775467775467774,8069,738,1190,18301,10245,1049,Antony Lee,0.1698370203372317
matplotlib,2021Q4,524,55,49.162929745889386,2.0,3.866767681283358,2.0,9.795801526717558,5133,2007,730,13018,10680,948,411,54,49.110813704496785,2.0,4.312255592678387,2.0,8.05352798053528,3310,1868,567,10282,7268,715,Antony Lee,0.1698370203372317
matplotlib,2022Q1,416,42,49.34810810810811,2.0,6.095384642655069,4.0,15.19951923076923,6323,925,874,12071,9394,929,327,41,48.63195266272189,2.0,7.158457167300662,3.0,15.26605504587156,4992,845,752,10047,7193,746,Antony Lee,0.1698370203372317
matplotlib,2022Q2,357,48,51.89367816091954,2.0,2.8838989969658533,2.0,6.764705882352941,2415,348,251,6652,4325,678,294,47,50.15079365079365,2.0,2.838440073129139,1.0,5.891156462585034,1732,252,179,5402,2990,532,Antony Lee,0.1698370203372317
matplotlib,2022Q3,431,46,50.4202380952381,2.0,3.969178191330918,1.0,14.076566125290023,6067,840,806,11799,8334,887,380,45,50.413071895424835,2.0,4.162214622482376,1.0,13.989473684210527,5316,765,746,10818,7072,778,Antony Lee,0.1698370203372317
matplotlib,2022Q4,557,60,49.22120418848168,1.6666666666666667,3.99275843685847,2.0,9.393177737881508,5232,764,556,14783,12043,1174,483,59,48.79346210995542,1.6666666666666667,4.110188175197421,2.0,8.130434782608695,3927,673,447,12653,9705,989,Antony Lee,0.1698370203372317
matplotlib,2023Q1,501,57,41.778116098615065,1.5773809523809523,10.021613395824188,2.0,35.20558882235529,17638,10181,4841,78134,76284,2593,439,56,41.55521381089394,1.629120879120879,11.328002384982748,2.0,38.05694760820045,16707,10079,4787,76254,73754,2380,Antony Lee,0.1698370203372317
matplotlib,2023Q2,337,54,49.87982832618026,2.0,5.486016913104806,2.0,17.89614243323442,6031,233,413,9781,5961,621,285,53,47.748768472906406,1.8798076923076923,5.8165750740370665,2.0,19.50175438596491,5558,203,386,8757,4634,534,Antony Lee,0.1698370203372317
matplotlib,2023Q3,374,56,37.85438335809807,1.5,6.54137962083405,2.0,15.286096256684491,5717,1346,549,10259,8056,724,333,55,37.48406676783004,1.4651515151515153,7.122815352267631,2.0,15.756756756756756,5247,1318,505,9544,7448,648,Antony Lee,0.1698370203372317
matplotlib,2023Q4,292,80,52.07910750507099,2.0,4.87314746798554,1.0,7.914383561643835,2311,493,229,6536,3842,674,265,79,50.893462469733656,1.875,5.156719372367612,1.0,6.886792452830188,1825,413,193,5851,2921,590,Antony Lee,0.1698370203372317
matplotlib,2024Q1,230,37,56.094339622641506,2.0,2.9993102433246914,1.0,6.778260869565218,1559,159,221,4195,2160,431,218,36,55.63576158940398,1.6666666666666667,2.997089938238264,1.0,6.545871559633028,1427,151,211,3953,2002,410,Antony Lee,0.1698370203372317
matplotlib,2024Q2,244,43,54.435331230283914,2.0,5.860758005075018,2.0,12.368852459016393,3018,317,477,7118,2717,484,213,42,54.593525179856115,2.0,6.504529891342238,2.0,12.633802816901408,2691,278,453,6642,2171,422,Antony Lee,0.1698370203372317
matplotlib,2024Q3,218,46,48.74235807860262,2.0,5.98415193268602,2.0,22.58256880733945,4923,229,398,10052,4421,772,211,45,48.70614035087719,2.0,6.141143463741918,2.0,22.77251184834123,4805,228,383,9875,4306,758,Antony Lee,0.1698370203372317
matplotlib,2024Q4,239,47,55.48805460750853,2.0,3.1971563442697355,2.0,12.447698744769875,2975,293,448,6668,2711,524,224,46,55.577060931899645,2.0,3.2372894071083302,2.0,12.549107142857142,2811,279,422,6406,2546,498,Antony Lee,0.1698370203372317
matplotlib,2025Q1,247,46,51.05769230769231,2.3166666666666664,4.558283128713801,2.0,9.23076923076923,2280,208,293,6022,3920,549,228,45,48.95070422535211,2.5,4.7116137886765594,2.0,8.780701754385966,2002,142,277,5580,3522,515,Antony Lee,0.1698370203372317
matplotlib,2025Q2,219,47,55.494505494505496,1.5089285714285714,3.320839097301457,2.0,11.228310502283104,2459,182,280,5396,3274,449,197,46,54.68141592920354,1.5,3.082094164447106,2.0,8.238578680203046,1623,113,193,4001,2269,398,Antony Lee,0.1698370203372317
matplotlib,2025Q3,208,35,51.88235294117647,2.0,4.13059127963828,2.0,10.35576923076923,2154,153,234,4546,2257,358,186,34,52.15625,2.0,4.190277654921617,2.0,9.838709677419354,1830,128,215,4032,1936,322,Antony Lee,0.1698370203372317
matplotlib,2025Q4,112,32,49.61643835616438,2.3333333333333335,4.734750338517315,2.0,13.508928571428571,1513,146,193,3646,999,219,105,31,49.583333333333336,2.090909090909091,4.838419254487589,2.0,13.838095238095239,1453,144,185,3507,878,205,Antony Lee,0.1698370203372317
matplotlib,2026Q1,291,62,48.64438839848676,2.757142857142857,7.036923632976817,5.0,13.52233676975945,3935,793,570,8614,4065,588,274,61,48.445910290237464,2.757142857142857,7.238860410868225,5.0,13.299270072992702,3644,758,555,8184,3674,555,Antony Lee,0.1698370203372317
matplotlib,2026Q2,265,54,47.50308641975309,2.125,4.427750781708945,1.0,9.637735849056604,2554,648,329,7664,4317,524,260,53,47.46367851622875,2.125,4.470443729952394,1.0,9.665384615384616,2513,647,325,7604,4265,515,Antony Lee,0.1698370203372317
django,2014Q1,501,103,51.394109396914445,1.6666666666666667,3.6084038145926645,2.0,17.944111776447105,8990,713,1216,25108,20589,1635,446,102,51.39067055393586,1.875,3.8955998850650153,2.0,19.68834080717489,8781,686,1193,24608,13217,1516,Tim Graham,0.13235990528808209
django,2014Q2,460,95,52.08637236084453,2.0,3.5582005338129954,2.0,10.273913043478261,4726,521,523,17728,9090,1471,398,94,52.02008032128514,2.0,3.439498143488623,3.0,10.698492462311558,4258,498,472,15581,7172,1238,Tim Graham,0.13235990528808209
django,2014Q3,403,83,51.490463215258856,2.3333333333333335,3.6260950514033956,2.0,12.746898263027296,5137,367,535,15374,6539,1289,302,82,51.77704918032787,2.4,3.5996471139584796,3.0,10.95364238410596,3308,305,357,11155,4886,950,Tim Graham,0.13235990528808209
django,2014Q4,537,108,52.94180704441041,2.0,3.813505358608485,2.0,12.811918063314712,6880,653,782,29086,22101,1974,434,107,52.55154639175258,2.133928571428571,4.164271015895576,3.0,14.55299539170507,6316,582,745,27131,14114,1749,Tim Graham,0.13235990528808209
django,2015Q1,564,101,51.61034231609614,1.6666666666666667,3.4105728881988457,2.0,23.51418439716312,13262,1373,1888,54972,40051,2817,406,100,51.21191294387171,2.0,3.787924124127212,3.0,20.007389162561577,8123,873,1131,29979,13479,1562,Tim Graham,0.13235990528808209
django,2015Q2,362,131,51.82687927107062,2.638888888888889,4.549383129840865,4.0,14.701657458563536,5322,439,692,15601,6250,1323,308,130,51.486486486486484,2.9375,4.723628343469695,4.0,15.253246753246753,4698,407,656,14307,5082,1069,Tim Graham,0.13235990528808209
django,2015Q3,340,107,54.52857142857143,2.0,3.9985866630681626,2.0,15.473529411764705,5261,490,705,24032,16994,1248,218,106,54.52863436123348,2.783333333333333,5.51920358620428,2.0,22.142201834862384,4827,454,678,22254,12175,938,Tim Graham,0.13235990528808209
django,2015Q4,316,97,51.33449477351916,2.0,3.2482009389693407,2.0,10.721518987341772,3388,287,378,10378,5798,1016,250,96,50.91570881226053,2.0,3.2855355092551846,4.0,11.924,2981,261,314,9005,4823,844,Tim Graham,0.13235990528808209
django,2016Q1,291,98,52.53531598513011,2.0,3.159216896801109,2.0,15.97594501718213,4649,269,471,15735,11386,1169,219,97,53.11344537815126,2.148706896551724,3.3616879983630525,3.0,13.534246575342467,2964,238,447,11258,6150,820,Tim Graham,0.13235990528808209
django,2016Q2,339,113,54.342528735632186,2.0,3.309233215013546,3.0,12.749262536873156,4322,435,549,19120,11541,1300,265,112,54.363207547169814,2.3384615384615386,3.661264974914363,3.0,14.781132075471698,3917,424,519,15723,7621,926,Tim Graham,0.13235990528808209
django,2016Q3,338,93,50.48969072164948,2.0,3.160704599380453,2.0,7.402366863905326,2502,194,240,9703,5456,890,264,92,49.60112359550562,2.0,3.392260734915233,3.5,8.795454545454545,2322,178,221,8021,3298,709,Tim Graham,0.13235990528808209
django,2016Q4,346,105,52.36529680365297,1.4253246753246753,2.6384286840539977,2.0,10.907514450867051,3774,219,587,13205,19284,2546,228,104,51.954314720812185,2.3333333333333335,3.383255474278651,3.0,14.982456140350877,3416,197,566,10858,9958,2223,Tim Graham,0.13235990528808209
django,2017Q1,358,82,50.97734627831715,1.2336917562724015,2.418104679659682,3.0,20.60335195530726,7376,309,208,16664,16556,2822,252,81,51.096069868995635,1.3333333333333333,2.628062323974459,3.0,27.547619047619047,6942,229,185,14232,13567,2317,Tim Graham,0.13235990528808209
django,2017Q2,302,88,50.87336244541485,2.0,2.992061480431947,2.0,9.165562913907285,2768,229,198,9624,4722,1040,242,87,50.65238095238095,2.0,3.245473040695576,3.0,10.561983471074381,2556,210,196,8215,3521,841,Tim Graham,0.13235990528808209
django,2017Q3,326,71,51.97156398104266,1.2706228956228958,2.3009223086600468,2.0,10.63803680981595,3468,211,276,9780,6639,914,270,70,51.97687861271676,1.55,2.498150873040949,2.0,11.066666666666666,2988,173,270,8679,3773,701,Tim Graham,0.13235990528808209
django,2017Q4,227,65,52.760233918128655,1.9285714285714286,3.043813339686439,2.0,10.17180616740088,2309,171,187,5801,3428,723,192,64,52.5,2.0,3.21211215448882,3.0,11.463541666666666,2201,146,184,5248,2853,646,Tim Graham,0.13235990528808209
django,2018Q1,226,85,47.88333333333333,1.6666666666666667,2.3022387418429284,2.0,6.18141592920354,1397,60,84,6604,4418,710,172,84,47.65217391304348,1.7083333333333335,2.4467856222578424,2.0,6.953488372093023,1196,46,79,5670,3568,579,Tim Graham,0.13235990528808209
django,2018Q2,176,70,52.21782178217822,2.0,3.2728430640540016,2.0,7.829545454545454,1378,101,124,4875,1897,434,134,69,52.41860465116279,2.166666666666667,3.5612341984938136,2.0,9.388059701492537,1258,86,115,4471,1517,362,Tim Graham,0.13235990528808209
django,2018Q3,222,73,62.56549520766773,1.75,2.872983962105701,2.0,9.04954954954955,2009,313,184,9863,5048,802,191,72,62.748366013071895,2.0,3.028809339992359,3.0,10.172774869109947,1943,306,181,9450,4643,747,Tim Graham,0.13235990528808209
django,2018Q4,236,65,51.97674418604651,1.5714285714285714,3.1109752919058793,1.5,5.923728813559322,1398,129,140,6792,4217,751,184,64,51.474137931034484,2.0,3.623495777276148,2.0,7.059782608695652,1299,116,137,5643,2264,509,Tim Graham,0.13235990528808209
django,2019Q1,255,62,53.824884792626726,1.5,3.262857938121096,2.0,10.376470588235295,2646,217,208,8596,5295,769,218,61,53.73399014778325,1.6363636363636365,3.458459949600845,2.0,10.94954128440367,2387,203,199,7772,3564,663,Tim Graham,0.13235990528808209
django,2019Q2,220,84,47.90049751243781,1.8,3.062599208045599,2.0,9.977272727272727,2195,201,231,7535,3653,587,219,83,47.90049751243781,1.8,3.062599208045599,2.0,10.02283105022831,2195,201,231,7534,3652,586,Tim Graham,0.13235990528808209
django,2019Q3,193,54,51.529411764705884,2.0,2.844623099767577,3.0,8.922279792746114,1722,119,114,6487,3313,680,193,54,51.529411764705884,2.0,2.844623099767577,3.0,8.922279792746114,1722,119,114,6487,3313,680,Tim Graham,0.13235990528808209
django,2019Q4,264,59,51.837037037037035,2.0,3.609235270768341,2.0,7.575757575757576,2000,135,169,7858,2167,664,261,58,51.837037037037035,2.0,3.609235270768341,2.0,7.662835249042145,2000,135,169,7847,2156,659,Tim Graham,0.13235990528808209
django,2020Q1,230,68,50.54961832061068,2.5227272727272725,3.4680876328167836,2.0,7.621739130434783,1753,131,96,6524,2345,592,227,67,50.54961832061068,2.5584415584415585,3.4822084144340932,2.0,7.638766519823789,1734,131,96,6497,2324,585,Tim Graham,0.13235990528808209
django,2020Q2,299,67,50.61971830985915,2.205263157894737,3.5096721105239213,2.0,9.060200668896321,2709,142,125,9833,3851,829,295,66,50.5177304964539,2.3333333333333335,3.548343884384416,2.0,9.162711864406779,2703,141,125,9765,3791,814,Tim Graham,0.13235990528808209
django,2020Q3,192,66,51.875,2.0,3.28631816886142,2.0,8.401041666666666,1613,152,149,7110,1785,614,181,65,52.27857142857143,2.0,3.26876362280887,2.0,8.707182320441989,1576,140,148,6966,1696,590,Tim Graham,0.13235990528808209
django,2020Q4,221,70,51.37820512820513,2.85,3.971024955842743,3.0,10.253393665158372,2266,156,259,9809,3833,591,197,69,51.734693877551024,3.0,4.074283976090453,4.0,11.213197969543147,2209,147,248,9551,3619,532,Tim Graham,0.13235990528808209
django,2021Q1,248,56,50.36363636363637,2.0,2.7309479514272548,1.0,5.604838709677419,1390,77,112,7350,4226,634,243,55,51.208333333333336,2.0,2.6843620637183343,1.0,5.448559670781893,1324,72,105,7091,4215,622,Tim Graham,0.13235990528808209
django,2021Q2,249,69,50.31111111111111,2.0,4.8605286043982,2.0,7.016064257028113,1747,180,202,6942,2687,554,248,68,50.31111111111111,2.0,4.885440898970311,2.0,7.032258064516129,1744,180,202,6939,2651,550,Tim Graham,0.13235990528808209
django,2021Q3,251,71,52.56583629893238,2.0,3.105064788328205,3.0,8.729083665338646,2191,281,211,9030,3596,664,250,70,52.54642857142857,2.0625,3.1140820062401615,3.0,8.748,2187,280,210,9020,3588,659,Tim Graham,0.13235990528808209
django,2021Q4,198,60,49.666666666666664,2.0,3.3165135576794484,2.5,9.106060606060606,1803,123,200,7532,2930,455,193,59,49.666666666666664,2.0,3.356170689908345,3.0,9.310880829015543,1797,123,200,7524,2911,446,Tim Graham,0.13235990528808209
django,2022Q1,183,62,44.05764411027569,2.071428571428571,3.895727219339468,2.0,189.03825136612022,34594,399,952,152152,101075,2993,183,62,44.05764411027569,2.071428571428571,3.895727219339468,2.0,189.03825136612022,34594,399,952,152152,101075,2993,Tim Graham,0.13235990528808209
django,2022Q2,168,60,46.92307692307692,2.9,3.5883025383626834,3.5,10.827380952380953,1819,117,143,6579,2534,463,164,59,46.92307692307692,2.9,3.6047919707621174,4.0,11.060975609756097,1814,117,143,6565,2527,456,Tim Graham,0.13235990528808209
django,2022Q3,173,65,49.97826086956522,2.5,3.2254921279079416,2.0,8.751445086705202,1514,138,117,6124,2889,480,172,64,49.97826086956522,2.5,3.2431547638437186,2.0,8.796511627906977,1513,138,117,6123,2887,479,Tim Graham,0.13235990528808209
django,2022Q4,156,56,50.54212454212454,2.0,5.108076302346021,4.0,18.128205128205128,2828,273,382,7565,2669,503,156,56,50.54212454212454,2.0,5.108076302346021,4.0,18.128205128205128,2828,273,382,7565,2669,503,Tim Graham,0.13235990528808209
django,2023Q1,179,63,47.20238095238095,2.0,3.034167043927719,2.0,9.525139664804469,1705,84,158,7388,7667,748,177,62,47.20238095238095,2.0,3.034167043927719,2.0,9.63276836158192,1705,84,158,5967,6249,744,Tim Graham,0.13235990528808209
django,2023Q2,152,64,52.36893203883495,2.5833333333333335,4.109089654307046,2.0,7.7105263157894735,1172,103,105,6025,1264,353,150,63,52.36893203883495,2.625,4.136362370572898,2.0,7.806666666666667,1171,103,105,6023,1262,351,Tim Graham,0.13235990528808209
django,2023Q3,162,61,51.61607142857143,2.5,3.783488287292155,2.0,9.462962962962964,1533,112,167,6791,4453,461,161,60,51.61607142857143,2.5,3.783488287292155,2.0,9.521739130434783,1533,112,167,6787,4452,460,Tim Graham,0.13235990528808209
django,2023Q4,149,48,49.666666666666664,2.1805555555555554,5.995315981113846,2.0,13.181208053691275,1964,138,257,7745,1656,399,148,47,49.666666666666664,2.111111111111111,6.030869210703947,2.0,13.182432432432432,1951,138,256,7727,1635,392,Tim Graham,0.13235990528808209
django,2024Q1,163,50,53.030534351145036,2.5,3.9678529828052627,4.0,12.300613496932515,2005,131,249,6936,2363,568,161,49,53.030534351145036,2.5,3.9678529828052627,4.0,12.453416149068323,2005,131,249,6902,2361,566,Tim Graham,0.13235990528808209
django,2024Q2,111,49,54.038167938931295,1.8333333333333333,3.305844050273398,2.0,11.072072072072071,1229,131,153,6930,1008,307,107,48,54.038167938931295,1.8333333333333333,3.335790076900325,2.0,11.467289719626168,1227,131,153,6907,1004,303,Tim Graham,0.13235990528808209
django,2024Q3,171,67,54.65384615384615,2.5,3.7864030472513823,2.0,10.216374269005849,1747,104,223,7747,3080,394,166,66,54.277227722772274,2.5,3.7929564059784773,3.0,10.524096385542169,1747,101,223,7720,3079,387,Tim Graham,0.13235990528808209
django,2024Q4,175,63,52.278688524590166,1.8285714285714287,3.199812079266884,1.0,9.571428571428571,1675,183,195,8883,4508,445,167,62,52.285714285714285,1.8,3.22313914857578,2.0,9.982035928143713,1667,182,194,8819,4487,432,Tim Graham,0.13235990528808209
django,2025Q1,162,47,53.23571428571429,2.0,3.1342805355968273,5.0,11.981481481481481,1941,140,172,7347,2438,562,156,46,53.23529411764706,2.0,3.164634837419288,5.0,12.403846153846153,1935,136,171,7288,2382,548,Tim Graham,0.13235990528808209
django,2025Q2,143,56,50.98979591836735,2.909090909090909,4.404313055365687,2.0,10.055944055944057,1438,98,184,8200,1486,349,134,55,51.126315789473686,2.9545454545454546,4.317497176736308,2.0,10.007462686567164,1341,95,182,8017,1350,330,Tim Graham,0.13235990528808209
django,2025Q3,152,47,47.909774436090224,2.232142857142857,4.056102177904295,3.0,15.039473684210526,2286,931,246,10222,4177,917,147,46,47.910752688172046,2.2142857142857144,4.112638176748176,3.0,15.380952380952381,2261,930,243,10057,3913,885,Tim Graham,0.13235990528808209
django,2025Q4,154,60,52.32432432432432,3.0,3.349283231725008,3.0,11.474025974025974,1767,111,141,6317,1793,428,148,59,52.33644859813084,3.0,3.3715810873234795,3.0,11.594594594594595,1716,107,138,6050,1697,401,Tim Graham,0.13235990528808209
django,2026Q1,168,74,52.980645161290326,3.0,3.9527274501809186,2.0,7.267857142857143,1221,155,102,9422,4067,480,158,73,53.0735294117647,2.347826086956522,3.941359650187558,2.0,7.525316455696203,1189,136,97,9147,3874,435,Tim Graham,0.13235990528808209
django,2026Q2,178,59,47.67158671586716,2.7142857142857144,4.36432720599234,4.0,14.57865168539326,2595,271,340,13721,6028,551,158,58,47.050980392156866,2.75,4.409203188537599,4.0,15.91139240506329,2514,255,332,12748,5168,498,Tim Graham,0.13235990528808209
sqlalchemy,2014Q1,236,15,62.08554572271387,3.0,5.116178356490528,3.0,20.8135593220339,4912,339,1134,13985,4628,738,20,14,56.07142857142857,3.4,4.074074074074074,3.5,13.9,278,14,31,504,230,31,Mike Bayer,0.7089552238805971
sqlalchemy,2014Q2,120,23,44.64835164835165,2.3636363636363638,3.946870524615534,2.0,12.2,1464,91,262,5206,2784,344,51,22,48.666666666666664,1.631578947368421,3.467460349233462,1.0,9.490196078431373,484,24,64,2066,1264,170,Mike Bayer,0.7089552238805971
sqlalchemy,2014Q3,290,15,42.79719188767551,2.857142857142857,5.223105150657654,4.0,47.42758620689655,13754,641,1534,36995,24825,1077,57,14,42.6412213740458,2.0,4.304129862332094,2.0,135.89473684210526,7746,131,462,11906,9903,277,Mike Bayer,0.7089552238805971
sqlalchemy,2014Q4,127,16,45.57142857142857,2.590909090909091,5.047040601651328,2.0,15.283464566929133,1941,70,406,8044,5224,305,31,15,39.857142857142854,2.0,2.8534025374855823,1.0,4.193548387096774,130,7,20,362,134,67,Mike Bayer,0.7089552238805971
sqlalchemy,2015Q1,153,15,55.06206896551724,2.9166666666666665,4.562745128389647,3.0,25.915032679738562,3965,290,790,10556,3749,597,19,14,42.0,3.5,4.008928571428571,3.0,5.473684210526316,104,1,22,423,128,42,Mike Bayer,0.7089552238805971
sqlalchemy,2015Q2,135,16,43.74193548387097,2.775,5.774481415943001,4.0,10.525925925925925,1421,62,251,6512,1887,307,23,15,58.0,2.25,2.6979591836734693,5.0,6.695652173913044,154,6,9,309,72,41,Mike Bayer,0.7089552238805971
sqlalchemy,2015Q3,90,9,42.14492753623188,4.666666666666667,6.500776332047702,5.5,30.1,2709,69,842,9564,4096,251,16,8,,3.5,6.384615384615385,2.5,6.625,106,0,27,306,40,24,Mike Bayer,0.7089552238805971
sqlalchemy,2015Q4,81,14,43.08,2.0,5.742407419036455,2.0,9.925925925925926,804,25,135,4043,1097,172,15,13,,1.0,1.1666666666666667,2.0,2.2,33,0,1,96,31,28,Mike Bayer,0.7089552238805971
sqlalchemy,2016Q1,128,13,51.58278145695364,3.267857142857143,7.810744753941877,3.0,27.8515625,3565,302,987,9657,3825,480,15,12,39.6,1.25,13.816849816849818,3.0,14.2,213,5,57,854,61,23,Mike Bayer,0.7089552238805971
sqlalchemy,2016Q2,77,30,47.967213114754095,3.5454545454545454,8.414049356938662,7.0,26.98701298701299,2078,61,562,6429,859,239,39,29,42.375,3.5454545454545454,12.065897518946297,12.0,45.30769230769231,1767,32,495,4328,309,128,Mike Bayer,0.7089552238805971
sqlalchemy,2016Q3,66,13,37.5625,2.0,3.8472397706561936,3.0,12.045454545454545,795,16,156,3280,976,167,15,12,46.0,2.0,3.3281746031746033,3.0,8.4,126,3,24,333,78,33,Mike Bayer,0.7089552238805971
sqlalchemy,2016Q4,69,14,46.74,1.6666666666666667,3.3356722512460215,3.0,11.014492753623188,760,50,116,3020,881,203,16,13,46.8,1.0317460317460319,3.2373015873015873,3.5,22.125,354,5,44,639,376,76,Mike Bayer,0.7089552238805971
sqlalchemy,2017Q1,89,14,58.857142857142854,4.0,5.140504957526915,4.0,23.51685393258427,2093,217,427,19485,11843,629,15,13,5.0,1.3333333333333333,3.463967405143876,2.0,13.933333333333334,209,5,56,12234,10526,199,Mike Bayer,0.7089552238805971
sqlalchemy,2017Q2,82,11,48.97849462365591,3.5,5.820754233145714,10.0,20.75609756097561,1702,93,337,5941,1433,212,12,10,32.0,1.25,5.597222222222221,2.0,15.833333333333334,190,1,54,371,50,20,Mike Bayer,0.7089552238805971
sqlalchemy,2017Q3,95,6,47.55294117647059,4.0,4.5716489573031165,2.0,14.715789473684211,1398,85,281,6727,4009,264,5,5,,2.7,7.183333333333334,2.0,13.2,66,0,26,141,9,11,Mike Bayer,0.7089552238805971
sqlalchemy,2017Q4,49,11,52.0,3.0,3.9903955969504747,6.0,18.918367346938776,927,22,211,3370,802,130,11,10,54.0,1.5,2.864761904761905,1.0,16.272727272727273,179,3,38,527,39,33,Mike Bayer,0.7089552238805971
sqlalchemy,2018Q1,81,13,59.61538461538461,2.3796296296296298,3.9206771388836605,4.0,14.197530864197532,1150,234,248,4662,1089,362,14,12,61.166666666666664,4.0,5.991974691974692,7.0,23.142857142857142,324,6,88,876,93,34,Mike Bayer,0.7089552238805971
sqlalchemy,2018Q2,59,12,46.77777777777778,3.0,10.999051770597823,5.0,35.45762711864407,2092,108,502,7210,2286,178,13,11,53.4,1.4285714285714286,1.938961038961039,4.0,5.384615384615385,70,5,13,384,61,29,Mike Bayer,0.7089552238805971
sqlalchemy,2018Q3,55,16,47.9,3.0,4.429430199430199,6.0,13.8,759,40,211,3490,415,134,16,15,46.23076923076923,3.0,3.545970695970696,6.0,11.5625,185,13,47,505,60,35,Mike Bayer,0.7089552238805971
sqlalchemy,2018Q4,76,17,44.98159509202454,3.6666666666666665,4.669198944820114,5.0,33.81578947368421,2570,326,408,13535,6259,318,18,16,49.829268292682926,2.5,3.0168067226890756,5.0,19.944444444444443,359,41,66,734,356,42,Mike Bayer,0.7089552238805971
sqlalchemy,2019Q1,85,18,56.2,3.289824348879467,3.8212393138454814,6.0,303.08235294117645,25762,295,1189,125520,89276,1427,18,17,43.0,3.7,5.144629267232007,3.5,14.055555555555555,253,8,61,813,493,100,Mike Bayer,0.7089552238805971
sqlalchemy,2019Q2,88,13,46.768,3.0,3.8083685513266388,4.0,64.64772727272727,5689,250,1264,15286,7969,509,13,12,52.38709677419355,4.0,5.673076923076924,6.0,13.923076923076923,181,31,37,832,81,30,Mike Bayer,0.7089552238805971
sqlalchemy,2019Q3,84,13,48.64,4.777777777777778,5.387775294496613,13.5,52.26190476190476,4390,200,881,14550,6143,373,12,12,48.28,4.0,3.7310660432071914,10.5,34.666666666666664,416,25,85,1359,182,73,Mike Bayer,0.7089552238805971
sqlalchemy,2019Q4,111,18,47.31935047361299,3.264705882352941,4.533041527821523,4.0,61.36036036036036,6811,739,1390,23673,13366,525,31,17,45.76470588235294,1.95,4.480820888513197,2.0,18.451612903225808,572,17,131,2084,680,88,Mike Bayer,0.7089552238805971
sqlalchemy,2020Q1,113,10,51.39055793991416,3.1625,6.030709400716562,7.0,56.88495575221239,6428,466,1110,16301,9518,924,44,9,50.91935483870968,2.0,5.001230138777153,2.0,28.636363636363637,1260,62,198,5142,3187,283,Mike Bayer,0.7089552238805971
sqlalchemy,2020Q2,152,15,48.871766029246345,3.6266932270916334,4.351812178220778,9.5,108.46710526315789,16487,889,2152,39302,25546,1253,68,14,48.38709677419355,3.6666666666666665,4.414601020112062,5.0,28.544117647058822,1941,62,242,6588,6528,331,Mike Bayer,0.7089552238805971
sqlalchemy,2020Q3,155,20,46.22837370242215,3.5714285714285716,6.0517622004449,10.0,84.75483870967741,13137,578,3121,45963,22171,1132,63,19,50.23972602739726,2.9444444444444446,5.8580718051398115,9.0,40.80952380952381,2571,146,526,10416,3985,400,Mike Bayer,0.7089552238805971
sqlalchemy,2020Q4,125,14,48.73267326732673,3.466666666666667,5.217580386711548,9.0,32.184,4023,202,785,19704,11992,629,30,13,39.724137931034484,1.7461538461538462,3.074386169386169,8.5,22.633333333333333,679,29,135,1837,1216,116,Mike Bayer,0.7089552238805971
sqlalchemy,2021Q1,192,13,50.242705570291776,3.375,5.802203560553012,8.0,43.520833333333336,8356,754,1797,32859,14466,1245,47,12,48.5,3.2,4.89953808122373,8.0,51.87234042553192,2438,124,385,6756,2989,269,Mike Bayer,0.7089552238805971
sqlalchemy,2021Q2,222,21,47.31474103585657,2.75,3.8930650603607653,4.0,16.644144144144143,3695,251,677,13752,2657,744,60,20,46.642857142857146,2.2857142857142856,4.215144302401812,3.0,19.483333333333334,1169,28,200,2780,1023,190,Mike Bayer,0.7089552238805971
sqlalchemy,2021Q3,133,21,56.5948275862069,3.4285714285714284,6.076731412726767,6.0,32.421052631578945,4312,464,956,18339,8241,896,64,20,60.17230769230769,3.0,7.420431821446682,5.5,41.078125,2629,325,667,12110,6698,657,Mike Bayer,0.7089552238805971
sqlalchemy,2021Q4,150,20,46.344430217669654,3.4285714285714284,5.366250628344666,10.5,95.1,14265,781,1958,39539,42441,1461,51,19,45.2515923566879,2.6666666666666665,5.260336054279725,6.0,157.9607843137255,8056,314,885,15099,13283,739,Mike Bayer,0.7089552238805971
sqlalchemy,2022Q1,142,18,51.03856749311295,2.681998021760633,4.405269551194416,8.0,196.20422535211267,27861,726,4574,45423,25291,1462,31,17,45.04347826086956,1.5,4.531818221439768,4.0,40.29032258064516,1249,23,279,2894,1122,184,Mike Bayer,0.7089552238805971
sqlalchemy,2022Q2,127,13,44.90880503144654,2.968406593406593,4.743954077201279,12.0,145.96850393700788,18538,636,3186,31223,10820,1023,31,12,48.205882352941174,2.0,3.6635046680227403,9.0,19.70967741935484,611,34,130,2000,683,132,Mike Bayer,0.7089552238805971
sqlalchemy,2022Q3,123,13,48.18872549019608,3.5941176470588236,4.99383979444406,15.0,74.95121951219512,9219,408,1754,28082,13433,598,34,12,48.357142857142854,2.625,4.111550127231884,8.5,32.3235294117647,1099,28,179,3851,1042,156,Mike Bayer,0.7089552238805971
sqlalchemy,2022Q4,158,14,48.59611650485437,3.267857142857143,4.557200991355048,10.0,50.79113924050633,8025,515,1123,24897,7607,833,42,13,45.691588785046726,2.945945945945946,5.030103566773248,22.5,100.28571428571429,4212,107,427,10955,4744,380,Mike Bayer,0.7089552238805971
sqlalchemy,2023Q1,194,24,55.72906403940887,2.5,5.044333594527654,6.0,25.989690721649485,5042,406,891,16500,4703,807,55,23,51.16216216216216,2.3292682926829267,3.590190102405301,10.0,33.43636363636364,1839,37,245,3705,1713,200,Mike Bayer,0.7089552238805971
sqlalchemy,2023Q2,145,28,46.4054054054054,2.8333333333333335,3.771218273557158,5.0,28.717241379310344,4164,296,723,21244,11040,931,56,27,42.494505494505496,2.5,4.052783391823389,6.0,25.5,1428,91,232,10533,9089,625,Mike Bayer,0.7089552238805971
sqlalchemy,2023Q3,88,20,46.28352490421456,3.0,4.583535172746957,7.5,34.57954545454545,3043,261,654,8733,3037,375,36,19,46.44390243902439,4.017857142857142,6.0103492756359,11.0,65.47222222222223,2357,205,558,5058,2644,213,Mike Bayer,0.7089552238805971
sqlalchemy,2023Q4,93,19,40.17142857142857,2.142857142857143,3.815176485843378,4.0,28.344086021505376,2636,350,428,8667,4028,504,40,18,37.59047619047619,1.3125,2.395656310595335,4.5,25.525,1021,210,157,4476,2580,326,Mike Bayer,0.7089552238805971
sqlalchemy,2024Q1,77,22,61.552188552188554,2.166666666666667,3.2042291338770617,6.0,49.714285714285715,3828,297,259,7515,5394,789,39,21,52.40909090909091,1.6888888888888889,2.5685723123730213,8.0,79.2051282051282,3089,22,131,4992,4296,429,Mike Bayer,0.7089552238805971
sqlalchemy,2024Q2,61,16,43.92982456140351,2.4,4.608037928903363,11.0,18.295081967213115,1116,114,178,4237,1538,157,34,15,45.65217391304348,1.9117647058823528,4.623269579115595,11.5,18.735294117647058,637,23,106,2173,1086,89,Mike Bayer,0.7089552238805971
sqlalchemy,2024Q3,59,17,50.83168316831683,3.0,4.379034990064402,4.0,11.389830508474576,672,101,103,3447,561,159,27,16,51.895833333333336,2.5,4.8678333333333335,5.0,13.407407407407407,362,48,42,1359,243,83,Mike Bayer,0.7089552238805971
sqlalchemy,2024Q4,61,16,50.07368421052632,2.25,5.852937436773828,5.0,89.08196721311475,5434,95,869,11376,5808,433,32,15,54.7906976744186,2.13006993006993,3.08525584461368,5.5,124.09375,3971,43,634,6796,3854,262,Mike Bayer,0.7089552238805971
sqlalchemy,2025Q1,74,16,59.79178885630498,2.7071428571428573,3.649227155582704,10.5,31.405405405405407,2324,341,355,7335,8408,602,47,15,49.596774193548384,2.2205882352941178,3.253041215964058,9.0,28.085106382978722,1320,62,199,3153,6813,220,Mike Bayer,0.7089552238805971
sqlalchemy,2025Q2,64,13,48.110169491525426,2.2987195722527085,4.47146045780928,10.0,65.9375,4220,118,655,11412,2422,319,38,12,49.96610169491525,2.0,4.710691906497434,7.0,79.34210526315789,3015,59,401,4916,1482,217,Mike Bayer,0.7089552238805971
sqlalchemy,2025Q3,74,18,47.94660194174757,3.9722222222222223,11.17610450096071,19.0,72.54054054054055,5368,206,1047,26683,15926,469,26,17,50.78947368421053,2.3333333333333335,4.927402025067327,16.5,66.07692307692308,1718,38,281,4911,1561,204,Mike Bayer,0.7089552238805971
sqlalchemy,2025Q4,108,20,47.88923076923077,2.842857142857143,5.386798915012291,5.0,33.00925925925926,3565,325,666,20633,11508,610,38,19,48.10919540229885,3.1538461538461537,6.486461910839323,26.0,50.526315789473685,1920,174,308,6283,3210,297,Mike Bayer,0.7089552238805971
sqlalchemy,2026Q1,57,22,57.531969309462916,3.0,3.7054303251077063,10.0,46.50877192982456,2651,391,483,8714,1963,481,31,21,46.017699115044245,2.208333333333333,3.479928051260226,8.0,48.45161290322581,1502,113,330,4549,597,123,Mike Bayer,0.7089552238805971
sqlalchemy,2026Q2,78,29,50.705263157894734,2.166666666666667,3.778177222210319,4.5,32.67948717948718,2549,95,386,8061,2040,367,49,28,50.413333333333334,2.0,3.89911333912259,5.0,41.326530612244895,2025,75,303,5548,1447,295,Mike Bayer,0.7089552238805971
sympy,2014Q1,610,56,42.31582584657913,2.0,6.462171615095926,3.0,34.74426229508197,21194,1447,3559,33935,28383,1478,610,56,42.31582584657913,2.0,6.462171615095926,3.0,34.74426229508197,21194,1447,3559,33935,28383,1478,Oscar Benjamin,0.06266583680020965
sympy,2014Q2,516,50,45.203230148048455,2.0,14.102091606961332,4.0,31.757751937984494,16387,743,3389,28419,71644,1065,516,50,45.203230148048455,2.0,14.102091606961332,4.0,31.757751937984494,16387,743,3389,28419,71644,1065,Oscar Benjamin,0.06266583680020965
sympy,2014Q3,583,35,46.462482946794,2.0,5.48044013492321,5.0,21.77358490566038,12694,733,2091,22272,11491,1347,583,35,46.462482946794,2.0,5.48044013492321,5.0,21.77358490566038,12694,733,2091,22272,11491,1347,Oscar Benjamin,0.06266583680020965
sympy,2014Q4,387,50,47.1284046692607,2.0,3.899421832449001,4.0,11.155038759689923,4317,257,508,8480,4397,778,387,50,47.1284046692607,2.0,3.899421832449001,4.0,11.155038759689923,4317,257,508,8480,4397,778,Oscar Benjamin,0.06266583680020965
sympy,2015Q1,380,59,47.742160278745644,2.0,5.10510592622566,3.0,17.221052631578946,6544,287,740,11070,6350,1463,380,59,47.742160278745644,2.0,5.10510592622566,3.0,17.221052631578946,6544,287,740,11070,6350,1463,Oscar Benjamin,0.06266583680020965
sympy,2015Q2,399,33,45.66347305389222,2.0,6.66321552618389,3.0,33.849624060150376,13506,835,2526,21810,12375,788,399,33,45.66347305389222,2.0,6.66321552618389,3.0,33.849624060150376,13506,835,2526,21810,12375,788,Oscar Benjamin,0.06266583680020965
sympy,2015Q3,574,42,45.32032520325203,2.0,6.291832133861824,5.0,17.538327526132406,10067,615,1582,19139,10608,996,574,42,45.32032520325203,2.0,6.291832133861824,5.0,17.538327526132406,10067,615,1582,19139,10608,996,Oscar Benjamin,0.06266583680020965
sympy,2015Q4,340,49,43.5,2.0,6.097803486313176,2.0,14.352941176470589,4880,254,875,9980,12633,631,340,49,43.5,2.0,6.097803486313176,2.0,14.352941176470589,4880,254,875,9980,12633,631,Oscar Benjamin,0.06266583680020965
sympy,2016Q1,703,81,40.18663761801017,2.0,14.679865955254535,3.0,21.812233285917497,15334,1377,2776,26278,11783,1326,702,80,40.18663761801017,2.0,14.694883024381273,3.0,21.836182336182336,15329,1377,2775,26269,11782,1324,Oscar Benjamin,0.06266583680020965
sympy,2016Q2,691,50,43.440345368916795,2.4285714285714284,7.818974944335367,8.0,23.61794500723589,16320,1274,2577,27354,15292,1132,691,50,43.440345368916795,2.4285714285714284,7.818974944335367,8.0,23.61794500723589,16320,1274,2577,27354,15292,1132,Oscar Benjamin,0.06266583680020965
sympy,2016Q3,603,44,44.93127962085308,2.0,5.4174711941289475,4.0,24.378109452736318,14700,844,2488,23350,16297,950,603,44,44.93127962085308,2.0,5.4174711941289475,4.0,24.378109452736318,14700,844,2488,23350,16297,950,Oscar Benjamin,0.06266583680020965
sympy,2016Q4,292,51,48.78492239467849,2.0,3.7863400523580344,2.0,26.45205479452055,7724,451,1004,11878,8010,481,292,51,48.78492239467849,2.0,3.7863400523580344,2.0,26.45205479452055,7724,451,1004,11878,8010,481,Oscar Benjamin,0.06266583680020965
sympy,2017Q1,451,64,40.52407407407407,1.8333333333333333,4.269786528086602,2.0,15.802660753880266,7127,540,1260,14121,12197,866,451,64,40.52407407407407,1.8333333333333333,4.269786528086602,2.0,15.802660753880266,7127,540,1260,14121,12197,866,Oscar Benjamin,0.06266583680020965
sympy,2017Q2,528,46,48.17594654788419,2.0,11.982286372262015,6.0,46.36931818181818,24483,898,3438,58718,37719,1179,528,46,48.17594654788419,2.0,11.982286372262015,6.0,46.36931818181818,24483,898,3438,58718,37719,1179,Oscar Benjamin,0.06266583680020965
sympy,2017Q3,1036,67,54.968995633187774,2.0,12.331115715173757,4.0,97.83590733590734,101358,2290,16837,150467,108383,2343,1036,67,54.968995633187774,2.0,12.331115715173757,4.0,97.83590733590734,101358,2290,16837,150467,108383,2343,Oscar Benjamin,0.06266583680020965
sympy,2017Q4,553,71,42.416,2.0,14.429743137539086,2.0,33.92224231464738,18759,875,3761,27968,16136,1087,553,71,42.416,2.0,14.429743137539086,2.0,33.92224231464738,18759,875,3761,27968,16136,1087,Oscar Benjamin,0.06266583680020965
sympy,2018Q1,985,67,43.652270210409746,2.0,4.656722328754453,2.0,15.256852791878172,15028,903,2315,25015,13492,1852,985,67,43.652270210409746,2.0,4.656722328754453,2.0,15.256852791878172,15028,903,2315,25015,13492,1852,Oscar Benjamin,0.06266583680020965
sympy,2018Q2,430,40,49.71926605504587,2.0,6.179326837821758,4.0,89.24883720930232,38377,545,5351,54665,31800,791,430,40,49.71926605504587,2.0,6.179326837821758,4.0,89.24883720930232,38377,545,5351,54665,31800,791,Oscar Benjamin,0.06266583680020965
sympy,2018Q3,732,46,47.56320657759507,1.7320574162679425,4.838221266546332,3.0,121.56830601092896,88988,973,4200,115820,87744,1458,724,45,47.514316012725345,1.7207792207792207,4.804442379839148,3.0,122.7196132596685,88849,943,4170,115443,87710,1448,Oscar Benjamin,0.06266583680020965
sympy,2018Q4,534,50,47.55194805194805,2.0,5.058567673301838,2.0,12.097378277153558,6460,308,931,11377,5279,1034,477,49,47.08582089552239,2.0,5.027685543022602,2.0,12.857442348008385,6133,268,867,9881,4422,865,Oscar Benjamin,0.06266583680020965
sympy,2019Q1,1374,75,42.44994944388271,1.5,11.720305449487952,2.0,16.67976710334789,22918,989,4163,36724,25193,2635,1309,74,42.379120879120876,1.5,12.01471485841825,2.0,16.885408708938122,22103,910,4024,34918,23897,2501,Oscar Benjamin,0.06266583680020965
sympy,2019Q2,1222,70,43.0479797979798,1.7142857142857142,4.769762499119617,2.0,12.199672667757774,14908,792,2181,27063,12779,2179,1061,69,43.42112299465241,1.9,5.0911330276488185,2.0,13.247879359095194,14056,748,2142,25591,11629,1920,Oscar Benjamin,0.06266583680020965
sympy,2019Q3,1176,58,21.784510077322853,2.0,4.947403402223952,3.0,61.21513605442177,71989,7889,25554,126721,96412,3044,1082,57,21.318252126836814,2.0,4.763865600689419,3.0,65.46672828096118,70835,7758,25374,124626,95355,2842,Oscar Benjamin,0.06266583680020965
sympy,2019Q4,803,53,41.77857142857143,1.9878048780487805,4.49869532872144,2.0,14.65255292652553,11766,560,2284,24052,15574,1906,606,52,39.84168865435356,2.0,4.882533434322658,2.0,15.057755775577558,9125,379,1782,14943,8222,923,Oscar Benjamin,0.06266583680020965
sympy,2020Q1,1386,75,45.23139528401806,1.5,11.297810383527452,2.0,268.15656565656565,371665,17939,109580,725669,48094,4163,1189,74,45.16353809496135,1.5,7.424044596689817,2.0,304.2052144659378,361700,17207,107686,707878,32237,3645,Oscar Benjamin,0.06266583680020965
sympy,2020Q2,952,61,49.034108527131785,2.0,5.307956631231387,3.0,19.380252100840337,18450,645,2814,37049,25915,2389,871,60,48.51068376068376,2.0,4.7201402956416345,3.0,19.241102181400688,16759,468,2571,34128,24395,2041,Oscar Benjamin,0.06266583680020965
sympy,2020Q3,674,60,46.600931677018636,2.0,4.634628985649398,5.0,28.3486646884273,19107,644,3019,34728,26791,1694,662,59,47.282679738562095,2.0,4.551546321022213,5.0,27.880664652567976,18457,612,2884,32194,25726,1632,Oscar Benjamin,0.06266583680020965
sympy,2020Q4,637,61,50.83815028901734,2.0,4.911067529751248,3.0,15.940345368916798,10154,346,2317,18282,8831,1434,590,60,50.34586466165413,1.9777777777777779,3.6756858984488097,3.0,15.267796610169492,9008,266,2065,16186,8517,1345,Oscar Benjamin,0.06266583680020965
sympy,2021Q1,558,47,39.05269320843092,2.0,7.242194681173648,4.0,32.657706093189965,18223,854,3318,31616,19521,1194,494,46,43.587073608617594,2.0,5.9303991566873,3.5,30.67408906882591,15153,557,2689,25976,16294,1061,Oscar Benjamin,0.06266583680020965
sympy,2021Q2,707,55,43.45158197507191,2.0,5.455880171086178,5.0,24.224893917963225,17127,1043,2764,29953,21579,1571,598,54,43.729088639200995,2.0,5.612843723678482,4.0,23.36622073578595,13973,801,2133,24508,18149,1243,Oscar Benjamin,0.06266583680020965
sympy,2021Q3,808,55,46.65034965034965,1.5138888888888888,4.693325278921711,3.0,17.198019801980198,13896,572,1978,22471,13600,1796,754,54,46.944325481798714,1.5,4.785306548243264,3.0,17.867374005305038,13472,467,1870,21531,13195,1679,Oscar Benjamin,0.06266583680020965
sympy,2021Q4,789,43,43.51575262543757,1.5714285714285714,4.3827197207017505,4.0,25.809885931558934,20364,857,2620,36375,21656,3527,767,42,43.48986889153755,1.65,3.9852920332634034,4.0,24.897001303780964,19096,839,2522,34975,20635,3449,Oscar Benjamin,0.06266583680020965
sympy,2022Q1,574,42,48.40918580375783,1.9069767441860466,3.7156608452569686,3.0,14.590592334494774,8375,479,839,13473,9332,1352,552,41,46.91885441527446,2.0,3.7734348979856867,3.0,14.867753623188406,8207,419,820,13155,9098,1318,Oscar Benjamin,0.06266583680020965
sympy,2022Q2,276,44,48.04504504504504,2.0,5.052338826857242,3.0,32.3731884057971,8935,222,645,12961,9530,677,260,43,47.004975124378106,2.0,5.105744378763877,3.0,34.09615384615385,8865,201,638,12521,8862,620,Oscar Benjamin,0.06266583680020965
sympy,2022Q3,412,47,43.73719676549865,2.0,6.482243231896484,4.0,35.74271844660194,14726,742,1208,22479,14967,908,380,46,43.74741506646972,2.0,6.812455107993538,4.0,37.60263157894737,14289,677,1172,21592,12136,831,Oscar Benjamin,0.06266583680020965
sympy,2022Q4,337,38,53.61139896373057,1.5,5.294148987935563,2.0,13.786350148367953,4646,193,760,8056,92766,622,334,37,53.61139896373057,1.5,5.339254960768794,2.0,13.82934131736527,4619,193,760,8017,92736,610,Oscar Benjamin,0.06266583680020965
sympy,2023Q1,740,54,49.22823984526112,1.5,6.2134700018240645,2.0,20.885135135135137,15455,517,2262,25656,14681,1560,691,53,49.02777777777778,1.4907407407407407,6.270681219356401,2.0,21.489146164978294,14849,360,2167,24399,13962,1435,Oscar Benjamin,0.06266583680020965
sympy,2023Q2,446,43,45.25974025974026,1.5584415584415585,5.964020816452324,2.0,15.269058295964125,6810,231,1234,11646,5266,700,434,42,45.074561403508774,1.6,6.1015265601136175,2.0,14.956221198156681,6491,228,1207,11230,4957,648,Oscar Benjamin,0.06266583680020965
sympy,2023Q3,1306,48,46.74296675191816,2.2,13.506181912904918,3.0,26.145482388973967,34146,2346,7106,65266,31095,2170,1155,47,45.230517354289454,2.075,14.72688405650699,2.0,23.232034632034633,26833,1527,5412,52287,27638,1756,Oscar Benjamin,0.06266583680020965
sympy,2023Q4,360,26,47.39696312364425,2.0,9.97970958327656,4.0,34.83611111111111,12541,461,2650,25948,14604,729,253,25,48.02880658436214,2.0,11.049994090001416,4.0,27.09090909090909,6854,243,1297,13936,11278,413,Oscar Benjamin,0.06266583680020965
sympy,2024Q1,395,49,49.38095238095238,1.3333333333333333,3.997794707393997,2.0,10.417721518987342,4115,105,740,7125,3336,697,356,48,48.25806451612903,1.3333333333333333,4.060178608266196,1.0,9.904494382022472,3526,93,606,6216,3098,623,Oscar Benjamin,0.06266583680020965
sympy,2024Q2,387,39,48.01604278074866,1.625,3.806024286839339,2.0,10.24547803617571,3965,187,507,7846,4525,710,336,38,47.88732394366197,1.5147058823529411,3.6093710045076475,2.0,9.651785714285714,3243,142,291,6512,4075,591,Oscar Benjamin,0.06266583680020965
sympy,2024Q3,367,40,46.650375939849624,2.0,4.336968457954195,2.0,24.71117166212534,9069,532,1562,16009,9336,920,304,39,46.40240963855422,1.9333333333333333,4.551375110479603,2.0,27.75,8436,415,1439,14661,5937,801,Oscar Benjamin,0.06266583680020965
sympy,2024Q4,225,26,46.68681318681319,2.0,3.7733314834072913,3.0,23.40888888888889,5267,182,843,8199,4837,578,176,25,48.21551724137931,2.068627450980392,4.321274594634002,3.0,15.301136363636363,2693,116,525,5084,2349,390,Oscar Benjamin,0.06266583680020965
sympy,2025Q1,392,41,45.88826815642458,1.5,4.599454873243458,2.0,10.84438775510204,4251,179,653,8864,4095,659,373,40,46.07142857142857,1.5,4.643721949246119,2.0,8.788203753351207,3278,154,493,7180,3464,609,Oscar Benjamin,0.06266583680020965
sympy,2025Q2,406,46,50.286184210526315,1.2857142857142858,13.378192912797656,3.0,41.98522167487685,17046,304,2611,24677,16475,832,370,45,49.414746543778804,1.1123737373737375,14.495786526489645,2.5,41.38648648648649,15313,217,2382,22384,15013,649,Oscar Benjamin,0.06266583680020965
sympy,2025Q3,405,43,48.106017191977074,2.0,4.4075987168520925,5.0,43.74320987654321,17716,349,2880,31224,15869,895,355,42,48.066914498141266,2.0,4.780088975851802,5.0,38.177464788732394,13553,269,2405,26423,13000,759,Oscar Benjamin,0.06266583680020965
sympy,2025Q4,221,49,42.36805555555556,1.75,3.6637402451729435,2.0,11.438914027149321,2528,144,412,5762,2111,415,213,48,46.62068965517241,1.6666666666666667,3.677371470181254,2.0,10.901408450704226,2322,87,379,5394,1954,394,Oscar Benjamin,0.06266583680020965
sympy,2026Q1,250,52,58.10071942446043,1.8571428571428572,3.888897487400991,4.0,20.104,5026,139,567,8536,3611,1785,236,51,58.30769230769231,2.0,4.007576656550601,4.0,15.411016949152541,3637,130,379,6269,3289,478,Oscar Benjamin,0.06266583680020965
sympy,2026Q2,242,40,46.21072796934866,1.6666666666666667,4.564052186644545,4.0,15.632231404958677,3783,261,572,6565,3172,436,232,39,46.21072796934866,1.7083333333333335,4.656789208330246,4.0,15.982758620689655,3708,261,567,6368,3049,383,Oscar Benjamin,0.06266583680020965
ipython,2014Q1,620,34,45.36538461538461,2.0,4.6367342769169015,2.0,10.129032258064516,6280,624,1037,27743,23445,1146,620,34,45.36538461538461,2.0,4.6367342769169015,2.0,10.129032258064516,6280,624,1037,27743,23445,1146,Matthias Bussonnier,0.15774730945009582
ipython,2014Q2,420,46,47.526315789473685,1.7142857142857142,8.79720289770572,3.0,20.071428571428573,8430,988,1553,16175,14307,771,420,46,47.526315789473685,1.7142857142857142,8.79720289770572,3.0,20.071428571428573,8430,988,1553,16175,14307,771,Matthias Bussonnier,0.15774730945009582
ipython,2014Q3,336,42,48.2828947368421,2.0,8.076794435796135,4.0,14.44047619047619,4852,304,572,7167,3718,606,327,41,48.18811881188119,2.0,8.269520493280247,4.0,14.749235474006117,4823,303,569,7115,3285,592,Matthias Bussonnier,0.15774730945009582
ipython,2014Q4,585,43,47.83910386965377,1.9,3.6525883078538417,3.0,12.135042735042735,7099,491,1179,11455,12089,1019,574,42,47.77663934426229,1.9583333333333335,3.6761617767973083,3.0,12.289198606271777,7054,488,1176,11391,12021,999,Matthias Bussonnier,0.15774730945009582
ipython,2015Q1,408,31,48.02803738317757,2.0,12.729077553751656,2.0,96.96323529411765,39561,5029,9475,71134,67963,1077,397,30,48.03263032232392,2.0,13.071138571671582,2.0,99.52392947103274,39511,5026,9462,71062,67931,1059,Matthias Bussonnier,0.15774730945009582
ipython,2015Q2,207,24,47.66290983606557,1.875,13.389627352820828,2.0,50.84541062801932,10525,976,2536,20092,97975,538,179,23,47.84927234927235,2.0,15.059882705275093,2.0,57.66480446927374,10322,962,2485,19707,96905,495,Matthias Bussonnier,0.15774730945009582
ipython,2015Q3,75,22,41.18604651162791,1.0,6.386101486048965,2.0,13.146666666666667,986,129,233,1594,1635,109,71,21,41.18604651162791,1.0625,6.79629610585493,2.0,13.746478873239436,976,129,233,1571,1403,104,Matthias Bussonnier,0.15774730945009582
ipython,2015Q4,92,24,50.79710144927536,1.3333333333333333,3.4996322500053845,1.0,6.5,598,69,119,1247,767,136,67,23,50.544117647058826,1.3333333333333333,3.848996458087367,2.0,7.2835820895522385,488,68,103,893,493,90,Matthias Bussonnier,0.15774730945009582
ipython,2016Q1,153,17,49.43840579710145,2.0,5.290129787897476,2.0,8.790849673202615,1345,276,257,2242,1063,228,118,16,49.484962406015036,2.4038461538461537,5.978215618143432,3.0,10.067796610169491,1188,266,220,1982,891,183,Matthias Bussonnier,0.15774730945009582
ipython,2016Q2,226,21,46.78235294117647,1.6666666666666667,2.981674342091595,2.0,11.18141592920354,2527,170,462,3746,4206,349,105,20,47.24264705882353,2.0,3.57303864345531,3.0,16.457142857142856,1728,136,311,2534,3141,182,Matthias Bussonnier,0.15774730945009582
ipython,2016Q3,108,27,51.50666666666667,2.0,3.1488564601467823,2.0,6.305555555555555,681,75,155,1183,1010,157,85,26,51.94285714285714,2.0,3.2147083075654503,2.0,5.752941176470588,489,70,106,832,594,116,Matthias Bussonnier,0.15774730945009582
ipython,2016Q4,84,13,47.29032258064516,1.2,3.960908228306665,3.0,14.380952380952381,1208,62,198,1942,3707,329,72,12,47.29032258064516,1.2403846153846154,4.408395463411506,3.5,16.23611111111111,1169,62,197,1875,3647,313,Matthias Bussonnier,0.15774730945009582
ipython,2017Q1,177,15,46.833333333333336,1.619047619047619,3.353789146937314,2.0,10.418079096045197,1844,114,392,2844,1735,261,125,14,47.83018867924528,1.0,2.2513574571742887,2.0,4.552,569,53,73,898,1098,173,Matthias Bussonnier,0.15774730945009582
ipython,2017Q2,96,30,50.30612244897959,1.8571428571428572,2.8310266947708014,3.5,7.958333333333333,764,49,127,1587,857,173,65,29,51.857142857142854,2.0,2.9503791099773244,4.0,6.415384615384616,417,42,61,968,629,128,Matthias Bussonnier,0.15774730945009582
ipython,2017Q3,73,23,49.72727272727273,1.6956521739130435,3.3691376224843044,2.0,4.890410958904109,357,33,76,890,328,100,61,22,49.25925925925926,1.6956521739130435,3.394486052800114,2.0,5.278688524590164,322,27,70,761,306,85,Matthias Bussonnier,0.15774730945009582
ipython,2017Q4,50,18,50.82142857142857,1.875,2.295744979701319,2.0,10.42,521,56,75,879,856,125,50,18,50.82142857142857,1.875,2.295744979701319,2.0,10.42,521,56,75,879,856,125,Matthias Bussonnier,0.15774730945009582
ipython,2018Q1,59,12,54.625,2.0,9.86151726556832,4.0,12.898305084745763,761,48,125,1350,971,102,59,12,54.625,2.0,9.86151726556832,4.0,12.898305084745763,761,48,125,1350,971,102,Matthias Bussonnier,0.15774730945009582
ipython,2018Q2,66,17,51.55555555555556,1.125,1.8511642475171886,1.0,5.2272727272727275,345,9,47,614,409,96,45,16,51.55555555555556,1.5,2.10133805588351,1.0,5.066666666666666,228,9,33,395,179,55,Matthias Bussonnier,0.15774730945009582
ipython,2018Q3,79,18,48.878787878787875,1.078125,2.567161160831343,1.0,5.430379746835443,429,33,126,1178,657,116,32,17,48.1,1.078125,2.7431976129126867,1.0,5.25,168,10,66,564,301,41,Matthias Bussonnier,0.15774730945009582
ipython,2018Q4,127,35,49.701298701298704,1.5,3.771339823057936,2.0,14.51968503937008,1844,77,133,2440,1700,167,94,34,49.44927536231884,2.0,4.395324929971989,2.0,18.43617021276596,1733,69,123,2147,1613,123,Matthias Bussonnier,0.15774730945009582
ipython,2019Q1,50,16,50.4468085106383,1.75,2.8328722447143497,1.0,5.36,268,47,36,586,305,74,30,15,49.74285714285714,2.0384615384615383,2.8603810541310537,1.5,6.466666666666667,194,35,27,408,258,49,Matthias Bussonnier,0.15774730945009582
ipython,2019Q2,76,24,45.55813953488372,2.0,3.092047930283225,1.0,4.4868421052631575,341,43,42,2132,1723,128,27,23,40.785714285714285,2.5555555555555554,4.261111111111111,4.0,6.925925925925926,187,14,25,294,119,33,Matthias Bussonnier,0.15774730945009582
ipython,2019Q3,32,14,53.5,1.0,2.132828282828283,1.5,6.71875,215,14,46,407,700,65,19,13,54.77777777777778,1.0303030303030303,2.3728114478114484,2.0,7.2105263157894735,137,9,26,270,653,47,Matthias Bussonnier,0.15774730945009582
ipython,2019Q4,97,23,50.00826446280992,1.5,2.971210562414266,2.0,5.835051546391752,566,121,110,1204,1085,144,58,22,49.923809523809524,3.0,4.056203703703703,2.0,7.275862068965517,422,105,96,985,867,83,Matthias Bussonnier,0.15774730945009582
ipython,2020Q1,83,23,55.96666666666667,1.5,2.1030423280423283,1.0,3.6626506024096384,304,30,32,715,623,111,73,22,55.892857142857146,1.5,2.2513975155279504,1.0,4.0,292,28,32,699,590,101,Matthias Bussonnier,0.15774730945009582
ipython,2020Q2,81,22,48.265060240963855,2.0,3.216980358576997,2.0,13.814814814814815,1119,83,204,2046,1079,142,44,21,46.787234042553195,2.0,3.5559829059829062,4.0,16.113636363636363,709,47,137,1093,658,81,Matthias Bussonnier,0.15774730945009582
ipython,2020Q3,46,12,52.75,1.3666666666666667,2.301815233951759,2.0,7.6521739130434785,352,20,44,552,362,55,25,11,54.083333333333336,1.4166666666666665,2.3978174603174605,1.0,4.12,103,12,13,195,98,28,Matthias Bussonnier,0.15774730945009582
ipython,2020Q4,111,32,53.39393939393939,1.3666666666666667,4.549276994123485,1.0,6.72972972972973,747,33,150,1560,939,147,87,31,53.39393939393939,1.2916666666666665,4.974665659111147,1.0,6.666666666666667,580,33,140,1201,652,107,Matthias Bussonnier,0.15774730945009582
ipython,2021Q1,58,14,53.5,1.8,3.1091454644646137,3.0,7.172413793103448,416,10,114,785,545,72,50,13,53.5,2.0,3.2737030411449015,3.5,7.72,386,10,108,635,420,62,Matthias Bussonnier,0.15774730945009582
ipython,2021Q2,57,17,49.166666666666664,2.5,3.326739152320547,3.0,8.368421052631579,477,30,107,780,477,97,31,16,48.125,2.8,3.691758241758242,3.0,5.580645161290323,173,16,22,278,160,33,Matthias Bussonnier,0.15774730945009582
ipython,2021Q3,91,19,37.55384615384615,2.0,3.0585457187569864,2.0,7.923076923076923,721,65,141,1739,949,131,72,18,33.372549019607845,1.8,2.9068662818662814,2.0,8.291666666666666,597,51,100,1051,569,105,Matthias Bussonnier,0.15774730945009582
ipython,2021Q4,278,32,43.65384615384615,1.3333333333333333,2.4639905693580935,0.0,4.874100719424461,1355,52,182,5110,8944,456,192,31,43.85,1.3333333333333333,2.390185947460195,0.0,3.1927083333333335,613,40,62,3845,4981,302,Matthias Bussonnier,0.15774730945009582
ipython,2022Q1,95,30,47.04761904761905,2.0,3.2690421732675254,1.0,7.021052631578947,667,21,75,1759,1197,207,50,29,43.2,2.5,4.105459305459306,3.0,7.02,351,10,43,1054,679,131,Matthias Bussonnier,0.15774730945009582
ipython,2022Q2,41,17,47.857142857142854,1.9285714285714286,2.460014005602241,2.0,4.975609756097561,204,14,27,478,380,69,24,16,45.666666666666664,2.0,2.218840579710145,4.0,4.458333333333333,107,9,12,136,106,27,Matthias Bussonnier,0.15774730945009582
ipython,2022Q3,42,16,60.27058823529412,2.0,3.087283691718118,3.0,22.61904761904762,950,85,190,1657,584,100,33,15,60.36144578313253,2.5,3.240460341116079,4.0,27.939393939393938,922,83,186,1575,500,50,Matthias Bussonnier,0.15774730945009582
ipython,2022Q4,118,17,50.97945205479452,2.0,3.180499292805193,3.0,19.449152542372882,2295,146,302,4579,1889,195,92,16,51.32374100719424,2.0,3.140620741979438,3.5,22.032608695652176,2027,139,265,3902,1537,148,Matthias Bussonnier,0.15774730945009582
ipython,2023Q1,112,19,52.22222222222222,1.75,5.589795125728577,3.0,21.973214285714285,2461,117,393,3966,1974,194,78,18,52.21904761904762,1.75,7.216025880108523,3.5,25.923076923076923,2022,105,348,3316,1630,129,Matthias Bussonnier,0.15774730945009582
ipython,2023Q2,39,15,49.21568627450981,1.5,3.7364992754266115,3.0,18.0,702,51,129,1016,302,60,25,14,47.5625,1.5384615384615385,2.673400129282482,3.0,9.2,230,16,31,339,112,36,Matthias Bussonnier,0.15774730945009582
ipython,2023Q3,49,18,57.65217391304348,2.0,3.6002164502164504,3.0,10.693877551020408,524,23,44,774,342,64,34,17,59.583333333333336,2.0,3.4586580086580088,2.5,8.764705882352942,298,12,26,510,273,41,Matthias Bussonnier,0.15774730945009582
ipython,2023Q4,52,10,62.516129032258064,1.25,2.3034447821681865,2.0,7.211538461538462,375,31,56,676,455,84,16,9,63.714285714285715,2.0,1.8944444444444446,1.0,3.75,60,14,19,99,74,17,Matthias Bussonnier,0.15774730945009582
ipython,2024Q1,69,11,54.870370370370374,1.8333333333333333,2.7408828122575035,2.0,12.159420289855072,839,54,123,1311,744,110,33,10,58.48148148148148,2.0,2.7049231328942707,2.0,12.272727272727273,405,27,66,722,394,49,Matthias Bussonnier,0.15774730945009582
ipython,2024Q2,55,14,45.7625,2.0,3.2848432055749135,1.0,6.9818181818181815,384,80,53,1074,700,107,44,13,47.986111111111114,2.0,2.964285714285714,1.0,6.2727272727272725,276,72,38,905,560,94,Matthias Bussonnier,0.15774730945009582
ipython,2024Q3,37,15,61.193548387096776,2.083333333333333,26.511967418546366,4.0,38.0,1406,31,135,4012,904,47,37,15,61.193548387096776,2.083333333333333,26.511967418546366,4.0,38.0,1406,31,135,4012,904,47,Matthias Bussonnier,0.15774730945009582
ipython,2024Q4,88,13,58.529411764705884,1.1515151515151516,2.03876379923034,1.5,12.284090909090908,1081,68,154,2121,3690,237,88,13,58.529411764705884,1.1515151515151516,2.03876379923034,1.5,12.284090909090908,1081,68,154,2121,3690,237,Matthias Bussonnier,0.15774730945009582
ipython,2025Q1,263,20,50.6551724137931,1.5,6.1790132414123695,1.0,25.88212927756654,6807,348,641,30702,30314,636,263,20,50.6551724137931,1.5,6.1790132414123695,1.0,25.88212927756654,6807,348,641,30702,30314,636,Matthias Bussonnier,0.15774730945009582
ipython,2025Q2,63,12,51.84285714285714,1.6666666666666667,3.984060723856642,2.0,11.285714285714286,711,70,114,1594,326,84,63,12,51.84285714285714,1.6666666666666667,3.984060723856642,2.0,11.285714285714286,711,70,114,1594,326,84,Matthias Bussonnier,0.15774730945009582
ipython,2025Q3,94,12,43.56140350877193,2.0625,3.881253014227152,1.0,10.0,940,57,100,2308,637,121,94,12,43.56140350877193,2.0625,3.881253014227152,1.0,10.0,940,57,100,2308,637,121,Matthias Bussonnier,0.15774730945009582
ipython,2025Q4,163,15,55.32876712328767,1.7222222222222223,3.61241455942882,2.0,8.815950920245399,1437,73,136,2919,1398,253,163,15,55.32876712328767,1.7222222222222223,3.61241455942882,2.0,8.815950920245399,1437,73,136,2919,1398,253,Matthias Bussonnier,0.15774730945009582
ipython,2026Q1,65,14,55.93939393939394,1.1801948051948052,2.3809883531006295,2.0,8.8,572,33,49,754,519,113,65,14,55.93939393939394,1.1801948051948052,2.3809883531006295,2.0,8.8,572,33,49,754,519,113,Matthias Bussonnier,0.15774730945009582
ipython,2026Q2,86,27,58.022222222222226,1.0,3.3234650407064197,1.5,5.511627906976744,474,45,64,8979,8711,235,86,27,58.022222222222226,1.0,3.3234650407064197,1.5,5.511627906976744,474,45,64,8979,8711,235,Matthias Bussonnier,0.15774730945009582
pytest,2014Q1,83,11,46.1025641025641,1.6666666666666667,3.8614861034483146,2.0,17.63855421686747,1464,39,179,3631,2572,176,77,10,46.1025641025641,1.6666666666666667,3.8614861034483146,2.0,19.01298701298701,1464,39,179,3523,2444,171,Bruno Oliveira,0.17702070808283232
pytest,2014Q2,59,12,51.25,2.270833333333333,3.020186006501366,1.0,7.440677966101695,439,16,34,1125,705,110,58,11,51.25,2.270833333333333,3.020186006501366,1.0,7.568965517241379,439,16,34,1122,702,109,Bruno Oliveira,0.17702070808283232
pytest,2014Q3,80,12,46.34615384615385,1.5,3.7029280665954203,1.0,7.4375,595,26,77,1462,2194,158,66,11,44.294117647058826,1.5,3.0083541295306,1.0,4.96969696969697,328,17,43,1001,1919,115,Bruno Oliveira,0.17702070808283232
pytest,2014Q4,46,10,52.276315789473685,1.9210526315789473,3.3260386890156624,2.0,15.130434782608695,696,76,66,1407,1013,97,42,9,52.885714285714286,1.8099415204678362,3.354549160634687,2.0,15.5,651,70,63,1281,969,91,Bruno Oliveira,0.17702070808283232
pytest,2015Q1,35,15,53.857142857142854,2.0,2.9157869012707724,1.0,5.571428571428571,195,21,12,785,256,64,33,14,53.55555555555556,2.0,2.8289446888237215,1.0,5.696969696969697,188,18,12,751,234,62,Bruno Oliveira,0.17702070808283232
pytest,2015Q2,115,16,47.33009708737864,2.178125,3.1127954007898047,6.0,18.104347826086958,2082,103,302,4568,4572,327,102,15,47.135416666666664,2.178125,2.992367709952514,7.0,19.931372549019606,2033,96,298,4385,4549,306,Bruno Oliveira,0.17702070808283232
pytest,2015Q3,187,29,47.924369747899156,2.5,4.99598598339151,3.0,11.636363636363637,2176,119,415,5373,1424,334,124,28,48.85294117647059,2.0,4.46982766395482,2.5,8.5,1054,68,200,3199,1118,200,Bruno Oliveira,0.17702070808283232
pytest,2015Q4,98,18,40.873333333333335,1.25,4.271366639020507,1.0,29.020408163265305,2844,150,417,6432,3567,179,69,17,39.68,1.2,3.1584086203651425,1.0,5.420289855072464,374,25,68,982,532,86,Bruno Oliveira,0.17702070808283232
pytest,2016Q1,80,24,51.61842105263158,1.5,3.361395581983817,3.0,8.2875,663,76,117,1995,476,128,58,23,52.608695652173914,1.5,3.7011309383673425,3.0,9.724137931034482,564,69,103,1537,398,87,Bruno Oliveira,0.17702070808283232
pytest,2016Q2,114,34,51.370370370370374,1.7083333333333335,4.994646745114659,3.0,8.859649122807017,1010,54,119,3068,1366,237,103,33,51.28,1.9375,5.473837736337737,3.0,8.883495145631068,915,50,105,2855,1207,220,Bruno Oliveira,0.17702070808283232
pytest,2016Q3,156,35,49.98224852071006,2.0,3.0713243039391647,2.0,13.314102564102564,2077,169,357,4856,3880,302,98,34,49.325581395348834,2.0,3.157021447719122,2.0,16.683673469387756,1635,129,283,3117,2894,172,Bruno Oliveira,0.17702070808283232
pytest,2016Q4,79,26,48.35,2.0,6.48832288239068,2.0,6.6835443037974684,528,20,127,2173,1061,176,47,25,44.5,2.0,4.936387686387686,2.0,5.8936170212765955,277,10,38,1027,414,80,Bruno Oliveira,0.17702070808283232
pytest,2017Q1,97,22,44.371428571428574,1.3333333333333333,2.2691970174055034,3.0,7.237113402061856,702,35,99,1803,1052,325,64,21,43.3448275862069,1.4782608695652173,2.3796854454978025,3.0,7.484375,479,29,67,1216,734,180,Bruno Oliveira,0.17702070808283232
pytest,2017Q2,74,20,55.81967213114754,2.25,6.310506854256854,3.0,17.5,1295,122,300,2386,1217,135,49,19,56.48245614035088,2.375,6.561365204843465,5.0,20.653061224489797,1012,114,243,1757,999,80,Bruno Oliveira,0.17702070808283232
pytest,2017Q3,181,31,46.473684210526315,1.425,4.021206156952161,3.0,9.94475138121547,1800,95,449,4985,3775,680,141,30,43.734939759036145,1.1428571428571428,4.258676190873649,3.0,10.177304964539006,1435,83,391,3923,3292,575,Bruno Oliveira,0.17702070808283232
pytest,2017Q4,136,26,53.18390804597701,1.7894736842105263,3.2177262484189537,2.0,10.220588235294118,1390,87,223,3381,2092,293,91,25,53.573170731707314,2.0,3.8212439873675947,3.0,11.538461538461538,1050,82,184,2239,1355,175,Bruno Oliveira,0.17702070808283232
pytest,2018Q1,226,31,50.49107142857143,2.0,6.553391454224789,3.0,10.694690265486726,2417,112,471,5920,3429,372,160,30,48.47727272727273,2.0,8.182920032723182,3.0,12.33125,1973,88,414,4002,2214,255,Bruno Oliveira,0.17702070808283232
pytest,2018Q2,146,29,49.1088295687885,2.0,23.77299762793838,1.5,136.4794520547945,19926,974,3858,36928,31866,570,123,28,49.1088295687885,2.0,26.83047016517009,2.0,161.5691056910569,19873,974,3854,36766,31718,541,Bruno Oliveira,0.17702070808283232
pytest,2018Q3,269,35,56.33846153846154,2.0,2.7865133857688202,3.0,8.762081784386616,2357,130,372,6273,3826,577,150,34,52.43023255813954,1.8,2.8296642775214202,2.0,7.366666666666666,1105,86,170,3361,2454,282,Bruno Oliveira,0.17702070808283232
pytest,2018Q4,295,29,52.06976744186046,2.0,2.9242255052128736,2.0,8.264406779661018,2438,129,302,6122,4831,742,237,28,50.99009900990099,1.8,3.0209260919351775,2.0,7.962025316455696,1887,101,235,4727,3202,572,Bruno Oliveira,0.17702070808283232
pytest,2019Q1,196,30,53.36363636363637,2.0,3.709967428500788,2.0,6.964285714285714,1365,77,191,7770,5486,391,153,29,53.029411764705884,2.0,3.551485748976797,2.0,6.176470588235294,945,68,128,2655,1284,302,Bruno Oliveira,0.17702070808283232
pytest,2019Q2,267,28,47.28776978417266,1.5,3.1013732475777296,2.0,10.044943820224718,2682,139,303,6809,6326,1198,202,27,45.98,1.75,3.3159927224725165,2.0,10.396039603960396,2100,100,214,5180,4028,964,Bruno Oliveira,0.17702070808283232
pytest,2019Q3,145,31,55.4,2.0,3.187667195521346,3.0,10.76551724137931,1561,110,161,3853,1683,291,108,30,59.62162162162162,2.0,2.826234901372859,3.0,11.25,1215,74,108,2375,916,220,Bruno Oliveira,0.17702070808283232
pytest,2019Q4,220,37,54.78313253012048,1.6666666666666667,3.1327759700301905,2.0,9.322727272727272,2051,83,232,6940,4366,454,199,36,54.8,1.5857142857142859,2.6840701485231557,2.0,8.633165829145728,1718,70,182,6142,3841,392,Bruno Oliveira,0.17702070808283232
pytest,2020Q1,266,19,50.4,1.6,2.6674080721816877,2.0,8.334586466165414,2217,105,274,5932,3410,542,240,18,49.47191011235955,1.5916666666666668,2.5030274207350014,2.0,8.245833333333334,1979,89,237,4978,2881,500,Bruno Oliveira,0.17702070808283232
pytest,2020Q2,291,26,47.24786324786325,1.875,3.8847814055008496,6.0,21.852233676975946,6359,351,630,11490,6522,715,263,25,47.2007299270073,1.8,3.989254806737911,7.0,22.596958174904945,5943,274,555,9777,6021,639,Bruno Oliveira,0.17702070808283232
pytest,2020Q3,152,17,52.43809523809524,1.7391304347826086,3.495112904732494,5.5,22.414473684210527,3407,525,285,6698,5748,555,121,16,52.50411522633745,1.7786561264822134,3.5695571954225502,7.0,25.90909090909091,3135,486,245,5606,4449,462,Bruno Oliveira,0.17702070808283232
pytest,2020Q4,154,37,54.84615384615385,1.375,2.642653536175365,2.0,17.27922077922078,2661,78,202,11323,8646,615,145,36,53.06944444444444,1.3454545454545455,2.6229197024049395,2.0,15.889655172413793,2304,72,134,10443,8243,596,Bruno Oliveira,0.17702070808283232
pytest,2021Q1,97,24,57.48192771084337,1.6153846153846154,2.797340601190851,4.0,9.536082474226804,925,83,104,2013,1164,238,89,23,55.76470588235294,1.576923076923077,2.8181213401037506,4.0,9.426966292134832,839,68,90,1787,1032,221,Bruno Oliveira,0.17702070808283232
pytest,2021Q2,63,22,53.8,1.5,3.749506850629545,1.0,10.11111111111111,637,25,53,1723,910,151,58,21,53.8,1.6666666666666667,3.8787510872456203,1.0,10.827586206896552,628,25,53,1683,897,144,Bruno Oliveira,0.17702070808283232
pytest,2021Q3,43,19,47.388888888888886,1.2571428571428571,2.2418168952259863,3.0,12.44186046511628,535,18,82,1042,653,120,40,18,40.84615384615385,1.243956043956044,2.3403041403041405,2.5,8.175,327,13,57,739,461,106,Bruno Oliveira,0.17702070808283232
pytest,2021Q4,126,25,52.43939393939394,1.7154761904761904,2.786160887942562,3.0,14.523809523809524,1830,132,290,3679,2372,366,116,24,52.77777777777778,1.7166666666666666,2.7634922459194593,4.0,14.586206896551724,1692,126,275,3406,2181,336,Bruno Oliveira,0.17702070808283232
pytest,2022Q1,69,18,49.417910447761194,2.0,3.451256015226604,2.0,5.2898550724637685,365,67,48,1234,858,125,56,17,48.2,2.0,2.9358554804035437,1.0,4.732142857142857,265,55,38,913,702,94,Bruno Oliveira,0.17702070808283232
pytest,2022Q2,42,24,43.6,2.0,2.403444812162838,3.0,8.571428571428571,360,5,42,656,301,93,37,23,36.5,2.0,2.4574503363363647,3.0,8.405405405405405,311,4,41,538,252,85,Bruno Oliveira,0.17702070808283232
pytest,2022Q3,24,18,56.95238095238095,2.25,4.03015873015873,3.5,7.083333333333333,170,21,34,399,154,37,22,17,56.95238095238095,2.0,4.0245614035087725,3.0,6.636363636363637,146,21,24,365,147,35,Bruno Oliveira,0.17702070808283232
pytest,2022Q4,62,22,50.11,2.0,14.024344650279343,4.0,39.83870967741935,2470,100,357,5142,1095,99,59,21,50.11,2.0,14.574316763057189,4.0,41.644067796610166,2457,100,357,5111,1079,93,Bruno Oliveira,0.17702070808283232
pytest,2023Q1,32,22,54.92307692307692,2.0,2.591002192000377,4.0,14.8125,474,26,49,1008,415,90,30,21,56.59090909090909,2.0,2.612109413143248,4.0,14.9,447,22,46,963,386,86,Bruno Oliveira,0.17702070808283232
pytest,2023Q2,80,25,53.3,2.0,2.980438788140363,4.5,18.075,1446,100,133,3481,2032,293,77,24,53.77173913043478,2.0,2.9643981269952278,4.0,18.4025974025974,1417,92,130,3396,2000,286,Bruno Oliveira,0.17702070808283232
pytest,2023Q3,106,33,55.80612244897959,2.0,2.969459384198689,3.0,9.0,954,98,89,2239,1050,190,99,32,55.619565217391305,2.0,2.9846878611584495,3.0,9.424242424242424,933,92,86,2006,1014,173,Bruno Oliveira,0.17702070808283232
pytest,2023Q4,56,16,51.19047619047619,1.4166666666666665,6.854041594921296,3.5,27.321428571428573,1530,63,165,3355,1302,117,48,15,51.19047619047619,1.3333333333333333,7.20311780918383,6.0,31.458333333333332,1510,63,156,3148,1136,104,Bruno Oliveira,0.17702070808283232
pytest,2024Q1,156,33,50.975,1.9333333333333333,3.2966506579854022,4.0,14.871794871794872,2320,240,375,6065,4508,774,133,32,53.845238095238095,1.6206896551724137,2.9779052768086167,4.0,14.150375939849624,1882,168,299,4453,4090,505,Bruno Oliveira,0.17702070808283232
pytest,2024Q2,100,32,56.82222222222222,1.5,2.6212439183346747,3.0,23.36,2336,90,207,4717,2895,512,91,31,53.7027027027027,1.5,2.3786833587437934,3.0,24.263736263736263,2208,74,183,4196,2807,501,Bruno Oliveira,0.17702070808283232
pytest,2024Q3,41,26,65.29032258064517,3.25,3.4634408602150537,3.0,8.853658536585366,363,31,52,1278,607,105,36,25,65.29032258064517,3.666666666666667,3.727380952380952,4.0,9.86111111111111,355,31,52,1223,593,93,Bruno Oliveira,0.17702070808283232
pytest,2024Q4,84,23,61.16483516483517,2.5,3.228288575512088,3.0,11.595238095238095,974,91,87,3173,2048,281,80,22,61.2,3.0,3.2658280916490963,3.0,12.0625,965,90,87,3042,1698,275,Bruno Oliveira,0.17702070808283232
pytest,2025Q1,67,19,60.311764705882354,3.0,28.316407585362693,5.0,60.149253731343286,4030,340,645,8415,3974,174,58,18,60.47094801223242,3.166666666666667,32.11627789090783,6.0,67.82758620689656,3934,327,629,8067,3886,160,Bruno Oliveira,0.17702070808283232
pytest,2025Q2,62,27,58.18055555555556,2.0,3.478081014845721,4.0,8.53225806451613,529,72,104,1473,688,137,57,26,53.958333333333336,1.9285714285714286,3.4332505729564553,3.0,6.771929824561403,386,48,69,1260,591,123,Bruno Oliveira,0.17702070808283232
pytest,2025Q3,34,16,56.625,4.354166666666666,6.107351678376269,6.0,12.764705882352942,434,56,57,1921,512,135,31,15,56.625,4.375,6.535946309306966,7.0,13.483870967741936,418,56,57,1793,398,99,Bruno Oliveira,0.17702070808283232
pytest,2025Q4,122,22,57.50704225352113,1.7826086956521738,3.5215783517089605,4.0,14.680327868852459,1791,142,248,5177,1820,285,116,21,51.30769230769231,1.5,3.2477225975789,3.0,11.155172413793103,1294,104,153,3456,1731,265,Bruno Oliveira,0.17702070808283232
pytest,2026Q1,56,15,56.91228070175438,2.0,2.681785472211004,3.0,7.357142857142857,412,57,53,1624,569,103,56,15,56.91228070175438,2.0,2.681785472211004,3.0,7.357142857142857,412,57,53,1624,569,103,Bruno Oliveira,0.17702070808283232
pytest,2026Q2,117,32,56.009771986970684,2.4,5.2741988032122356,7.0,25.88888888888889,3029,307,406,6517,2994,244,115,31,55.81578947368421,2.388888888888889,5.323212372206648,7.0,26.191304347826087,3012,304,406,6493,2976,241,Bruno Oliveira,0.17702070808283232
