vintage_quarter,repo_full_name,clone_url,pypi_name,downloads_at_discovery,versions_count_at_discovery,first_pypi_release,first_commit_date,commit_vs_release_gap_days,snapshot_date,snapshot_sha,age_days_at_snapshot,is_young_partial,state_n_files,state_parsed_files,state_parse_rate,state_total_lines,state_n_functions,state_mean_comment_len,state_median_comment_len,state_p90_comment_len,state_mean_complexity,state_median_complexity,state_p90_complexity,state_mean_func_len,state_median_func_len,state_p90_func_len,state_mean_body_len,state_median_body_len,state_p90_body_len,state_mean_docstring_len,state_median_docstring_len,state_p90_docstring_len,state_frac_functions_with_docstring,flow_n_commits,flow_n_contributors,flow_mean_added_comment_len,flow_median_hunk_added,flow_mean_hunk_added,flow_median_added_code_lines_per_commit,flow_mean_added_code_lines_per_commit,flow_total_added_code_lines,flow_total_added_comment_lines,flow_total_added_blank_lines,flow_total_raw_added_lines,flow_total_raw_deleted_lines,flow_total_raw_n_files
2014Q1,wmak/selenate,https://github.com/wmak/selenate.git,selenate,31,7,2014-03-16 19:41:06,2014-03-14T18:42:06-07:00,1,2014-09-12,0fb2a94de05660e49e9ec069e3f97e531f5ad774,180,0,5,5,1.0,251,32,33.666666666666664,33.5,55,1.65625,1.0,3,4.90625,2.5,10,4.90625,2.5,10,0,0.0,0,0.0,25,2,nan,3.125,7.223544973544973,6.0,14.72,368,0,61,717,185,42
2014Q1,coderfi/Flask-Hypertable,https://github.com/coderfi/Flask-Hypertable.git,flask-hypertable,33,3,2014-03-23 07:32:27,2014-03-22T21:56:30-07:00,0,2014-09-19,63e3cb1e8a76df929ed70d419d2a5a0dd2c2e8b3,180,0,19,16,0.8421052631578947,30879,168,5.041958041958042,3.0,3,4.583333333333333,2.0,13,12.214285714285714,4.0,37,11.976190476190476,4.0,35,0.23809523809523808,0.0,0,0.05357142857142857,12,1,28.18918918918919,2.0,157.79260133805587,2.5,2219.8333333333335,26638,74,4221,31278,57,33
2014Q1,tkem/mopidy-podcast,https://github.com/tkem/mopidy-podcast.git,mopidy-podcast,385,15,2014-02-01 18:44:10,2014-02-01T13:02:40+01:00,0,2014-07-31,136929b7a3c7d42603b57529a4fce8359cfbc5cb,180,0,12,10,0.8333333333333334,1890,128,42.044444444444444,40,65,2.5625,2.0,5,8.3828125,6.0,18,7.25,4.0,18,1.1328125,0.0,4,0.2421875,35,1,36.203592814371255,3.1363636363636367,14.033530658654723,28.0,108.37142857142857,3793,167,722,5624,3434,136
2014Q1,Pentusha/cinemate,https://github.com/Pentusha/cinemate.git,cinemate,405,15,2014-01-24 23:15:44,2014-01-24T20:18:35-03:00,-1,2014-07-23,488ad7ab7456727411a9ff89c93ce79273415362,180,0,9,9,1.0,1092,43,21.933333333333334,14,52,2.2790697674418605,2,4,13.069767441860465,10,28,8.465116279069768,6,20,4.604651162790698,5,8,0.5813953488372093,21,1,24.5,1.6470588235294117,8.516400528613222,5.0,75.80952380952381,1592,16,156,3351,1330,132
2014Q1,fhats/py_razor_client,https://github.com/fhats/py_razor_client.git,py_razor_client,19,3,2014-03-09 01:05:33,2014-01-18T12:10:11-05:00,49,2014-09-05,7371d28a32f24d94f606ac76bd0ca6de1edda894,180,0,4,4,1.0,208,17,49.857142857142854,48,75,2,2,4,7.823529411764706,7,18,7.0588235294117645,7,15,0.7647058823529411,0,5,0.23529411764705882,7,1,52.2,1.1428571428571428,27.978571428571428,1.0,25.142857142857142,176,5,48,807,74,15
2014Q1,hackliff/insights,https://github.com/hackliff/insights.git,insights,206,6,2014-01-08 16:01:46,2013-12-02T07:08:10-08:00,37,2014-07-07,a4eae53a1886164db96751d2b0964aa2acb7c2d7,180,0,42,39,0.9285714285714286,2823,107,38.833333333333336,38.0,67,2.97196261682243,2,6,14.373831775700934,10,29,13.981308411214954,10,28,0.3925233644859813,0,1,0.11214953271028037,26,1,40.97173144876325,4.711887727022565,10.664764457442827,116.5,286.38461538461536,7446,1981,1828,12104,12402,337
2014Q1,PragmaticMates/django-detective,https://github.com/PragmaticMates/django-detective.git,django-detective,62,12,2014-01-21 17:29:36,2014-01-21T18:15:18+01:00,0,2014-07-20,f531624311c2c1fe2730cd6e571f6143a3e376e2,180,0,13,13,1.0,513,10,50.2967032967033,52,75,3.3,2.0,4,12,5.0,10,12,5.0,10,0,0.0,0,0.0,7,2,71.0,3.111111111111111,4.432539682539683,16.0,14.285714285714286,100,3,21,129,36,16
2014Q1,watsonpy/watson-html,https://github.com/watsonpy/watson-html.git,watson-html,47,4,2014-03-05 04:54:30,2014-01-21T16:41:04+11:00,42,2014-09-01,e9c58e088945170992d48dd3dbb35512367f3ecf,180,0,4,4,1.0,85,6,35.6,18,67,1.8333333333333333,1.0,6,6,5.0,12,3.1666666666666665,2.0,7,2.8333333333333335,2.0,8,0.5,5,1,57.0,2.25,2.25,0.0,1.2,6,1,1,16,4,5
2014Q1,ronaldoussoren/asl,https://github.com/ronaldoussoren/asl.git,asl,123,3,2014-01-30 15:06:05,2013-05-14T23:45:56+02:00,260,2014-07-29,c53c90b515c62a53acd517b7efa9c35da2dcf2b5,180,0,6,6,1.0,401,12,34,33,54,3.25,2.5,4,10.166666666666666,7.5,22,10.166666666666666,7.5,22,0,0.0,0,0.0,11,1,34.0,7.45,15.366666666666667,1.0,30.454545454545453,335,7,66,2077,67,27
2014Q1,sergeio/text_comparer,https://github.com/sergeio/text_comparer.git,text_comparer,8,1,2014-01-04 21:01:22,2012-10-31T15:00:32-07:00,429,2014-07-03,32d42e65f700d397feec3f855003ffb20b04e8d5,180,0,3,3,1.0,93,9,,,,1.6666666666666667,1,3,10,11,27,6.666666666666667,2,26,3.3333333333333335,1,9,1.0,3,1,3.9,46.5,34.77777777777778,62.0,57.666666666666664,173,10,80,368,170,8
2014Q1,oroulet/python-urx,https://github.com/oroulet/python-urx.git,urx,402,12,2014-01-07 13:43:08,2013-01-08T11:26:54+01:00,364,2014-07-06,914db2a3cc55a61193fd136825fbff1bb419c7b5,180,0,5,5,1.0,1370,110,49.027027027027025,46.5,83,2.6272727272727274,2.0,5,9.536363636363637,7.0,19,7.627272727272727,5.0,16,1.9090909090909092,3.0,4,0.5727272727272728,68,2,59.16216216216216,1.875,17.843283544242595,10.5,38.55882352941177,2622,74,351,3415,2591,117
2014Q1,20tab/twentytab-tree,https://github.com/20tab/twentytab-tree.git,twentytab-tree,100,7,2014-02-13 15:34:10,2014-02-13T07:16:59-08:00,0,2014-08-12,f2c1ced33e6c211bb52a25a7d48155e39fbdc088,180,0,12,11,0.9166666666666666,1161,40,37.833333333333336,38.0,72,2.65,1.0,7,9.275,6.0,19,7.8,5.0,19,1.475,0.0,3,0.475,6,2,nan,1.125,1.1305555555555555,3.5,3.6666666666666665,22,0,0,23,446,13
2014Q1,dgilland/carafe,https://github.com/dgilland/carafe.git,carafe,221,21,2014-03-02 19:39:28,2014-02-27T07:47:39-08:00,3,2014-08-29,f87ad9208094c604eaa57dfd8f848cee71b7daad,180,0,12,11,0.9166666666666666,983,63,38.84,32.5,70,2.142857142857143,2,4,9.777777777777779,6,20,8.603174603174603,5,19,1.1746031746031746,1,3,0.8095238095238095,74,1,48.1219512195122,1.0,2.3176289962130734,1.0,8.905405405405405,659,41,121,1436,1925,150
2014Q1,condense/django-pyodbc-gis,https://github.com/condense/django-pyodbc-gis.git,django-pyodbc-gis,558,4,2014-01-11 02:50:57,2013-12-31T13:06:30+11:00,11,2014-07-10,b9a55e301828c02c079848282461da99516ab315,180,0,8,8,1.0,847,25,42.20809248554913,49,71,4.24,1,10,21.52,7,65,19.12,5,58,2.4,0,6,0.36,35,3,44.197452229299365,5.666666666666667,10.524137931034485,5.0,16.685714285714287,584,157,146,895,81,45
2014Q1,lanius/hunk,https://github.com/lanius/hunk.git,hunk,17,1,2014-02-18 13:02:06,2014-02-18T22:11:27+09:00,-1,2014-08-17,bba04d9fb7f37c378ea41bc934c3a02401e34fe6,180,0,7,7,1.0,334,24,38.4,35,64,2.0833333333333335,1.5,5,6.875,5.5,15,6.5,5.0,15,0.375,0.0,1,0.20833333333333334,0,0,nan,nan,nan,nan,nan,0,0,0,0,0,0
2014Q1,mind1master/rainfall,https://github.com/mind1master/rainfall.git,rainfall,36,4,2014-01-06 13:31:57,2013-11-30T20:15:36+02:00,36,2014-07-05,7cebe5ba724385cfe48a32832bdce2b2be639cb0,180,0,6,6,1.0,732,36,34,26,73,2.638888888888889,2.0,6,12.61111111111111,8.5,36,9.666666666666666,5.0,28,2.9444444444444446,3.0,8,0.5555555555555556,44,2,33.385416666666664,2.125,13.432070291531247,8.0,31.227272727272727,1374,96,293,2449,1381,104
2014Q1,gilles/voyeur,https://github.com/gilles/voyeur.git,voyeur,14,2,2014-02-25 00:05:49,2014-02-24T15:56:21-08:00,0,2014-08-24,76b06d5f8bc3fc3d7f94cc58ee1bc19214384a56,180,0,2,2,1.0,124,6,30.5,29.0,50,2.8333333333333335,2.0,8,10.666666666666666,8.5,27,6.5,4.0,19,4.166666666666667,5.0,8,0.6666666666666666,2,1,24.0,29.875,29.875,47.5,47.5,95,3,28,579,3,10
2014Q1,ramonski/underpy,https://github.com/ramonski/underpy.git,underpy,13,3,2014-03-06 08:27:25,2013-10-17T05:37:56-07:00,139,2014-09-02,ec9ad8b175a594f5323c16118446d593650c4c1e,180,0,2,2,1.0,303,22,42,42.0,42,1.9090909090909092,2.0,3,12.363636363636363,13.0,17,3.590909090909091,3.0,6,8.772727272727273,9.5,13,0.8636363636363636,11,1,42.0,8.0,82.71428571428571,2.0,72.63636363636364,799,4,174,1027,920,17
2014Q1,larsjsol/shellpic,https://github.com/larsjsol/shellpic.git,shellpic,81,15,2014-03-01 20:44:09,2014-02-22T10:43:04-08:00,7,2014-08-28,7985165575a37449211ab39e49b01611161acf17,180,0,8,8,1.0,1365,70,24.336507936507935,13,59,2.9714285714285715,1.0,5,12.614285714285714,5.5,27,11.442857142857143,3.0,27,1.1714285714285715,0.0,4,0.2714285714285714,93,4,36.92011834319526,1.8571428571428572,8.84185491366219,5.0,21.849462365591396,2032,338,484,2928,997,151
2014Q1,devsnd/cherrymusic,https://github.com/devsnd/cherrymusic.git,cherrymusic,218,20,2014-01-24 19:41:32,2012-07-15T15:46:00-07:00,557,2014-07-23,db9b5c015f29c31d5523f6b2ead5c19e5949da12,180,0,43,43,1.0,8464,569,38.12593984962406,40.0,69,2.67311072056239,2,5,10.012302284710017,6,23,9.119507908611599,5,20,0.8927943760984183,0,3,0.2565905096660808,615,11,39.08346456692913,2.0,7.237103838546906,6.0,108.90569105691057,66977,1905,3170,78350,66996,1387
2014Q1,axant/tgapp-resetpassword,https://github.com/axant/tgapp-resetpassword.git,tgapp-resetpassword,53,19,2014-03-31 18:59:33,2014-03-27T04:16:05-07:00,4,2014-09-27,ddabc85430c5d538f33b2e35c1ee2432e3dea011,180,0,11,11,1.0,287,15,38,34.5,69,2.066666666666667,2,4,11,10,31,11,10,31,0,0,0,0.0,10,3,nan,1.125,2.2549019607843137,2.0,5.3,53,0,14,76,146,20
2014Q1,lahwran/tree-of-life,https://github.com/lahwran/tree-of-life.git,treeoflife,15,4,2014-03-22 05:26:23,2013-11-24T00:35:29-07:00,117,2014-09-18,5f78579d69e22ed5a9d8ef7d3ed26f832598782f,180,0,28,25,0.8928571428571429,6373,445,40.45136186770428,40,69,2.651685393258427,2,5,8.325842696629213,5,18,8.042696629213482,5,18,0.28314606741573034,0,0,0.09438202247191012,53,2,39.785714285714285,3.0,24.30364334808007,12.0,113.52830188679245,6017,238,1336,14274,12128,246
2014Q1,thoas/django-leetchi,https://github.com/thoas/django-leetchi.git,django-leetchi,97,21,2014-01-07 08:44:34,2013-01-05T14:10:47-08:00,366,2014-07-06,ad1299cfbabb29791c6e0bc04ae0e4fb58129188,180,0,29,22,0.7586206896551724,2595,25,49.285714285714285,41.5,81,2.28,1,5,17.4,10,33,17.28,10,33,0.12,0,0,0.04,62,1,48.41379310344828,1.9230769230769231,7.43624139976599,5.0,51.41935483870968,3188,58,821,4156,1482,146
2014Q1,shish/sdog,https://github.com/shish/sdog.git,sdog,38,5,2014-03-10 07:32:10,2014-03-10T00:03:12-07:00,0,2014-09-06,cea3fe9b113e69244c51a5f44899334360de8e1a,180,0,4,3,0.75,174,8,35.142857142857146,28,66,1.125,1.0,2,2.75,2.0,7,2.75,2.0,7,0,0.0,0,0.0,1,1,nan,nan,nan,0.0,0.0,0,0,0,1,1,1
2014Q1,spikeekips/serf-python,https://github.com/spikeekips/serf-python.git,serf-python,24,4,2014-03-26 04:38:44,2014-03-12T18:33:26+09:00,13,2014-09-22,513092c933589e6ce5598334448a14a38f19a594,180,0,8,6,0.75,1430,43,37.666666666666664,31.5,82,2.558139534883721,2,6,8.162790697674419,7,17,8.162790697674419,7,17,0,0,0,0.0,19,1,38.333333333333336,3.0,3.200552708616695,5.0,31.473684210526315,598,12,160,2288,678,78
2014Q1,kickstandproject/python-ari,https://github.com/kickstandproject/python-ari.git,python-ari,16,1,2014-01-29 20:47:48,2013-10-12T18:25:44-04:00,108,2014-07-28,43ce09ccaa56390036aba13b556742173a8e740a,180,0,35,35,1.0,3687,228,46.88724584103512,50,75,2.1008771929824563,1.0,4,8.381578947368421,6.0,18,7.6535087719298245,5.0,17,0.7280701754385965,0.0,4,0.21052631578947367,30,1,47.01992753623188,8.166666666666666,15.640485440485442,33.0,84.23333333333333,2527,552,855,5302,394,154
2014Q1,un33k/django-toolware,https://github.com/un33k/django-toolware.git,django-toolware,251,21,2014-01-05 18:13:11,2014-01-05T09:20:16-08:00,0,2014-07-04,7fc9e05b409e3b3e731651f7a6aea6b541f852e7,180,0,20,19,0.95,1093,61,53.36363636363637,54.0,91,2.19672131147541,2,5,8.524590163934427,8,18,6.131147540983607,5,15,2.3934426229508197,3,4,0.639344262295082,0,0,nan,nan,nan,nan,nan,0,0,0,0,0,0
2014Q1,acdha/simple-cloud-site,https://github.com/acdha/simple-cloud-site.git,simple-cloud-site,21,3,2014-03-17 21:18:57,2012-12-03T20:18:59-05:00,468,2014-09-13,242e0e36841a743c6085fdb9b04afbbd8059bf2c,180,0,14,14,1.0,1154,66,47.28846153846154,46.5,73,3.106060606060606,2.0,6,12.242424242424242,6.5,25,11.621212121212121,5.5,25,0.6212121212121212,0.0,1,0.16666666666666666,15,1,47.574074074074076,9.921052631578949,16.174342105263154,8.0,58.6,879,54,340,1325,132,34
2014Q1,dfunckt/django-rules,https://github.com/dfunckt/django-rules.git,rules,424365,22,2014-03-09 15:03:05,2014-03-06T22:46:29+02:00,2,2014-09-05,ea89022d54eba2c7c23beac3ce0d7a2dc2e7fabc,180,0,9,9,1.0,315,44,39.35,46.0,61,1.75,1.0,3,4.681818181818182,3.0,9,4.5,3.0,9,0.18181818181818182,0.0,0,0.022727272727272728,9,2,41.833333333333336,1.0,12.25,1.0,24.22222222222222,218,12,89,798,15,22
2014Q1,soravux/scoop,https://github.com/soravux/scoop.git,scoop,19686,13,2014-01-30 21:23:03,2012-05-11T14:53:55-04:00,629,2014-07-29,65e3b76a08265266d5c64d94ce5bf9078f4fb328,180,0,41,38,0.926829268292683,8464,357,43.22095070422535,50.0,69,3.1092436974789917,2,7,15.266106442577032,8,35,13.882352941176471,6,33,1.3837535014005602,0,3,0.45938375350140054,458,8,44.00336192905171,2.0,24.015103369680297,5.0,327.1484716157205,149834,25878,30196,290304,12578,2725
2014Q2,canassa/minibar,https://github.com/canassa/minibar.git,minibar,1195,10,2014-06-01 02:49:38,2013-09-20T20:21:49-03:00,253,2014-11-28,f08019b9d228d55c060c50e1bafef3615265a946,180,0,3,3,1.0,228,18,39.166666666666664,39.0,57,2.388888888888889,2.0,4,7.444444444444445,5.0,12,7.444444444444445,5.0,12,0,0.0,0,0.0,31,1,36.30769230769231,3.0,6.7445054945054945,3.0,11.258064516129032,349,13,101,544,255,43
2014Q2,Juniper/py-junos-netconify,https://github.com/Juniper/py-junos-netconify.git,junos-netconify,857,5,2014-06-17 17:13:01,2014-01-08T17:30:32-08:00,159,2014-12-14,4c091c4de043dc817bc8ca785dad9d54bc469b79,180,0,9,6,0.6666666666666666,1685,41,47.775510204081634,49,77,1.8048780487804879,1,3,10.634146341463415,6,22,8.902439024390244,5,17,1.7317073170731707,0,5,0.43902439024390244,81,3,51.154574132492115,2.888888888888889,9.219267829540938,9.0,46.82716049382716,3793,951,1062,5915,4144,161
2014Q2,dbridges/sermon,https://github.com/dbridges/sermon.git,sermon,36,8,2014-04-11 13:22:08,2014-04-08T11:43:31-07:00,2,2014-10-08,c7f0529c97dacec7dc29ce99cc0a12b7bb2d26db,180,0,7,7,1.0,698,34,41.22222222222222,42.0,68,2.6470588235294117,1.5,6,14.382352941176471,9.0,36,12,5.5,35,2.3823529411764706,3.0,8,0.5294117647058824,36,1,40.17391304347826,2.3666666666666667,3.514349767055706,13.0,23.22222222222222,836,23,113,998,484,60
2014Q2,asvetlov/bloggertool,https://github.com/asvetlov/bloggertool.git,bloggertool,63,3,2014-05-06 20:26:36,2014-05-03T18:44:31+03:00,3,2014-11-02,f6a5ae5093ca70a579a3ffa40b6baf74ccfc0f4d,180,0,42,39,0.9285714285714286,3595,226,34.82649842271293,31,69,2.079646017699115,1.0,5,7.380530973451328,3.5,19,7.29646017699115,3.5,19,0.084070796460177,0.0,0,0.022123893805309734,10,1,41.51162790697674,1.0,1.1480944712828771,1.0,16.4,164,43,10,227,265,64
2014Q2,urga/djangocms-slideshow,https://github.com/urga/djangocms-slideshow.git,djangocms-slideshow,23,3,2014-05-23 09:48:40,2014-05-22T07:21:13-07:00,0,2014-11-19,7139841efd7a56c22f7e8cb9f5580bcfea66c281,180,0,9,9,1.0,316,14,26.454545454545453,26,29,1.4285714285714286,1.0,3,8.785714285714286,9.0,15,7.785714285714286,6.5,15,1,0.0,4,0.2857142857142857,9,1,nan,1.0,1.0,0.0,0.2222222222222222,2,0,0,66,68,11
2014Q2,micropython/micropython-lib,https://github.com/micropython/micropython-lib.git,micropython-email.feedparser,13,2,2014-05-24 13:07:09,2014-04-01T03:47:14-07:00,53,2014-11-20,1bb98d55cc11089b248cb98e02852a9de70b83ba,180,0,94,92,0.9787234042553191,18052,650,45.021298701298704,46,69,3.663076923076923,2.0,8,14.095384615384615,7.0,36,11.38923076923077,5.0,28,2.706153846153846,0.0,8,0.40923076923076923,376,4,47.93860946745562,3.0,61.59195898395461,2.0,42.744680851063826,16072,1352,2245,23704,2136,505
2014Q2,Veselin-Genadiev/NeedForCryptography,https://github.com/Veselin-Genadiev/NeedForCryptography.git,needforcryptography,262,6,2014-06-27 01:24:23,2014-05-18T08:35:03-07:00,39,2014-12-24,42f4b3dcb6d267390f1283d4cf5d51be0fb6a7bf,180,0,14,14,1.0,710,58,45,46.0,72,2.2241379310344827,2.0,4,7.362068965517241,5.0,16,6.568965517241379,4.0,15,0.7931034482758621,0.0,3,0.2413793103448276,32,1,50.142857142857146,7.0,15.776377480544145,27.5,62.46875,1999,14,514,3816,2492,172
2014Q2,rgalanakis/goless,https://github.com/rgalanakis/goless.git,goless,63,6,2014-06-12 16:20:44,2014-04-14T11:48:04-07:00,58,2014-12-09,ce4931e6305e4b37a9942958a2e52588f8a61320,180,0,7,7,1.0,931,89,44.69047619047619,43.0,67,1.9550561797752808,1,3,7.707865168539326,4,19,6.359550561797753,3,14,1.348314606741573,0,4,0.24719101123595505,137,5,41.9625,2.68,7.152054723054723,4.0,10.306569343065693,1412,80,287,3605,1385,231
2014Q2,MarkusH/django-osm-field,https://github.com/MarkusH/django-osm-field.git,django-osm-field,322,12,2014-05-20 08:03:39,2014-04-24T13:40:30+02:00,25,2014-11-16,b7af3a09d0b95d88a8a14f235b8a75196b0e79e8,180,0,15,15,1.0,586,34,50.84615384615385,59,71,1.6470588235294117,1.0,3,6.764705882352941,6.5,12,5.588235294117647,5.0,11,1.1764705882352942,0.0,5,0.2647058823529412,31,1,50.84615384615385,2.4545454545454546,4.7969500196772925,1.0,13.580645161290322,421,13,103,1232,478,63
2014Q2,antoniobotelho/py-business-calendar,https://github.com/antoniobotelho/py-business-calendar.git,business_calendar,13279,3,2014-06-22 14:13:20,2013-12-11T23:58:24+00:00,192,2014-12-19,f3ef19d166beb01e855124cfbd738ccde5d72938,180,0,3,3,1.0,612,16,36.34285714285714,36,61,4.75,3.0,10,29.4375,18.5,68,18.0625,11.5,52,11.375,10.0,23,1.0,7,1,42.407407407407405,6.666666666666667,36.2952380952381,3.0,78.0,546,27,91,1534,57,12
2014Q2,droundy/visual-hash,https://github.com/droundy/visual-hash.git,visual-hash,135,17,2014-05-30 13:52:12,2014-05-22T06:23:31-07:00,8,2014-11-26,bb4b4897eca81ff7030ab20cc8bbbe4584a91d60,180,0,24,13,0.5416666666666666,2609,67,39.11538461538461,33.0,76,1.5970149253731343,1,4,5.970149253731344,3,17,5.3283582089552235,3,13,0.6417910447761194,0,1,0.22388059701492538,124,3,41.89384288747346,2.6923076923076925,11.708976277251631,10.0,35.71774193548387,4429,471,541,5786,2895,209
2014Q2,boakley/robotframework-hub,https://github.com/boakley/robotframework-hub.git,robotframework-hub,435,13,2014-06-16 15:41:52,2014-06-12T20:26:57-05:00,3,2014-12-13,38f82adeea3f5693ec74266febbb5587b7b4bc32,180,0,10,7,0.7,819,4,45.07142857142857,48.0,59,1,1.0,1,4.25,3.5,7,4.25,3.5,7,0,0.0,0,0.0,32,3,44.76923076923077,1.8333333333333335,8.360647256523546,3.0,31.1875,998,65,207,1626,629,57
2014Q2,saik0/hibget,https://github.com/saik0/hibget.git,hibget,14,2,2014-06-21 04:27:23,2014-06-20T22:10:51-04:00,0,2014-12-18,90b42c915bffb2151aa01e3e3d9826dd78ca6a87,180,0,4,4,1.0,192,13,,,,3.3846153846153846,3,5,8.846153846153847,7,13,8.692307692307692,7,12,0.15384615384615385,0,1,0.15384615384615385,3,1,44.388888888888886,60.1,60.1,2.0,152.66666666666666,458,18,113,613,399,9
2014Q2,thisissoon/Flask-Velox,https://github.com/thisissoon/Flask-Velox.git,flask-velox,36,4,2014-04-24 16:27:11,2014-04-11T07:59:59-07:00,13,2014-10-21,907986b0f14b962fbb8e9e88f03982d6d85e9960,180,0,35,35,1.0,3438,103,42.05,45.5,65,1.5728155339805825,1,3,19.019417475728154,18,31,7.281553398058253,6,14,11.737864077669903,10,21,1.0,64,1,43.421052631578945,7.25,26.164184757249025,24.5,66.28125,4242,38,1322,5794,2213,154
2014Q2,kimvais/ike,https://github.com/kimvais/ike.git,ike,123,8,2014-04-02 09:40:39,2013-09-08T08:53:53-07:00,205,2014-09-29,3d083a22b0141c0bab2dfad9200ab93b4c6ac159,180,0,15,15,1.0,1446,63,25.21505376344086,14,57,2.380952380952381,2,5,11.174603174603174,8,24,10,8,23,1.1746031746031746,0,5,0.23809523809523808,64,2,28.480392156862745,2.5154761904761904,10.282687348011784,18.0,46.8125,2996,204,434,3948,2208,165
2014Q2,olemb/dbfread,https://github.com/olemb/dbfread.git,dbfread,1878998,15,2014-04-08 11:59:19,2012-07-20T18:26:11+02:00,626,2014-10-05,3a2c67bf8bb4e2b884ada69e2eceb174a6380ac2,180,0,11,11,1.0,1064,76,36.06410256410256,35.0,64,2.1315789473684212,1.5,5,8.5,5.0,18,7.565789473684211,5.0,18,0.9342105263157895,0.0,4,0.39473684210526316,239,3,32.875,1.75,4.250082940371957,2.0,9.857740585774058,2356,240,480,4286,3187,349
2014Q2,AyumuKasuga/MimiProxy,https://github.com/AyumuKasuga/MimiProxy.git,mimiproxy,15,2,2014-04-16 18:33:15,2014-03-19T23:38:17+04:00,27,2014-10-13,7ffe4892bb05a377e2c4c4817786b4b802eb2612,180,0,2,1,0.5,118,0,21,21,21,,,,,,,,,,,,,,14,1,21.0,3.8,17.430291005291007,9.0,24.714285714285715,346,10,52,460,367,18
2014Q2,ledil/django-orphaned,https://github.com/ledil/django-orphaned.git,django-orphaned-updated,11,1,2014-04-21 16:06:27,2012-05-03T02:05:05-07:00,718,2014-10-18,69aa4e8dddfc1e7882499a2b68da00b2efd59739,180,0,5,4,0.8,124,0,32.6,28.5,64,,,,,,,,,,,,,,15,7,21.5,1.8888888888888888,2.425925925925926,2.0,3.8,57,2,7,71,44,17
2014Q2,cybertk/mffr,https://github.com/cybertk/mffr.git,mffr,7,1,2014-06-24 09:59:11,2014-06-24T17:47:54+08:00,0,2014-12-21,23fcdedf36273df6c8cfd7b1a8f6fb1b69d6dfe7,180,0,2,1,0.5,172,0,47.111111111111114,63,72,,,,,,,,,,,,,,0,0,nan,nan,nan,nan,nan,0,0,0,0,0,0
2014Q2,gabejackson/django-pycharm-debug-middleware,https://github.com/gabejackson/django-pycharm-debug-middleware.git,django-pycharm-debug-middleware,13,1,2014-06-27 07:11:56,2014-06-27T08:31:19+02:00,0,2014-12-24,52f7ea0381a2e611f6eb60d17b6cb166520db33f,180,0,2,2,1.0,27,1,,,,2,2,2,12,12,12,12,12,12,0,0,0,0.0,0,0,nan,nan,nan,nan,nan,0,0,0,0,0,0
2014Q2,moogar0880/PySubler,https://github.com/moogar0880/PySubler.git,subler,32,5,2014-06-21 18:58:46,2014-06-18T22:11:45-04:00,2,2014-12-18,6a6d28275c4eb66f52e359f3931c3866834d569e,180,0,5,5,1.0,427,27,28.333333333333332,30,39,2.037037037037037,2,4,10.555555555555555,6,26,7.222222222222222,5,16,3.3333333333333335,3,6,0.9629629629629629,16,1,34.5,3.25,26.016203703703706,10.0,28.5625,457,2,62,916,102,22
2014Q2,svetlyak40wt/twiggy-goodies,https://github.com/svetlyak40wt/twiggy-goodies.git,twiggy-goodies,1665,19,2014-04-14 18:50:15,2014-04-14T22:43:32+04:00,0,2014-10-11,5636e1f02667db066aca9096e578f5a309d92474,180,0,9,9,1.0,370,31,29.11764705882353,22,57,1.7741935483870968,1,4,8.580645161290322,5,20,8.32258064516129,5,20,0.25806451612903225,0,0,0.0967741935483871,14,1,33.0,5.25,11.479166666666668,1.0,7.5,105,4,26,161,29,19
2014Q2,MechanicalSoup/MechanicalSoup,https://github.com/MechanicalSoup/MechanicalSoup.git,mechanicalsoup,94863,28,2014-06-01 22:14:47,2014-05-26T02:06:11-07:00,6,2014-11-28,5002f2f5150d3f40efb7e5d4007e3d90099895a9,180,0,3,3,1.0,113,7,68.0909090909091,53,145,2.857142857142857,1,11,9.142857142857142,4,40,9.142857142857142,4,40,0,0,0,0.0,32,3,43.214285714285715,2.0,4.270050125313283,1.0,4.65625,149,14,47,684,168,43
2014Q2,Tivix/django-rest-auth,https://github.com/Tivix/django-rest-auth.git,django-rest-auth,104179,25,2014-04-30 21:08:48,2014-04-30T12:50:41-07:00,0,2014-10-27,644c4d28e1b2cc3b67d27c727db2a6f87cbbf6a9,180,0,19,19,1.0,1091,46,40.325842696629216,36,71,1.7173913043478262,1.0,3,9.608695652173912,7.0,25,9.608695652173912,7.0,25,0,0.0,0,0.0,52,3,43.31132075471698,3.0,5.312621637621637,5.0,21.076923076923077,1096,106,239,1924,1500,111
2014Q2,ui/django-thumbnails,https://github.com/ui/django-thumbnails.git,django-thumbnails,12635,15,2014-04-14 06:43:59,2013-11-12T11:13:29+07:00,153,2014-10-11,d9a2d361ca07d2c809f34c6acc917d5a5509053b,180,0,19,19,1.0,793,73,44.111111111111114,36.0,75,1.6575342465753424,1,3,6.945205479452055,5,15,5.616438356164384,4,12,1.3287671232876712,0,4,0.2602739726027397,132,4,40.283018867924525,1.75,3.847801087801088,5.0,9.719696969696969,1283,53,242,2551,1421,296
2014Q2,kura/pelican-fontawesome,https://github.com/kura/pelican-fontawesome.git,pelican-fontawesome,53,1,2014-06-08 00:13:00,2014-06-08T01:05:58+01:00,0,2014-12-05,4431f96888f6acfcda8b741544d1e195c9f712fe,180,0,2,2,1.0,71,2,63.529411764705884,75.0,79,1,1.0,1,2.5,2.5,3,2.5,2.5,3,0,0.0,0,0.0,0,0,nan,nan,nan,nan,nan,0,0,0,0,0,0
2014Q2,mozillazg/python-shanbay-team-assistant,https://github.com/mozillazg/python-shanbay-team-assistant.git,shanbay-assistant,51,8,2014-06-24 08:15:51,2013-10-15T07:32:07-07:00,251,2014-12-21,23f717a958b1687739292634d928df2c11613930,180,0,5,5,1.0,700,37,9.522727272727273,7.0,22,3.4864864864864864,2,7,14.864864864864865,9,33,14.35135135135135,9,33,0.5135135135135135,0,1,0.32432432432432434,105,1,12.82421875,2.75,15.428619570214343,8.0,33.77142857142857,3546,256,550,4641,3829,159
2014Q2,tonyseek/sphinx-kr-theme,https://github.com/tonyseek/sphinx-kr-theme.git,sphinx-kr-theme,261,4,2014-06-12 17:08:20,2014-06-12T22:29:51+08:00,0,2014-12-09,b5b52a97b761b0a08b6bb51bece10d49489f711d,180,0,3,3,1.0,154,6,19.70149253731343,13,38,2.3333333333333335,2.0,5,5.5,4.5,12,4.833333333333333,3.0,12,0.6666666666666666,0.0,4,0.16666666666666666,1,1,nan,1.0,1.0,2.0,2.0,2,0,0,2,2,1
2014Q2,mozilla/libnfldap,https://github.com/mozilla/libnfldap.git,libnfldap,31,7,2014-06-06 16:41:03,2014-06-02T12:21:41-04:00,4,2014-12-03,345263aa76c352cb7278f4139a1c01ac73707a9a,180,0,2,1,0.5,272,0,46.075,54.5,76,,,,,,,,,,,,,,17,1,40.87931034482759,4.0,18.43287037037037,2.0,16.0,272,58,53,768,317,21
2014Q2,hchauvet/pyElphel,https://github.com/hchauvet/pyElphel.git,pyelphel,5,1,2014-05-22 09:31:58,2014-05-21T14:14:05-07:00,0,2014-11-18,3ba29a3774eeab7ee4dfc2034be1f2d3a2bcb518,180,0,2,1,0.5,250,0,33.148148148148145,30.5,66,,,,,,,,,,,,,,2,1,33.0377358490566,121.5,121.5,68.5,68.5,137,53,62,438,4,8
2014Q3,allink/allink-essentials,https://github.com/allink/allink-essentials.git,allink_essentials,668,52,2014-07-18 13:29:49,2013-01-31T07:58:53+01:00,533,2015-01-14,5f6ddfe041d2772d8dbdc861901b8c34d4bd3d90,180,0,34,32,0.9411764705882353,1227,55,37.16949152542373,28,82,2.290909090909091,2,4,7.109090909090909,6,14,6.490909090909091,5,14,0.6181818181818182,0,1,0.45454545454545453,94,3,33.278481012658226,1.2222222222222223,8.258221936793365,3.0,12.170212765957446,1144,79,233,1467,710,135
2014Q3,mwcraig/reducer,https://github.com/mwcraig/reducer.git,reducer,340,31,2014-09-08 22:53:46,2014-06-12T19:58:04-05:00,87,2015-03-07,2865517585c090a29eb57f5ec6a98dcb7f0154e5,180,0,5,5,1.0,1772,129,47.1125,51.0,65,2.007751937984496,1,4,11.015503875968992,7,24,9.023255813953488,6,22,1.9922480620155039,0,7,0.34108527131782945,123,1,45.575221238938056,3.8333333333333335,8.0188931029639,7.0,17.447154471544714,2146,113,364,2962,867,139
2014Q3,tkhyn/django-gm2m,https://github.com/tkhyn/django-gm2m.git,django-gm2m,6895,35,2014-09-27 10:47:05,2014-08-13T23:34:06+12:00,44,2015-03-26,365e6b608ad2f7a9296459a99827a36125524c86,180,0,14,14,1.0,1988,105,42.064516129032256,41.0,69,2.857142857142857,2,5,14.295238095238096,6,35,13.838095238095239,6,35,0.45714285714285713,0,3,0.13333333333333333,94,1,42.73207547169811,2.794642857142857,7.591601097499337,7.0,31.319148936170212,2944,265,537,4937,2284,250
2014Q3,YeoLab/flotilla,https://github.com/YeoLab/flotilla.git,flotilla,54,7,2014-09-30 22:28:38,2014-04-29T15:47:25-07:00,153,2015-03-29,3fc8dccc40e667b87a60bc55e6aa2afda32a5b93,180,0,31,26,0.8387096774193549,10821,249,37.31843575418994,36,67,3.112449799196787,2,8,25.116465863453815,19,56,15.606425702811245,7,37,9.51004016064257,2,26,0.6546184738955824,1493,7,41.368203309692674,2.0,5.814445759307852,3.0,28.683858004018756,42825,5076,8597,71371,53782,2723
2014Q3,pinax/pinax-wiki,https://github.com/pinax/pinax-wiki.git,pinax-wiki,64,10,2014-07-02 04:19:42,2014-07-01T19:04:14-05:00,0,2014-12-29,02d5ce5e4a8f5a6abc5595aab0dab988485cdc76,180,0,14,14,1.0,539,50,49.25,55.5,67,1.64,1.0,3,5.14,2.5,11,5.14,2.5,11,0,0.0,0,0.0,10,2,49.25,1.3333333333333335,6.855833333333334,1.0,43.7,437,4,138,680,40,31
2014Q3,ryanfox/pycas,https://github.com/ryanfox/pycas.git,pycas,29,3,2014-07-14 17:23:25,2014-07-14T11:15:08-06:00,0,2015-01-10,5a6c8f34d4eea430d2993a566bb7788d9265c73d,180,0,2,2,1.0,393,11,41.128571428571426,39.0,68,3.727272727272727,3,7,18.727272727272727,15,49,16.818181818181817,14,46,1.9090909090909092,1,4,0.9090909090909091,6,1,47.0,1.6666666666666667,1.7373015873015873,8.0,19.666666666666668,118,4,15,174,189,11
2014Q3,jacebrowning/yorm,https://github.com/jacebrowning/yorm.git,yorm,185308,97,2014-09-30 01:17:30,2014-04-25T21:51:18-04:00,156,2015-03-29,785019fa32f31c9b34fe90fa05633f881298945b,180,0,9,9,1.0,1150,68,45.16129032258065,37,78,2.6470588235294117,2.0,5,11.485294117647058,9.0,27,8.691176470588236,7.0,21,2.7941176470588234,1.0,8,0.75,100,2,43.72,2.0,5.0501246575299845,4.0,17.98,1798,50,515,5404,2196,274
2014Q3,asweigart/pymsgbox,https://github.com/asweigart/pymsgbox.git,pymsgbox,2712094,12,2014-09-02 21:16:23,2014-08-20T21:06:14-07:00,12,2015-03-01,6c72dbecca82becc3e18638818fbb1a255efbafe,180,0,6,6,1.0,452,18,60.86046511627907,66,79,2.0555555555555554,1.0,5,14.166666666666666,5.0,55,12.61111111111111,4.5,46,1.5555555555555556,1.0,6,0.6666666666666666,9,1,64.35135135135135,1.6486486486486487,53.14268872453016,23.0,54.77777777777778,493,37,153,1335,233,15
2014Q3,radremedy/radrecord,https://github.com/radremedy/radrecord.git,radrecord,5,1,2014-08-08 03:30:08,2014-06-29T23:09:59-05:00,38,2015-02-04,e5a10796d20ee45aab3d0372b3914bb67d9ebf50,180,0,2,2,1.0,145,3,44.714285714285715,48,56,3.3333333333333335,3,6,19,15,27,9.666666666666666,10,15,9.333333333333334,11,12,1.0,8,2,44.714285714285715,2.5,10.568027210884354,9.0,19.75,158,7,31,212,57,14
2014Q3,Bogdan-Alexandrescu/Zookeeper-Watcher,https://github.com/Bogdan-Alexandrescu/Zookeeper-Watcher.git,zookeeper-watcher,24,5,2014-09-29 20:15:54,2014-09-29T12:28:07-07:00,0,2015-03-28,8b27b612bc21a8436edf3d5beb7d260c1037b826,180,0,2,2,1.0,154,8,37,32,56,3.5,2.5,10,12.5,6.5,31,11.5,6.5,31,1,0.0,8,0.125,3,1,nan,1.0,1.0,2.0,2.6666666666666665,8,0,0,85,11,4
2014Q3,jvy1106/webpyutils,https://github.com/jvy1106/webpyutils.git,webpyutils,6,1,2014-09-17 21:54:48,2014-09-12T11:14:12-07:00,5,2015-03-16,f84436508feb04559edf599c3fe70daee5c33a56,180,0,2,2,1.0,175,12,38.75,32.5,65,1.5,1.0,3,13,11.5,24,12.416666666666666,10.5,23,0.5833333333333334,1.0,1,0.5833333333333334,6,1,38.75,87.5,87.5,0.0,46.833333333333336,281,24,44,421,183,9
2014Q3,kennt/fixtest,https://github.com/kennt/fixtest.git,fixtest,41,5,2014-09-27 09:15:56,2014-07-18T01:51:29+09:00,71,2015-03-26,dcf6761c39b0f1998eea3bdd62546cdf3e9497ce,180,0,23,20,0.8695652173913043,2844,100,40.983695652173914,43.0,68,1.88,1.0,4,12.05,8.0,33,8.52,3.0,20,3.53,1.0,10,0.72,23,1,40.447236180904525,5.196029776674938,7.338701717624005,43.0,92.56521739130434,2129,199,490,4530,927,111
2014Q3,abencz/rosa,https://github.com/abencz/rosa.git,rosa,39,4,2014-07-28 16:11:09,2014-07-23T00:13:35-04:00,5,2015-01-24,9c2ad5a6cdf375237b011f63391b837da1889b5e,180,0,6,6,1.0,280,15,38.125,24.0,75,3.533333333333333,3,6,13.733333333333333,10,26,13.733333333333333,10,26,0,0,0,0.0,17,1,40.57142857142857,4.625,9.333796296296297,8.0,18.529411764705884,315,7,79,414,186,28
2014Q3,pytest-dev/pytest-describe,https://github.com/pytest-dev/pytest-describe.git,pytest-describe,283735,21,2014-09-13 17:12:58,2014-09-13T18:54:03+02:00,0,2015-03-12,2b9d6e5a9bead0b9541dd07882b19054b484f80d,180,0,2,2,1.0,113,15,42,42,42,1.9333333333333333,1,5,6,3,15,5.6,3,15,0.4,0,1,0.4,15,2,42.0,2.4,4.155555555555555,2.0,4.533333333333333,68,1,12,386,109,24
2014Q3,luto/osf.py,https://github.com/luto/osf.py.git,osf,92,7,2014-08-03 13:21:32,2014-07-27T11:53:50+02:00,7,2015-01-30,f5e0b1d52b3ec2504d52713c13be8aba091e3b9b,180,0,6,6,1.0,362,18,34.78260869565217,36,60,3.7777777777777777,2.0,10,13,7.0,29,13,7.0,29,0,0.0,0,0.0,16,1,36.88235294117647,1.6666666666666667,2.401058201058201,1.0,4.8125,77,17,16,254,79,32
2014Q3,victor-gil-sepulveda/pyProCT,https://github.com/victor-gil-sepulveda/pyProCT.git,pyproct,42,7,2014-08-11 13:29:43,2012-11-02T03:47:04-07:00,647,2015-02-07,80e32aa338a9ac504201241c2869ffb5c4446284,180,0,151,106,0.7019867549668874,9871,267,43.74569789674952,38,80,1.9438202247191012,1,4,11.074906367041198,8,25,8.314606741573034,5,19,2.7602996254681647,0,8,0.449438202247191,311,4,46.74540927482104,3.32,12.99854085011796,19.0,88.08360128617363,27394,3213,5963,77159,86103,1667
2014Q3,ambitioninc/pagerduty-api,https://github.com/ambitioninc/pagerduty-api.git,pagerduty-api,8258,3,2014-07-22 13:49:31,2014-07-20T16:30:05-04:00,1,2015-01-18,21bfb0f98182e14e3e3c07f7e0d6d19bfdd12151,180,0,5,5,1.0,283,7,47,47,47,2.2857142857142856,3,3,30.428571428571427,18,62,12.857142857142858,10,26,17.571428571428573,10,36,0.8571428571428571,7,1,47.0,2.5357142857142856,14.517857142857142,1.0,36.142857142857146,253,1,69,583,76,22
2014Q3,greedo/python-xbrl,https://github.com/greedo/python-xbrl.git,python-xbrl,3974,11,2014-08-30 03:22:42,2014-08-03T20:30:32-04:00,26,2015-02-26,9d2c792ea2e72d935f4f9d7d2c1ae3e7909e73e6,180,0,3,3,1.0,877,13,33.61538461538461,32.5,51,5.153846153846154,2,13,56.69230769230769,11,98,54.84615384615385,10,98,1.8461538461538463,3,4,0.6153846153846154,100,1,33.8125,2.1500000000000004,28.00592711101272,3.0,44.94,4494,112,633,6954,5367,141
2014Q3,bennylope/django-email-users,https://github.com/bennylope/django-email-users.git,django-email-users,1153,9,2014-08-15 20:58:20,2014-08-15T16:49:20-04:00,0,2015-02-11,382740a5b6f4cac4871c23154bdbd937c8dbbeae,180,0,15,15,1.0,594,19,44.148148148148145,48,66,1.5263157894736843,1,3,8.631578947368421,6,20,6.894736842105263,4,13,1.736842105263158,0,10,0.3684210526315789,8,1,45.42307692307692,5.305555555555555,22.00347222222222,32.5,38.5,308,26,72,476,129,22
2014Q3,marteinn/genres,https://github.com/marteinn/genres.git,genres,196,10,2014-09-14 09:59:28,2014-09-14T11:32:30+02:00,0,2015-03-13,7ed215fb9ab8f38f9262e341eace151be8b7911a,180,0,5,4,0.8,387,26,25.5,15.5,59,2.3076923076923075,2.0,4,7.269230769230769,3.0,14,6.538461538461538,3.0,11,0.7307692307692307,0.0,3,0.23076923076923078,4,1,nan,2.0,2.3045454545454547,4.0,19.0,76,0,19,95,34,7
2014Q3,kfei/stresser,https://github.com/kfei/stresser.git,stresser,30,5,2014-07-02 08:43:24,2014-06-11T22:13:23+08:00,20,2014-12-29,8aaa95b8c4a6cc9b01f847212dca1742276fcb78,180,0,6,4,0.6666666666666666,310,9,36.26923076923077,34.5,57,2.3333333333333335,2,4,11.88888888888889,11,20,10.88888888888889,9,20,1,0,3,0.3333333333333333,8,1,nan,1.6,2.5041666666666664,5.0,9.625,77,0,15,135,36,19
2014Q3,IvIePhisto/PyTraPaL,https://github.com/IvIePhisto/PyTraPaL.git,pytrapal,6,1,2014-09-20 12:29:11,2014-09-20T14:25:50+02:00,0,2015-03-19,b83e5e81040e7728c7918a249d6e10dc14a00cc9,180,0,2,2,1.0,1205,43,5,5,5,3.116279069767442,3,5,11.232558139534884,9,25,7.069767441860465,8,13,4.162790697674419,0,15,0.3488372093023256,0,0,nan,nan,nan,nan,nan,0,0,0,0,0,0
2014Q3,code-kitchen/django-utensils,https://github.com/code-kitchen/django-utensils.git,django-utensils,13,2,2014-08-08 09:54:58,2013-10-20T04:02:14-07:00,291,2015-02-04,1570b1704bba80c7792886c091530cd5d5d21f70,180,0,11,11,1.0,794,60,37.75,34.5,65,2.1333333333333333,2.0,3,7.283333333333333,5.0,12,6.533333333333333,4.5,12,0.75,0.0,3,0.21666666666666667,27,1,29.333333333333332,2.0,13.654166666666667,1.0,12.592592592592593,340,3,84,440,190,28
2014Q3,astex/needs,https://github.com/astex/needs.git,needs,52,10,2014-09-06 05:04:30,2014-09-05T23:33:30-04:00,0,2015-03-05,6459682103c04fb990a49c7de2f3940f613fb1db,180,0,2,2,1.0,199,24,23,23,23,1.625,1.0,3,3.5,2.0,7,3,2.0,6,0.5,0.0,3,0.125,28,1,43.95454545454545,2.0,13.657849629003476,0.0,11.5,322,22,102,664,304,34
2014Q3,aplavin/ipy-progressbar,https://github.com/aplavin/ipy-progressbar.git,ipy-progressbar,81,19,2014-07-24 10:49:58,2014-07-24T14:51:27+04:00,-1,2015-01-20,747974f2c9dd1f59e3a4403598c99ddb71ef1227,180,0,5,4,0.8,266,24,28.666666666666668,32,38,1.5416666666666667,1.0,2,6.041666666666667,4.0,9,6.041666666666667,4.0,9,0,0.0,0,0.0,5,1,30.2,16.0,16.0,0.0,14.4,72,5,19,125,99,7
2014Q3,ovh/python-ovh,https://github.com/ovh/python-ovh.git,ovh,185265,23,2014-09-09 09:50:42,2014-09-09T11:50:10+02:00,0,2015-03-08,11bd71836fa6476b8f5439779425fd02d75f8fa3,180,0,4,4,1.0,617,11,52.031496062992126,68,77,3.272727272727273,2,6,28.636363636363637,19,56,13.545454545454545,5,30,15.090909090909092,11,21,1.0,17,4,48.73684210526316,3.0,3.663780663780664,1.0,10.764705882352942,183,38,39,693,307,27
2014Q3,joshhanna/owllib,https://github.com/joshhanna/owllib.git,owllib,14,1,2014-07-01 23:50:06,2014-06-23T10:38:20-05:00,8,2014-12-28,9e658e60e6a82dccf7da2d66a3a10d3c1da6dc2a,180,0,4,4,1.0,780,47,49.95652173913044,46,80,3.0851063829787235,2,6,13.340425531914894,12,26,9.51063829787234,7,25,3.8297872340425534,4,5,0.7659574468085106,7,1,49.08,5.05,19.455555555555552,103.0,99.85714285714286,699,25,179,909,125,17
2014Q3,rva-data/connector-calendars,https://github.com/rva-data/connector-calendars.git,connector-calendars,8,1,2014-09-17 01:20:40,2014-08-03T18:52:45-04:00,44,2015-03-16,019c3ef765c1c3fe75752436fec7277228744671,180,0,10,10,1.0,261,14,27,30.0,37,2.357142857142857,1.5,6,8.928571428571429,8.0,17,6.571428571428571,4.0,11,2.357142857142857,0.5,9,0.5,5,1,54.1578947368421,3.5,12.520833333333334,18.0,44.2,221,19,53,776,105,19
2014Q3,mozilla/b2gperf,https://github.com/mozilla/b2gperf.git,b2gperf-v2.0,11,1,2014-07-30 16:27:15,2012-11-21T16:06:36-05:00,615,2015-01-26,330a450ea6b9b7e5d7eee06b13139e1a2e578b29,180,0,7,3,0.42857142857142855,819,1,36.725,35.0,69,1,1,1,5,5,5,5,5,5,0,0,0,0.0,215,8,38.919786096256686,2.0,4.4802686510533976,3.0,13.274418604651164,2854,187,358,3690,2710,245
2014Q3,BasementCat/bottle-utils,https://github.com/BasementCat/bottle-utils.git,bottleutils,41,6,2014-09-05 22:25:23,2014-06-07T11:49:45-05:00,90,2015-03-04,d82a58de55cf3ce20b518d456d7e796642a8c685,180,0,4,4,1.0,119,12,,,,2.75,1.0,8,9.916666666666666,6.0,21,9.916666666666666,6.0,21,0,0.0,0,0.0,3,1,nan,1.0,1.1333333333333333,3.0,3.3333333333333335,10,0,1,127,11,7
2014Q4,jrhames/AWSnapshots,https://github.com/jrhames/AWSnapshots.git,awsnapshots,31,3,2014-11-15 01:58:50,2014-11-14T17:00:23-08:00,0,2015-05-14,d35f2c61e65d01c9d2e0fc6ac077fc2b46a9bf98,180,0,3,2,0.6666666666666666,73,0,17,17,17,,,,,,,,,,,,,,5,2,17.0,3.75,6.791666666666667,12.0,17.2,86,1,17,119,33,10
2014Q4,yangsibai/SiteMiner,https://github.com/yangsibai/SiteMiner.git,siteminer,43,7,2014-10-02 03:58:46,2014-09-29T23:08:41+08:00,2,2015-03-31,3099ce88f174de8572dcc1fa503a18a5cfbf82c5,180,0,3,2,0.6666666666666666,154,3,16.181818181818183,13,21,1.3333333333333333,1,2,3,3,4,3,3,4,0,0,0,0.0,11,1,40.0,3.0294117647058822,12.034436274509805,7.0,27.363636363636363,301,2,56,404,216,20
2014Q4,jgillmanjr/pySchema4neo,https://github.com/jgillmanjr/pySchema4neo.git,pyschema4neo,18,3,2014-12-29 13:40:32,2014-12-09T11:30:54-05:00,19,2015-06-27,d638668791098c4f018f160f73826712bc871cf5,180,0,2,1,0.5,360,6,52.40909090909091,44.0,113,15.333333333333334,12.5,38,45,41.5,96,36.333333333333336,30.5,83,8.666666666666666,8.0,13,1.0,33,1,74.0,3.2727272727272725,13.194749793856937,6.0,17.0,561,47,106,806,356,34
2014Q4,lmontopo/Chapeau,https://github.com/lmontopo/Chapeau.git,chapeau,22,2,2014-12-01 18:59:29,2014-11-17T15:31:19-05:00,13,2015-05-30,01b351e2c584118c9454332b20174c58512dc06e,180,0,4,2,0.5,221,4,49.36363636363637,49,74,2.5,2.5,3,7.5,6.5,11,7.5,6.5,11,0,0.0,0,0.0,8,2,49.04545454545455,3.8833333333333333,14.04124579124579,30.5,58.875,471,44,111,638,500,18
2014Q4,msabramo/requests-unixsocket,https://github.com/msabramo/requests-unixsocket.git,requests-unixsocket,1650387,12,2014-11-28 07:45:02,2014-11-25T08:07:00-08:00,2,2015-05-27,ca500584b602f22d4c88ce1ed8306c06c2c4946f,180,0,3,3,1.0,186,19,61.2,60,77,1.105263157894737,1,2,5.368421052631579,4,10,5.052631578947368,4,8,0.3157894736842105,0,0,0.05263157894736842,18,3,43.0,1.45,11.061752136752139,1.5,8.222222222222221,148,7,56,424,223,22
2014Q4,ebilionis/py-design,https://github.com/ebilionis/py-design.git,py-design,12,3,2014-12-03 02:47:10,2014-03-19T22:20:22-05:00,257,2015-06-01,77db6b1ae9ac8d5a6fb7a0e6f49a538544da8839,180,0,19,2,0.10526315789473684,904,14,22.026666666666667,19,32,1.9285714285714286,1.0,5,22.142857142857142,21.5,33,4.5,3.0,10,17.642857142857142,19.0,25,0.9285714285714286,5,1,22.026666666666667,28.0,54.333333333333336,3.0,130.0,650,75,182,933,8,25
2014Q4,floydwch/kaggle-cli,https://github.com/floydwch/kaggle-cli.git,kaggle-cli,368,39,2014-11-18 12:58:47,2014-11-15T17:50:53+08:00,3,2015-05-17,ca40c3c1517083b4e8e91828aaedaff44b5a43c3,180,0,5,5,1.0,222,8,,,,3.375,1.0,9,22.125,9.5,65,22.125,9.5,65,0,0.0,0,0.0,8,1,nan,1.0,7.770833333333333,1.5,13.75,110,0,36,162,33,13
2014Q4,booktype/python-ooxml,https://github.com/booktype/python-ooxml.git,python-ooxml,133,4,2014-11-10 20:45:31,2014-08-06T00:30:51+02:00,96,2015-05-09,ec7c6285451f621db2306b6fe8ff8fadd2c1edbe,180,0,9,9,1.0,3105,132,36.180952380952384,30,76,4.659090909090909,2.0,11,19.007575757575758,11.0,52,16.636363636363637,7.0,49,2.371212121212121,0.0,8,0.4393939393939394,36,2,34.789855072463766,3.416666666666667,3.861622946192674,6.5,50.25,1809,138,581,2567,846,69
2014Q4,mattlong/celery-ui,https://github.com/mattlong/celery-ui.git,celery-ui,21,3,2014-12-23 06:38:22,2014-12-14T18:37:50-08:00,8,2015-06-21,74628c29ded619fdf1eab9317f2203fd9d8b3fe1,180,0,9,6,0.6666666666666666,868,11,40.68648648648649,36,76,3.909090909090909,3,8,15.454545454545455,8,24,15.454545454545455,8,24,0,0,0,0.0,10,1,41.03932584269663,16.75,84.0,15.5,49.0,490,178,222,925,27,15
2014Q4,SigmaEducation/django-mashup,https://github.com/SigmaEducation/django-mashup.git,django-mashup,8,1,2014-12-31 20:49:02,2014-10-11T13:05:11-07:00,81,2015-06-29,0d67178089b640c4c94b3b1f7039f6888b5e42a0,180,0,2,2,1.0,119,7,10,10.0,10,2.2857142857142856,2,5,6.428571428571429,6,15,6.428571428571429,6,15,0,0,0,0.0,12,1,57.05263157894737,2.3547794117647056,7.823622071349516,7.0,23.416666666666668,281,19,98,708,308,24
2014Q4,gilesbrown/gsqlite3,https://github.com/gilesbrown/gsqlite3.git,gsqlite3,27,4,2014-10-29 04:54:41,2014-10-10T11:26:20-07:00,18,2015-04-27,7f02b0bc89a942915af47910d751391c57ce0ab7,180,0,3,2,0.6666666666666666,196,9,53,59.5,70,1.4444444444444444,1,3,5.333333333333333,4,16,5.333333333333333,4,16,0,0,0,0.0,3,1,69.0,1.6666666666666667,1.6666666666666667,0.0,1.0,3,2,0,14,12,4
2014Q4,marazmiki/django-webdav-storage,https://github.com/marazmiki/django-webdav-storage.git,django-webdav-storage,2365,9,2014-12-07 18:25:36,2014-12-07T10:07:39+00:00,0,2015-06-05,aaff35ae97131a2424d59b3da56dd66bee6c3f34,180,0,5,5,1.0,337,38,29.764705882352942,26,52,1.5789473684210527,1.0,3,4.078947368421052,3.0,8,4.078947368421052,3.0,8,0,0.0,0,0.0,16,5,nan,2.125,5.791666666666666,2.0,10.75,172,0,47,227,27,22
2014Q4,LindaLinsefors/EinSumConv,https://github.com/LindaLinsefors/EinSumConv.git,einsumconv,14,1,2014-10-03 16:50:37,2014-09-12T15:42:30+02:00,21,2015-04-01,34ad1d7235d169a22b688cd9b237c4d40683442c,180,0,9,8,0.8888888888888888,1095,59,56.416666666666664,60.0,61,2.694915254237288,2,6,9.559322033898304,7,17,8.610169491525424,7,17,0.9491525423728814,0,3,0.4406779661016949,76,1,55.717171717171716,3.3333333333333335,6.334688081644603,12.5,22.86842105263158,1738,99,420,2274,1284,136
2014Q4,sigma-geosistemas/mommy_spatial_generators,https://github.com/sigma-geosistemas/mommy_spatial_generators.git,mommy_spatial_generators,8,3,2014-11-24 17:54:33,2013-10-18T14:18:04-03:00,402,2015-05-23,2ecace9f8ac142f7f8a2229ac922541f4eba7d80,180,0,5,4,0.8,247,6,13,13.0,15,2,2.0,3,17.5,17.5,24,16,15.5,23,1.5,1.0,6,0.6666666666666666,8,2,nan,2.25,34.875,0.5,14.0,112,0,29,282,194,10
2014Q4,linkedin/zopkio,https://github.com/linkedin/zopkio.git,zopkio,116,21,2014-12-09 07:38:12,2014-10-03T16:16:15-07:00,66,2015-06-07,a9aa267ef40a23c0486a8e7bef07d36aaf4bbed6,180,0,15,12,0.8,2253,89,44.81410256410256,56.0,61,2.606741573033708,1,5,12.348314606741573,7,34,9.044943820224718,3,27,3.303370786516854,3,6,0.6067415730337079,69,5,44.978405315614616,1.8333333333333335,14.002499088981649,1.0,44.53623188405797,3073,602,646,10045,3414,281
2014Q4,biocommons/uta-align,https://github.com/biocommons/uta-align.git,uta-align,422,21,2014-12-25 00:20:47,2014-10-29T19:15:23-07:00,55,2015-06-23,7a3674e98cdae2c97befef2b5bcf78a7b0d23827,180,0,4,4,1.0,511,31,42.292307692307695,42,70,2.096774193548387,2,4,10.709677419354838,8,23,8.870967741935484,8,17,1.8387096774193548,1,5,0.5483870967741935,4,2,44.0,2.372549019607843,40.20751633986928,41.5,100.0,400,85,109,1292,91,22
2014Q4,aRkadeFR/django-exceptions,https://github.com/aRkadeFR/django-exceptions.git,django-exceptions,56,4,2014-10-05 19:09:02,2014-09-21T14:46:40+02:00,14,2015-04-03,4ae53693ef208ddf5639041511ca3be494084089,180,0,6,6,1.0,315,1,45.0125786163522,41,76,5,5,5,15,15,15,15,15,15,0,0,0,0.0,1,1,25.0,12.5,12.5,44.0,44.0,44,1,5,57,54,5
2014Q4,cans/vcs-ssh,https://github.com/cans/vcs-ssh.git,vcs-ssh,4,2,2014-10-02 23:49:29,2013-08-22T14:32:13+02:00,406,2015-03-31,4f4eaedac6cccd5d996bbd827423f626f969d1e3,180,0,6,6,1.0,1595,62,41.73033707865169,47.0,68,3.370967741935484,3.0,7,14.64516129032258,13.0,29,13.306451612903226,11.0,27,1.3387096774193548,0.0,5,0.25806451612903225,98,2,43.31875,2.75,17.330241717709338,0.0,18.591836734693878,1822,320,347,7489,1872,177
2014Q4,radremedy/radrecord,https://github.com/radremedy/radrecord.git,radrecord2,6,2,2014-11-05 21:12:54,2014-06-29T23:09:59-05:00,128,2015-05-04,03b8a432dc876e75ef5870e559f7fd7ad035eaaa,180,0,2,2,1.0,146,3,44.714285714285715,48,56,3.3333333333333335,3,6,19,15,27,9.666666666666666,10,15,9.333333333333334,11,12,1.0,9,2,44.714285714285715,2.25,9.413690476190476,8.0,18.0,162,7,31,218,62,16
2014Q4,jdongian/python-jamo,https://github.com/jdongian/python-jamo.git,jamo,470440,5,2014-11-16 02:15:34,2014-11-13T20:41:03-06:00,1,2015-05-15,25308695c7d38b12178345fccb145940c1b9b30b,180,0,3,3,1.0,567,20,45.05521472392638,41,76,3.1,2.0,5,10.95,10.0,20,6.2,5.0,15,4.75,4.0,8,0.9,25,2,44.30927835051546,3.096774193548387,21.5440111386943,10.0,24.08,602,194,167,3001,1556,56
2014Q4,seibert-media/teamvault,https://github.com/seibert-media/teamvault.git,teamvault,552,39,2014-12-20 20:02:55,2014-06-22T12:02:22+02:00,181,2015-06-18,b53e2bfadba9747f9ff333abbd1d01493652d981,180,0,50,50,1.0,3117,101,41.459016393442624,43,63,2.4752475247524752,2,5,12.98019801980198,8,31,12.732673267326733,8,31,0.24752475247524752,0,0,0.06930693069306931,213,2,41.40157480314961,2.5,5.209234036866177,5.0,22.103286384976524,4708,127,702,5634,2862,399
2014Q4,JoakimSoderberg/docker-links-python,https://github.com/JoakimSoderberg/docker-links-python.git,docker-links-python,19,1,2014-11-06 23:37:29,2014-11-06T20:54:19+01:00,0,2015-05-05,170aad36f9dfb1f054e819c909ee35a2b25fd292,180,0,2,2,1.0,91,2,12,12.0,12,3.5,3.5,6,24,24.0,38,24,24.0,38,0,0.0,0,0.0,5,2,nan,3.5,5.5625,5.0,15.6,78,0,10,126,75,7
2014Q4,seddonym/bobsleigh-seddonym,https://github.com/seddonym/bobsleigh-seddonym.git,bobsleigh_seddonym,40,5,2014-10-15 14:31:08,2014-10-14T17:22:00+01:00,0,2015-04-13,60ada235300b2ce73b088903f68564ee18380e09,180,0,6,6,1.0,261,14,49.9,52.5,65,1.0714285714285714,1.0,1,8.071428571428571,7.5,15,7.857142857142857,6.5,15,0.21428571428571427,0.0,0,0.07142857142857142,15,1,49.5,1.5833333333333335,2.9642857142857144,3.0,6.066666666666666,91,2,7,104,52,21
2014Q4,oursky/norecaptcha,https://github.com/oursky/norecaptcha.git,norecaptcha,184,6,2014-12-18 06:08:28,2014-12-17T11:39:20+08:00,1,2015-06-16,1b40a75353ae46d7759aa953d12d0fe5572f38db,180,0,2,2,1.0,143,6,23,23,23,1.6666666666666667,1.0,4,20.166666666666668,3.5,55,16.833333333333332,3.5,46,3.3333333333333335,0.0,12,0.3333333333333333,10,5,23.0,2.8055555555555554,2.8784722222222223,5.5,15.7,157,2,14,188,120,11
2014Q4,jmvrbanac/alchemize,https://github.com/jmvrbanac/alchemize.git,alchemize,3223,26,2014-12-20 05:44:20,2014-07-19T16:58:37-05:00,153,2015-06-18,d05426406780d6e2ac9d81b7ef92416ce1729064,180,0,5,5,1.0,373,15,41.5,38.0,64,2.8666666666666667,1,10,13.333333333333334,11,36,11.466666666666667,11,28,1.8666666666666667,0,6,0.3333333333333333,17,1,42.44444444444444,2.3125,7.983928571428572,5.0,21.176470588235293,360,9,105,772,102,25
2014Q4,ariovistus/django-pipejam,https://github.com/ariovistus/django-pipejam.git,django-pipejam,11,2,2014-11-01 05:39:27,2014-10-26T18:29:58-07:00,5,2015-04-30,b7996b3867c810ce32e5934b627c24a8c6d44b49,180,0,6,6,1.0,196,17,24.636363636363637,15,63,2.0588235294117645,1,4,5.823529411764706,4,15,5.294117647058823,4,9,0.5294117647058824,0,3,0.11764705882352941,6,1,24.636363636363637,1.75,11.566666666666666,3.5,26.833333333333332,161,11,54,649,137,15
2014Q4,bmampaey/SOLARNET-python-client,https://github.com/bmampaey/SOLARNET-python-client.git,solarnet,209,11,2014-12-09 13:39:46,2014-12-09T14:15:03+01:00,0,2015-06-07,a0b1a5117a5e68877ff26dcabaca137dcf41dc66,180,0,7,5,0.7142857142857143,447,16,36.73684210526316,31,62,5.125,2.0,13,10.0625,4.0,25,10.0625,4.0,25,0,0.0,0,0.0,6,1,38.0,1.25,2.2333333333333334,7.5,11.666666666666666,70,2,4,82,57,12
2014Q4,treasure-data/td-client-python,https://github.com/treasure-data/td-client-python.git,td-client,331212,73,2014-12-29 03:29:25,2014-12-26T22:56:40+09:00,2,2015-06-27,6e05c2743a117eb61ba58f80b3d3472753dc7c61,180,0,29,29,1.0,3582,306,28.229166666666668,15.5,78,2.019607843137255,1.0,4,9.326797385620916,7.0,16,5.823529411764706,3.0,13,3.503267973856209,3.0,7,0.803921568627451,234,1,25.94076655052265,1.0,3.986250298764278,1.0,23.495726495726494,5498,287,658,11502,5514,602
2014Q4,ccorcos/syncify,https://github.com/ccorcos/syncify.git,syncify,3111,1,2014-11-18 05:35:08,2014-11-17T21:34:33-08:00,0,2015-05-17,46224563b4b91a78aae17885cf8e38bf5c3bfb18,180,0,2,1,0.5,34,0,16.75,17.0,21,,,,,,,,,,,,,,1,1,16.75,17.0,17.0,25.0,25.0,25,4,5,83,0,4
2014Q4,codingjoe/django-s3file,https://github.com/codingjoe/django-s3file.git,django-s3file,13978,84,2014-11-12 11:07:13,2014-11-10T16:57:22+01:00,1,2015-05-11,6b8b7b47348a6ce3d4bbf456ddf71d07ff5ff464,180,0,6,6,1.0,3315,17,55.65217391304348,75,78,2,1,4,9,6,19,9,6,19,0,0,0,0.0,24,1,41.375,1.25,38.76111111111111,2.0,149.625,3591,48,102,3828,462,52
2015Q1,scopely-devops/rolemodel,https://github.com/scopely-devops/rolemodel.git,rolemodel,6,1,2015-01-19 14:26:48,2015-01-19T06:08:04-08:00,0,2015-07-18,9a5940192624a1bc0677d2c0583f5634207bc08d,180,0,4,4,1.0,439,30,41.11764705882353,34,71,2.3333333333333335,2.0,4,10,10.0,17,9.766666666666667,9.0,17,0.23333333333333334,0.0,0,0.06666666666666667,1,1,nan,1.0,1.0,1.0,1.0,1,0,0,1,1,1
2015Q1,podhmo/django-modelhint,https://github.com/podhmo/django-modelhint.git,django-modelhint,11,2,2015-03-21 12:47:26,2015-03-21T20:23:45+09:00,0,2015-09-17,526c075a08230b3e2379ddc1b9b3e4926958db93,180,0,4,4,1.0,257,23,20,20.0,28,2,1,4,5.521739130434782,5,9,5.434782608695652,5,9,0.08695652173913043,0,0,0.08695652173913043,0,0,nan,nan,nan,nan,nan,0,0,0,0,0,0
2015Q1,bwhmather/python-jpake,https://github.com/bwhmather/python-jpake.git,jpake,51,6,2015-03-17 22:19:22,2015-03-17T22:05:01+00:00,0,2015-09-13,b095003d6f0a631aed602b780d47d3fb93a9f219,180,0,4,4,1.0,717,27,37.73684210526316,29,68,2.962962962962963,2,7,14.814814814814815,7,45,11.74074074074074,5,28,3.074074074074074,0,6,0.48148148148148145,55,1,40.241379310344826,2.0,7.657857142857142,2.0,13.581818181818182,747,29,138,1071,208,63
2015Q1,marazt/object-mapper,https://github.com/marazt/object-mapper.git,object-mapper,4221,9,2015-02-15 18:06:42,2015-02-14T21:40:20+01:00,0,2015-08-14,668847beedbbe65c0233ad099a2b1fa25e7f2a82,180,0,8,8,1.0,243,14,42.57142857142857,50.0,60,2.5714285714285716,1.5,4,13.5,3.5,50,7.285714285714286,3.0,16,6.214285714285714,0.0,11,0.21428571428571427,8,3,27.846153846153847,1.6666666666666667,4.7555555555555555,2.5,16.375,131,13,26,341,83,20
2015Q1,aromanovich/jsl,https://github.com/aromanovich/jsl.git,jsl,19051,21,2015-02-17 18:34:16,2015-02-12T01:56:31+05:00,5,2015-08-16,0e24cb31768f2271f5ed15f1869f6e66c6c5e42c,180,0,14,14,1.0,2149,140,29.1046511627907,18.0,69,2.75,2.0,6,9.564285714285715,6.0,20,7.928571428571429,5.0,19,1.6357142857142857,0.0,5,0.3,76,5,41.289855072463766,2.1333333333333333,5.418447280827367,10.0,47.776315789473685,3631,69,499,6243,3353,223
2015Q1,lerrua/django-allejo,https://github.com/lerrua/django-allejo.git,django-allejo,10,1,2015-03-11 00:04:20,2014-01-06T11:02:51-08:00,428,2015-09-07,fe8b8e4b89e2d6ae883e00eaad5305b7a2d4f47d,180,0,9,9,1.0,447,6,30.416666666666668,25.5,54,1,1.0,1,15,3.5,64,14.5,2.0,64,0.5,0.0,3,0.16666666666666666,25,4,37.75,2.833333333333333,15.522578347578348,5.0,26.44,661,40,142,916,505,36
2015Q1,collab-project/django-require-i18n,https://github.com/collab-project/django-require-i18n.git,django-require-i18n,58,10,2015-02-24 21:37:21,2015-02-24T21:16:04+01:00,0,2015-08-23,f8386c05211b95e7920974c1b89b13dd1e3d5a2f,180,0,6,6,1.0,437,14,28.632653061224488,25,52,3.7857142857142856,3.0,5,21.642857142857142,15.5,41,18.714285714285715,11.5,38,2.9285714285714284,3.0,6,0.8571428571428571,20,1,23.0,1.0,1.8174603174603174,1.0,2.2,44,2,7,107,68,28
2015Q1,rtrwalker/geotecha,https://github.com/rtrwalker/geotecha.git,geotecha,523,4,2015-01-30 03:47:40,2013-05-28T18:13:51-07:00,611,2015-07-29,44ee1e4139e4d78bb9655d5973df37fb72296f09,180,0,47,47,1.0,40263,566,40.28031496062992,37,70,3.7031802120141344,2.0,9,56.8339222614841,30.0,137,34.4434628975265,15.0,73,22.390459363957596,13.0,65,0.8975265017667845,286,2,41.14125535890953,7.782738095238095,118.2428429148358,58.5,223.51048951048952,63924,9097,16374,136390,54939,778
2015Q1,pytest-dev/pytest-cloud,https://github.com/pytest-dev/pytest-cloud.git,pytest-cloud,215,62,2015-01-17 03:52:03,2015-01-17T01:23:17+01:00,0,2015-07-16,f2dfb22ffb51d10328a79b43e12bed9ec6b39c24,180,0,4,4,1.0,475,21,49.5,49.5,51,3.1904761904761907,2,6,18.142857142857142,13,46,13.80952380952381,5,42,4.333333333333333,1,10,1.0,58,1,49.5,1.0,1.7014485195824909,3.0,9.46551724137931,549,4,43,710,372,129
2015Q1,gjo/sqs_consumer,https://github.com/gjo/sqs_consumer.git,sqs_consumer,60,2,2015-03-31 17:41:14,2015-03-28T14:02:29+09:00,3,2015-09-27,9f426d7ee987f9d165094a70220125c26b394b5a,180,0,4,4,1.0,221,21,27.333333333333332,28,42,2,1,3,7.095238095238095,6,12,6.476190476190476,6,12,0.6190476190476191,0,0,0.09523809523809523,6,1,nan,3.25,4.033333333333333,10.0,13.666666666666666,82,0,10,104,105,13
2015Q1,akolpakov/django-paynova,https://github.com/akolpakov/django-paynova.git,django-paynova,34,7,2015-03-10 16:33:17,2015-03-02T10:06:07+01:00,8,2015-09-06,3de15859c25fb1f041fa9930a3bf072b016eb8ff,180,0,11,11,1.0,469,18,39.577777777777776,38,60,1.8333333333333333,2.0,3,13,3.0,42,11.61111111111111,3.0,38,1.3888888888888888,0.0,7,0.2777777777777778,15,1,39.39,2.7,9.4876436429068,9.0,44.8,672,100,251,1356,964,102
2015Q1,coddingtonbear/eidolon-savegame-editor,https://github.com/coddingtonbear/eidolon-savegame-editor.git,eidolon-savegame-editor,45,8,2015-01-25 09:23:03,2015-01-25T01:22:40-08:00,0,2015-07-24,683e546fb7a66d452c8764de139461f7baece197,180,0,4,3,0.75,416,21,36.125,33.5,59,2,1,3,13,7,20,13,7,20,0,0,0,0.0,2,1,nan,8.5,8.5,6.5,6.5,13,0,4,17,1,2
2015Q1,Fingel/fchart,https://github.com/Fingel/fchart.git,fchart,11,1,2015-02-27 06:32:43,2015-02-25T11:58:48-08:00,1,2015-08-26,06f8f09300a417eec94bf3111f8bb73e784a85fe,180,0,15,6,0.4,3578,29,43.97241379310345,49.0,73,2.5517241379310347,2,6,16.103448275862068,12,41,12.206896551724139,8,24,3.896551724137931,0,9,0.4482758620689655,2,1,46.007407407407406,238.53333333333333,238.53333333333333,1309.5,1309.5,2619,270,689,3601,3626,17
2015Q1,IndicoDataSolutions/Passage,https://github.com/IndicoDataSolutions/Passage.git,passage,56,4,2015-02-16 23:52:54,2015-01-15T12:51:38-05:00,32,2015-08-15,4b8be6dc4d17ccc78a21abc82afb2d0f72c04b91,180,0,11,10,0.9090909090909091,1092,104,31,28,37,2.1153846153846154,1.0,5,6.9326923076923075,4.0,15,6.923076923076923,4.0,15,0.009615384615384616,0.0,0,0.009615384615384616,22,7,nan,5.1875,5.456064814814815,4.0,29.227272727272727,643,0,102,1055,673,46
2015Q1,bfontaine/p7magma,https://github.com/bfontaine/p7magma.git,p7magma,43,4,2015-01-21 21:04:20,2015-01-20T12:00:32+01:00,1,2015-07-20,0d976e0d58981b09f5835f4396cceb49b30dd3e0,180,0,5,5,1.0,398,28,9,9,18,2.3214285714285716,2.0,5,9.642857142857142,8.5,20,6.5,5.0,17,3.142857142857143,3.0,5,0.8928571428571429,25,1,5.666666666666667,2.0,2.598965362123257,2.0,12.84,321,3,47,697,185,46
2015Q1,ceph/radosgw-agent,https://github.com/ceph/radosgw-agent.git,radosgw-agent,27,8,2015-01-12 20:26:41,2013-07-08T09:31:27-07:00,553,2015-07-11,1afb6e0174c9e0f9d9c7fca6e5f2b8c7228ce688,180,0,16,15,0.9375,2815,156,45.70676691729323,49,67,2.7243589743589745,2.0,6,13.83974358974359,8.0,31,12.717948717948717,7.0,31,1.1217948717948718,0.0,4,0.14743589743589744,249,9,48.46938775510204,2.0,5.674949136350955,2.0,15.285140562248996,3806,245,570,5945,3597,294
2015Q1,pybee/colosseum,https://github.com/pybee/colosseum.git,colosseum,716,9,2015-03-29 03:29:30,2015-03-23T19:16:39+08:00,5,2015-09-25,4d5951ed891fdbb0f3db59c89241f64b4d849cd3,180,0,3,3,1.0,834,37,52.351724137931036,63,72,4.081081081081081,1,5,19.054054054054053,5,24,18.864864864864863,5,23,0.1891891891891892,0,1,0.1891891891891892,19,1,50.333333333333336,2.53125,3.094775452794754,11.0,47.05263157894737,894,30,75,1837,1332,34
2015Q1,brandonchinn178/servconn,https://github.com/brandonchinn178/servconn.git,servconn,35,11,2015-03-11 03:07:51,2015-03-10T14:07:44-07:00,0,2015-09-07,c6aed4d00fe02af44e721264cf34ef4c341e28ea,180,0,3,3,1.0,277,19,11,11,11,1.4210526315789473,1,2,13,12,25,6.2105263157894735,5,16,6.7894736842105265,7,10,0.9473684210526315,25,1,11.0,4.5,13.645075757575757,6.0,20.88,522,1,99,659,366,41
2015Q1,msabramo/tomb_reflect,https://github.com/msabramo/tomb_reflect.git,tomb_reflect,10,1,2015-01-17 00:43:59,2015-01-15T12:19:10-08:00,1,2015-07-16,6c6366d257771fc110f91e02a0d23de7819e47b3,180,0,3,3,1.0,118,12,31,29.5,48,2.25,2.0,3,7.166666666666667,6.0,12,7.083333333333333,6.0,12,0.08333333333333333,0.0,0,0.08333333333333333,2,1,nan,3.0,3.0,2.0,2.0,4,0,2,98,1,2
2015Q1,incuna/incuna-groups,https://github.com/incuna/incuna-groups.git,incuna-groups,132,30,2015-03-26 17:26:36,2015-03-26T17:02:36+00:00,0,2015-09-22,e2df9589c0ce8c7ff0d470af5a91e3005c15fdb5,180,0,23,23,1.0,1015,52,56,56.0,64,1.1538461538461537,1.0,1,5.326923076923077,3.5,12,4.153846153846154,3.0,9,1.1730769230769231,1.0,5,0.5576923076923077,64,2,nan,2.0,4.213112214582803,5.5,10.4375,668,0,155,1691,666,125
2015Q1,frascoweb/frasco-redis,https://github.com/frascoweb/frasco-redis.git,frasco-redis,47,8,2015-03-10 00:19:11,2014-09-16T10:54:47+02:00,174,2015-09-06,00597dc0e1aee862c1a770a9ec35eb4ffff603c6,180,0,2,2,1.0,596,88,20,20,20,2.147727272727273,1.0,4,5.193181818181818,4.0,11,5.193181818181818,4.0,11,0,0.0,0,0.0,16,1,nan,3.717948717948718,24.90427512302512,9.5,37.375,598,0,118,732,310,20
2015Q1,sum33it/scalpy,https://github.com/sum33it/scalpy.git,scalpy,26,2,2015-01-02 10:30:33,2015-01-01T16:28:27+05:30,0,2015-07-01,9b2d714017e78731069a1c8c0c210f2bcd659116,180,0,6,4,0.6666666666666666,1166,84,30.666666666666668,27,54,1.0119047619047619,1.0,1,3.619047619047619,2.0,8,2.6547619047619047,2.0,4,0.9642857142857143,0.0,4,0.23809523809523808,17,1,35.857142857142854,1.0,12.561111111111112,1.0,10.764705882352942,183,21,41,248,18,17
2015Q1,tarvitz/dsfp,https://github.com/tarvitz/dsfp.git,dsfp,14,1,2015-03-12 20:25:54,2014-01-12T01:59:01-08:00,424,2015-09-08,748233221debdc18ea00934864f7a866a2838060,180,0,6,6,1.0,569,17,28.30909090909091,22,59,3.588235294117647,3,7,19.764705882352942,22,36,13,11,28,6.764705882352941,6,17,0.7647058823529411,48,2,45.90625,2.6666666666666665,12.160540848040847,7.0,22.166666666666668,1064,128,178,3060,1420,100
2015Q1,szaghi/FoBiS,https://github.com/szaghi/FoBiS.git,fobis.py,475,75,2015-02-06 14:08:12,2014-02-27T14:55:49+01:00,344,2015-08-05,c322822af1f8bae1a04c81c6c35650954055e421,180,0,475,475,1.0,95237,3446,41.621217159960096,35.0,70,5.46720835751596,4.0,12,23.32153221125943,18.0,42,15.481427742309924,11.0,30,7.840104468949507,7.0,16,0.9663377829367382,97,3,49.02990983065757,4.832,42.48868285412626,41.0,908.3298969072165,88108,4547,7254,102309,5073,803
2015Q1,SimonGreenhill/phylogemetric,https://github.com/SimonGreenhill/phylogemetric.git,phylogemetric,40,11,2015-03-25 12:52:59,2015-03-25T21:54:32+11:00,0,2015-09-21,af9443f7f03a5051b444d28ab561e97ed877da75,180,0,6,6,1.0,218,13,36.51851851851852,31,72,2.6923076923076925,3,4,10,9,17,8.923076923076923,8,16,1.0769230769230769,1,3,0.6153846153846154,12,1,43.25,1.4444444444444444,7.206701940035275,7.0,11.333333333333334,136,4,26,328,241,31
2015Q1,atlassian-api/atlassian-python-api,https://github.com/atlassian-api/atlassian-python-api.git,atlassian-python-api,12547243,231,2015-03-27 14:59:58,2015-03-13T13:08:12+01:00,14,2015-09-23,4b69b71d31b36be3c9dfbd0aed4b0785aee96279,180,0,7,7,1.0,759,100,,,,1.73,1.0,3,5.88,3.0,14,5.4,3.0,11,0.48,0.0,0,0.07,22,3,nan,3.7777777777777777,9.33088463823758,15.5,27.318181818181817,601,0,104,748,216,47
2015Q1,timtan/django_kss,https://github.com/timtan/django_kss.git,django-kss-styleguide,48,10,2015-02-09 05:45:07,2014-08-16T01:10:53+08:00,177,2015-08-08,18098ddeaaa5c547a48f25ac5d0c6186ca32c8d0,180,0,40,40,1.0,871,54,40.73684210526316,36.0,67,2.2962962962962963,1.0,6,8.38888888888889,4.0,23,8.11111111111111,4.0,23,0.2777777777777778,0.0,0,0.037037037037037035,36,2,38.857142857142854,3.0,4.5624649859943975,0.0,16.694444444444443,601,21,177,834,148,84
2015Q1,kata198/PumpkinLB,https://github.com/kata198/PumpkinLB.git,pumpkinlb,46,6,2015-03-23 18:45:31,2015-02-09T17:52:01-05:00,41,2015-09-19,0060c7cc9a3ca039f44ca7cb6e961a8b86d8ec52,180,0,8,8,1.0,741,27,43.36065573770492,43,62,4.555555555555555,1,14,18.62962962962963,12,49,17.925925925925927,12,49,0.7037037037037037,0,3,0.18518518518518517,9,1,48.05882352941177,1.7325581395348837,20.289013632718525,1.0,75.55555555555556,680,51,167,974,200,25
2015Q1,rembish/mls,https://github.com/rembish/mls.git,mls,60,6,2015-03-18 15:14:53,2015-03-18T15:21:06+01:00,0,2015-09-14,9dd9e7c57a7a4552dc85b777547bd06084320cc8,180,0,2,2,1.0,247,16,14,14.0,14,1.875,1.0,4,10.4375,8.0,22,7.125,5.5,12,3.3125,0.0,12,0.375,9,2,14.0,4.035714285714286,4.071428571428571,9.0,20.0,180,1,37,242,93,15
2015Q1,attakei/twinkerer,https://github.com/attakei/twinkerer.git,twinkerer,8,1,2015-02-07 15:34:11,2014-04-22T05:20:18-07:00,291,2015-08-06,f8366effac1e2813b2c6f30ee57f0f8cd72c185e,180,0,4,4,1.0,406,26,,,,2.6153846153846154,2.0,5,9.538461538461538,7.5,19,9.307692307692308,7.5,18,0.23076923076923078,0.0,2,0.11538461538461539,66,2,nan,3.5,6.901304945054945,6.0,10.393939393939394,686,0,82,1353,571,112
2015Q2,halfak/Wiki-Labels,https://github.com/halfak/Wiki-Labels.git,wikilabels,43,6,2015-06-10 21:23:18,2014-11-24T17:43:08-02:00,198,2015-12-07,a238989f1da7ad12ff681ecd2639cd8653799fc5,180,0,29,29,1.0,1611,102,32.526315789473685,28,70,2.411764705882353,2.0,4,15.96078431372549,10.0,29,15.46078431372549,9.0,27,0.5,0.0,3,0.18627450980392157,56,4,33.291666666666664,2.0,9.809199134199135,3.0,78.64285714285714,4404,48,946,5444,3790,169
2015Q2,cjfuller/sbq,https://github.com/cjfuller/sbq.git,sbq,28,4,2015-04-08 17:54:22,2015-04-08T13:57:57-04:00,-1,2015-10-05,508cd36622631735a3f4b73dd645d798bfc4999b,180,0,2,2,1.0,146,16,,,,1.8125,2.0,3,7.125,5.0,13,7.125,5.0,13,0,0.0,0,0.0,0,0,nan,nan,nan,nan,nan,0,0,0,0,0,0
2015Q2,facundobatista/logassert,https://github.com/facundobatista/logassert.git,logassert,21411,14,2015-04-30 22:01:56,2015-04-27T17:46:06-03:00,3,2015-10-27,b261417f46fa9b51e5e643a80089a40407788a0f,180,0,2,2,1.0,117,6,47.333333333333336,60,73,3.3333333333333335,3.0,6,13.666666666666666,13.0,23,10.5,10.5,23,3.1666666666666665,1.0,15,0.8333333333333334,5,1,47.09756097560975,30.75,37.45,27.0,33.4,167,41,39,677,317,11
2015Q2,xingtingyang/ddshape,https://github.com/xingtingyang/ddshape.git,ddshape,3500,28,2015-04-10 01:46:21,2015-04-09T20:32:45+08:00,0,2015-10-07,af12f1c04ace1fbdef0552af883b3d76173e3a49,180,0,7,6,0.8571428571428571,221,5,35.03846153846154,32.0,74,5,5,6,19.4,18,25,10.4,10,15,9,9,10,1.0,8,1,42.625,4.125,3.7083333333333335,0.0,4.0,32,8,6,57,58,16
2015Q2,XiaoTaoWang/HiC_pipeline,https://github.com/XiaoTaoWang/HiC_pipeline.git,runhic,237,26,2015-06-16 09:22:48,2014-12-16T10:26:45+08:00,182,2015-12-13,7ae1bdc3bc16ff40ad4d5820b43db0248bb67a38,180,0,3,3,1.0,1147,28,36,31,58,6,4.0,16,37.714285714285715,29.0,92,35.607142857142854,29.0,83,2.107142857142857,0.0,7,0.21428571428571427,101,1,31.594155844155843,1.2666666666666666,15.301492535242533,4.0,32.73267326732673,3306,308,571,4228,3181,119
2015Q2,andresriancho/w3af-api-client,https://github.com/andresriancho/w3af-api-client.git,w3af-api-client,305,14,2015-06-23 19:53:40,2015-06-23T13:28:53-03:00,0,2015-12-20,ae9d257eb293ca8cb787e0bfe5a7ce055338d5e2,180,0,12,11,0.9166666666666666,646,40,31.82608695652174,25,63,2,1.5,4,7.875,4.0,20,6.825,4.0,15,1.05,0.0,6,0.175,47,1,29.4,2.0,3.646428571428571,2.0,7.468085106382978,351,15,82,1221,287,90
2015Q2,mateuspadua/django-admin-report,https://github.com/mateuspadua/django-admin-report.git,django-admin-report,151,17,2015-05-19 01:49:00,2015-05-17T20:51:34-03:00,1,2015-11-15,01e821f4add63f3ec162ef2e18afbd31c291a2f9,180,0,27,26,0.9629629629629629,879,10,45.19166666666667,36.0,71,1,1.0,1,2.1,2.0,2,2.1,2.0,2,0,0.0,0,0.0,7,1,45.4703947368421,18.137931034482758,107.44827586206897,200.0,139.42857142857142,976,304,346,1664,750,32
2015Q2,garretraziel/ghaminer,https://github.com/garretraziel/ghaminer.git,ghaminer,9,1,2015-05-06 09:58:17,2015-02-12T21:45:43+01:00,82,2015-11-02,1d5452816b3281d0bc8e29df85a57c4faccd063a,180,0,4,2,0.5,1061,9,45.51578947368421,40,94,3.111111111111111,2,7,18.333333333333332,19,23,8.88888888888889,9,14,9.444444444444445,10,11,1.0,55,2,50.62162162162162,2.9,12.258083123620667,13.0,39.72727272727273,2185,296,374,2873,1825,65
2015Q2,ZuluPro/django-static-lor,https://github.com/ZuluPro/django-static-lor.git,django-static-lor,7,1,2015-06-23 14:04:44,2015-06-07T17:00:59-04:00,15,2015-12-20,f30c9b7cac7b726f43d302147f9d1186bd1bc232,180,0,12,12,1.0,199,10,35.6,28,61,3.5,3.5,6,13.6,14.0,20,8,7.5,14,5.6,7.5,10,0.6,7,1,26.76923076923077,7.555555555555555,9.077200577200577,30.0,29.857142857142858,209,13,39,551,82,30
2015Q2,Naible/django-nucleo,https://github.com/Naible/django-nucleo.git,nucleo,8,1,2015-06-21 20:50:52,2015-05-23T20:48:52+02:00,29,2015-12-18,67bdad8021847ea32d8f966c933c89b58b6a7b6a,180,0,13,13,1.0,653,16,38.74242424242424,40.0,66,2.125,2.0,4,10.25,11.0,23,10.1875,11.0,23,0.0625,0.0,0,0.0625,19,3,39.189189189189186,6.875,7.424719887955182,18.0,23.894736842105264,454,74,169,752,45,43
2015Q2,MozillaSecurity/dharma,https://github.com/MozillaSecurity/dharma.git,dharma,89,4,2015-04-21 21:07:57,2015-03-25T22:59:54+05:00,27,2015-10-18,1803328f6200923b2bf0235a029eac56a6e1033c,180,0,7,7,1.0,931,71,41.392857142857146,43.0,69,3.23943661971831,2,7,10.183098591549296,6,28,10.04225352112676,6,28,0.14084507042253522,0,1,0.11267605633802817,9,2,41.659574468085104,2.011904761904762,43.08110119047619,3.0,171.55555555555554,1544,47,217,1834,1803,17
2015Q2,dogebuild/dogebuild,https://github.com/dogebuild/dogebuild.git,dogebuild,50,11,2015-05-08 20:01:31,2014-12-28T14:35:10+05:00,131,2015-11-04,36eb209cd97823b55d819a0a749a81da42606c00,180,0,11,11,1.0,265,20,9.285714285714286,6,21,2.15,1.5,3,8,6.0,13,7.55,6.0,13,0.45,0.0,3,0.15,11,1,17.545454545454547,7.769230769230769,15.202344322344322,33.0,31.0,341,11,126,606,275,38
2015Q2,aschn/drf-tracking,https://github.com/aschn/drf-tracking.git,drf-tracking,4779,15,2015-05-25 19:59:27,2015-05-25T12:35:14-07:00,0,2015-11-21,c08f495f75845ffb4236842c37cdd01ffc854f16,180,0,9,9,1.0,264,8,24.379310344827587,22,46,1.625,1.5,3,8.25,3.0,31,8.125,3.0,30,0.125,0.0,1,0.125,14,1,17.75,3.0238095238095237,3.295634920634921,4.0,4.928571428571429,69,8,18,236,58,25
2015Q2,rs/domcheck,https://github.com/rs/domcheck.git,domcheck,977,6,2015-04-16 08:09:46,2015-04-16T01:27:24-07:00,-1,2015-10-13,bccfdf15fb441878227838a5e3b4d64b88eea200,180,0,3,3,1.0,180,13,33.75,29.5,62,3.1538461538461537,1,5,10.615384615384615,5,25,7.230769230769231,5,16,3.3846153846153846,0,7,0.46153846153846156,14,1,33.75,2.0,5.083333333333333,2.0,5.0,70,4,12,100,63,17
2015Q2,Hersh500/pistachio,https://github.com/Hersh500/pistachio.git,pistachio-mail,5,1,2015-04-23 01:54:41,2015-03-28T16:34:29-07:00,25,2015-10-20,8414d6ff84769f74ab3b0b8cba6c05d8c50a7598,180,0,5,4,0.8,254,7,53.666666666666664,36,111,1.7142857142857142,2,3,5.571428571428571,5,12,5.571428571428571,5,12,0,0,0,0.0,17,1,57.18181818181818,2.5,10.503296703296705,10.0,27.823529411764707,473,11,116,654,347,21
2015Q2,phlax/aio.manhole.server,https://github.com/phlax/aio.manhole.server.git,aio.manhole.server,31,2,2015-05-25 14:23:15,2015-05-19T00:08:20+00:00,6,2015-11-21,91245a032c19977cc5388c7f0f68bca81d65fbf6,180,0,3,2,0.6666666666666666,69,0,75,75.0,75,,,,,,,,,,,,,,9,1,75.0,1.65,8.7,0.0,6.666666666666667,60,1,14,111,75,11
2015Q2,20c/twentyc.database,https://github.com/20c/twentyc.database.git,twentyc.database,30,5,2015-04-28 15:06:13,2015-04-28T09:38:55+00:00,0,2015-10-25,b23705686df9924b67108feb496a04d2fbc3e296,180,0,8,5,0.625,780,3,51.55,53.0,77,4,3,8,25.333333333333332,26,40,16.333333333333332,15,32,9,8,11,1.0,0,0,nan,nan,nan,nan,nan,0,0,0,0,0,0
2015Q2,datalib/libextract,https://github.com/datalib/libextract.git,libextract,536,4,2015-04-15 00:14:43,2015-04-06T01:27:32-07:00,8,2015-10-12,9cf9d55c7f8cd622eab0a50f009385f0a39b1200,180,0,5,5,1.0,89,7,,,,1.8571428571428572,2,3,5.142857142857143,3,10,4,3,10,1.1428571428571428,0,4,0.2857142857142857,210,3,38.705882352941174,2.5714285714285716,9.020075348420216,3.0,12.380952380952381,2600,68,589,4735,4653,402
2015Q2,bendtherules/humblematch,https://github.com/bendtherules/humblematch.git,humblematch,19,2,2015-06-21 16:21:44,2015-06-09T13:28:48+05:30,12,2015-12-18,42d640c47878f5ae4bbaa6f8f0c30e66ae1fa453,180,0,3,3,1.0,3603,25,48.2027027027027,45.5,78,4.88,1,18,19.68,10,49,16.36,5,41,3.32,0,9,0.44,9,1,46.74657534246575,178.29166666666666,660.4305555555555,7.0,433.1111111111111,3898,146,225,4980,1115,15
2015Q2,rbnvrw/nd2reader,https://github.com/rbnvrw/nd2reader.git,nd2reader,4161,30,2015-05-23 20:06:50,2014-08-26T22:07:30-05:00,269,2015-11-19,07aa008623d1e971217a2c0480989a00cc12293e,180,0,21,21,1.0,1034,109,74.66666666666667,83.0,106,1.5321100917431192,1,3,7.137614678899083,3,17,4.513761467889908,2,11,2.623853211009174,0,8,0.3669724770642202,125,2,59.08761329305136,3.125,7.196180228274836,9.0,34.304,4288,331,866,6013,4677,256
2015Q2,jaraco/jaraco.clipboard,https://github.com/jaraco/jaraco.clipboard.git,jaraco.clipboard,1459,15,2015-06-16 21:44:15,2015-06-16T16:52:27-04:00,0,2015-12-13,a144d0f631b74842f792ea39212ac207f9204b8c,180,0,5,5,1.0,47,2,50,50,50,1,1.0,1,2,2.0,2,2,2.0,2,0,0.0,0,0.0,6,1,50.0,3.0,6.222222222222221,0.5,5.666666666666667,34,1,13,70,9,10
2015Q2,lewiseason/read-device,https://github.com/lewiseason/read-device.git,read-device,77,15,2015-04-27 14:27:32,2015-03-24T21:50:05+00:00,33,2015-10-24,2ece90400cea6b5d82f4542deda50b751f2b7700,180,0,21,21,1.0,1350,114,44.24691358024691,42,60,1.9824561403508771,2.0,4,7.456140350877193,6.0,14,6.552631578947368,5.0,13,0.9035087719298246,0.0,4,0.22807017543859648,68,1,45.5016077170418,2.0,8.542756642788879,7.0,57.455882352941174,3907,311,996,5270,3882,213
2015Q2,pysat/pysat,https://github.com/pysat/pysat.git,pysat,8986,50,2015-04-18 03:16:52,2015-04-05T13:04:29-05:00,12,2015-10-15,5b9c79968a644ab884b34d39153b40d182634f37,180,0,22,21,0.9545454545454546,5360,104,43.30170316301703,42.0,70,6.394230769230769,4.0,15,37.25,31.0,78,29.576923076923077,22.0,76,7.673076923076923,3.0,23,0.6923076923076923,199,3,42.531640625,2.267857142857143,20.438726767597966,5.0,47.84422110552764,9521,2560,1744,15615,9160,347
2015Q2,phlax/aio.web.server,https://github.com/phlax/aio.web.server.git,aio.web.server,97,17,2015-05-22 18:15:24,2015-05-22T12:06:17+00:00,0,2015-11-18,b1a4262810643042d745d9270019a4e998281ccd,180,0,9,9,1.0,536,30,57.5,59.0,75,3.7666666666666666,2.0,8,16.4,7.5,36,16.133333333333333,7.5,36,0.26666666666666666,0.0,0,0.03333333333333333,38,1,40.0,2.0,5.899350649350649,0.0,9.368421052631579,356,2,76,818,450,49
2015Q2,ssut/py-hanspell,https://github.com/ssut/py-hanspell.git,py-hanspell,217,2,2015-06-10 18:34:54,2015-06-11T00:59:09+09:00,0,2015-12-07,d726d8074cbee5a7527e5c6a55becd8acab6782d,180,0,5,5,1.0,177,9,33.833333333333336,35.5,51,3.888888888888889,2,13,14.11111111111111,7,74,13.777777777777779,7,71,0.3333333333333333,0,3,0.1111111111111111,1,1,nan,5.5,5.5,9.0,9.0,9,0,2,11,0,1
2015Q2,XiaoTaoWang/TADLib,https://github.com/XiaoTaoWang/TADLib.git,tadlib,207,21,2015-04-09 13:39:53,2014-11-25T20:20:07+08:00,135,2015-10-06,b6423fc9456d8d4a8d804d5a7aceb6fca3c09d9a,180,0,3,3,1.0,1591,22,30.07894736842105,27.0,55,6.409090909090909,3.0,16,49.95454545454545,41.0,110,35.04545454545455,21.0,90,14.909090909090908,7.5,38,0.8181818181818182,8,1,22.666666666666668,2.1666666666666665,2.2001984126984127,2.0,30.75,246,21,32,323,936,16
2015Q2,signalfx/maestro-ng,https://github.com/signalfx/maestro-ng.git,maestro-ng,1048,33,2015-05-27 17:38:15,2013-11-08T15:44:01-08:00,564,2015-11-23,6d2709517594e26576d1bf8ae7907706110de573,180,0,17,17,1.0,3498,223,39.226519337016576,41,70,2.7219730941704037,2,6,12.31390134529148,6,27,10.457399103139014,5,21,1.8565022421524664,0,7,0.38565022421524664,272,27,41.644776119402984,2.3076923076923075,6.334052134010732,5.0,22.610294117647058,6150,335,1075,8714,4346,494
2015Q2,tomekwojcik/osxnotify-python,https://github.com/tomekwojcik/osxnotify-python.git,osxnotify,4,1,2015-06-02 15:44:50,2015-05-29T17:37:03+02:00,4,2015-11-29,d0392a517539f9bdb7095f9c5039d68099749de7,180,0,3,3,1.0,85,1,57.421052631578945,74,79,3,3,3,12,12,12,10,10,10,2,2,2,1.0,1,1,57.421052631578945,13.5,13.5,7.0,7.0,7,19,1,54,10,3
2015Q2,djaodjin/djaodjin-multitier,https://github.com/djaodjin/djaodjin-multitier.git,djaodjin-multitier,231,31,2015-05-13 22:44:43,2015-04-04T21:27:40-07:00,38,2015-11-09,aa73c2ace47464bda71820930c3b181f739d65e8,180,0,19,18,0.9473684210526315,1289,45,55.045918367346935,68.0,77,2.6,2,5,10.088888888888889,7,21,8.488888888888889,5,20,1.6,0,4,0.37777777777777777,35,2,55.24234693877551,3.416666666666667,7.321831597222223,6.0,24.34285714285714,852,392,184,1483,144,73
2015Q2,hehachris/ec2ansible,https://github.com/hehachris/ec2ansible.git,ec2ansible,26,4,2015-05-01 04:09:08,2015-05-01T11:34:33+08:00,0,2015-10-28,8c25012cf040f54986734c1daa47c281eb0c65d0,180,0,2,1,0.5,336,21,45.5,45.5,75,2.3333333333333335,2,5,12.476190476190476,10,21,9.095238095238095,6,16,3.380952380952381,5,6,0.6190476190476191,0,0,nan,nan,nan,nan,nan,0,0,0,0,0,0
2015Q3,zooniverse/panoptes-dump-reader,https://github.com/zooniverse/panoptes-dump-reader.git,zooniverse-dump,10,1,2015-08-24 09:47:56,2015-08-21T11:43:22+01:00,2,2016-02-20,f744963d5a5c5890e4dd5466dd76099ecb752dc0,180,0,3,2,0.6666666666666666,47,3,,,,6,7,9,11.666666666666666,15,16,11.666666666666666,15,16,0,0,0,0.0,1,1,nan,nan,nan,0.0,0.0,0,0,0,9,4,1
2015Q3,rguillebert/pymetabiosis,https://github.com/rguillebert/pymetabiosis.git,pymetabiosis,12,1,2015-07-25 13:56:50,2014-07-29T14:30:49+02:00,361,2016-01-21,47595ef23622aa57bbaafdad8bd6a0287aebfa5a,180,0,6,6,1.0,892,112,36.55555555555556,36,64,1.4196428571428572,1.0,3,4.401785714285714,2.0,10,4.357142857142857,2.0,10,0.044642857142857144,0.0,0,0.026785714285714284,83,5,30.38888888888889,3.0,4.902464252918798,4.0,11.048192771084338,917,18,194,1604,320,151
2015Q3,bqplot/bqplot,https://github.com/bqplot/bqplot.git,bqplot,302870,113,2015-09-28 21:36:35,2014-12-12T23:12:02+00:00,289,2016-03-26,5b67988a7e324c59213f6bea6cd99bcae75ce6f6,180,0,13,13,1.0,4282,90,44.033112582781456,48.0,74,2.6,2.0,5,13.28888888888889,9.0,28,7.722222222222222,5.0,16,5.566666666666666,0.0,16,0.4444444444444444,427,12,47.63023679417122,1.6,6.383126989127545,4.0,19.152224824355972,8178,549,1308,10784,6056,608
2015Q3,wikimedia/editquality,https://github.com/wikimedia/editquality.git,editquality,120,16,2015-09-06 19:39:46,2015-09-06T14:32:29-05:00,0,2016-03-04,1c8a9f53a586cc95c61a731c37e0cbe95a001faf,180,0,27,27,1.0,1774,28,26.814814814814813,27,47,5.357142857142857,3.0,13,24.142857142857142,10.5,68,23.785714285714285,10.5,68,0.35714285714285715,0.0,3,0.10714285714285714,45,4,29.205882352941178,2.1666666666666665,19.281907536658316,14.0,63.75555555555555,2869,34,311,3271,1910,155
2015Q3,sprockets/sprockets.mixins.mediatype,https://github.com/sprockets/sprockets.mixins.mediatype.git,sprockets.mixins.mediatype,601,14,2015-09-09 22:41:13,2015-06-09T09:28:29-04:00,92,2016-03-07,0c1c757b37cbf03f2ed671221974421b12902572,180,0,8,8,1.0,1154,80,40.666666666666664,52,53,1.5,1.0,2,9.2,5.5,15,5.8625,5.0,9,3.3375,0.0,10,0.2625,39,3,35.166666666666664,5.5,12.621553194280468,12.0,36.48717948717949,1423,6,377,1877,687,68
2015Q3,divio/aldryn-addons,https://github.com/divio/aldryn-addons.git,aldryn-addons,609,10,2015-08-27 23:59:12,2015-08-27T23:38:04+02:00,0,2016-02-23,d670523a1c68f4cfbe9fa6fffce37e9b599561dd,180,0,5,5,1.0,316,17,43.625,40.0,74,3.7058823529411766,3,9,14.588235294117647,8,36,13.823529411764707,8,36,0.7647058823529411,0,4,0.17647058823529413,14,4,46.43478260869565,1.5,7.740079365079365,1.0,19.285714285714285,270,23,43,378,25,19
2015Q3,lingthio/SQLAlchemy-boolean-search,https://github.com/lingthio/SQLAlchemy-boolean-search.git,sqlalchemy-boolean-search,37,2,2015-08-06 10:04:39,2015-08-05T19:40:51-07:00,0,2016-02-02,0c59ca4d6e32c545119b570df44086747eee79d0,180,0,2,2,1.0,261,22,38.78947368421053,40,55,2.227272727272727,1.5,4,6.2727272727272725,3.0,11,5.636363636363637,3.0,8,0.6363636363636364,0.0,2,0.2727272727272727,11,1,42.2,3.2857142857142856,20.490043290043293,0.0,22.818181818181817,251,20,51,2526,1534,36
2015Q3,ethereum/pyethapp,https://github.com/ethereum/pyethapp.git,pyethapp,157,33,2015-08-10 16:54:55,2014-04-10T14:46:19+08:00,487,2016-02-06,b738e1b3a37f4deb3c15be3d90482c4794fc1f37,180,0,21,17,0.8095238095238095,5643,219,36.636054421768705,31.0,70,2.91324200913242,2,6,11.497716894977168,5,29,10.269406392694064,5,26,1.2283105022831051,0,5,0.2237442922374429,641,16,40.397913561847986,2.0,6.120883836766261,5.0,16.76911076443058,10749,671,1586,15643,8048,889
2015Q3,henniggroup/MPInterfaces,https://github.com/henniggroup/MPInterfaces.git,mpinterfaces,173,3,2015-07-11 17:24:48,2014-11-21T17:08:13-05:00,231,2016-01-07,026f83ace4ed046441a2d5650d751b04ba258aae,180,0,18,17,0.9444444444444444,5241,168,43.05420054200542,41,68,3.8452380952380953,3.0,9,21.5,16.5,46,17.535714285714285,13.0,39,3.9642857142857144,3.0,10,0.625,399,6,45.16568679850347,2.6666666666666665,15.213918947867146,4.0,35.53383458646616,14178,1871,2036,26825,19774,713
2015Q3,hepdata/hepdata-validator,https://github.com/hepdata/hepdata-validator.git,hepdata-validator,3282,27,2015-07-29 12:28:53,2015-07-29T13:29:20+02:00,0,2016-01-25,6e496fb0b0ee9eb9eeaa2220e48b316439fa4cd0,180,0,4,3,0.75,181,1,39.5,39.5,52,7,7,7,38,38,38,38,38,38,0,0,0,0.0,4,2,nan,1.5,1.5,0.0,0.5,2,0,1,21,10,5
2015Q3,osantana/asteriskonf,https://github.com/osantana/asteriskonf.git,asteriskonf,21,2,2015-09-11 02:37:32,2015-09-10T00:32:16-03:00,0,2016-03-09,daf73d44cfc24f0da132c0c13acc913b5d198819,180,0,3,3,1.0,166,13,17.333333333333332,15,22,2.6923076923076925,2,6,8.23076923076923,5,23,8.23076923076923,5,23,0,0,0,0.0,5,1,nan,2.0,1.8580952380952382,12.0,14.0,70,0,9,135,58,10
2015Q3,lovedboy/PyTailLog,https://github.com/lovedboy/PyTailLog.git,pytaillog,10,3,2015-07-04 02:34:29,2015-06-30T18:27:42+08:00,3,2015-12-31,bcf848339cc9bedc457d60e110f5eb68339bcb04,180,0,2,1,0.5,103,0,43,43,43,,,,,,,,,,,,,,7,2,nan,3.166666666666667,16.22222222222222,16.0,25.285714285714285,177,0,54,272,206,12
2015Q3,emiliosanchez/django-fixturemigration,https://github.com/emiliosanchez/django-fixturemigration.git,django-fixturemigration,188,7,2015-07-23 17:16:10,2015-07-23T19:14:09+02:00,0,2016-01-19,af63755138b71ed5dd85c9f3a25769a9491d9129,180,0,9,9,1.0,313,12,40.69230769230769,41,64,4.416666666666667,2.0,10,19.25,4.0,66,18,4.0,63,1.25,0.0,3,0.3333333333333333,3,1,nan,3.3333333333333335,2.277777777777778,6.0,8.0,24,0,3,28,13,6
2015Q3,lockys/allpay.py,https://github.com/lockys/allpay.py.git,pyallpay,26,6,2015-07-03 14:04:11,2015-02-09T20:35:11+08:00,144,2015-12-30,11e5c6154912cb5da12895831cb4610fe30ba46d,180,0,8,6,0.75,274,2,35.083333333333336,28.0,66,2,2.0,3,7,7.0,9,5.5,5.5,9,1.5,1.5,3,0.5,27,2,29.64,2.3,10.743984071484071,5.0,18.77777777777778,507,25,103,688,474,41
2015Q3,maxzheng/workspace-tools,https://github.com/maxzheng/workspace-tools.git,workspace-tools,218,66,2015-07-24 20:44:52,2014-12-09T18:52:11-08:00,226,2016-01-20,c6c4dd8ed4a5a95f0bea9d366ae8699dc1af5c9b,180,0,20,16,0.8,2880,90,47.06666666666667,44.0,85,4.4,2.0,10,13.922222222222222,7.0,34,12.988888888888889,6.0,31,0.9333333333333333,0.0,3,0.37777777777777777,335,1,59.65942028985507,1.75,3.720736896692021,0.0,14.582089552238806,4885,138,1068,8202,4148,566
2015Q3,datakurre/collective.recipe.nix,https://github.com/datakurre/collective.recipe.nix.git,collective.recipe.nix,1207,36,2015-07-08 06:23:20,2015-07-07T22:39:15+03:00,0,2016-01-04,d09bdfcac7dea55cc2482d1ee28158d0fe94756b,180,0,4,4,1.0,594,16,37.01923076923077,32.0,65,8,2.0,22,30.6875,6.0,64,30.6875,6.0,64,0,0.0,0,0.0,122,1,45.53488372093023,2.0,2.959800339650152,0.0,6.254098360655738,763,86,105,1044,502,127
2015Q3,Wilduck/django-kittens,https://github.com/Wilduck/django-kittens.git,django-kittens,67,5,2015-07-08 02:09:25,2015-07-05T19:52:56-04:00,2,2016-01-04,31e1ff54737c8ba3e99880dbff285a730ddac851,180,0,12,12,1.0,223,10,58.5,58.5,85,1.6,1.5,2,9.4,7.0,13,8.7,7.0,11,0.7,0.0,2,0.3,15,2,58.5,1.0,6.814285714285714,1.0,12.0,180,2,49,350,20,29
2015Q3,shonenada/flask-bearychat,https://github.com/shonenada/flask-bearychat.git,flask-bearychat,31,3,2015-08-18 13:43:19,2015-07-25T20:56:05+08:00,24,2016-02-14,439fff3d5a1c370af470d6486a870e12069ed76e,180,0,2,2,1.0,112,10,,,,1.8,1.0,3,7.5,4.5,16,5.4,4.5,7,2.1,0.0,5,0.3,9,1,nan,1.25,2.15625,1.0,4.444444444444445,40,0,8,433,11,12
2015Q3,Seagate/kinetic-py,https://github.com/Seagate/kinetic-py.git,kinetic,16,1,2015-07-17 18:34:24,2014-05-05T17:33:50-07:00,437,2016-01-13,3535ef07273618128c1520fb8d99e3eea1c5d893,180,0,17,15,0.8823529411764706,5357,199,38.171945701357465,35.0,65,2.0854271356783918,1,5,7.597989949748744,3,21,7.090452261306533,3,17,0.507537688442211,0,0,0.07537688442211055,132,7,47.493268053855566,1.9116045733841487,24.840690045639118,2.0,50.18939393939394,6625,817,1023,11097,3914,245
2015Q3,direvius/bfg,https://github.com/direvius/bfg.git,bfg,102,3,2015-08-13 16:21:22,2015-07-29T13:46:37+03:00,15,2016-02-09,740213f052d48b6b1df5cc80fe0b9f1bf0a2b90e,180,0,16,16,1.0,1529,106,35.357142857142854,35.5,48,2.339622641509434,2.0,4,9.839622641509434,7.0,24,8.481132075471699,6.0,19,1.3584905660377358,0.0,4,0.32075471698113206,36,2,40.132075471698116,3.739583333333333,14.43515145393369,36.0,65.58333333333333,2361,53,418,2883,1307,124
2015Q3,joequant/cryptoexchange,https://github.com/joequant/cryptoexchange.git,cryptoexchange,46,6,2015-09-05 15:03:06,2015-09-05T22:50:28+08:00,0,2016-03-03,f185cbee2de353be95af366386f9aa6ea489d8d9,180,0,13,13,1.0,1814,107,39.74716981132075,31,78,2.2336448598130842,1,5,11.065420560747663,7,22,10.644859813084112,7,21,0.4205607476635514,0,1,0.308411214953271,25,1,41.47727272727273,4.8,51.86817042606516,6.0,89.92,2248,264,425,2944,1800,36
2015Q3,isaacrob/distdrone3,https://github.com/isaacrob/distdrone3.git,distdrone3,16,2,2015-08-04 20:22:45,2015-08-04T18:32:42+00:00,0,2016-01-31,f2cc202d76afd5b92a3657515fc5eb5623d35ca2,180,0,7,7,1.0,2454,75,32.62874251497006,27.0,60,7.306666666666667,2,23,44.29333333333334,12,79,44.29333333333334,12,79,0,0,0,0.0,5,1,24.333333333333332,4.0,4.25,4.0,9.6,48,3,2,57,14,7
2015Q3,BKTO/bdates,https://github.com/BKTO/bdates.git,bdates,20,2,2015-09-11 00:51:09,2015-09-10T08:46:04-04:00,0,2016-03-09,2b6dfff875233215edf269e4db8377da586902d8,180,0,4,3,0.75,304,3,55.35294117647059,52,72,1.3333333333333333,1,2,2.3333333333333335,2,3,2.3333333333333335,2,3,0,0,0,0.0,11,1,53.90625,3.5694444444444446,3.934658119658119,6.0,17.454545454545453,192,32,50,299,111,18
2015Q3,mbr/repl,https://github.com/mbr/repl.git,repl,317,2,2015-09-04 22:54:15,2014-02-04T12:16:53+01:00,577,2016-03-02,7ba89c2283c850d0796f9a5d51c78bb0e07d52db,180,0,4,4,1.0,299,16,35,28.5,75,3.3125,2.5,6,13.5625,11.5,30,13.3125,11.5,30,0.25,0.0,1,0.25,10,1,37.72222222222222,4.0,24.569135802469138,8.0,36.4,364,18,95,512,181,18
2015Q3,j-i-l/FlowVis,https://github.com/j-i-l/FlowVis.git,flowvis,35,4,2015-07-03 12:39:15,2015-07-03T12:18:21+02:00,0,2015-12-30,fca50fc18230b19b645797faae9b8d14d15a9b92,180,0,6,5,0.8333333333333334,1442,52,39.32085561497326,36,67,2.6538461538461537,2.0,5,15.73076923076923,5.0,45,13.653846153846153,5.0,45,2.076923076923077,0.0,7,0.28846153846153844,10,1,40.5,1.0454545454545454,2.264568764568765,1.5,8.7,87,4,1,369,526,22
2015Q3,openEduConnect/eduextractor,https://github.com/openEduConnect/eduextractor.git,eduextractor,11,2,2015-07-23 15:18:24,2015-06-22T10:36:50-05:00,30,2016-01-19,23114279dfa5711aa577411284be8a19667d2577,180,0,12,11,0.9166666666666666,272,17,35.666666666666664,36.0,48,1.7058823529411764,1,3,6.823529411764706,4,18,6,3,18,0.8235294117647058,0,4,0.23529411764705882,73,3,29.729166666666668,3.25,7.635571321304787,4.0,10.58904109589041,773,96,160,1542,895,97
2015Q3,MacHu-GWU/Python-with-GitHub-PyPI-and-Readthedoc-Guide,https://github.com/MacHu-GWU/Python-with-GitHub-PyPI-and-Readthedoc-Guide.git,canbeany,589,4,2015-09-18 00:09:32,2015-09-17T14:36:18-04:00,0,2016-03-16,29634d93120d1ff37c36b8aec6bd55844d12e48e,180,0,13,13,1.0,616,3,45.026785714285715,41.5,76,5.333333333333333,6,6,21,18,33,19,16,31,2,2,2,1.0,16,2,45.093333333333334,1.1666666666666665,5.679875679875679,1.5,17.8125,285,225,168,843,73,36
2015Q3,neo4j-contrib/neo4j_doc_manager,https://github.com/neo4j-contrib/neo4j_doc_manager.git,neo4j-doc-manager,30,8,2015-09-09 17:13:14,2015-07-28T13:00:02-03:00,43,2016-03-07,53ae593630dea16afb3823bfce666f93c7c75d6d,180,0,7,7,1.0,532,39,44.53333333333333,44,69,2.230769230769231,1,4,9.076923076923077,6,19,8.512820512820513,5,15,0.5641025641025641,0,2,0.23076923076923078,63,3,56.55172413793103,2.575,4.384573412698413,2.0,10.65079365079365,671,29,94,2117,760,111
2015Q3,omji/django-tabbed-admin,https://github.com/omji/django-tabbed-admin.git,django-tabbed-admin,2454,12,2015-07-28 16:24:51,2015-07-27T18:21:01-10:00,0,2016-01-24,d000f752dfdcac082b3077594599c43ff09a9146,180,0,14,14,1.0,485,11,42.24,40,66,3.272727272727273,2,7,16,13,36,12.636363636363637,9,32,3.3636363636363638,3,5,0.9090909090909091,17,1,41.53846153846154,1.5,9.057142857142857,0.0,22.705882352941178,386,26,91,929,38,37
2015Q3,jason-callaway/kvminstall,https://github.com/jason-callaway/kvminstall.git,kvminstall,20,5,2015-08-26 21:48:47,2015-08-10T16:41:38-04:00,16,2016-02-22,a99d4e87e7877cc1d29711900eaa677575b3636a,180,0,5,3,0.6,567,2,47.648648648648646,48.0,69,1,1.0,1,2,2.0,2,2,2.0,2,0,0.0,0,0.0,43,1,46.152671755725194,3.0,8.685928225245341,4.0,30.093023255813954,1294,262,220,1839,1289,63
2015Q4,Pegase745/gitlab-freak,https://github.com/Pegase745/gitlab-freak.git,gitlab-freak,19,1,2015-10-01 10:56:27,2015-08-26T21:40:14+02:00,35,2016-03-29,a8eb6170375334350f1f12894a969ddaae928426,180,0,3,1,0.3333333333333333,388,7,33.375,34.5,49,1.2857142857142858,1,3,5.857142857142857,5,11,4.857142857142857,4,10,1,1,1,1.0,10,1,35.857142857142854,4.0,14.696545284780582,5.0,30.4,304,21,88,439,230,19
2015Q4,akarl818/nvimex,https://github.com/akarl818/nvimex.git,nvimex,8,1,2015-11-13 18:52:09,2015-11-13T16:56:39+01:00,0,2016-05-11,f4b7aacab95efe526dd93d87e2556d86b18b2169,180,0,2,1,0.5,49,0,,,,,,,,,,,,,,,,,0,0,nan,nan,nan,nan,nan,0,0,0,0,0,0
2015Q4,b1naryth1ef/refplay,https://github.com/b1naryth1ef/refplay.git,refplay,7,1,2015-10-17 23:18:42,2015-10-17T18:17:15-05:00,0,2016-04-14,adc601b2988fcc2cc2a987c996c7aedd2961c035,180,0,2,2,1.0,45,4,33,33,33,2.5,2.0,5,6,6.0,9,6,6.0,9,0,0.0,0,0.0,2,1,33.0,22.5,22.5,16.5,16.5,33,1,11,97,3,4
2015Q4,jplusplus/rentswatch-scraper,https://github.com/jplusplus/rentswatch-scraper.git,rentswatch-scraper,142,41,2015-11-05 16:40:53,2015-11-05T16:28:15+01:00,0,2016-05-03,7cc1cfd58d82610ad963af28429b00fb5c5c6c64,180,0,17,14,0.8235294117647058,1334,21,35.14572864321608,33,55,1.5714285714285714,1,2,5.761904761904762,3,11,5.761904761904762,3,11,0,0,0,0.0,58,2,30.37313432835821,1.0,3.438605442176871,2.0,5.775862068965517,335,67,48,455,141,92
2015Q4,conlini/bucket_filters,https://github.com/conlini/bucket_filters.git,bucket-filter,10,1,2015-12-13 15:09:00,2015-12-12T14:19:59+05:30,1,2016-06-10,8e69b67a4c2e6616013a348e75cc458adc4b2ffd,180,0,5,5,1.0,174,19,24.875,27.5,35,2.4210526315789473,1,4,6.052631578947368,5,20,6.052631578947368,5,20,0,0,0,0.0,3,1,24.875,15.0,11.69047619047619,24.0,31.333333333333332,94,8,24,143,26,8
2015Q4,spedemon/occiput,https://github.com/spedemon/occiput.git,occiput,47,17,2015-12-08 23:02:35,2015-12-08T18:15:31-05:00,-1,2016-06-05,eb44964bdf539613dbaf64d8010ce2a842ec0206,180,0,59,41,0.6949152542372882,10476,221,44.282984531392174,36,88,2.1900452488687785,1,5,12.950226244343892,4,39,9.542986425339366,3,22,3.4072398190045248,0,13,0.2986425339366516,3,1,44.59076600209863,1.8,60.00112994350283,22.0,2529.6666666666665,7589,953,1942,10620,9,71
2015Q4,nanvel/c2p2,https://github.com/nanvel/c2p2.git,c2p2,60,7,2015-11-08 15:13:50,2015-07-11T22:06:50+03:00,119,2016-05-06,f95cd5e07361f2e3d80c9c2524fca1510fdafd01,180,0,13,13,1.0,620,49,26,24,55,2.183673469387755,1,5,7.1020408163265305,3,21,6.959183673469388,3,21,0.14285714285714285,0,1,0.10204081632653061,36,2,36.705882352941174,2.0,4.483301026926391,6.0,35.583333333333336,1281,17,344,1993,1381,117
2015Q4,mherrmann/pypxlib,https://github.com/mherrmann/pypxlib.git,pypxlib,2430,16,2015-10-12 17:47:33,2015-10-08T12:53:17+02:00,4,2016-04-09,c6f3d878ea62db0b7ec8f7b925b12ef2e2d370e2,180,0,4,4,1.0,4043,230,36.56273764258555,35.0,64,1.8478260869565217,1.0,4,4.673913043478261,2.0,9,4.569565217391304,2.0,8,0.10434782608695652,0.0,0,0.034782608695652174,23,2,37.34512635379061,2.6666666666666665,256.76393939393944,3.0,374.1304347826087,8605,1385,1679,11751,7647,36
2015Q4,AtsushiSakai/googleearthplot,https://github.com/AtsushiSakai/googleearthplot.git,googleearthplot,12,2,2015-12-24 02:15:16,2015-12-12T14:27:40+09:00,11,2016-06-21,5b7e2172d687d307b1d95cf7dc27f91300e7d70c,180,0,2,1,0.5,243,0,17,13.0,35,,,,,,,,,,,,,,16,1,20.65,5.5,47.46769896769897,9.5,42.5,680,80,181,961,867,17
2015Q4,RyanBalfanz/django-smsish,https://github.com/RyanBalfanz/django-smsish.git,django-smsish,24,9,2015-11-08 02:06:23,2015-11-06T02:51:05-08:00,1,2016-05-06,4d450e3d217cea9e373f16c5e4f0beb3218bd5c9,180,0,29,29,1.0,993,77,42.333333333333336,37.5,65,1.7922077922077921,1,3,6.8441558441558445,5,14,6.194805194805195,5,11,0.6493506493506493,0,1,0.12987012987012986,42,1,40.93333333333333,2.0,8.161545299938156,1.5,17.428571428571427,732,30,166,998,305,67
2015Q4,mswart/macen,https://github.com/mswart/macen.git,acme-mgmtserver,92,9,2015-12-16 13:33:54,2015-12-14T02:15:14+01:00,2,2016-06-13,a8349111348c4e157a68ec99e01fd6017722de80,180,0,9,9,1.0,1269,90,43.588235294117645,50,68,2.988888888888889,2.0,8,9.777777777777779,6.0,24,8.5,5.0,20,1.2777777777777777,0.0,6,0.16666666666666666,19,1,43.294117647058826,2.303571428571429,7.514781746031747,2.0,33.31578947368421,633,17,109,1702,340,63
2015Q4,nixaio/django-sorted-autocomplete-m2m,https://github.com/nixaio/django-sorted-autocomplete-m2m.git,django-sorted-autocomplete-m2m,247,2,2015-11-05 01:46:53,2015-11-04T14:42:22-05:00,0,2016-05-03,9230243ee83580584036d694ccad3a3a30ba3fa3,180,0,6,6,1.0,126,6,49.333333333333336,62,64,3.1666666666666665,2.0,10,12,5.5,43,11.333333333333334,5.5,39,0.6666666666666666,0.0,4,0.16666666666666666,9,1,49.333333333333336,1.5,7.066666666666667,0.0,11.666666666666666,105,3,22,146,143,15
2015Q4,planetlabs/datalake-ingester,https://github.com/planetlabs/datalake-ingester.git,datalake-ingester,60,12,2015-11-10 23:27:37,2015-11-10T15:16:58-08:00,0,2016-05-08,d976078bf67025a4f82f3db7fbcf09505272bcbe,180,0,9,9,1.0,507,48,44.68115942028985,49,79,1.6666666666666667,1.0,3,4.5,4.0,9,4.416666666666667,4.0,9,0.08333333333333333,0.0,0,0.0625,46,1,44.74698795180723,3.0,10.324933003504432,5.5,25.130434782608695,1156,83,293,2547,1538,172
2015Q4,posita/txrc,https://github.com/posita/txrc.git,txrc,20,5,2015-11-17 02:08:13,2015-11-16T11:36:15-08:00,0,2016-05-15,38fc24671c67192c35edf9a11a499a9a83dbd123,180,0,4,4,1.0,722,30,70.9074074074074,74.0,74,1.9333333333333333,1.5,3,15.266666666666667,11.0,37,8.166666666666666,5.0,16,7.1,2.0,24,0.5,9,1,70.03571428571429,1.6764705882352942,23.123978758169933,5.0,60.111111111111114,541,56,204,1211,847,33
2015Q4,oczkers/pyllegro,https://github.com/oczkers/pyllegro.git,pyllegro,8,1,2015-11-28 20:59:39,2015-01-22T13:40:36+01:00,310,2016-05-26,1fc0846f13ae9863f0bd9dbf21c8202b00865436,180,0,2,1,0.5,253,0,25.444444444444443,19,54,,,,,,,,,,,,,,1,1,27.36842105263158,253.0,253.0,209.0,209.0,209,19,25,256,1,2
2015Q4,CjS77/pybitx,https://github.com/CjS77/pybitx.git,pybitx,25,7,2015-11-27 09:26:32,2015-11-26T20:55:12+02:00,0,2016-05-25,c5366c86aa5108014bb156230ad4038ee2f8ad09,180,0,4,3,0.75,273,24,63,63,63,1.875,1.0,3,7.833333333333333,6.5,17,5.833333333333333,5.0,10,2,0.0,7,0.3333333333333333,17,1,42.15,4.333333333333334,34.8203125,7.0,40.8235294117647,694,20,139,1318,602,38
2015Q4,amcintosh/statsdecor,https://github.com/amcintosh/statsdecor.git,statsdecor,218,12,2015-11-09 03:34:05,2015-11-07T21:54:16-05:00,1,2016-05-07,b5558189e1b80012f7b8cc9d2f5de63459c888c3,180,0,2,2,1.0,134,15,,,,1.0666666666666667,1,1,9.666666666666666,8,18,5.266666666666667,5,10,4.4,5,8,0.6,5,1,nan,1.0,24.5,1.0,24.4,122,0,31,312,23,11
2015Q4,the-kid89/pyem7,https://github.com/the-kid89/pyem7.git,pyem7,4,1,2015-10-07 08:59:36,2015-08-11T05:26:46-07:00,56,2016-04-04,995c09bc8312a240222e55cc353726da44c41bc4,180,0,8,8,1.0,663,26,41.4,38.5,47,2.1538461538461537,1.0,3,11.846153846153847,9.5,33,8.115384615384615,4.5,18,3.730769230769231,1.0,7,0.6538461538461539,12,1,38.36363636363637,2.95,23.32904761904762,0.0,59.583333333333336,715,11,113,1322,1035,38
2015Q4,ordermind/logical-permissions-py,https://github.com/ordermind/logical-permissions-py.git,logical-permissions,100,13,2015-12-29 13:20:29,2015-12-25T19:55:58+01:00,3,2016-06-26,aa709e2e08a0e11da93c0691e2329e3956103579,180,0,9,9,1.0,425,22,22,22,22,5.545454545454546,4.5,11,16.636363636363637,14.5,34,13.045454545454545,11.5,25,3.590909090909091,3.0,9,0.5,33,1,nan,3.0,4.70734679836847,1.0,12.0,396,0,55,2060,153,50
2015Q4,zalando-stups/github-maintainer-cli,https://github.com/zalando-stups/github-maintainer-cli.git,github-maintainer,50,7,2015-11-25 22:54:22,2015-11-25T21:05:22+01:00,0,2016-05-23,08a6aa6dc0b85eb45cd9ab6a5afc7879b9120454,180,0,3,3,1.0,254,13,,,,4.461538461538462,5,6,15.076923076923077,14,24,14.461538461538462,14,24,0.6153846153846154,0,1,0.38461538461538464,12,2,nan,5.2,9.988095238095237,19.5,30.333333333333332,364,0,79,586,261,15
2015Q4,EGI-Foundation/openstack-voms-auth-type,https://github.com/EGI-Foundation/openstack-voms-auth-type.git,openstack-voms-auth-type,41,9,2015-10-23 10:02:59,2015-10-23T10:49:50+02:00,0,2016-04-20,d40030f272e408d7d8e1216184970fc4754941f9,180,0,3,3,1.0,133,6,44.5,47.0,74,1.8333333333333333,1.5,3,13.5,8.5,48,12.666666666666666,6.5,48,0.8333333333333334,0.0,5,0.16666666666666666,3,1,nan,78.0,78.0,0.0,22.0,66,0,12,84,3,3
2015Q4,alfredodeza/merfi,https://github.com/alfredodeza/merfi.git,merfi,21,8,2015-10-22 23:54:30,2015-09-16T15:43:08-04:00,36,2016-04-19,9c0f1401a8093eb48a0ead17dd7391379a0e9e32,180,0,12,12,1.0,789,52,31.736842105263158,27,62,2.5576923076923075,2.0,5,9.826923076923077,5.0,20,8.576923076923077,4.5,19,1.25,0.0,5,0.21153846153846154,96,2,44.0,1.5,4.642664366883117,1.0,5.822916666666667,559,19,91,1224,427,114
2015Q4,omarkhan/django-pg-array-lookups,https://github.com/omarkhan/django-pg-array-lookups.git,django-pg-array-lookups,20,3,2015-10-16 09:49:55,2015-10-16T16:43:54+07:00,0,2016-04-13,5501675da3dabeb4d9b65fe83100ac66970bd720,180,0,2,2,1.0,160,8,,,,1,1.0,1,3.875,3.0,7,3.875,3.0,7,0,0.0,0,0.0,2,1,nan,25.0,25.0,33.5,33.5,67,0,32,206,7,5
2015Q4,emencia/django-xiti,https://github.com/emencia/django-xiti.git,django-xiti,248,2,2015-10-25 07:07:53,2015-10-25T07:59:29+01:00,0,2016-04-22,c67cb8854643a830f9f2c57354cbc47b3291d0ec,180,0,5,5,1.0,61,1,39.07692307692308,37,55,4,4,4,21,21,21,13,13,13,8,8,8,1.0,2,2,45.0,1.0833333333333335,1.0833333333333335,2.0,2.0,4,1,4,12,8,4
2015Q4,travispavek/testrail-python,https://github.com/travispavek/testrail-python.git,testrail,27568,20,2015-12-17 21:40:45,2015-12-17T15:16:17-06:00,0,2016-06-14,318fa54bd5606e6c97613421b7342b79ef6a8764,180,0,19,19,1.0,1999,341,32.52,21.5,61,1.4486803519061584,1,2,3.653958944281525,2,6,3.592375366568915,2,6,0.06158357771260997,0,0,0.03225806451612903,95,2,34.36206896551724,2.5,4.5424419617664515,2.0,21.073684210526316,2002,58,414,6153,681,206
2015Q4,zalando/zmon-worker,https://github.com/zalando/zmon-worker.git,zmon-worker,19,1,2015-12-17 18:50:11,2014-12-18T12:55:59+01:00,364,2016-06-14,e6bf308ffb4cd766965e6ea068b26f391d087f0f,180,0,81,59,0.7283950617283951,10866,346,50.03794642857143,46.0,92,2.540462427745665,1.0,5,10.179190751445086,6.0,23,8.49421965317919,4.0,21,1.6849710982658959,0.0,5,0.22254335260115607,280,14,52.49671772428884,1.5,8.923791652917,3.0,62.11785714285714,17393,914,4132,26853,20740,666
2015Q4,rainforestapp/destimator,https://github.com/rainforestapp/destimator.git,destimator,61,9,2015-12-04 19:51:18,2015-12-04T13:12:15+01:00,0,2016-06-01,0537cc6ba541ef1b8c13bee06f4c35d09dd3cca1,180,0,3,3,1.0,245,12,30.6,22,57,3.9166666666666665,3.0,8,15.166666666666666,8.0,35,12.916666666666666,7.0,30,2.25,0.5,5,0.5,13,2,nan,1.0,2.8095238095238098,1.0,2.769230769230769,36,0,9,482,133,23
2015Q4,edeposit/edeposit.app.fields,https://github.com/edeposit/edeposit.app.fields.git,edeposit.app.fields,9,1,2015-10-16 16:52:55,2015-06-17T14:05:59+02:00,121,2016-04-13,dfdf1f0bc435e2eac1b55ca9e69f3b29f8153e14,180,0,9,9,1.0,202,12,40.523809523809526,42,67,1.1666666666666667,1.0,2,5.583333333333333,2.0,18,4.416666666666667,2.0,5,1.1666666666666667,0.0,1,0.16666666666666666,8,1,39.2,5.317460317460317,5.708730158730159,2.5,12.75,102,5,29,144,32,15
2015Q4,rbavishi/Habitican-Curse,https://github.com/rbavishi/Habitican-Curse.git,habitican_curse,69,14,2015-10-12 16:36:31,2015-08-16T22:14:42+05:30,56,2016-04-09,2907f5ae671bbad1fd417f1f6b79f58c9ba5d138,180,0,12,4,0.3333333333333333,2879,2,27.90566037735849,26,49,1,1.0,1,4.5,4.5,6,4.5,4.5,6,0,0.0,0,0.0,91,2,29.68497576736672,4.813953488372093,11.709265854912356,19.0,102.46153846153847,9324,619,2334,13104,10267,287
2015Q4,it-spirit/spirit.releaser,https://github.com/it-spirit/spirit.releaser.git,spirit.releaser,176,13,2015-11-23 16:08:23,2015-11-23T14:29:18+01:00,0,2016-05-21,90f0074a1f0b0c8d7a4d50f8ff65c2cd7052e166,180,0,4,3,0.75,386,2,48.285714285714285,56.0,75,9,9.0,14,40.5,40.5,61,39.5,39.5,60,1,1.0,1,1.0,0,0,nan,nan,nan,nan,nan,0,0,0,0,0,0
2016Q1,flavio/scsgate,https://github.com/flavio/scsgate.git,scsgate,3766,1,2016-01-30 19:13:27,2016-01-06T09:22:36+01:00,24,2016-07-28,a7fd4d2a87394ca690232ac7ddfa7b4679fd0b93,180,0,6,6,1.0,685,73,40.75,51.5,64,1.6164383561643836,1,3,6.602739726027397,3,16,5.863013698630137,3,12,0.7397260273972602,0,1,0.4931506849315068,6,1,48.166666666666664,24.6,39.54065934065934,35.5,111.0,666,6,153,1406,515,18
2016Q1,im-0/cometblue,https://github.com/im-0/cometblue.git,cometblue,20,1,2016-03-27 14:40:45,2016-03-27T13:47:53+03:00,0,2016-09-23,4d9d65c2d53564148cfdc9fcf7409be246b4dad9,180,0,4,4,1.0,1256,84,27,23,44,2.511904761904762,2.0,5,10.928571428571429,8.0,24,10.928571428571429,8.0,24,0,0.0,0,0.0,0,0,nan,nan,nan,nan,nan,0,0,0,0,0,0
2016Q1,Dmitri-Sintsov/django-jinja-knockout,https://github.com/Dmitri-Sintsov/django-jinja-knockout.git,django-jinja-knockout,557,21,2016-03-17 16:28:29,2015-10-26T18:47:26+03:00,143,2016-09-13,566a45f81066a4b96262c617d28365745ef48a8f,180,0,23,23,1.0,3504,304,58.36538461538461,56.0,98,2.486842105263158,2.0,5,8.111842105263158,5.0,17,7.947368421052632,5.0,16,0.16447368421052633,0.0,0,0.02631578947368421,217,1,59.91205211726384,3.0,4.920289185773553,9.0,17.62672811059908,3825,307,481,4620,1900,305
2016Q1,kdheepak/iou,https://github.com/kdheepak/iou.git,py-iou,19,5,2016-03-20 09:43:38,2016-03-20T00:46:06-06:00,0,2016-09-16,11911030d79b44bc23405636730a51d35824f7f5,180,0,5,5,1.0,232,11,29,17,85,4.181818181818182,2,7,17,7,32,16.90909090909091,7,32,0.09090909090909091,0,0,0.09090909090909091,0,0,nan,nan,nan,nan,nan,0,0,0,0,0,0
2016Q1,sauditore/Python-Ansar,https://github.com/sauditore/Python-Ansar.git,pyansar,7,1,2016-03-09 21:34:26,2016-03-09T20:51:10+03:30,0,2016-09-05,4312155919b21c83da86b254b04acb675ed657da,180,0,2,1,0.5,68,0,,,,,,,,,,,,,,,,,1,1,nan,68.0,68.0,61.0,61.0,61,0,7,82,0,2
2016Q1,Grindizer/hapydeis,https://github.com/Grindizer/hapydeis.git,hapydeis,13,2,2016-01-18 19:43:28,2015-12-27T14:03:27-05:00,22,2016-07-16,46addaa1bdd1978f66085a0e8afdea9a3676c876,180,0,3,3,1.0,92,8,25.5,31.0,46,1.5,1.0,5,4.625,3.0,10,4.625,3.0,10,0,0.0,0,0.0,6,1,25.5,2.25,7.166666666666667,1.5,8.166666666666666,49,18,14,162,15,9
2016Q1,michelbl/weakscraper,https://github.com/michelbl/weakscraper.git,weakscraper,15,1,2016-03-28 16:08:49,2016-03-28T15:24:27+02:00,0,2016-09-24,54bfbea0480495b7cab6b7f62a939575e10c475c,180,0,6,6,1.0,672,45,22,22,25,3.8444444444444446,1,6,12.622222222222222,4,25,12.622222222222222,4,25,0,0,0,0.0,5,1,nan,2.0,1.825,2.0,5.0,25,0,5,30,10,9
2016Q1,manodeep/Corrfunc,https://github.com/manodeep/Corrfunc.git,corrfunc,703,17,2016-02-09 07:10:32,2014-12-20T15:29:11-06:00,415,2016-08-07,3c3ce45b0bb54577f70b447ba4d58a22870220b4,180,0,7,7,1.0,1254,20,42.75438596491228,41,71,6.95,5.5,10,62.95,37.0,157,58.95,28.0,142,4,0.0,15,0.4,47,1,48.193548387096776,2.0,12.305591482452384,3.0,41.276595744680854,1940,124,335,3517,1625,94
2016Q1,kharkevich/letsencrypt-pritunl,https://github.com/kharkevich/letsencrypt-pritunl.git,letsencrypt-pritunl,15,2,2016-01-12 11:22:42,2016-01-07T20:22:03+03:00,4,2016-07-10,7aac4782db4569eefe95c3343249e0758ad9ae58,180,0,2,2,1.0,123,16,18,18,18,1.625,1.0,3,6.4375,2.0,21,6.4375,2.0,21,0,0.0,0,0.0,6,2,25.25,64.63636363636364,64.63636363636364,0.0,32.0,192,8,70,338,175,9
2016Q1,ryansb/cfn-wrapper-python,https://github.com/ryansb/cfn-wrapper-python.git,cfn_resource,3065,3,2016-01-29 17:43:24,2016-01-24T11:07:38-05:00,5,2016-07-27,91269454c73c4fafa3130e4e487294c5f2f3e94f,180,0,2,2,1.0,122,11,41.8,45,67,1.4545454545454546,1,1,11.636363636363637,3,43,11.636363636363637,3,43,0,0,0,0.0,4,1,25.0,8.5,8.5,1.0,2.5,10,3,4,89,12,4
2016Q1,royels/Affirmpy,https://github.com/royels/Affirmpy.git,affirmpy,24,1,2016-02-06 06:28:57,2016-01-19T12:46:36-08:00,17,2016-08-04,55f89c25916e32ddaa95683ce71a905c1c713c9b,180,0,12,12,1.0,230,34,,,,1.411764705882353,1.0,2,4.029411764705882,3.5,6,4.029411764705882,3.5,6,0,0.0,0,0.0,8,1,nan,10.166666666666666,14.6578231292517,27.0,29.125,233,0,76,501,108,25
2016Q1,jcomo/snake,https://github.com/jcomo/snake.git,pyrake,33,4,2016-03-31 05:45:22,2016-03-25T00:44:03+01:00,6,2016-09-27,4eb5f7a4cced327bb5b6b7d8f78e1ca02d071e51,180,0,8,8,1.0,531,57,57.46666666666667,67,73,1.8421052631578947,1,4,6.9298245614035086,4,16,5.7894736842105265,3,13,1.1403508771929824,0,6,0.22807017543859648,50,1,55.0,2.3333333333333335,5.507600964137342,6.0,14.02,701,18,162,1834,665,131
2016Q1,dataloop/dalmatiner-python-client,https://github.com/dataloop/dalmatiner-python-client.git,ddbpy,18,3,2016-03-21 00:54:55,2016-01-07T14:29:43+00:00,73,2016-09-17,0754d03abce2bc636eb7dc1a20f2f56bcd3db18c,180,0,4,3,0.75,215,10,44.5,45.5,66,1.9,1.5,3,6.9,5.0,11,6.2,5.0,11,0.7,0.0,0,0.1,9,2,34.0,4.086956521739131,12.713437719158543,24.0,51.888888888888886,467,16,144,746,452,31
2016Q1,F5Networks/f5-icontrol-rest-python,https://github.com/F5Networks/f5-icontrol-rest-python.git,f5-icontrol-rest,72731,23,2016-01-19 02:07:41,2015-10-13T10:37:07-06:00,97,2016-07-17,348fc430adb459248de0767a37dc4a5c05b86380,180,0,4,4,1.0,625,18,48.21111111111111,57.0,71,2.6666666666666665,2.5,6,23.055555555555557,20.0,47,14.777777777777779,9.5,32,8.277777777777779,3.0,22,0.5,69,9,50.15151515151515,1.225,13.560595435733408,1.0,13.347826086956522,921,165,176,2958,1279,105
2016Q1,allisson/python-cielo-webservice,https://github.com/allisson/python-cielo-webservice.git,python-cielo-webservice,34,6,2016-01-11 21:42:38,2015-10-01T17:03:36-03:00,102,2016-07-09,ce85589ba8bcf65c7ae53e76dd643296142a473e,180,0,6,6,1.0,4283,57,57.13636363636363,75.0,78,3.5789473684210527,1,7,11.596491228070175,8,24,11.333333333333334,8,21,0.2631578947368421,0,0,0.08771929824561403,32,1,52.53846153846154,3.0,52.8525853171278,1.0,129.4375,4142,26,196,6200,610,71
2016Q1,jaredlunde/vital-tools,https://github.com/jaredlunde/vital-tools.git,vital-tools,7606,10,2016-03-29 22:07:44,2016-03-29T16:00:14-05:00,0,2016-09-25,14e26b45ad627e16d1dcda05485654cad5f49f87,180,0,9,9,1.0,4220,193,20.27710843373494,19,38,2.77720207253886,2,6,13.626943005181348,8,33,7.772020725388601,5,18,5.8549222797927465,1,19,0.6735751295336787,15,1,nan,1.0,1.6294871794871795,1.0,13.333333333333334,200,0,20,451,250,53
2016Q1,acatton/eingefuhrt,https://github.com/acatton/eingefuhrt.git,eingefuhrt,15,3,2016-03-18 00:09:23,2016-03-17T23:50:26+01:00,0,2016-09-14,e90f293e4ce0e0abaaca45492230dc52a1a507a3,180,0,5,5,1.0,179,8,39.44444444444444,32,63,5,3.0,14,11.25,6.0,36,10.75,6.0,36,0.5,0.0,4,0.125,9,2,39.75,20.25,21.625,0.0,17.666666666666668,159,4,42,380,31,18
2016Q1,Neurosim-lab/netpyne,https://github.com/Neurosim-lab/netpyne.git,netpyne,1162,83,2016-02-19 04:07:11,2014-06-18T16:57:49-04:00,610,2016-08-17,316ca1ba92eac1f21d5e29633241612462dfca54,180,0,10,4,0.4,5700,47,44.54283489096573,36.5,79,2.4680851063829787,2,5,7.468085106382978,5,14,7.319148936170213,5,13,0.14893617021276595,0,1,0.14893617021276595,718,6,51.362637362637365,2.0,7.759978245084974,7.0,34.090529247910865,24477,4186,4385,45920,34980,1724
2016Q1,davidchall/topas2numpy,https://github.com/davidchall/topas2numpy.git,topas2numpy,167,5,2016-02-19 05:30:20,2016-02-17T23:44:54-05:00,1,2016-08-17,2eaa1bd262465c3a5d7bce012731738a49e6c0ff,180,0,3,3,1.0,305,13,41.3,35.0,67,4,4,7,17.53846153846154,13,46,17.307692307692307,13,46,0.23076923076923078,0,1,0.23076923076923078,22,1,38.567567567567565,1.6666666666666667,14.994444444444444,1.0,24.227272727272727,533,37,156,1365,473,38
2016Q1,ayehavgunne/pyriodic,https://github.com/ayehavgunne/pyriodic.git,pyriodic,79,3,2016-02-09 05:25:30,2016-02-01T20:36:31-06:00,7,2016-08-07,5a167eb07afd5408719264989d02180ce54e0ee4,180,0,6,6,1.0,708,56,39.77777777777778,34,87,2.6964285714285716,2.0,5,10.803571428571429,7.0,19,8.553571428571429,5.0,16,2.25,3.0,4,0.6428571428571429,23,4,34.375,3.3125,5.128918734069963,32.0,53.0,1219,24,107,1597,702,76
2016Q1,ltrottier/pystruct3,https://github.com/ltrottier/pystruct3.git,pystruct3,8,1,2016-01-28 00:58:45,2016-01-11T10:07:42-05:00,16,2016-07-26,e535838e378ceaffbd7a87a1fbeefbae1c33981b,180,0,6,6,1.0,2617,200,50.00751879699248,71,79,2.225,1.0,5,9.76,8.5,19,6.11,3.0,14,3.65,0.0,13,0.335,65,1,49.693069306930695,7.75,52.859091794223595,8.0,82.93846153846154,5391,404,1665,11202,7704,96
2016Q1,iottly/prettysettings,https://github.com/iottly/prettysettings.git,prettysettings,205,6,2016-02-19 15:12:49,2016-02-19T16:01:39+01:00,0,2016-08-17,980e4c12b1aa135b47bafe8184c03ca017e2dd28,180,0,2,2,1.0,91,6,25,29,33,3.1666666666666665,3.0,6,7,4.5,22,7,4.5,22,0,0.0,0,0.0,3,1,nan,10.11111111111111,10.11111111111111,12.0,12.333333333333334,37,0,9,339,24,8
2016Q1,sagemath/pari-jupyter,https://github.com/sagemath/pari-jupyter.git,pari-jupyter,505,12,2016-02-23 13:47:24,2015-09-09T22:06:03+02:00,166,2016-08-21,8c2a9e09c74f1629b82ede5d2e53f9e3a6944af2,180,0,2,2,1.0,5,0,,,,,,,,,,,,,,,,,11,1,nan,1.0,1.0,0.0,0.45454545454545453,5,0,0,55,22,14
2016Q1,aboucaud/pypher,https://github.com/aboucaud/pypher.git,pypher,393,8,2016-03-10 16:43:54,2015-02-23T17:03:36+01:00,381,2016-09-06,e8624f1323da2a4dc1819c175cbd434ba79be93f,180,0,5,5,1.0,796,21,31.846153846153847,28.0,61,2.5238095238095237,2,5,27.80952380952381,26,51,15.619047619047619,13,25,12.19047619047619,11,23,1.0,24,1,33.4,2.8863636363636367,58.022039371304075,10.0,57.208333333333336,1373,150,416,2381,1205,38
2016Q1,kata198/QueryableList,https://github.com/kata198/QueryableList.git,queryablelist,5015,11,2016-01-07 00:42:01,2016-01-06T18:51:45-05:00,0,2016-07-05,28af26108df7123aa38ddbf973233aad682cfa82,180,0,5,5,1.0,1209,23,71.29411764705883,56.0,124,9.478260869565217,2,14,36.52173913043478,5,81,33.95652173913044,5,73,2.5652173913043477,0,9,0.30434782608695654,20,1,69.22972972972973,3.0681818181818183,18.06914983164983,6.5,43.2,864,74,349,1650,83,38
2016Q1,rugging24/pg_monitor,https://github.com/rugging24/pg_monitor.git,pg_monitor,78,15,2016-03-19 14:25:05,2015-12-12T14:42:12+01:00,98,2016-09-15,ac43b4b3c023335203866a7430257580736cc328,180,0,18,5,0.2777777777777778,1323,8,21.8,15.0,36,2.875,1.5,11,10.25,8.0,21,10.25,8.0,21,0,0.0,0,0.0,134,2,41.17874396135266,1.3333333333333333,4.2946803403362654,1.5,18.925373134328357,2536,207,298,3164,1812,315
2016Q1,aquatix/python-utilkit,https://github.com/aquatix/python-utilkit.git,utilkit,1124,9,2016-02-01 14:21:23,2016-01-31T11:35:15+01:00,1,2016-07-30,9c480582f74d494784b80c17541dfa2eaeb9df97,180,0,6,6,1.0,455,31,28.541666666666668,20.5,69,3.2580645161290325,2,8,11.870967741935484,9,24,9.096774193548388,7,21,2.774193548387097,3,4,0.8387096774193549,47,1,35.972972972972975,3.5714285714285716,9.218231292517004,4.0,10.404255319148936,489,37,91,693,178,59
2016Q1,dns-lexicon/dns-lexicon,https://github.com/dns-lexicon/dns-lexicon.git,dns-lexicon,110467,227,2016-02-05 23:12:13,2016-02-01T23:53:05-08:00,3,2016-08-03,ea36399bb1114db208a78886d9d069a0ebc095d7,180,0,20,4,0.2,2267,18,52.191964285714285,52.0,85,1.8333333333333333,1.0,5,5.5,3.0,14,5.5,3.0,14,0,0.0,0,0.0,55,8,56.03921568627451,3.0,44.9583407591948,8.0,38.8,2134,255,507,3898,745,189
2016Q1,materialsvirtuallab/flamyngo,https://github.com/materialsvirtuallab/flamyngo.git,flamyngo,288,68,2016-02-22 17:37:58,2016-02-20T21:00:54-08:00,1,2016-08-20,9b478cbf25eea4bd870b79399ddcfc4c00fe9c53,180,0,5,5,1.0,460,19,38.354838709677416,38,62,2.789473684210526,2,8,12.789473684210526,8,29,12.526315789473685,8,29,0.2631578947368421,0,1,0.10526315789473684,56,2,36.451388888888886,1.9444444444444444,6.8549422799422794,2.0,11.392857142857142,638,144,120,992,476,90
2016Q1,764664/PyCurrency,https://github.com/764664/PyCurrency.git,currency-calculator,11,2,2016-03-24 12:39:53,2016-01-21T18:07:45+09:00,63,2016-09-20,d5cf806d93e10665aa171f06178122a1cd3f5f68,180,0,2,2,1.0,33,4,35.666666666666664,32.0,71,1.5,1.5,2,4.25,5.0,5,4.25,5.0,5,0,0.0,0,0.0,1,1,35.666666666666664,16.5,16.5,23.0,23.0,23,6,4,47,32,3
2016Q2,mconcas/plancton,https://github.com/mconcas/plancton.git,plancton,73,16,2016-06-27 07:14:48,2015-07-23T16:40:26+02:00,339,2016-12-24,7b2a458d7a152b011198c1573ce432ad8cc09f44,180,0,3,0,0.0,872,0,40.0735294117647,36.0,74,,,,,,,,,,,,,,163,2,40.229757085020246,1.6666666666666667,7.236399291478656,4.0,30.50920245398773,4973,988,729,6886,6120,193
2016Q2,honmaple/flask-maple,https://github.com/honmaple/flask-maple.git,flask-maple,160,29,2016-04-18 12:37:23,2016-04-18T18:12:14+08:00,0,2016-10-15,903c91a376233abcce22d85a59c13660165362be,180,0,10,10,1.0,892,64,37.4392523364486,29,76,1.71875,1.0,3,8.15625,6.0,19,8.0625,6.0,19,0.09375,0.0,0,0.0625,14,1,36.93529411764706,5.3076923076923075,14.85167396705858,21.0,72.21428571428571,1011,170,175,1664,608,50
2016Q2,adafruit/Adafruit_Python_MCP4725,https://github.com/adafruit/Adafruit_Python_MCP4725.git,adafruit-mcp4725,220,3,2016-04-14 19:51:51,2016-03-25T08:26:08+00:00,20,2016-10-11,5b5fc87049331eb900126a55ea7e97f3424668ea,180,0,3,3,1.0,401,24,44.2,41.0,77,2.2083333333333335,2.0,4,12.208333333333334,11.0,24,10.25,9.0,19,1.9583333333333333,0.0,4,0.4583333333333333,3,1,nan,1.0,1.0,0.0,0.3333333333333333,1,0,0,3,6,4
2016Q2,wizeline/relayer,https://github.com/wizeline/relayer.git,relayer,47,15,2016-06-24 20:13:18,2016-06-21T12:56:20-05:00,3,2016-12-21,592801bceb803660e14846a9bae4380ff179aca0,180,0,10,10,1.0,275,32,82.6,84,110,1.375,1.0,3,7.34375,4.0,17,7.34375,4.0,17,0,0.0,0,0.0,22,2,82.6,1.0,4.655092592592592,1.0,7.818181818181818,172,5,45,504,89,60
2016Q2,georgebuckerfield/api-iam-helpers,https://github.com/georgebuckerfield/api-iam-helpers.git,api_iam_helpers,17,1,2016-04-03 13:00:28,2016-04-03T12:29:36+01:00,0,2016-09-30,d8056e3091b919a28adc9e7d81b75e1de670dbcb,180,0,2,2,1.0,54,3,51.833333333333336,45.0,102,1.3333333333333333,1,2,15,6,37,15,6,37,0,0,0,0.0,0,0,nan,nan,nan,nan,nan,0,0,0,0,0,0
2016Q2,konglx90/flask-admin.py,https://github.com/konglx90/flask-admin.py.git,flask-admin.py,62,3,2016-05-05 11:02:54,2016-05-05T19:08:02+08:00,-1,2016-11-01,74f89b068f7f3ca551588c4da371b9914add165c,180,0,2,2,1.0,82,3,5.666666666666667,6,7,2,1,4,20.333333333333332,19,29,17,14,24,3.3333333333333335,5,5,0.6666666666666666,0,0,nan,nan,nan,nan,nan,0,0,0,0,0,0
2016Q2,akucukelbir/stanhelper,https://github.com/akucukelbir/stanhelper.git,stanhelper,608,20,2016-04-27 19:14:15,2016-04-27T14:46:12-04:00,0,2016-10-24,0c782b8c761440b791eca6f105ed6e176a87e3a3,180,0,3,2,0.6666666666666666,307,6,44.333333333333336,50,74,9.333333333333334,8.5,21,39.166666666666664,22.0,128,29.833333333333332,19.5,96,9.333333333333334,7.0,32,0.6666666666666666,9,1,53.1,3.25,9.8375,6.0,10.666666666666666,96,10,35,162,63,15
2016Q2,scisco/wordpad,https://github.com/scisco/wordpad.git,wordpad,22,1,2016-04-04 21:14:36,2016-04-04T17:08:06-04:00,0,2016-10-01,c5f781a882ec3e888b33896a3bea53bf20ef80f4,180,0,2,2,1.0,33,3,,,,1.6666666666666667,1,3,7,5,11,7,5,11,0,0,0,0.0,2,1,nan,16.5,16.5,10.5,10.5,21,0,12,68,1,4
2016Q2,threeML/astromodels,https://github.com/threeML/astromodels.git,astromodels,1692,64,2016-06-26 01:59:39,2015-11-23T16:07:39-08:00,215,2016-12-23,486a448e84222d58e1beabde1d2873bb4ca410fb,180,0,40,39,0.975,11137,435,48.443969204448244,43,93,2.839080459770115,1,6,18.420689655172414,9,43,16.74022988505747,7,40,1.6804597701149426,0,6,0.33793103448275863,217,7,52.58148148148148,2.5418118466898956,26.130020949007942,3.0,54.327188940092164,11789,1890,6869,24304,10146,410
2016Q2,benoitguigal/python-epson-printer,https://github.com/benoitguigal/python-epson-printer.git,python-epson-printer,25,2,2016-05-16 18:24:17,2014-06-03T15:56:36+02:00,713,2016-11-12,7d89b2f21bc76d2cc4d5ad548e19a356ca92fbc5,180,0,3,3,1.0,381,31,10.114285714285714,4,33,1.4516129032258065,1,2,7.32258064516129,3,11,6.225806451612903,3,11,1.096774193548387,0,4,0.3225806451612903,46,4,40.45614035087719,2.0,7.247515041519565,4.5,23.695652173913043,1090,57,196,2006,1447,68
2016Q2,linzhonghong/zapi,https://github.com/linzhonghong/zapi.git,zapi,592,5,2016-05-10 09:55:09,2016-05-09T17:59:04+08:00,0,2016-11-06,ac55c3ddbc4153561472faaf59fb72ef794f13a5,180,0,22,18,0.8181818181818182,1776,50,44.32692307692308,40.5,65,2.34,2.0,4,7.88,4.0,15,7.42,4.0,15,0.46,0.0,0,0.1,3,1,41.09090909090909,5.785714285714286,5.785714285714286,1.0,77.33333333333333,232,11,54,321,35,16
2016Q2,invisibleroads/invisibleroads-uploads,https://github.com/invisibleroads/invisibleroads-uploads.git,invisibleroads-uploads,74,14,2016-05-23 04:22:23,2016-04-29T08:39:59-04:00,23,2016-11-19,4d44736097055264baaf181b68060810f1202a8c,180,0,3,3,1.0,95,7,,,,1.8571428571428572,1,5,8.857142857142858,7,25,8.857142857142858,7,25,0,0,0,0.0,18,1,nan,1.3666666666666667,6.959523809523809,2.0,8.722222222222221,157,0,25,189,146,26
2016Q2,Outernet-Project/bottle-streamline,https://github.com/Outernet-Project/bottle-streamline.git,bottle-streamline,59,6,2016-04-04 15:32:08,2016-04-03T16:23:31+02:00,1,2016-10-01,e0dbe39681a5f83460157a9d511c0a528fa5490d,180,0,5,5,1.0,597,41,43.54545454545455,41.0,70,1.5609756097560976,1,3,7.829268292682927,6,16,3.707317073170732,3,7,4.121951219512195,3,10,0.6585365853658537,47,2,42.91111111111111,1.5,4.41,1.0,7.212765957446808,339,45,75,1292,156,83
2016Q2,mareuter/my_checker,https://github.com/mareuter/my_checker.git,my_checker,28,2,2016-05-23 04:12:09,2016-05-07T15:43:02-07:00,15,2016-11-19,0dd682decf24ddcfa1fe15033d1b193fe4d59253,180,0,3,3,1.0,142,9,67,67,67,1.7777777777777777,2,3,9.333333333333334,10,16,5.555555555555555,5,10,3.7777777777777777,3,14,0.6666666666666666,20,1,67.0,1.5,12.071428571428571,0.0,5.8,116,1,36,593,91,29
2016Q2,fuentesfranco/kyklop,https://github.com/fuentesfranco/kyklop.git,kyklop,17,1,2016-06-24 17:07:27,2016-03-23T15:04:28+01:00,93,2016-12-21,f45e19bbbf761d38c6b4d8445fffa53bf35e6a2c,180,0,2,1,0.5,230,0,52.111111111111114,62,84,,,,,,,,,,,,,,2,1,52.111111111111114,230.0,230.0,101.5,101.5,203,9,18,235,235,3
2016Q2,pablodav/invpy_libs,https://github.com/pablodav/invpy_libs.git,invpy_libs,44,5,2016-06-21 20:24:48,2016-06-21T15:54:38-03:00,0,2016-12-18,a128cf986bfb7e111a6706dac7f1110efb94ed56,180,0,4,4,1.0,236,7,36.791666666666664,33.5,55,3.7142857142857144,4,6,29,23,60,24,20,53,5,7,8,0.7142857142857143,4,3,36.56,2.4166666666666665,15.375,11.0,12.5,50,25,26,103,26,9
2016Q2,acsone/bobtemplates.odoo,https://github.com/acsone/bobtemplates.odoo.git,bobtemplates.odoo,221,29,2016-06-15 18:52:52,2016-06-15T20:27:29+02:00,0,2016-12-12,7bc02d631fc50ffa25ac1cb72c1a3b6178643ea4,180,0,4,4,1.0,254,21,19.5,13.5,38,2.1904761904761907,2,4,8.428571428571429,7,16,8.333333333333334,7,16,0.09523809523809523,0,0,0.09523809523809523,32,5,18.583333333333332,3.928571428571429,5.1185064935064934,3.0,8.34375,267,36,52,517,144,40
2016Q2,sfischer13/python-stringmetric,https://github.com/sfischer13/python-stringmetric.git,stringmetric,71,1,2016-05-26 15:21:48,2016-05-26T17:18:02+02:00,0,2016-11-22,013247bd18b99b1bd6a248ccf98cca29119d2e70,180,0,3,3,1.0,10,1,,,,7,7,7,7,7,7,7,7,7,0,0,0,0.0,0,0,nan,nan,nan,nan,nan,0,0,0,0,0,0
2016Q2,BlackEarth/bweb,https://github.com/BlackEarth/bweb.git,bweb,99,10,2016-04-09 00:48:37,2016-04-08T17:57:47-05:00,0,2016-10-06,46b4544dcf0c1ca0c93546ad668f47e023b3f225,180,0,12,12,1.0,722,51,42.395833333333336,38.0,77,2.0784313725490198,2,4,6.352941176470588,4,14,5.549019607843137,4,13,0.803921568627451,0,1,0.3137254901960784,7,1,54.32142857142857,2.8461538461538463,29.62087912087912,32.0,105.14285714285714,736,28,128,910,170,22
2016Q2,benbacardi/django-font-awesome,https://github.com/benbacardi/django-font-awesome.git,django-font-awesome,241,1,2016-04-24 16:37:12,2016-04-24T11:12:17+01:00,0,2016-10-21,cf971d2623c1c26159e7aaeb11cdfe0a5f3571fc,180,0,2,2,1.0,0,0,,,,,,,,,,,,,,,,,0,0,nan,nan,nan,nan,nan,0,0,0,0,0,0
2016Q2,ajmazurie/spate,https://github.com/ajmazurie/spate.git,spate,10,1,2016-06-15 16:17:35,2015-04-02T09:36:43-06:00,440,2016-12-12,5c19210701c36cd21428dfa015fc131a39ea108d,180,0,16,14,0.875,2499,44,41.674418604651166,41.5,59,4.431818181818182,3.0,9,25.431818181818183,12.5,71,19.34090909090909,9.0,53,6.090909090909091,0.0,21,0.36363636363636365,27,1,44.83838383838384,3.52,9.094905734558255,44.0,116.5925925925926,3148,99,688,5721,3219,142
2016Q2,dankinder/qpipe,https://github.com/dankinder/qpipe.git,qpipe,18,4,2016-04-23 00:07:41,2016-04-21T16:50:12-07:00,1,2016-10-20,b115f6302074d78f300de19a9bfc81d5a085220c,180,0,4,4,1.0,421,37,39.23809523809524,37,62,2.6216216216216215,1,7,7.783783783783784,4,27,7.162162162162162,3,27,0.6216216216216216,0,2,0.24324324324324326,3,1,39.833333333333336,105.25,105.25,316.0,210.66666666666666,632,36,174,1044,1029,14
2016Q2,andreyrusanov/django-static-autocollect,https://github.com/andreyrusanov/django-static-autocollect.git,django-static-autocollect,7,1,2016-04-12 19:45:29,2016-04-09T16:59:01+03:00,3,2016-10-09,01b803936c60f7b21bac7d6a1eb4bb64eed12491,180,0,5,5,1.0,58,3,,,,4,3,8,11.333333333333334,6,26,11.333333333333334,6,26,0,0,0,0.0,1,1,nan,nan,nan,0.0,0.0,0,0,0,4,0,1
2016Q2,collective/collective.pdfdocument,https://github.com/collective/collective.pdfdocument.git,collective.pdfdocument,269,2,2016-06-03 19:08:58,2016-05-24T15:01:47+03:00,10,2016-11-30,bf7d0a537ca957ce82e43310e5eec18c6463fdf7,180,0,8,8,1.0,406,14,50.282051282051285,62,75,2.7857142857142856,1.0,10,7.857142857142857,4.0,21,7.214285714285714,3.0,20,0.6428571428571429,1.0,1,0.6428571428571429,4,1,50.6,129.0,106.33333333333333,46.5,54.75,219,35,69,326,83,5
2016Q2,bahusvel/COR-Framework-Python,https://github.com/bahusvel/COR-Framework-Python.git,cor,33,1,2016-06-09 03:53:43,2015-12-22T14:23:04+09:00,169,2016-12-06,a0e500c632af0a3c677bb6685b5c7f19b8d2060d,180,0,8,8,1.0,662,23,41.310344827586206,40,58,2.217391304347826,1,4,8.73913043478261,4,26,8.73913043478261,4,26,0,0,0,0.0,32,1,43.563380281690144,3.125,14.8133164983165,11.0,43.65625,1397,71,243,1728,1381,52
2016Q2,awacha/cct,https://github.com/awacha/cct.git,cct,173,2,2016-04-14 08:04:37,2015-10-14T16:33:47+02:00,182,2016-10-11,7334f375fbfc90d4fa805c1ac639a367dd57f03e,180,0,99,99,1.0,17374,1072,44.81494661921708,43,72,3.4328358208955225,2.0,8,12.184701492537313,6.0,27,11.585820895522389,6.0,26,0.5988805970149254,0.0,1,0.1333955223880597,306,3,49.5120253164557,2.686274509803922,8.97858549161361,17.0,116.72222222222223,35717,1580,3650,43693,26668,1420
2016Q2,scalainc/exp-python2-sdk,https://github.com/scalainc/exp-python2-sdk.git,exp-sdk,29,7,2016-04-19 16:33:06,2015-09-16T08:25:38-04:00,216,2016-10-16,5440a8210c97622b3808e4d54ad533673d457dc1,180,0,7,6,0.8571428571428571,1178,170,44,32,84,1.7941176470588236,1.0,3,4.5,2.0,9,4.488235294117647,2.0,9,0.011764705882352941,0.0,0,0.011764705882352941,87,5,43.87096774193548,3.0,10.562139516542148,4.0,71.47126436781609,6218,124,1773,10591,8693,312
2016Q2,matthiask/feincms3,https://github.com/matthiask/feincms3.git,feincms3,2005,202,2016-06-25 15:59:07,2016-06-21T14:47:58+02:00,4,2016-12-22,be16b7257e2f33b79d654540efa4018a57fbea84,180,0,18,18,1.0,2022,69,34.5625,33.5,60,2.9420289855072466,2,7,15.521739130434783,10,44,10.289855072463768,5,26,5.231884057971015,3,18,0.5797101449275363,173,1,45.45454545454545,1.75,6.212808194668098,1.0,11.300578034682081,1955,55,384,4381,2040,300
2016Q2,prismagraphql/python-graphql-client,https://github.com/prismagraphql/python-graphql-client.git,graphqlclient,69995,8,2016-05-12 13:33:05,2016-05-12T14:09:19+02:00,0,2016-11-08,6b6d8fe8a5694e02f5ea71c913e469e6c2a3e2ca,180,0,3,2,0.6666666666666666,54,1,,,,1,1,1,14,14,14,14,14,14,0,0,0,0.0,1,1,nan,2.3333333333333335,2.3333333333333335,5.0,5.0,5,0,2,8,1,2
2016Q2,scieloorg/paperboy,https://github.com/scieloorg/paperboy.git,scielo-paperboy,85,27,2016-04-05 20:37:15,2016-04-04T15:18:12-03:00,1,2016-10-02,d46556cf21033b06ffbeda92310804569024a5fb,180,0,5,5,1.0,1099,43,41.09090909090909,28.5,71,3.0930232558139537,3,5,21.232558139534884,15,36,20.3953488372093,15,35,0.8372093023255814,0,2,0.11627906976744186,35,2,56.71052631578947,2.0,29.161785833142453,3.0,52.74285714285714,1846,38,431,2353,1755,56
2016Q3,sunpy/drms,https://github.com/sunpy/drms.git,drms,27383,17,2016-09-22 17:11:03,2016-05-12T16:44:57+02:00,133,2017-03-21,37b40e57672a9bfc311db27637c5423509e36778,180,0,7,7,1.0,2003,87,49.858823529411765,57,67,3.689655172413793,2,10,16.724137931034484,8,47,10.275862068965518,5,26,6.448275862068965,1,21,0.5402298850574713,82,4,50.64341085271318,2.0,14.530627916332453,4.0,40.90243902439025,3354,129,440,7467,3009,176
2016Q3,gabrielmagno/nano-dlna,https://github.com/gabrielmagno/nano-dlna.git,nanodlna,162,11,2016-07-13 21:26:06,2015-02-27T15:23:18-03:00,502,2017-01-09,64346c6e3a1cb6b45b9b01f6d2c4070630d98253,180,0,7,7,1.0,485,18,27.666666666666668,23,55,3.111111111111111,2.0,9,16.833333333333332,14.0,42,16.833333333333332,14.0,42,0,0.0,0,0.0,38,2,29.764044943820224,3.0,14.324627976190476,6.5,30.973684210526315,1177,89,448,1799,1273,62
2016Q3,CCampJr/SciPlot-PyQt,https://github.com/CCampJr/SciPlot-PyQt.git,sciplot-pyqt,162,7,2016-07-21 22:31:35,2016-07-07T12:13:39-04:00,14,2017-01-17,5df6be41df40ab09557ac2662c9f94e0591bdb22,180,0,22,22,1.0,3553,149,30.3768115942029,30.0,54,3.12751677852349,1,8,16.14765100671141,7,45,14.308724832214764,6,37,1.8389261744966443,0,4,0.28187919463087246,57,1,40.46308724832215,2.8,13.248071142155325,12.0,35.8421052631579,2043,298,382,3060,800,98
2016Q3,ohenrik/laminate,https://github.com/ohenrik/laminate.git,laminate,39,6,2016-07-20 12:50:37,2016-07-20T14:23:47+02:00,0,2017-01-16,50ec0d7088d79def6b0ea1c752793acbd6114a41,180,0,2,2,1.0,140,7,37.714285714285715,34,57,2.2857142857142856,2,3,14.857142857142858,14,31,9.428571428571429,10,14,5.428571428571429,0,17,0.42857142857142855,7,1,33.57142857142857,1.9230769230769231,2.0640766640766643,5.0,18.428571428571427,129,7,12,233,181,13
2016Q3,jdxin0/django_db,https://github.com/jdxin0/django_db.git,django_db,3737,7,2016-08-11 03:24:48,2016-08-11T03:29:57+08:00,0,2017-02-07,049b30ac83371642a506c539ccbbe4c0f6f7b71c,180,0,2,2,1.0,85,9,37.5,37.5,45,2,2,3,5.333333333333333,4,16,5.333333333333333,4,16,0,0,0,0.0,8,1,nan,1.0,3.4,1.5,4.5,36,0,12,148,42,16
2016Q3,huberf/encryption,https://github.com/huberf/encryption.git,textcrypt,19,2,2016-09-22 17:59:52,2016-06-18T08:44:26-05:00,96,2017-03-21,313e25fe6bc91b682f70d4151fc72e776ed24e55,180,0,4,3,0.75,189,20,20.4,14,46,1.8,1.0,3,7.2,7.0,15,7.2,7.0,15,0,0.0,0,0.0,6,1,18.571428571428573,42.333333333333336,32.66666666666667,40.5,40.166666666666664,241,7,32,404,150,12
2016Q3,viveksb007/pybrainyquote,https://github.com/viveksb007/pybrainyquote.git,brainyquote,26,2,2016-08-02 18:53:48,2016-08-03T00:19:57+05:30,0,2017-01-29,cf7358ea4534b171d5b32a8838def8d359c82024,180,0,3,3,1.0,26,2,,,,1.5,1.5,2,6.5,6.5,10,6.5,6.5,10,0,0.0,0,0.0,1,1,nan,nan,nan,0.0,0.0,0,0,0,5,1,1
2016Q3,adobdin/timmy,https://github.com/adobdin/timmy.git,timmy,171,58,2016-07-08 11:09:58,2015-07-27T05:31:41+03:00,347,2017-01-04,4139ef04cfbbb07058b7ddd3b224c79b9d0ee557,180,0,18,17,0.9444444444444444,3147,127,43.402877697841724,39.5,76,5.6141732283464565,4,12,20.677165354330707,12,44,20.393700787401574,12,44,0.28346456692913385,0,0,0.07086614173228346,319,9,41.6948051948052,2.0,4.3951558177302905,6.0,23.103448275862068,7370,462,393,8790,6165,614
2016Q3,Typecraft/tc_xml_python,https://github.com/Typecraft/tc_xml_python.git,tc_xml_python,51,9,2016-08-15 05:06:45,2016-08-13T23:02:12+02:00,1,2017-02-11,cc167896645e988b2ea4c83b10e99263d70119e1,180,0,8,8,1.0,1072,74,47.42857142857143,50,67,1.8783783783783783,2.0,3,11.04054054054054,11.0,20,7.135135135135135,6.0,16,3.9054054054054053,4.0,8,0.6216216216216216,43,1,50.5,1.4166666666666665,8.872880116959065,2.0,36.16279069767442,1555,8,494,2460,1233,98
2016Q3,mbdevpl/argunparse,https://github.com/mbdevpl/argunparse.git,argunparse,3809,8,2016-09-07 13:05:13,2016-09-07T20:04:16+09:00,0,2017-03-06,4a0e615377b81177adf572bcac9b1cda88b5eb2a,180,0,2,2,1.0,121,4,44.142857142857146,49.0,69,6.5,7.0,9,15,11.5,30,13.75,11.5,25,1.25,0.0,5,0.25,1,1,nan,nan,nan,0.0,0.0,0,0,0,2,1,1
2016Q3,zenwalker/django-micro,https://github.com/zenwalker/django-micro.git,django-micro,45,15,2016-09-29 22:00:10,2015-12-19T21:51:09+03:00,285,2017-03-28,1380dad64aafb2d969d91c9555a985e27ab88b7e,180,0,6,6,1.0,349,17,27.26829268292683,21,48,1.8823529411764706,1,4,9.470588235294118,5,23,9.470588235294118,5,23,0,0,0,0.0,31,3,25.088607594936708,2.166666666666667,8.464451770208349,5.0,12.483870967741936,387,79,143,642,324,46
2016Q3,j340m3/pycode,https://github.com/j340m3/pycode.git,pycode,267,2,2016-09-29 06:00:11,2016-09-16T09:36:08+02:00,12,2017-03-28,3ed2335dced94b609dc8e556c232ee38fe15856f,180,0,13,13,1.0,717,64,25.79310344827586,25,45,2.15625,1.0,6,7.796875,5.5,16,7.40625,5.0,16,0.390625,0.0,1,0.109375,25,1,31.774193548387096,1.9333333333333336,4.210837172334498,4.0,19.28,482,31,89,702,291,61
2016Q3,elastic/elasticsearch-py-async,https://github.com/elastic/elasticsearch-py-async.git,elasticsearch-async,27678,8,2016-08-17 14:35:01,2016-03-12T02:45:27+01:00,158,2017-02-13,223ae8f6e7642d6a3a0355a4223ad28636e2d808,180,0,6,5,0.8333333333333334,314,14,44.65217391304348,35,67,5.428571428571429,4.0,11,18.357142857142858,14.5,37,17.357142857142858,12.0,37,1,0.0,5,0.14285714285714285,21,3,43.791666666666664,3.0,6.173412698412698,3.0,10.142857142857142,213,24,40,565,146,41
2016Q3,hodgesds/mmal-python,https://github.com/hodgesds/mmal-python.git,mmal,12,3,2016-08-07 21:15:48,2016-08-07T16:39:21-04:00,0,2017-02-03,6e299a4ce435bd0d246b92d1e95da8870f215a2f,180,0,9,7,0.7777777777777778,589,23,29,29.0,29,3.0434782608695654,2,9,12.652173913043478,9,25,12.478260869565217,9,25,0.17391304347826086,0,0,0.043478260869565216,4,1,nan,18.0,18.0,0.0,3.75,15,0,3,22,4,5
2016Q3,mewwts/feng,https://github.com/mewwts/feng.git,feng,122,13,2016-07-15 14:08:43,2016-05-01T22:57:47+02:00,74,2017-01-11,62719f7a25d88969094c7ab6d43f3524a8abc8ca,180,0,8,8,1.0,137,14,27,27.0,27,2.2142857142857144,1.5,4,6.071428571428571,3.5,13,6,3.5,13,0.07142857142857142,0.0,0,0.07142857142857142,21,3,27.0,2.416666666666667,6.5875,3.0,9.952380952380953,209,2,41,411,152,38
2016Q3,null-none/jabber-bot,https://github.com/null-none/jabber-bot.git,jabber-bot,9,2,2016-09-26 17:15:57,2016-09-26T20:21:21+03:00,-1,2017-03-25,c71eb881dbca8dda17e6e7b3fa71738145545755,180,0,2,1,0.5,56,1,,,,1,1,1,5,5,5,5,5,5,0,0,0,0.0,0,0,nan,nan,nan,nan,nan,0,0,0,0,0,0
2016Q3,Qingluan/QTornado,https://github.com/Qingluan/QTornado.git,qtornado,166,20,2016-09-20 10:50:44,2014-12-13T02:47:39+08:00,647,2017-03-19,e727e54ba5de4e0c0e9aad35a6831d19d9e41b9d,180,0,10,10,1.0,1868,88,32.875,28.0,54,2.852272727272727,2.0,6,10.806818181818182,4.0,30,10.113636363636363,4.0,28,0.6931818181818182,0.0,0,0.03409090909090909,36,2,30.203389830508474,2.4331550802139037,15.751661721850876,8.5,67.47222222222223,2429,118,580,3162,1903,91
2016Q3,borisaltanov/TravelTogether,https://github.com/borisaltanov/TravelTogether.git,traveltogether-django,12,1,2016-08-26 21:04:31,2016-08-24T04:32:25+03:00,2,2017-02-22,a42eeeaaa46d360231a232ca94c30ee709573e08,180,0,33,33,1.0,1080,37,42.285714285714285,47.0,71,1.7837837837837838,1,4,12.945945945945946,11,30,12.945945945945946,11,30,0,0,0,0.0,10,1,48.5,2.375,3.9903475544922915,4.0,39.4,394,2,69,499,56,35
2016Q3,KarrLab/nose2unitth,https://github.com/KarrLab/nose2unitth.git,nose2unitth,76,13,2016-07-28 14:58:43,2016-07-27T18:25:54-04:00,0,2017-01-24,0cf3b4ce763db625515108f117185c677f1aae1a,180,0,3,3,1.0,196,5,,,,5.6,2,12,26.8,9,60,22.8,3,53,4,6,8,0.6,29,1,nan,1.0,7.728205128205128,0.0,6.827586206896552,198,0,40,834,100,47
2016Q3,effi/dfparaplot,https://github.com/effi/dfparaplot.git,dfparaplot,14,2,2016-09-02 17:37:11,2016-09-02T19:22:54+02:00,0,2017-03-01,5768edb79b474df95c3b0af1c088aa4e54fc9c95,180,0,3,3,1.0,201,3,51.267857142857146,58.0,65,7,1,19,57.333333333333336,82,88,56.666666666666664,82,87,0.6666666666666666,1,1,0.6666666666666666,0,0,nan,nan,nan,nan,nan,0,0,0,0,0,0
2016Q3,mKeRix/xboxapi-python,https://github.com/mKeRix/xboxapi-python.git,xboxapi,295,4,2016-08-28 00:01:53,2016-02-14T14:16:21-08:00,195,2017-02-24,5d5880113f0a07a6cdc9ff92fb89b1b4ad4f6dd3,180,0,2,2,1.0,113,18,16,16.0,19,1.0555555555555556,1.0,1,4.722222222222222,4.0,5,3.7222222222222223,3.0,4,1,1.0,1,1.0,23,7,32.4,2.0,18.418317099567098,7.0,35.73913043478261,822,10,194,1107,868,36
2016Q3,tashley/xyz2rast,https://github.com/tashley/xyz2rast.git,xyz2rast,489,4,2016-08-08 19:28:51,2016-08-08T14:13:06-05:00,0,2017-02-04,02fdd02ada3983f0e5041d7d8ca18b11f8cdea5d,180,0,2,2,1.0,212,11,47.75,59.0,59,1.9090909090909092,1,4,15.727272727272727,10,27,14.727272727272727,9,26,1,1,2,0.8181818181818182,2,1,51.1875,15.5,15.5,45.5,45.5,91,16,22,130,338,3
2016Q3,mcldev/djangocms-charts,https://github.com/mcldev/djangocms-charts.git,djangocms-charts,369,9,2016-08-24 02:10:00,2016-08-23T15:32:13+10:00,0,2017-02-20,f9fdefc501b397f4437ad8ef6278ced30b54291c,180,0,35,34,0.9714285714285714,1733,53,40.13475177304964,36.0,67,2.2830188679245285,1,4,7.037735849056604,4,18,6.981132075471698,4,18,0.05660377358490566,0,0,0.05660377358490566,2,1,41.642857142857146,38.06666666666667,38.06666666666667,317.5,317.5,635,196,283,1177,2,18
2016Q3,rabitt/pysox,https://github.com/rabitt/pysox.git,sox,618048,28,2016-07-13 04:06:50,2016-05-01T14:06:38-04:00,72,2017-01-09,861e5b9aba17390e679e7af08b57e36a587e6907,180,0,6,6,1.0,3956,93,22.333333333333332,17.0,37,7.924731182795699,4,21,39.645161290322584,28,78,22.161290322580644,14,52,17.483870967741936,15,28,0.956989247311828,101,2,22.823529411764707,10.5,31.317994094382986,18.0,43.92079207920792,4436,17,972,11444,2039,211
2016Q3,sweetpay/sweetpay-python,https://github.com/sweetpay/sweetpay-python.git,sweetpay,29,8,2016-08-18 13:54:16,2016-07-29T22:29:18+02:00,19,2017-02-14,b5c2234e2409d9a8286c905e50d3076927b06403,180,0,9,9,1.0,1001,71,39.95,41.5,57,1.7464788732394365,1,3,10.32394366197183,4,25,7.901408450704225,3,20,2.4225352112676055,1,8,0.647887323943662,40,1,39.669603524229075,3.4166666666666665,11.516615616531285,12.5,53.575,2143,227,421,3264,2011,121
2016Q3,Gohla/eclipsegen,https://github.com/Gohla/eclipsegen.git,eclipsegen,103,16,2016-07-01 15:37:38,2016-07-01T16:05:03+02:00,0,2016-12-28,28b3e1ed56d47614a915cb27e19de0d6d8081095,180,0,4,4,1.0,699,67,93.33333333333333,86,118,2.1194029850746268,1,5,6.462686567164179,2,16,6.223880597014926,2,14,0.23880597014925373,0,0,0.04477611940298507,13,1,84.4,3.5384615384615383,4.069329769329769,1.0,38.76923076923077,504,5,106,761,308,23
2016Q3,ZuluPro/sphinx-django-command,https://github.com/ZuluPro/sphinx-django-command.git,sphinx-django-command,142,4,2016-08-07 14:40:58,2016-07-29T18:31:48-04:00,8,2017-02-03,5161ec2f3ec73911404b4816150885653979395b,180,0,4,4,1.0,93,8,,,,1,1.0,1,5.75,5.0,11,5.75,5.0,11,0,0.0,0,0.0,5,1,nan,1.0,6.7,2.0,16.6,83,0,23,153,19,11
2016Q3,basnijholt/miflora,https://github.com/basnijholt/miflora.git,miflora,976,23,2016-08-25 14:00:03,2016-08-25T10:17:52+02:00,0,2017-02-21,3575b30e3b4e06d460a1088a8b96999dd328cbed,180,0,3,3,1.0,295,10,40.45454545454545,34,58,4.3,4.5,8,23.6,14.0,56,20,12.5,49,3.6,3.0,8,0.7,35,4,45.0,1.738888888888889,3.260130526039617,4.0,8.0,280,12,32,341,179,39
2016Q3,pelotoncycle/flatter,https://github.com/pelotoncycle/flatter.git,flatter,64,3,2016-07-24 05:28:08,2016-07-24T01:36:16-04:00,-1,2017-01-20,4cfc4f314d5b9b8e81219062ce2e157e644f105c,180,0,2,2,1.0,109,12,,,,1.9166666666666667,1.0,2,6.833333333333333,4.0,12,6.833333333333333,4.0,12,0,0.0,0,0.0,1,1,nan,2.7777777777777777,2.7777777777777777,21.0,21.0,21,0,4,26,10,3
2016Q3,liip/djangocms-local-navigation,https://github.com/liip/djangocms-local-navigation.git,djangocms-local-navigation,49,8,2016-08-09 15:22:43,2016-08-09T17:19:26+02:00,0,2017-02-05,c87bae052291ada813aef91ffeb37ad4a2f62507,180,0,5,5,1.0,165,7,48.888888888888886,50,85,2.857142857142857,2,5,15.571428571428571,15,39,10.285714285714286,8,22,5.285714285714286,4,22,0.5714285714285714,12,1,nan,1.0,1.4305555555555556,1.0,3.8333333333333335,46,0,8,133,75,19
2016Q4,rueberger/enhance,https://github.com/rueberger/enhance.git,enhance,51,3,2016-11-22 06:15:17,2016-05-09T10:27:10+08:00,197,2017-05-21,ad1f8450d1b61d99e4192a49a88e0c7cc4406c46,180,0,14,14,1.0,1894,22,40.90909090909091,32.0,86,7.363636363636363,6.0,11,70,42.0,98,66,32.0,98,4,0.0,10,0.45454545454545453,9,2,42.142857142857146,17.25,63.18333333333334,3.0,155.77777777777777,1402,217,312,2177,1236,31
2016Q4,oz123/pytest-localftpserver,https://github.com/oz123/pytest-localftpserver.git,pytest-localftpserver,51555,18,2016-12-10 21:48:18,2016-12-10T00:22:00+01:00,0,2017-06-08,2bb42ead9d8098a59de70aa09dbf6d92609f3bae,180,0,2,2,1.0,137,11,36.625,32.5,67,1.2727272727272727,1,2,7,3,22,5.454545454545454,2,12,1.5454545454545454,0,1,0.2727272727272727,14,1,32.8,2.0,10.996825396825397,1.0,9.928571428571429,139,10,39,232,89,17
2016Q4,tensorly/tensorly,https://github.com/tensorly/tensorly.git,tensorly,114201,19,2016-10-22 12:16:04,2016-10-20T12:38:13+01:00,2,2017-04-20,1b9c3537ad0dea4045bf053d3046830f8130d95c,180,0,27,27,1.0,2143,52,32.51851851851852,23,57,4.038461538461538,2.0,12,34.63461538461539,26.0,77,14.403846153846153,5.0,45,20.23076923076923,20.0,33,0.9615384615384616,32,4,32.45945945945946,3.6333333333333333,19.56684901501478,2.5,27.46875,879,37,206,7129,364,114
2016Q4,Naereen/generate-word-cloud.py,https://github.com/Naereen/generate-word-cloud.py.git,generatewordcloud,7,2,2016-10-16 14:38:43,2016-02-14T22:02:21+01:00,244,2017-04-14,4714df13f588a3aa5a1a3b992d0d17d38148ba52,180,0,2,2,1.0,446,8,40.36842105263158,30.0,79,4.25,3.5,8,22.75,20.5,36,21,18.5,35,1.75,1.0,4,1.0,7,1,44.64,1.25,33.18625192012289,5.0,35.0,245,25,46,363,90,9
2016Q4,xiachufang/pylogrotate,https://github.com/xiachufang/pylogrotate.git,pylogrotate,42,16,2016-10-27 09:18:25,2016-10-27T14:00:20+08:00,0,2017-04-25,060214240c923de3bdbfd29e14ea74e3a7a334ad,180,0,2,1,0.5,311,0,15,15,15,,,,,,,,,,,,,,10,1,15.0,3.2386363636363633,2.733270202020202,6.5,17.1,171,1,22,203,79,15
2016Q4,yosaiproject/yosai,https://github.com/yosaiproject/yosai.git,yosai,718,1,2016-11-24 15:38:07,2015-01-07T06:52:49-05:00,687,2017-05-23,7f96aa6b837ceae9bf3d7387cd7e35f5ab032575,180,0,65,65,1.0,10315,669,41.01470588235294,37.0,74,1.7354260089686098,1,3,10.298953662182361,7,24,7.0358744394618835,4,17,3.2630792227204783,0,12,0.35276532137518685,651,3,41.60424469413233,2.224747474747475,10.634608758910668,18.0,132.0030721966206,85934,4806,20712,162135,138837,3638
2016Q4,ranaroussi/multitasking,https://github.com/ranaroussi/multitasking.git,multitasking,3598082,12,2016-12-21 19:21:16,2016-12-22T00:41:29+02:00,-1,2017-06-19,267aa15c0f4eb51ed600875f82e0eb66b49fa31a,180,0,2,2,1.0,179,10,36.27906976744186,36,69,3.3,2.0,6,10.8,8.0,21,10.8,8.0,21,0,0.0,0,0.0,6,1,18.25,4.066666666666666,3.6888888888888887,0.5,13.333333333333334,80,4,20,109,33,6
2016Q4,apizzimenti/booklist,https://github.com/apizzimenti/booklist.git,booklist,0,5,2016-10-22 19:37:48,2016-10-22T14:05:09-05:00,0,2017-04-20,c14b4812bb4736722315fa4913317e1fc6dc354d,180,0,4,4,1.0,201,13,41,41.0,47,3.1538461538461537,2,6,11.846153846153847,9,18,11.846153846153847,9,18,0,0,0,0.0,11,1,41.0,1.125,9.36111111111111,1.0,13.454545454545455,148,2,71,228,228,13
2016Q4,liminspace/django-privateurl,https://github.com/liminspace/django-privateurl.git,django-privateurl,134,8,2016-10-23 16:08:04,2016-09-13T01:26:35+03:00,40,2017-04-21,41abd646ad0807bf736cf6b574443809b5c54771,180,0,11,11,1.0,443,21,31,31.0,48,3.7142857142857144,2,8,10.142857142857142,5,19,9,5,19,1.1428571428571428,0,3,0.14285714285714285,0,0,nan,nan,nan,nan,nan,0,0,0,0,0,0
2016Q4,Alignak-monitoring-contrib/alignak-checks-mysql,https://github.com/Alignak-monitoring-contrib/alignak-checks-mysql.git,alignak_checks_mysql,117,8,2016-10-03 08:15:43,2016-10-01T08:56:50+02:00,2,2017-04-01,4bc111f4d8bcfc06bd3ef1d6d524c46478c782fd,180,0,2,2,1.0,49,0,27.833333333333332,21.5,48,,,,,,,,,,,,,,3,1,37.0,1.0,2.066666666666667,1.0,6.666666666666667,20,2,1,93,304,5
2016Q4,CodeTeam/tcrudge,https://github.com/CodeTeam/tcrudge.git,tcrudge,206,16,2016-11-16 15:54:57,2016-11-03T13:03:16+03:00,13,2017-05-15,f7532666898fc792444a586a3464ad620750f693,180,0,10,10,1.0,1481,71,31.14814814814815,29.0,57,2.6338028169014085,2,5,16.535211267605632,11,35,10.661971830985916,7,26,5.873239436619718,5,11,0.676056338028169,63,6,42.7,1.0,3.1396215400760856,2.0,19.714285714285715,1242,50,183,2331,1075,126
2016Q4,MinchinWeb/minchin.pelican.jinja_filters,https://github.com/MinchinWeb/minchin.pelican.jinja_filters.git,minchin.pelican.jinja-filters,31,4,2016-11-19 00:20:51,2016-11-06T18:50:34-07:00,11,2017-05-18,94b8b1dd04be49950d660fe11d28f0df0fe49664,180,0,5,5,1.0,129,6,24,25.5,35,1,1.0,1,9.5,10.5,14,2.5,2.0,5,7,8.5,12,1.0,12,1,34.333333333333336,2.7142857142857144,9.007857142857143,3.5,24.166666666666668,290,21,89,598,329,25
2016Q4,takeflight/wagtailmodelchooser,https://github.com/takeflight/wagtailmodelchooser.git,wagtail-modelchooser,7101,20,2016-10-28 02:05:54,2016-10-25T16:54:10+11:00,2,2017-04-26,7da6e54f7d3f77e5e084bb1ed7d7fb48a57604ef,180,0,10,10,1.0,391,28,43.5,41.0,62,1.7142857142857142,1.0,3,9.5,5.5,25,7.678571428571429,5.5,14,1.8214285714285714,0.0,6,0.21428571428571427,8,1,40.2,2.5,2.9501424501424505,1.5,12.625,101,5,22,251,37,16
2016Q4,Cornices/cornice.ext.swagger,https://github.com/Cornices/cornice.ext.swagger.git,cornice-swagger,7147,14,2016-11-08 12:44:17,2016-10-19T14:54:47+02:00,19,2017-05-07,0ea370d17dd41b58b9f4f40bd316757e05230038,180,0,7,7,1.0,1122,49,45.54838709677419,40,69,3.4489795918367347,2,8,17.020408163265305,13,35,13.489795918367347,10,25,3.5306122448979593,0,11,0.40816326530612246,95,4,47.19178082191781,2.607142857142857,7.504990465452423,1.0,20.94736842105263,1990,73,574,6495,3762,215
2016Q4,dssg/collate,https://github.com/dssg/collate.git,collate,56,4,2016-12-14 00:06:03,2016-10-17T16:43:26-05:00,57,2017-06-12,1dc025a0d4be6be3d569021a59e85eb5c51d5222,180,0,5,5,1.0,854,61,40.111111111111114,33,67,2.459016393442623,2,5,11.311475409836065,9,25,7.098360655737705,4,15,4.213114754098361,3,10,0.5573770491803278,98,3,38.214285714285715,1.8,6.713026893621899,5.0,14.13265306122449,1385,14,227,2649,966,147
2016Q4,biswaroopmukherjee/bec1db,https://github.com/biswaroopmukherjee/bec1db.git,bec1db,97,12,2016-12-08 03:18:08,2016-12-07T21:41:52-05:00,0,2017-06-06,76051950a24113670449640243eb545888e5e7ef,180,0,2,2,1.0,391,18,28.185714285714287,24.0,47,4.111111111111111,3.5,9,17.833333333333332,11.5,38,17.833333333333332,11.5,38,0,0.0,0,0.0,10,1,27.877551020408163,4.5625,13.593005952380953,18.5,40.8,408,98,108,807,236,22
2016Q4,PeRDy/django-numpy,https://github.com/PeRDy/django-numpy.git,django-numpy,27,2,2016-10-20 15:29:36,2016-10-20T17:21:04+02:00,0,2017-04-18,d256dfee060c6c9d9e58ac0a9f60a515fd7bab36,180,0,4,4,1.0,67,6,24,24,24,1,1.0,1,2.8333333333333335,2.0,7,2.8333333333333335,2.0,7,0,0.0,0,0.0,0,0,nan,nan,nan,nan,nan,0,0,0,0,0,0
2016Q4,hiroaki-yamamoto/django-nghelp,https://github.com/hiroaki-yamamoto/django-nghelp.git,django-nghelp,80,18,2016-11-16 07:50:56,2016-11-14T15:34:37+09:00,2,2017-05-15,673138759ef8799bb8ae272cc0fabafba7a950cf,180,0,9,9,1.0,281,13,14.6,14.0,14,1.9230769230769231,1,4,10.307692307692308,10,18,9.461538461538462,10,17,0.8461538461538461,1,1,0.8461538461538461,23,1,26.25,3.2,6.289141414141414,0.0,8.434782608695652,194,4,31,492,193,44
2016Q4,amcat/progressmonitor,https://github.com/amcat/progressmonitor.git,progressmonitor,18,4,2016-12-11 15:22:11,2016-12-11T11:30:06+01:00,0,2017-06-09,d4cabebc95bfd1447120f601c094b20bee954285,180,0,3,3,1.0,222,23,36.857142857142854,37,57,1.9130434782608696,2,4,7.304347826086956,6,11,6.434782608695652,6,10,0.8695652173913043,0,4,0.4782608695652174,2,1,35.0,19.7,19.7,27.0,27.0,54,3,8,72,15,5
2016Q4,nir0s/backtrace,https://github.com/nir0s/backtrace.git,backtrace,3134,6,2016-11-10 10:31:16,2016-11-08T22:51:30+02:00,1,2017-05-09,f2c8683ec53e4fa48ea8c99c196b201bf22fda3e,180,0,3,3,1.0,438,24,44.57,47.0,47,2.375,1.0,7,11.416666666666666,7.0,22,10.208333333333334,7.0,22,1.2083333333333333,0.0,2,0.125,11,1,44.66990291262136,5.411111111111111,6.4442024886877824,13.0,34.54545454545455,380,103,154,731,274,25
2016Q4,humilis/humilis-security,https://github.com/humilis/humilis-security.git,humilis-security,26,5,2016-11-13 00:03:24,2016-11-13T01:03:08+01:00,0,2017-05-12,0662314ca73e296f2a20316c27709d9a004177f4,180,0,2,2,1.0,13,1,,,,1,1,1,3,3,3,2,2,2,1,1,1,1.0,4,2,nan,1.0,1.0,1.0,1.0,4,0,0,5,5,5
2016Q4,zodman/kn3,https://github.com/zodman/kn3.git,kn3,9,1,2016-10-19 16:21:08,2016-10-11T12:52:33-05:00,7,2017-04-17,11cc69196069e1fda723fc896e17ea79901ff6c2,180,0,2,1,0.5,49,0,,,,,,,,,,,,,,,,,0,0,nan,nan,nan,nan,nan,0,0,0,0,0,0
2016Q4,dispel/jak,https://github.com/dispel/jak.git,jak,73,8,2016-12-30 14:08:49,2016-11-17T15:40:37-05:00,42,2017-06-28,dc913c23f7fabe1b21e2a5056da6d5ea54798913,180,0,12,12,1.0,1290,63,46.74074074074074,49.0,75,2.2698412698412698,2,4,13.476190476190476,10,26,10.396825396825397,6,24,3.0793650793650795,1,8,0.8253968253968254,131,2,41.25748502994012,2.1,4.311240034414675,7.0,17.84732824427481,2338,167,432,4581,2736,333
2016Q4,abramovd/django-mongolog,https://github.com/abramovd/django-mongolog.git,django-mongologging,8,1,2016-11-25 15:32:13,2016-11-25T18:34:50+03:00,-1,2017-05-24,3053ee86e0bef5fcc034fdf9dfdec617bb0cef76,180,0,19,19,1.0,638,31,40.75,40.0,58,2.2580645161290325,1,6,12.483870967741936,8,23,8.225806451612904,4,23,4.258064516129032,3,7,0.8387096774193549,0,0,nan,nan,nan,nan,nan,0,0,0,0,0,0
2016Q4,sheanmassey/django-audit-trails,https://github.com/sheanmassey/django-audit-trails.git,django-audit-trails,8,1,2016-12-01 12:56:14,2016-12-01T13:45:05+01:00,0,2017-05-30,f0978f955c5332f70715b8a38201179774008a47,180,0,10,9,0.9,453,5,37.13793103448276,33.0,68,1.8,2,3,17,17,29,17,17,29,0,0,0,0.0,3,2,19.0,4.0,10.311111111111112,36.0,41.0,123,13,26,162,27,4
2016Q4,dobarkod/hnbex-python,https://github.com/dobarkod/hnbex-python.git,hnbex,7,1,2016-12-29 23:19:40,2016-12-27T23:08:55+01:00,2,2017-06-27,8b1155df62e2691430ae2b13e00543bb7804b7bc,180,0,2,2,1.0,173,12,,,,2.1666666666666665,1.5,4,9.333333333333334,8.0,12,7.5,5.5,12,1.8333333333333333,0.0,6,0.3333333333333333,6,3,nan,76.0,52.199999999999996,11.5,22.333333333333332,134,0,41,247,20,7
2016Q4,HadrienG/taxadb,https://github.com/HadrienG/taxadb.git,taxadb,434,10,2016-12-06 13:30:10,2016-06-09T10:57:38+02:00,180,2017-06-04,28f7d6a16ee2496233ac1b5848b6ca5297b56bc7,180,0,9,9,1.0,1246,44,37.588235294117645,35.0,61,3.5454545454545454,3.0,5,22.113636363636363,16.0,43,14.204545454545455,6.5,34,7.909090909090909,9.0,14,0.7954545454545454,88,3,37.099236641221374,3.6333333333333333,9.528446798999168,11.0,35.09090909090909,3088,131,521,4715,2790,160
2016Q4,phantomxc/pytrium,https://github.com/phantomxc/pytrium.git,pytrium,39,3,2016-10-07 17:03:29,2016-10-04T09:58:53-06:00,3,2017-04-05,16ec84bd55c3ba2c4eb5b1d887e1ac1185da35e2,180,0,7,7,1.0,474,53,32.333333333333336,34,52,1.5471698113207548,1,2,5.471698113207547,4,12,5.471698113207547,4,12,0,0,0,0.0,20,1,32.111111111111114,1.5,6.218729694606888,2.0,28.7,574,81,212,1671,438,45
2016Q4,mihailv/bossconf,https://github.com/mihailv/bossconf.git,bossconf,68,16,2016-11-21 16:58:37,2016-11-18T19:18:21+02:00,2,2017-05-20,abe777240160e0ba1b6fa8247ac3bd39067b912d,180,0,3,2,0.6666666666666666,263,9,16.555555555555557,17,27,4.888888888888889,3,15,14.333333333333334,12,40,13.777777777777779,11,39,0.5555555555555556,1,1,0.5555555555555556,15,4,18.8,3.6666666666666665,9.266460905349795,3.0,18.8,282,20,57,461,106,25
2016Q4,beardypig/pymp4,https://github.com/beardypig/pymp4.git,pymp4,36556,11,2016-10-24 15:03:25,2016-10-24T16:05:04+01:00,-1,2017-04-22,a7fb06260e3becfa312db4341bb04a90eafae091,180,0,5,5,1.0,835,18,30,30,47,2.0555555555555554,1.0,5,6.166666666666667,3.0,14,5.833333333333333,2.0,14,0.3333333333333333,0.0,3,0.1111111111111111,17,1,32.2,3.4545454545454546,9.081986531986532,1.0,19.352941176470587,329,15,50,886,363,35
2017Q1,eddiejessup/gowbso,https://github.com/eddiejessup/gowbso.git,gowbso,32,8,2017-03-02 14:18:20,2017-03-02T15:22:05+01:00,-1,2017-08-29,f74fd38672378359906a58356804493a54b91065,180,0,5,5,1.0,130,8,47.30769230769231,49,70,2,2.0,3,9.75,7.0,38,9.625,6.5,38,0.125,0.0,1,0.125,4,1,43.8,7.375,7.375,1.0,9.25,37,5,8,57,10,7
2017Q1,seveas/pamphlet,https://github.com/seveas/pamphlet.git,pamphlet,30,2,2017-03-23 21:59:16,2017-03-23T22:58:13+01:00,0,2017-09-19,ed75ba12f14eb139c8c93190432e2ae696925405,180,0,2,2,1.0,517,46,48.833333333333336,58.5,71,2.239130434782609,2.0,4,5.956521739130435,6.0,9,5.956521739130435,6.0,9,0,0.0,0,0.0,3,1,29.181818181818183,258.5,258.5,0.0,127.0,381,55,81,581,2,8
2017Q1,diegojromerolopez/django-async-include,https://github.com/diegojromerolopez/django-async-include.git,django-async-include,960,17,2017-03-01 16:11:33,2017-02-26T15:31:21+01:00,3,2017-08-28,0204c49e43811c15b8bc04297fa3f15151029577,180,0,9,9,1.0,308,9,45.86363636363637,42.5,86,2.888888888888889,2,9,24.666666666666668,7,93,23.555555555555557,4,93,1.1111111111111112,0,6,0.2222222222222222,23,2,42.75,2.5,5.116049382716049,3.0,5.913043478260869,136,20,34,373,62,37
2017Q1,benlindsay/job_tree,https://github.com/benlindsay/job_tree.git,job_tree,24,6,2017-03-24 04:19:41,2017-03-23T22:32:29-04:00,0,2017-09-20,0cdb293fd166d8d1cd50e54ab090264029adf978,180,0,5,5,1.0,524,11,28.799163179916317,24,65,4.7272727272727275,2,8,19.90909090909091,10,32,16,5,27,3.909090909090909,4,7,0.6363636363636364,10,1,30.04892966360856,5.0,15.032754342431762,17.0,54.5,545,327,60,965,414,27
2017Q1,facebook/mazebase,https://github.com/facebook/mazebase.git,mazebase,12,1,2017-03-22 20:03:21,2015-12-17T13:07:36-08:00,460,2017-09-18,3d31989ca17b04f6d3998c51b2d7df485cfb57b2,180,0,16,16,1.0,2738,228,38.15909090909091,34.0,75,2.0833333333333335,1.0,5,7.12719298245614,4.0,17,6.385964912280702,3.0,15,0.7412280701754386,0.0,3,0.19298245614035087,2,2,38.6219512195122,195.57142857142858,195.57142857142858,1081.0,1081.0,2162,82,494,2778,0,15
2017Q1,r00tkid/mr_csv_worker,https://github.com/r00tkid/mr_csv_worker.git,mr_csv_worker,10,2,2017-02-20 15:27:38,2017-02-20T17:24:49+02:00,0,2017-08-19,be6095f5fa543b1be8bc0b8d07bc5b5cca394bbe,180,0,3,3,1.0,112,5,,,,3.6,2,8,18,9,39,12.6,6,27,5.4,3,12,0.6,0,0,nan,nan,nan,nan,nan,0,0,0,0,0,0
2017Q1,BBVA/chaos-monkey-engine,https://github.com/BBVA/chaos-monkey-engine.git,chaosmonkey,45,4,2017-02-15 09:27:21,2017-02-08T12:53:31+01:00,6,2017-08-14,1255e028a196e38d29ce896f7c4c5bed5d9237ae,180,0,36,36,1.0,2433,129,37.87234042553192,36,73,1.6046511627906976,1,3,11.612403100775193,8,24,6.395348837209302,5,15,5.217054263565892,3,9,0.5736434108527132,8,2,42.0,1.0,1.4166666666666667,1.0,4.0,32,1,4,107,98,45
2017Q1,willingc/circuitpython_kernel,https://github.com/willingc/circuitpython_kernel.git,circuitpython-kernel,14,2,2017-03-23 23:46:00,2017-03-23T06:26:55-07:00,0,2017-09-19,30ea63032847888be61c4c3f4f64c06aa87a9948,180,0,7,7,1.0,405,18,35.53846153846154,31,58,2.611111111111111,2.0,5,13.5,10.0,38,8.055555555555555,7.5,17,5.444444444444445,1.5,24,0.7222222222222222,25,1,39.2,1.8125,4.189999303815093,3.0,11.6,290,15,63,411,326,43
2017Q1,mrmiguez/pymods,https://github.com/mrmiguez/pymods.git,pymods,335,14,2017-03-09 16:52:07,2016-02-04T16:11:16-05:00,398,2017-09-05,3a29f432732476b74d67fb703387acf3c8103049,180,0,6,6,1.0,999,68,38.214285714285715,33.0,69,2.7205882352941178,2.0,5,8.014705882352942,6.5,15,5.235294117647059,4.5,9,2.7794117647058822,4.0,4,0.6911764705882353,142,1,41.499751861042185,3.8,17.470668457751515,12.5,55.394366197183096,7866,2015,1138,12107,9322,229
2017Q1,sebriois/bioinfo_tools,https://github.com/sebriois/bioinfo_tools.git,bioinfo_tools,239,32,2017-03-30 09:10:24,2017-03-30T10:52:47+02:00,0,2017-09-26,f928f7f59baf502cca757608794d69c7e8c7f657,180,0,13,12,0.9230769230769231,1083,61,32.354838709677416,36,50,3.901639344262295,2,10,13.524590163934427,9,34,12.950819672131148,8,34,0.5737704918032787,0,3,0.16393442622950818,20,1,30.615384615384617,2.196428571428571,5.484973086124402,4.5,25.4,508,13,120,659,495,48
2017Q1,gabisurita/kinto-migrations,https://github.com/gabisurita/kinto-migrations.git,kinto-migrations,10,1,2017-03-12 22:10:47,2017-03-12T14:07:46-03:00,0,2017-09-08,d3dbf84967252d55ed43d87cc3c5a1fe56508430,180,0,2,2,1.0,86,2,15.4,15,18,4,4.0,6,36.5,36.5,49,34,34.0,44,2.5,2.5,5,0.5,4,1,15.4,3.2857142857142856,3.2857142857142856,0.0,3.75,15,5,3,32,71,4
2017Q1,PeRDy/health-check,https://github.com/PeRDy/health-check.git,health-check,4766,12,2017-02-23 10:12:24,2015-10-08T13:20:27+02:00,503,2017-08-22,74734c387b8e3d0e366be2543141e6fe0a248c2c,180,0,30,30,1.0,1017,49,37.48,31,70,2.122448979591837,1,5,9.83673469387755,7,22,7.061224489795919,3,14,2.7755102040816326,0,8,0.4489795918367347,40,4,30.09090909090909,1.0833333333333335,6.597110592322808,3.0,52.175,2087,66,512,2864,2216,131
2017Q1,BambooHR/rapid,https://github.com/BambooHR/rapid.git,rapid-framework,154,48,2017-03-10 05:07:56,2017-03-09T15:49:23-07:00,0,2017-09-06,7fafd83f8f79d8e65661afeeee82250f42f114d1,180,0,104,104,1.0,8543,462,38.329032258064515,39,59,2.668831168831169,1.0,6,10.363636363636363,6.0,22,9.746753246753247,5.0,21,0.6168831168831169,0.0,0,0.09740259740259741,40,1,38.44,1.0,4.2473743848743855,2.0,172.4,6896,150,1661,12160,224,234
2017Q1,tyagi-iiitv/PyopenglExample,https://github.com/tyagi-iiitv/PyopenglExample.git,openglexample,10,1,2017-02-19 16:32:55,2017-02-19T13:32:21+05:30,0,2017-08-18,60321867c7d801b28fa0d2541c8a97c36ac18c37,180,0,4,3,0.75,328,1,19.136363636363637,14.5,35,1,1,1,5,5,5,5,5,5,0,0,0,0.0,0,0,nan,nan,nan,nan,nan,0,0,0,0,0,0
2017Q1,eillarra/irekia,https://github.com/eillarra/irekia.git,irekia,22,3,2017-02-27 16:55:53,2017-02-27T17:15:37+01:00,0,2017-08-26,bb993fe36f2fbc2445793e07c5b1522aad219b99,180,0,3,3,1.0,295,14,45.5,50.5,56,3.2857142857142856,3.0,5,17.142857142857142,11.0,34,12.285714285714286,9.0,34,4.857142857142857,2.5,14,0.7142857142857143,1,1,51.0,1.9285714285714286,1.9285714285714286,25.0,25.0,25,1,1,30,23,3
2017Q1,channels-frontend/django_redux,https://github.com/channels-frontend/django_redux.git,django-redux,149,14,2017-02-14 20:33:32,2017-02-14T14:29:54-06:00,0,2017-08-13,b30be9123b9af592f522822e2a9feb39b10f7b87,180,0,16,16,1.0,330,10,46.78260869565217,53,71,2.1,2.0,3,7.1,6.5,11,5.4,5.0,8,1.7,0.0,4,0.2,26,1,39.2,1.0,2.0615942028985508,1.0,4.538461538461538,118,10,16,416,230,58
2017Q1,MarkLark/dstore-mysql,https://github.com/MarkLark/dstore-mysql.git,dstore-mysql,39,2,2017-01-23 03:59:36,2017-01-23T14:28:00+11:00,0,2017-07-22,ac428e547dbfede9558dae4984e385ba02f4621c,180,0,6,6,1.0,338,37,39,39,39,2.1621621621621623,1,5,6.972972972972973,4,20,6.972972972972973,4,20,0,0,0,0.0,9,1,nan,7.1,8.175,0.0,7.444444444444445,67,0,12,116,485,13
2017Q1,ipython/rlipython,https://github.com/ipython/rlipython.git,rlipython,158,4,2017-03-23 21:45:31,2017-03-02T11:49:48-08:00,21,2017-09-19,e218435e396a5798e001f732afa5b5e5fdc93ce0,180,0,6,6,1.0,968,37,51.41891891891892,58.0,74,4.027027027027027,2,7,18.216216216216218,9,34,16.513513513513512,7,28,1.7027027027027026,0,7,0.4594594594594595,26,2,52.67625899280576,5.0,39.60863095238095,2.5,33.61538461538461,874,139,215,1270,1202,30
2017Q1,maqifrnswa/scimpy,https://github.com/maqifrnswa/scimpy.git,scimpy,508,1,2017-03-24 01:14:33,2016-02-12T01:04:57-05:00,405,2017-09-20,200198675d4d213341d7ce266e7d25848214e47e,180,0,10,10,1.0,1705,74,41.49815498154982,40,69,1.6891891891891893,1.0,3,24.35135135135135,11.0,68,22.89189189189189,9.0,68,1.4594594594594594,1.0,2,0.6486486486486487,71,2,44.67695473251029,2.4583333333333335,7.360124426487164,14.0,47.943661971830984,3404,486,433,4381,2965,189
2017Q1,Yoshiyuki-Nakahara/python-ansible-dynamic-inventory,https://github.com/Yoshiyuki-Nakahara/python-ansible-dynamic-inventory.git,ansible-dynamic-inventory,108,19,2017-02-19 17:04:10,2017-02-19T20:04:43+09:00,0,2017-08-18,f397a639136fc2605637c81ee3c23a49e9cc3c62,180,0,2,2,1.0,165,12,27.333333333333332,34.0,34,3.6666666666666665,2.5,7,10.583333333333334,9.0,19,10.583333333333334,9.0,19,0,0.0,0,0.0,26,1,45.5,1.303030303030303,2.2295066045066045,3.5,9.23076923076923,240,2,38,297,189,33
2017Q1,4Kaylum/Brickfront,https://github.com/4Kaylum/Brickfront.git,brickfront,63,5,2017-01-29 00:51:00,2017-01-29T00:35:43+00:00,0,2017-07-28,58dd3fd42bb174e34cd89f1f82066dcf1f1c8a31,180,0,5,5,1.0,488,19,26.153846153846153,23.0,47,2.210526315789474,2,5,19.31578947368421,19,45,14.210526315789474,15,27,5.105263157894737,6,10,0.6842105263157895,10,1,29.41176470588235,2.2323232323232323,6.793131313131314,18.0,20.6,206,17,45,271,59,16
2017Q1,pltrdy/rouge,https://github.com/pltrdy/rouge.git,rouge,737886,10,2017-03-16 17:43:23,2017-03-15T16:58:58+01:00,1,2017-09-12,fbfd63d7be92df5b744e523a6e4dc79e1bde235c,180,0,5,5,1.0,557,22,46.22727272727273,48.0,69,4.090909090909091,4.0,6,21.59090909090909,18.5,42,13.681818181818182,10.0,27,7.909090909090909,7.0,19,0.6818181818181818,3,1,46.22727272727273,1.0,46.916666666666664,2.0,138.0,414,22,122,625,1,9
2017Q1,Dirguis/ipfn,https://github.com/Dirguis/ipfn.git,ipfn,48499,9,2017-01-15 19:42:45,2016-04-23T16:58:14-04:00,266,2017-07-14,d7ee3b44edeb6026f6d6e9fb0b4efa3a71980dbf,180,0,2,2,1.0,467,5,31.668539325842698,25.0,64,7,9,11,46.2,37,86,34.2,34,61,12,13,30,0.8,23,5,31.542424242424243,1.8525641025641026,15.509813180079723,1.0,22.347826086956523,514,330,68,955,819,25
2017Q1,gophish/api-client-python,https://github.com/gophish/api-client-python.git,gophish,1975,16,2017-01-24 05:07:42,2017-01-16T17:34:10-06:00,7,2017-07-23,98d05eba471f436052db407e0189bb0f4bbc4728,180,0,10,10,1.0,523,57,23.5,23.5,25,2.0701754385964914,1,5,6,4,13,4.912280701754386,3,11,1.087719298245614,1,1,0.5964912280701754,19,4,23.5,1.8038461538461539,10.577429266803437,5.0,33.73684210526316,641,4,161,836,290,52
2017Q1,phate89/tvdbsimple,https://github.com/phate89/tvdbsimple.git,tvdbsimple,1828,6,2017-01-16 14:48:54,2017-01-16T15:42:57+01:00,0,2017-07-15,59b2ca6d15c4550f00a8cb12d0edb06cb1f54161,180,0,9,9,1.0,1340,65,,,,1.6923076923076923,1,4,14.753846153846155,15,24,5.661538461538462,4,13,9.092307692307692,7,19,0.7230769230769231,3,1,nan,1.0,1.1794871794871795,3.0,8.0,24,0,0,270,34,20
2017Q1,solocompt/plugs-media,https://github.com/solocompt/plugs-media.git,plugs-media,67,15,2017-01-07 21:28:16,2017-01-07T19:28:23+00:00,0,2017-07-06,62790a1b3f6b9c00c01264f583cdac8863c952f0,180,0,23,23,1.0,542,8,43.4,47.0,47,1.625,1.0,3,5.125,4.0,12,4.625,3.5,12,0.5,0.0,4,0.125,16,2,38.5,4.916666666666666,4.8901098901098905,5.5,17.5625,281,14,56,353,66,35
2017Q1,joshbatchelor/cartridge-stats,https://github.com/joshbatchelor/cartridge-stats.git,cartridge-stats,11,1,2017-03-22 21:20:04,2017-03-13T10:38:41-06:00,9,2017-09-18,4d28c96549c3dd88af9a095590d0f1d2c388acd3,180,0,3,3,1.0,101,7,,,,1,1,1,10.571428571428571,11,13,8.857142857142858,10,10,1.7142857142857142,3,3,0.5714285714285714,1,1,nan,101.0,101.0,75.0,75.0,75,0,26,121,0,2
2017Q1,slipguru/icing,https://github.com/slipguru/icing.git,icing,67,8,2017-03-01 14:47:33,2016-04-29T11:11:25+02:00,306,2017-08-28,c11ece8e8e59707b7cf772e940139ab9f24fa243,180,0,43,37,0.8604651162790697,7665,212,37.02622950819672,35.0,64,4.0424528301886795,2.5,8,23.86320754716981,11.0,57,17.86320754716981,10.0,42,6,1.0,18,0.5377358490566038,312,2,39.37042320494532,2.0833333333333335,15.646669912039375,6.0,51.43589743589744,16048,2103,2579,28612,16688,637
2017Q1,ettoreleandrotognoli/django-pycdi,https://github.com/ettoreleandrotognoli/django-pycdi.git,django-pycdi,11,2,2017-02-03 21:04:46,2017-02-02T16:04:42-02:00,1,2017-08-02,ec2393d351343aeeb6ab3472ecc23e6511c0c463,180,0,16,16,1.0,585,27,50.76470588235294,62.0,72,1.1111111111111112,1,1,4.2592592592592595,3,8,4.2592592592592595,3,8,0,0,0,0.0,4,1,nan,6.0,6.0,2.5,27.0,108,0,18,138,28,12
2017Q1,rodluger/pysyzygy,https://github.com/rodluger/pysyzygy.git,pysyzygy,286,2,2017-01-08 14:18:14,2015-05-28T20:16:52-07:00,590,2017-07-07,0b76a6fe8b8aa4ff00b05a1fd34fb717bbfdd86b,180,0,3,3,1.0,859,32,30.535211267605632,26,54,4.09375,2.0,12,16.15625,5.5,34,14.375,4.0,31,1.78125,0.0,4,0.34375,97,2,30.286184210526315,3.0,14.814779700847875,10.0,46.88659793814433,4548,304,858,6735,5432,168
2017Q2,lamestllama/mgtoolkit,https://github.com/lamestllama/mgtoolkit.git,mgtoolkit,56,11,2017-04-10 00:28:49,2017-04-09T15:37:47+09:30,0,2017-10-07,d348b5a71c839388d8eec5a4e7de654596eb4595,180,0,8,8,1.0,2992,110,38.22754491017964,32,70,8.227272727272727,5.0,16,24.70909090909091,18.0,47,21,14.0,42,3.709090909090909,4.0,6,0.8272727272727273,8,1,71.0,3.1739130434782608,2.6159420289855073,0.0,27.375,219,2,22,344,199,14
2017Q2,astr93/c_sghmc,https://github.com/astr93/c_sghmc.git,c-sghmc,7,1,2017-05-01 21:31:39,2017-04-29T23:27:53-04:00,1,2017-10-28,45529d7742d30ee23983b7ce5e413667ecb23b64,180,0,2,1,0.5,700,1,34.04081632653061,32.0,56,2,2,2,7,7,7,7,7,7,0,0,0,0.0,6,1,34.42028985507246,56.833333333333336,195.16666666666666,11.5,94.33333333333333,566,69,175,1016,207,6
2017Q2,bashalex/datapot,https://github.com/bashalex/datapot.git,datapot,15,3,2017-05-30 20:09:15,2016-11-08T20:52:55+03:00,203,2017-11-26,46107483342168ed312c076c640a517e1de65d1d,180,0,17,17,1.0,1581,147,41.515151515151516,40.0,64,2.292517006802721,1,5,7.6938775510204085,4,17,6.510204081632653,4,16,1.183673469387755,0,5,0.17687074829931973,95,5,42.33606557377049,2.0,5.983201289529166,6.0,22.71578947368421,2158,122,424,3176,1354,226
2017Q2,maurodec/amet,https://github.com/maurodec/amet.git,amet,34,3,2017-04-18 06:00:23,2017-04-17T19:44:11-03:00,0,2017-10-15,c193e93b701634712d13d3b8857ae2f621281c94,180,0,3,3,1.0,272,26,14,14,14,1.9230769230769231,2.0,4,9.5,6.0,22,9.5,6.0,22,0,0.0,0,0.0,4,1,14.0,42.761904761904766,42.761904761904766,13.0,52.5,210,3,63,292,6,7
2017Q2,SOBotics/libapicache-py,https://github.com/SOBotics/libapicache-py.git,libapicache,33,6,2017-05-17 01:19:24,2017-05-17T02:18:08+01:00,0,2017-11-13,e9a0f3a77272eeb4f4e9a989eb03168607ffecd4,180,0,2,2,1.0,54,5,,,,2.2,3,3,7.6,9,13,7.6,9,13,0,0,0,0.0,0,0,nan,nan,nan,nan,nan,0,0,0,0,0,0
2017Q2,morepath/more.pony,https://github.com/morepath/more.pony.git,more.pony,1273,4,2017-04-22 15:13:07,2017-04-22T15:55:58+02:00,0,2017-10-19,7712e044396daddf894f300aab748cf192867ab4,180,0,3,3,1.0,38,3,,,,1,1,1,8,9,13,8,9,13,0,0,0,0.0,4,1,nan,nan,nan,0.0,0.0,0,0,0,6,6,4
2017Q2,cyan-blue/calculator-test,https://github.com/cyan-blue/calculator-test.git,calculator-test,23,1,2017-06-09 07:04:58,2017-06-09T14:46:45+08:00,0,2017-12-06,553645d796b04c2bccf8b8d36802cf071030b2e3,180,0,2,2,1.0,4,1,,,,1,1,1,2,2,2,2,2,2,0,0,0,0.0,0,0,nan,nan,nan,nan,nan,0,0,0,0,0,0
2017Q2,materialsproject/maggma,https://github.com/materialsproject/maggma.git,maggma,220716,197,2017-06-15 23:48:12,2017-06-13T13:50:20-07:00,2,2017-12-12,064718eb7bb024b48127c88f9df4f958e9e3dde6,180,0,14,14,1.0,3310,218,36.35911602209945,33,62,2.7339449541284404,2.0,6,11.688073394495413,7.0,22,8.376146788990825,4.0,17,3.311926605504587,0.0,10,0.43119266055045874,175,6,39.37201365187713,2.0,7.86120716832034,4.0,23.737142857142857,4154,293,731,6382,1961,249
2017Q2,UseTheApi/flask_url_discovery,https://github.com/UseTheApi/flask_url_discovery.git,flask-urldiscovery,11,1,2017-06-29 17:28:12,2017-04-09T00:49:45+03:00,81,2017-12-26,ad44d088fb6fe5452e5b6515026eb0fce106baee,180,0,6,6,1.0,237,13,48,48,48,1.9230769230769231,2,2,12.76923076923077,9,31,6.3076923076923075,3,17,6.461538461538462,5,15,0.5384615384615384,23,1,53.333333333333336,1.75,8.950700280112047,2.0,16.695652173913043,384,6,104,1199,729,52
2017Q2,wsmorgan/analyzefit,https://github.com/wsmorgan/analyzefit.git,analyzefit,61,4,2017-05-26 22:02:32,2016-09-29T12:17:41-06:00,239,2017-11-22,9a789bd006512b3d40a80ec87af604f1bca6e4f8,180,0,4,4,1.0,885,16,23.125,17.0,45,7.1875,5.0,16,50.1875,37.5,113,31.375,22.0,75,18.8125,14.0,36,0.9375,33,2,45.1,1.6,11.273181106921168,8.0,53.06060606060606,1751,20,423,3095,1573,69
2017Q2,chillaranand/netra,https://github.com/chillaranand/netra.git,netra,18,3,2017-06-07 17:14:44,2017-06-07T22:43:48+05:30,0,2017-12-04,763315cc9a8276f8c609f7e1d0463e47cbf8f13e,180,0,6,6,1.0,289,21,,,,1.5238095238095237,1,3,8.619047619047619,7,18,8.333333333333334,7,15,0.2857142857142857,0,0,0.09523809523809523,1,1,nan,1.8571428571428572,1.8571428571428572,11.0,11.0,11,0,2,13,6,4
2017Q2,it-spirit/spirit.plone.sitemanagement,https://github.com/it-spirit/spirit.plone.sitemanagement.git,spirit.plone.sitemanagement,16,4,2017-05-12 07:13:03,2017-05-11T18:04:03+02:00,0,2017-11-08,e7a49651b1e402c39b57e7ef133893ca3c3ad4d2,180,0,6,6,1.0,561,15,42.52,35.5,73,4.866666666666666,4,14,20.933333333333334,12,43,20.266666666666666,12,42,0.6666666666666666,1,1,0.6666666666666666,12,1,nan,2.5,4.5,0.0,3.25,39,0,3,50,10,12
2017Q2,yandex/gixy,https://github.com/yandex/gixy.git,gixy,11353,12,2017-04-16 18:56:01,2017-03-31T01:12:44+03:00,16,2017-10-13,0110b4e7a9f639f61705eed0835a5e93eaa5d427,180,0,39,39,1.0,4382,304,47.74052478134111,50,82,3.3815789473684212,2.0,6,9.769736842105264,5.0,19,9.289473684210526,5.0,17,0.48026315789473684,0.0,0,0.06578947368421052,42,3,60.5,1.0,3.122106381013944,2.0,8.166666666666666,343,10,47,612,419,105
2017Q2,etherwar/vtools,https://github.com/etherwar/vtools.git,vtools,55,12,2017-05-01 02:52:31,2017-03-23T10:02:00-05:00,38,2017-10-28,15503f9fe029fef8866dd05ef63409fbc7840366,180,0,9,9,1.0,2425,184,69.34843205574913,76,100,2.092391304347826,1.0,4,9.896739130434783,4.0,19,7.266304347826087,3.0,12,2.630434782608696,0.0,9,0.3967391304347826,18,2,70.25043177892918,3.9038461538461537,23.481535236284596,120.5,239.55555555555554,4312,579,1099,6160,4357,84
2017Q2,wangyao1052/PyLitMath,https://github.com/wangyao1052/PyLitMath.git,litmath,249,2,2017-04-08 15:14:37,2017-04-08T00:25:32+08:00,0,2017-10-05,01ee3ee69d2c059b4dcb15dd9279d94e00e88e97,180,0,7,7,1.0,973,108,35.714285714285715,32,60,1.8055555555555556,1.0,3,7.185185185185185,5.0,19,6.907407407407407,5.0,18,0.2777777777777778,0.0,1,0.2777777777777778,0,0,nan,nan,nan,nan,nan,0,0,0,0,0,0
2017Q2,RoboAndie/django-countable-field,https://github.com/RoboAndie/django-countable-field.git,django-countable-field,390,4,2017-06-24 16:18:35,2017-06-11T15:15:48-05:00,12,2017-12-21,357e859fdb47bba5bde0d9b38e7b1ec015d4ef73,180,0,4,4,1.0,75,2,70,70.0,82,3,3.0,5,12,12.0,18,12,12.0,18,0,0.0,0,0.0,6,1,70.0,6.6,8.1125,8.0,17.666666666666668,106,2,23,215,104,12
2017Q2,jambonrose/django-improved-user,https://github.com/jambonrose/django-improved-user.git,django-improved-user,2397,16,2017-06-28 22:50:29,2016-10-24T22:00:47-04:00,246,2017-12-25,2976ea2d84f96e86505aa1ae035ba607a5aa822e,180,0,46,46,1.0,2026,39,42.642857142857146,45.5,66,1.794871794871795,1,4,16.58974358974359,9,41,14.333333333333334,8,40,2.2564102564102564,1,7,0.9487179487179487,39,4,45.78378378378378,5.0,15.682438847204498,1.0,75.53846153846153,2946,185,606,7236,3066,167
2017Q2,cltrudeau/eenum,https://github.com/cltrudeau/eenum.git,eenum,21,1,2017-05-11 18:30:48,2015-09-14T11:14:09-04:00,605,2017-11-07,5de86463bd2d46877f54f117043a6a4cb6c2c1ba,180,0,3,3,1.0,65,6,58,79,79,1.6666666666666667,2.0,2,5.666666666666667,3.0,14,2.8333333333333335,2.0,6,2.8333333333333335,1.0,8,0.8333333333333334,25,2,46.638297872340424,12.0,17.116520219198794,19.0,47.84,1196,141,303,2614,2247,84
2017Q2,progwriter/TMgen,https://github.com/progwriter/TMgen.git,tmgen,24,2,2017-05-01 16:32:22,2016-04-21T16:27:28-04:00,374,2017-10-28,9806fecc05c917cbadc78f45e0ecd41971bd7043,180,0,4,4,1.0,254,12,37.333333333333336,44,66,2.1666666666666665,1.5,5,14.75,10.5,30,9,6.0,21,5.75,1.0,23,0.5833333333333334,42,1,36.96774193548387,1.3928571428571428,9.022872640180333,1.5,6.666666666666667,280,31,56,863,229,46
2017Q2,artsy/hokusai,https://github.com/artsy/hokusai.git,hokusai,678,52,2017-04-20 20:29:43,2016-11-29T14:02:37+01:00,142,2017-10-17,8840ddc98ead3ad24bb720470210a9dde0e5b79f,180,0,31,29,0.9354838709677419,1234,82,,,,2.817073170731707,2.0,7,10.78048780487805,6.0,25,10.75609756097561,6.0,25,0.024390243902439025,0.0,0,0.012195121951219513,188,4,39.666666666666664,2.5454545454545454,5.3899907196779155,10.0,30.835106382978722,5797,18,868,7596,5618,510
2017Q2,NJUST-FishTeam/ljudge-py,https://github.com/NJUST-FishTeam/ljudge-py.git,ljudge,13,3,2017-06-04 01:28:26,2017-06-02T11:05:46+08:00,1,2017-12-01,add403acaef281111a123c320fa44fcfba0827dd,180,0,2,2,1.0,38,2,17,17,17,5.5,5.5,9,12,12.0,13,12,12.0,13,0,0.0,0,0.0,4,1,17.0,3.0,6.833333333333333,2.5,8.25,33,1,7,55,6,8
2017Q2,ImaginaryLandscape/django-version-viewer,https://github.com/ImaginaryLandscape/django-version-viewer.git,django-version-viewer,42,16,2017-05-11 18:26:52,2017-04-26T14:09:54-05:00,14,2017-11-07,3ccb76374ddb5042451caed777b4f74982f6fe91,180,0,14,14,1.0,393,10,45.125,53.5,71,2,2.0,3,7.6,7.0,12,6.8,5.0,12,0.8,0.0,3,0.2,31,3,48.333333333333336,2.3333333333333335,6.857653749759014,1.0,10.129032258064516,314,6,70,608,243,60
2017Q2,richardcornish/django-registrationwall,https://github.com/richardcornish/django-registrationwall.git,django-registrationwall,38,6,2017-04-15 23:43:06,2015-12-07T16:16:50-06:00,495,2017-10-12,56eaa99b720905797137c9c0de7428ac469ffda6,180,0,18,18,1.0,394,13,49.421052631578945,60,72,2,1,4,5.076923076923077,3,10,5.076923076923077,3,10,0,0,0,0.0,68,1,51.46341463414634,1.5416666666666665,5.639112810266657,0.0,9.294117647058824,632,41,190,1466,688,110
2017Q2,frrakn/logging-slack,https://github.com/frrakn/logging-slack.git,logging-slack,31,3,2017-06-16 15:31:03,2017-06-16T11:12:32-04:00,0,2017-12-13,be4cb27251a3ea8c72dc29c1ec83f5004f082816,180,0,2,2,1.0,18,2,,,,2,2.0,3,6,6.0,8,6,6.0,8,0,0.0,0,0.0,0,0,nan,nan,nan,nan,nan,0,0,0,0,0,0
2017Q2,stevelittlefish/littlefish,https://github.com/stevelittlefish/littlefish.git,littlefish,285,72,2017-04-12 12:48:27,2016-03-19T17:58:49+00:00,388,2017-10-09,fb34c6381ef3cab14b66d1dc23b87a1902b3447e,180,0,19,19,1.0,2735,169,46.203252032520325,43,78,2.57396449704142,2,6,11.242603550295858,7,29,9.893491124260356,6,24,1.349112426035503,0,5,0.3254437869822485,56,1,45.68060836501901,5.0,15.514688130754696,8.5,83.48214285714286,4675,263,1552,7512,5177,175
2017Q2,ceyzeriat/joystick,https://github.com/ceyzeriat/joystick.git,joystick,94,7,2017-05-23 12:59:31,2016-09-26T17:58:07+02:00,238,2017-11-19,9ba1b4435f5f764c7b9de7876c78a7338c9d0385,180,0,11,11,1.0,2242,130,43.36645962732919,44.5,77,2.4923076923076923,2.0,5,12.776923076923078,8.0,25,8.207692307692307,6.0,20,4.569230769230769,3.0,7,0.6307692307692307,38,1,41.03973509933775,2.2958333333333334,3.341491975429945,1.0,53.28947368421053,2025,151,188,2765,2004,136
2017Q2,steinitzu/giveme,https://github.com/steinitzu/giveme.git,giveme,671,9,2017-05-20 21:27:46,2017-05-20T17:25:27-04:00,0,2017-11-16,728025f7b74b451b7eff3fcb2ad0883da8ab7d79,180,0,4,4,1.0,469,71,32,28,40,1.6901408450704225,1,3,7.774647887323944,3,20,6.802816901408451,3,20,0.971830985915493,0,3,0.1267605633802817,15,2,17.1,3.729166666666667,18.305975274725274,12.0,37.8,567,10,164,758,276,26
2017Q2,abbageneration/mycosmic,https://github.com/abbageneration/mycosmic.git,mycosmic,8,1,2017-05-11 15:04:37,2017-05-11T11:35:28+02:00,0,2017-11-07,dbbbccc8935dad6fbce201390dc734a4209be12f,180,0,4,4,1.0,12,0,13,13.0,13,,,,,,,,,,,,,,0,0,nan,nan,nan,nan,nan,0,0,0,0,0,0
2017Q2,devbisme/myhdlpeek,https://github.com/devbisme/myhdlpeek.git,myhdlpeek,160,11,2017-06-12 02:25:55,2017-06-11T21:23:24-04:00,0,2017-12-09,2ce94fd8136f751fa12e67b71a689ab09b174bc3,180,0,3,3,1.0,998,98,49.38059701492537,49.0,75,2.061224489795918,1.0,4,8.26530612244898,2.0,28,6.489795918367347,2.0,16,1.7755102040816326,0.0,5,0.35714285714285715,18,1,52.99333333333333,2.291666666666667,17.999547101449274,7.0,57.27777777777778,1031,150,241,1871,437,32
2017Q2,victorfsf/pickleclip,https://github.com/victorfsf/pickleclip.git,pickleclip,9,3,2017-05-19 22:30:41,2017-05-19T10:00:59-03:00,0,2017-11-15,9e871ba967af2005f55bf01e25d8e5ea8e3014e8,180,0,3,3,1.0,57,4,,,,2,2.0,3,5,5.0,6,5,5.0,6,0,0.0,0,0.0,4,1,nan,4.333333333333333,4.333333333333333,0.0,5.25,21,0,5,48,13,5
2017Q3,kazurrr/django-compressor-toolkit,https://github.com/kazurrr/django-compressor-toolkit.git,django-compressor-additional-compilers,7,1,2017-09-11 11:12:33,2015-11-13T12:39:20-05:00,667,2018-03-10,5d816d4ee4fc25ff3d83c16b21ab00c6c45c2f43,180,0,4,4,1.0,271,6,43.529411764705884,39,85,3.6666666666666665,3.5,7,14.333333333333334,14.0,27,12.5,11.0,27,1.8333333333333333,0.0,6,0.3333333333333333,34,2,43.666666666666664,2.8043478260869565,13.713907004830919,1.0,15.794117647058824,537,39,146,1444,774,83
2017Q3,Julian/gtfo,https://github.com/Julian/gtfo.git,gtfo,30,2,2017-08-21 12:54:30,2017-08-20T14:00:05-04:00,0,2018-02-17,cfe214842650a9dd3700702c89e13b72e3670bfd,180,0,3,3,1.0,260,30,21,21,21,1.3666666666666667,1.0,2,5.133333333333334,3.0,11,5.133333333333334,3.0,11,0,0.0,0,0.0,19,1,nan,6.5,20.647256116068718,24.0,38.05263157894737,723,0,140,1202,609,36
2017Q3,uw-it-aca/uw-restclients-upass,https://github.com/uw-it-aca/uw-restclients-upass.git,uw-restclients-upass,166,10,2017-07-07 19:09:50,2017-06-20T10:52:01-07:00,17,2018-01-03,f5d9f3cfb8656aa7b677782baba0f775e48293d9,180,0,5,5,1.0,98,7,41,41,41,2,1,5,5.714285714285714,2,13,5.714285714285714,2,13,0,0,0,0.0,3,2,41.0,10.266666666666666,10.266666666666666,2.0,24.666666666666668,74,1,25,223,4,10
2017Q3,goranvrbaski/python-namesilo,https://github.com/goranvrbaski/python-namesilo.git,python-namesilo,205,18,2017-08-24 18:43:32,2016-12-16T00:29:45+01:00,251,2018-02-20,b84d251bbea7f3f619883f61662e414c8564d4a6,180,0,5,5,1.0,609,29,,,,1.2758620689655173,1,2,11.517241379310345,12,20,6.310344827586207,5,11,5.206896551724138,6,9,0.7241379310344828,59,2,nan,3.6363636363636362,23.560064935064936,0.0,18.10169491525424,1068,0,227,2515,1608,71
2017Q3,swift-nav/pygnss,https://github.com/swift-nav/pygnss.git,gnss,4234,3,2017-09-26 21:17:56,2017-08-03T00:13:38-07:00,54,2018-03-25,4175073121798e468da1707bbc97c4c79c26b93e,180,0,2,2,1.0,269,6,55.771929824561404,67,74,2,1.0,7,40.5,28.5,126,27.333333333333332,13.0,109,13.166666666666666,16.5,22,1.0,19,2,55.771929824561404,3.0,8.073119188503803,2.0,12.210526315789474,232,57,61,623,421,30
2017Q3,toumorokoshi/jsonschema-extractor,https://github.com/toumorokoshi/jsonschema-extractor.git,jsonschema-extractor,4047,14,2017-08-27 21:40:02,2017-06-15T20:57:20-07:00,72,2018-02-23,f932faaaccc0f6b87dcd6ff81d46e52a880a8eda,180,0,7,7,1.0,249,27,17.333333333333332,17.0,18,1.5555555555555556,1,3,5.296296296296297,3,12,4.666666666666667,2,11,0.6296296296296297,0,4,0.2962962962962963,20,1,49.22222222222222,6.0,11.956970970206264,11.5,44.15,883,9,167,1752,1072,93
2017Q3,jackw01/raspi-python-st7735,https://github.com/jackw01/raspi-python-st7735.git,raspi-python-st7735,6,1,2017-07-05 01:48:37,2017-06-27T18:07:58-07:00,7,2018-01-01,89fe0cd2148257ff3b07c9e0badd5e1cf49c4019,180,0,6,6,1.0,6149,26,23.583333333333332,24.0,40,3.8076923076923075,2.0,10,15.5,10.0,38,14.538461538461538,9.0,37,0.9615384615384616,1.0,1,0.9615384615384616,1,1,23.58974358974359,1024.8333333333333,1024.8333333333333,5918.0,5918.0,5918,39,192,6213,0,8
2017Q3,sklarsa/django-sendgrid-v4,https://github.com/sklarsa/django-sendgrid-v4.git,django-sendgrid-v4,48,14,2017-07-21 18:45:06,2017-07-21T14:25:14-04:00,0,2018-01-17,825c625630039e1f12c4926b29f34497e0a707cd,180,0,3,3,1.0,183,4,49.666666666666664,31,87,10.5,6.0,28,36,18.5,102,36,18.5,102,0,0.0,0,0.0,47,4,87.0,1.0,1.7972972972972974,1.0,2.0851063829787235,98,1,15,474,129,80
2017Q3,guyingbo/cowfish,https://github.com/guyingbo/cowfish.git,cowfish,117,21,2017-08-28 05:40:58,2017-08-23T13:55:53+08:00,4,2018-02-24,b5c24324a069dee69f4b1ac19e3bca04289dacb7,180,0,8,8,1.0,888,77,,,,2.6363636363636362,2,6,9.493506493506494,6,24,9.493506493506494,6,24,0,0,0,0.0,31,1,36.5,1.7142857142857142,20.807809961540638,15.0,49.16129032258065,1524,2,173,1976,884,81
2017Q3,trbs/rfc3161ng,https://github.com/trbs/rfc3161ng.git,rfc3161ng,18290,8,2017-08-31 15:39:10,2017-08-31T13:03:32+02:00,0,2018-02-27,cef06ddef02c220bb2d9ea71947c4f7f8f496162,180,0,4,4,1.0,521,26,52.729729729729726,53,123,2.6538461538461537,1.0,6,9.307692307692308,5.0,20,9.192307692307692,4.0,20,0.11538461538461539,0.0,0,0.038461538461538464,3,2,nan,9.25,7.333333333333333,45.0,36.333333333333336,109,0,16,164,45,8
2017Q3,AnnaChmielinska/fluo,https://github.com/AnnaChmielinska/fluo.git,fluo,27,2,2017-09-19 22:01:20,2017-09-12T01:34:40+02:00,7,2018-03-18,f3bca7b45242bde81d4edc7332b80619940812bf,180,0,6,6,1.0,1634,70,33.19047619047619,29,50,1.9714285714285715,1.0,3,17.87142857142857,16.5,37,9.728571428571428,6.0,24,8.142857142857142,7.0,16,0.8857142857142857,48,1,41.333333333333336,2.65625,8.207069405625514,5.5,30.916666666666668,1484,39,246,3395,1794,92
2017Q3,Miserlou/zappa-django-utils,https://github.com/Miserlou/zappa-django-utils.git,zappa-django-utils,5307,9,2017-08-11 17:08:41,2017-08-11T12:46:43-04:00,0,2018-02-07,6faa3017e2eb1f314daa8a0ca92e17528c14d6aa,180,0,18,18,1.0,204,8,40.8,39,76,2.125,1.0,7,17.625,20.5,36,16.875,20.5,33,0.75,0.0,3,0.25,7,4,45.75,6.0,10.947619047619048,5.0,17.857142857142858,125,4,46,178,18,12
2017Q3,LSSTDESC/Coord,https://github.com/LSSTDESC/Coord.git,lsstdesc.coord,11573,13,2017-08-11 20:05:58,2017-06-24T18:57:20-04:00,47,2018-02-07,0d55355d929fb82937eff84faaf8a310fab82559,180,0,5,5,1.0,1758,69,48.539249146757676,54,80,2.260869565217391,1,6,18.17391304347826,13,45,11.478260869565217,4,34,6.695652173913044,4,19,0.6521739130434783,81,4,48.82802547770701,2.0952380952380953,33.02051375768481,0.0,21.48148148148148,1740,314,377,5238,1287,135
2017Q3,Rapptz/discord.py,https://github.com/Rapptz/discord.py.git,discord,217430,13,2017-08-18 11:16:04,2015-08-21T18:18:34-04:00,727,2018-02-14,355eb08b25b5c46c4c061cf50594650738ac09cf,180,0,47,47,1.0,19413,1157,39.296052631578945,38.0,64,2.364736387208297,1,5,11.917026793431289,6,30,8.09161624891962,4,19,3.825410544511668,0,15,0.3811581676750216,1332,60,42.02007083825266,2.0,5.915765802732532,5.5,23.18993993993994,30889,847,6120,39331,18889,2249
2017Q3,delvelabs/marshmallow-autoschema,https://github.com/delvelabs/marshmallow-autoschema.git,marshmallow-autoschema,4234,7,2017-09-23 14:15:23,2017-09-21T10:06:59-04:00,2,2018-03-22,28727c9c22c6b16a4229e054f9f18491d313c062,180,0,4,4,1.0,510,16,51.927083333333336,69.0,79,3.3125,2.0,8,24.9375,15.5,48,17.6875,8.5,38,7.25,4.5,20,0.625,15,3,51.927083333333336,1.5,11.489333077070919,5.0,30.466666666666665,457,96,111,1282,639,36
2017Q3,kezabelle/django-template-selector,https://github.com/kezabelle/django-template-selector.git,django-templateselector,31,5,2017-07-19 19:39:59,2017-07-03T16:07:08+01:00,16,2018-01-15,1c42baf934f38bb09b0939c67512057e33cacabb,180,0,6,6,1.0,373,22,41.5,35.5,78,2.9545454545454546,2.5,7,9.954545454545455,7.0,19,9.318181818181818,7.0,19,0.6363636363636364,0.0,0,0.09090909090909091,30,1,58.75,4.0,13.008771929824562,4.0,10.766666666666667,323,4,57,907,119,56
2017Q3,rmorshea/spectate,https://github.com/rmorshea/spectate.git,spectate,31504,15,2017-08-14 06:49:14,2016-04-27T15:42:13-07:00,473,2018-02-10,255d928dd9c50df07f9baf0de992ff907c36767c,180,0,2,2,1.0,369,20,53.233333333333334,56.5,79,3.35,2.0,8,14.25,8.0,31,8.8,6.0,21,5.45,0.5,16,0.5,13,2,51.96825396825397,4.2592592592592595,30.822811447811446,17.0,59.07692307692308,768,63,155,1373,739,25
2017Q3,nkrishnaswami/uscensus,https://github.com/nkrishnaswami/uscensus.git,uscensus,78,13,2017-07-17 00:23:52,2017-03-30T10:55:25-04:00,108,2018-01-13,b25b64f491b8a7af67ffea598af025ef3a978344,180,0,19,19,1.0,1312,65,32,28,59,2.246153846153846,2,4,14.646153846153846,11,28,11,8,24,3.646153846153846,1,11,0.5692307692307692,30,1,33.703125,3.0,20.10664960654701,12.0,70.66666666666667,2120,64,367,3372,1846,159
2017Q3,Jdsleppy/sweetmorse,https://github.com/Jdsleppy/sweetmorse.git,sweetmorse,18,2,2017-09-05 02:52:01,2017-08-24T21:30:30-04:00,11,2018-03-04,b105031443d79240d71bfdfd1cf9d8db3a145839,180,0,5,5,1.0,516,16,25.666666666666668,22.0,46,3.25,2.0,8,16.0625,5.0,47,16.0625,5.0,47,0,0.0,0,0.0,12,1,29.545454545454547,2.5,67.03703703703702,4.5,67.5,810,11,97,1368,572,31
2017Q3,GuillaumeCisco/django-es,https://github.com/GuillaumeCisco/django-es.git,django-es,41,4,2017-07-10 09:00:27,2017-01-19T12:56:23+01:00,171,2018-01-06,967937fe75e633baca8482d6a396ff2e31a293ae,180,0,22,22,1.0,1818,94,50.02564102564103,46.0,98,3.0851063829787235,1.0,8,12.851063829787234,5.0,32,10.212765957446809,4.0,28,2.6382978723404253,0.0,8,0.40425531914893614,9,1,53.76315789473684,2.0,14.28200371057514,4.0,86.55555555555556,779,38,256,1080,51,27
2017Q3,IzunaDevs/nsfw_dl,https://github.com/IzunaDevs/nsfw_dl.git,nsfw-dl,54,6,2017-09-18 21:11:44,2017-08-29T14:19:38-04:00,20,2018-03-17,789c3827d85cffdf0a31dd1251e377e51ca04f60,180,0,21,21,1.0,795,62,32,32,32,1.7580645161290323,1.0,3,5.741935483870968,4.0,8,4.758064516129032,3.0,7,0.9838709677419355,1.0,1,0.8225806451612904,64,2,35.69230769230769,1.0,2.756548993637764,3.0,34.265625,2193,13,374,3143,3175,309
2017Q3,sdkwe/pywe-jssdk,https://github.com/sdkwe/pywe-jssdk.git,pywe-jssdk,16,2,2017-07-13 15:00:31,2017-07-11T17:34:50+08:00,2,2018-01-09,5bd8ff52b8b6315672298bc707a743ef02151122,180,0,2,2,1.0,36,1,,,,2,2,2,19,19,19,19,19,19,0,0,0,0.0,4,1,nan,1.9,1.9,1.0,2.75,11,0,0,13,9,4
2017Q3,kchomski/pip-manager,https://github.com/kchomski/pip-manager.git,pip-manager,83,5,2017-08-13 15:37:31,2017-07-19T15:05:31+02:00,25,2018-02-09,aa108bd7873b46480b0888253696e19f4c8640ad,180,0,7,7,1.0,457,31,,,,2.5806451612903225,1,7,10.32258064516129,7,23,8.35483870967742,5,17,1.967741935483871,1,5,0.5806451612903226,19,1,37.1,1.4743589743589745,3.3993246818082348,6.0,26.526315789473685,504,10,69,1122,986,50
2017Q3,tombiasz/django-hibpwned,https://github.com/tombiasz/django-hibpwned.git,django-hibpwned,10,2,2017-08-17 18:38:21,2017-08-15T11:44:36+02:00,2,2018-02-13,eff5dc9826e0973e7b9f896c51ebce81215ccc39,180,0,2,2,1.0,36,3,,,,1.3333333333333333,1,2,6.666666666666667,4,14,6.666666666666667,4,14,0,0,0,0.0,3,1,nan,nan,nan,0.0,0.0,0,0,0,9,1,3
2017Q3,jyotisham/jyotisha,https://github.com/jyotisham/jyotisha.git,jyotisha,120,13,2017-08-25 20:04:08,2017-08-17T17:06:51-07:00,7,2018-02-21,83930880ca74d6ddc95cc72f7026ef63a2e1c3be,180,0,20,20,1.0,3249,73,44.07536231884058,43,74,7.589041095890411,2,10,33.58904109589041,15,54,29.534246575342465,11,47,4.054794520547945,0,16,0.3698630136986301,153,3,43.47419986936643,2.0,28.707094330710575,4.0,67.10457516339869,10267,1531,1803,16048,11291,342
2017Q3,debonzi/celery_crossover,https://github.com/debonzi/celery_crossover.git,celery-crossover,109,19,2017-09-25 00:30:48,2017-09-21T01:48:20-03:00,3,2018-03-24,5d3c070cd10e7a16afc8ddf18f55b4c7d2ec86f7,180,0,2,2,1.0,118,14,14,10,30,1.8571428571428572,2.0,2,7.714285714285714,5.0,18,7.714285714285714,5.0,18,0,0.0,0,0.0,10,1,nan,2.2,4.129251700680272,6.0,10.0,100,0,13,199,67,24
2017Q3,TabsterApp/CMDTwiddler,https://github.com/TabsterApp/CMDTwiddler.git,cmdtwiddler,51,5,2017-07-10 08:34:05,2017-07-07T12:04:41+02:00,2,2018-01-06,1fa23598c4cc321cf7d2ecdbdce7a044a5f1b22b,180,0,5,3,0.6,311,4,32,26,82,4,1.5,12,12.5,6.0,36,10,3.5,31,2.5,2.5,5,0.5,10,1,82.0,4.2,7.236904761904762,7.0,26.7,267,1,60,418,231,20
2017Q3,titilambert/pynuance,https://github.com/titilambert/pynuance.git,pynuance,7,2,2017-08-02 04:51:17,2017-07-26T23:09:15-04:00,6,2018-01-29,c8e1ca322c478e91988da6b5307cc98cb9a0b97f,180,0,14,14,1.0,2249,71,22.76271186440678,20.0,36,3.6338028169014085,2,7,22.281690140845072,10,54,21,9,53,1.2816901408450705,1,4,0.7887323943661971,34,1,38.31182795698925,2.1611111111111114,12.232602310040592,5.0,85.73529411764706,2915,186,408,4233,1519,110
2017Q3,yang-zhang/howto-pypi,https://github.com/yang-zhang/howto-pypi.git,howto-pypi,51,6,2017-08-24 16:38:51,2017-08-24T10:08:18-04:00,0,2018-02-20,93e864990e782408ab9da5a6c7c63df6a4a4c848,180,0,2,2,1.0,6,1,,,,1,1,1,2,2,2,2,2,2,0,0,0,0.0,0,0,nan,nan,nan,nan,nan,0,0,0,0,0,0
2017Q3,NCATS-Tangerine/greent,https://github.com/NCATS-Tangerine/greent.git,greent,195,58,2017-07-12 14:39:04,2017-06-26T15:21:46-04:00,15,2018-01-08,ebd3428a36bbe36a47a626b3c7740b47cb321b8e,180,0,42,41,0.9761904761904762,5898,346,45.63090128755365,42,88,2.439306358381503,2.0,5,10.413294797687861,7.0,22,9.875722543352602,6.5,21,0.5375722543352601,0.0,1,0.25722543352601157,151,4,49.56420233463035,2.0,12.98084512232851,13.0,55.17218543046358,8331,514,1001,9938,4425,392
2017Q4,srittau/rouver,https://github.com/srittau/rouver.git,rouver,444,59,2017-10-21 16:08:26,2017-10-18T09:27:19+02:00,3,2018-04-19,dae93f095c5f7e930e3210fa4e7357761a79756d,180,0,18,18,1.0,3011,324,29.53846153846154,17,59,1.3487654320987654,1.0,2,7.70679012345679,6.0,14,7.212962962962963,6.0,13,0.49382716049382713,0.0,0,0.037037037037037035,115,1,30.466666666666665,4.0,11.23094494457446,12.0,27.504347826086956,3163,15,623,3851,825,226
2017Q4,pythonanywhere/helper_scripts,https://github.com/pythonanywhere/helper_scripts.git,pythonanywhere,1484,55,2017-11-01 17:02:23,2017-01-11T11:19:12+00:00,294,2018-04-30,1af4cdc12d0d255fa81d13386d5c95a94654c4e3,180,0,8,8,1.0,406,31,46,55,69,2.193548387096774,2,4,7.645161290322581,6,15,7.645161290322581,6,15,0,0,0,0.0,161,3,45.93333333333333,2.3333333333333335,6.388420024420023,2.0,6.583850931677019,1060,15,268,4955,3413,382
2017Q4,mostm/pyqiwi,https://github.com/mostm/pyqiwi.git,qiwipy,63,16,2017-10-24 12:15:18,2017-09-05T18:41:11+05:00,48,2018-04-22,1098be4746873b64a302731bfc39b4c9f4fa3c82,180,0,5,5,1.0,1392,70,,,,1.8857142857142857,1.0,4,10.814285714285715,8.5,22,8.014285714285714,7.0,13,2.8,0.0,15,0.15714285714285714,12,2,nan,1.875,32.241898148148145,48.0,137.0,1644,0,234,2093,724,32
2017Q4,flowpl/env_config,https://github.com/flowpl/env_config.git,env_config,2023,13,2017-10-29 17:36:44,2017-10-29T10:19:41+01:00,0,2018-04-27,3b8b5a88ca34a4ab23a65bfcccbb778a2ab5ca49,180,0,3,3,1.0,395,47,25,25,25,2.25531914893617,1,8,5.787234042553192,2,20,5.617021276595745,2,20,0.1702127659574468,0,0,0.02127659574468085,10,1,nan,4.291666666666667,41.90674603174603,12.0,57.3,573,0,144,2175,1922,26
2017Q4,in-toto/in-toto,https://github.com/in-toto/in-toto.git,in-toto,54088,30,2017-11-09 19:45:48,2016-05-23T21:46:38-04:00,534,2018-05-08,ae8ddcdf8850ed47eb68f7d245122787b6b58ebd,180,0,31,31,1.0,7582,145,54.83826879271071,62,74,3.4,2,8,38.317241379310346,26,102,20.455172413793104,8,55,17.862068965517242,17,40,0.9862068965517241,679,9,53.729294478527606,2.0,9.241143511800976,4.0,26.609720176730487,18068,1304,4437,37834,24725,1366
2017Q4,orion46/exlist,https://github.com/orion46/exlist.git,exlist,10,1,2017-12-28 17:44:33,2017-11-25T01:36:06+09:00,34,2018-06-26,33330044c5847d11180ddcf5ae6b6bebce12dbaa,180,0,3,3,1.0,108,20,,,,1.3,1.0,2,4.2,4.5,6,4.2,4.5,6,0,0.0,0,0.0,8,1,nan,5.0,15.5,3.5,9.5,76,0,17,95,3,8
2017Q4,renzon/pointz,https://github.com/renzon/pointz.git,pointz,9,4,2017-11-23 20:38:43,2017-11-11T14:20:08-02:00,12,2018-05-22,b7860c2c7cf3f8e086714ba81705cf66599fc1e8,180,0,18,18,1.0,536,32,46.42857142857143,57.5,59,1.5625,1.0,3,7.25,3.0,12,7,3.0,11,0.25,0.0,0,0.03125,27,1,53.1,5.541666666666666,7.432459207459208,17.0,19.962962962962962,539,10,125,1173,224,75
2017Q4,cdrx/faktory_python_worker,https://github.com/cdrx/faktory_python_worker.git,faktory,53833,6,2017-11-12 14:08:03,2017-10-26T16:46:59+01:00,16,2018-05-11,febc812ce018dd7bf7beee70eab8d09e4ae8c12e,180,0,5,5,1.0,654,36,54.23529411764706,46,103,3.4166666666666665,2.0,8,14.805555555555555,9.0,47,11.222222222222221,4.5,33,3.5833333333333335,0.0,12,0.2777777777777778,17,4,50.42307692307692,2.0,7.70633428300095,3.0,47.76470588235294,812,26,180,1051,684,30
2017Q4,SeanDS/datalog,https://github.com/SeanDS/datalog.git,datalog,70,3,2017-11-07 22:38:47,2016-01-21T21:22:52+00:00,656,2018-05-06,e58d0db984c31758eddbad2734abe37f94da5b4e,180,0,10,10,1.0,2254,137,27.74903474903475,24,53,1.9416058394160585,1,3,12.941605839416058,9,31,9.686131386861314,4,27,3.2554744525547443,2,7,0.781021897810219,126,1,29.23059866962306,2.0,8.823130918664129,2.5,38.11904761904762,4803,902,1678,8942,6291,217
2017Q4,passalis/sef,https://github.com/passalis/sef.git,pysef,55,11,2017-12-06 16:38:33,2017-07-07T11:35:07+03:00,152,2018-06-04,7ed6d9ee7c169dac0a26a54228b8be5e4d98cb48,180,0,9,9,1.0,1018,40,41.3235294117647,30.5,78,2.875,2.0,5,22.525,15.0,52,16.525,9.0,40,6,6.0,10,0.85,39,1,41.924050632911396,1.6666666666666667,6.038199118031051,0.0,23.128205128205128,902,79,202,2632,1389,177
2017Q4,cdumay/cdumay-env2cfgfile,https://github.com/cdumay/cdumay-env2cfgfile.git,cdumay-env2cfgfile,16,2,2017-11-02 17:53:21,2017-11-02T17:25:53+01:00,0,2018-05-01,a37cbeb2430ebcf3f12acf4f19de8e69c3fd0481,180,0,2,2,1.0,87,3,,,,4.666666666666667,5,6,14,11,20,13.666666666666666,11,19,0.3333333333333333,0,1,0.3333333333333333,1,1,nan,1.0,1.0,3.0,3.0,3,0,0,3,2,1
2017Q4,davebshow/asyncbolt,https://github.com/davebshow/asyncbolt.git,asyncbolt,40,2,2017-12-09 21:11:17,2017-12-06T22:02:13-08:00,2,2018-06-07,6820e92928a3e331d82efdfba8c01b95261c6e4e,180,0,12,12,1.0,1550,113,34.365591397849464,32,61,2.4070796460176993,1,6,8.451327433628318,4,18,8.044247787610619,4,17,0.40707964601769914,0,1,0.20353982300884957,14,1,33.924528301886795,2.7,17.98577598871716,30.5,119.71428571428571,1676,106,338,2949,672,61
2017Q4,alisonstreete/cfs-manager,https://github.com/alisonstreete/cfs-manager.git,cfs-manager,69,9,2017-12-04 22:07:04,2017-12-03T19:52:29-08:00,0,2018-06-02,70b2d2c1b6dc49828d78a68f01de2791af9e35de,180,0,11,11,1.0,1593,158,63.506493506493506,64,97,2.2911392405063293,2.0,5,8.158227848101266,6.0,16,7.487341772151899,6.0,15,0.6708860759493671,0.0,1,0.3670886075949367,29,2,70.61538461538461,2.2272727272727275,17.886636384260026,6.0,90.41379310344827,2622,65,416,3429,1541,77
2017Q4,commitizen-tools/commitizen,https://github.com/commitizen-tools/commitizen.git,commitizen,2061478,268,2017-11-08 17:39:27,2017-10-07T17:18:32+02:00,32,2018-05-07,da94133288727d35dae9b91866a25045038f2d38,180,0,8,8,1.0,521,31,29.25,29.0,50,1.7096774193548387,1,3,11.548387096774194,6,33,10.580645161290322,5,33,0.967741935483871,0,4,0.1935483870967742,25,2,nan,1.0,5.1375,1.0,14.36,359,0,34,411,298,33
2017Q4,nnseva/django-access,https://github.com/nnseva/django-access.git,django-access,266,20,2017-10-30 15:02:03,2017-10-27T14:07:00+03:00,3,2018-04-28,487dd9c9398bf09de6abc345ef6b3cb503f12465,180,0,26,26,1.0,1774,106,44.75409836065574,39,81,2.481132075471698,2.0,5,10.047169811320755,7.0,18,9.10377358490566,7.0,17,0.9433962264150944,0.0,3,0.1792452830188679,38,1,45.65979381443299,1.0,8.001198542805101,1.0,52.10526315789474,1980,97,355,2570,675,78
2017Q4,chapkovski/custom-waiting-page-for-mturk,https://github.com/chapkovski/custom-waiting-page-for-mturk.git,mturkotreeutils,13,3,2017-10-29 03:21:16,2017-05-14T18:26:43-04:00,167,2018-04-27,3676a4720a76bce98871446e5da4b3f8a162cc9d,180,0,24,24,1.0,998,48,64.53846153846153,53,138,1.875,1.0,5,9.395833333333334,4.0,25,9.395833333333334,4.0,25,0,0.0,0,0.0,48,4,59.106951871657756,2.416666666666667,4.906152455017186,12.0,34.645833333333336,1663,187,532,2431,1391,123
2017Q4,acsone/bobtemplates.odoo,https://github.com/acsone/bobtemplates.odoo.git,odoomaker,13,1,2017-10-10 11:27:18,2016-06-15T20:27:29+02:00,481,2018-04-08,582a5195e98e4788c0b9f17b64929fe1121c52f9,180,0,4,4,1.0,256,21,19.5,13.5,38,2.238095238095238,2,4,8.523809523809524,7,16,8.428571428571429,7,16,0.09523809523809523,0,0,0.09523809523809523,36,6,18.583333333333332,3.428571428571429,4.816964285714286,2.0,7.5,270,36,52,527,148,44
2017Q4,rymdlego/vquery,https://github.com/rymdlego/vquery.git,vquery,38,6,2017-11-19 14:35:57,2017-11-20T10:40:56+01:00,-1,2018-05-18,628121550bf8ac32d065b3f9041899a6c90d1062,180,0,5,5,1.0,450,9,35.05882352941177,31.5,61,9.666666666666666,5,44,42.888888888888886,25,135,39.22222222222222,25,135,3.6666666666666665,0,20,0.2222222222222222,1,0,nan,nan,nan,0.0,0.0,0,0,0,2,2,1
2017Q4,Nextdoor/code-crypt,https://github.com/Nextdoor/code-crypt.git,code-crypt,7,1,2017-10-03 23:36:02,2017-08-01T15:18:24-07:00,63,2018-04-01,ec1406761cde8c35ac783fa9252d673947e8fa33,180,0,6,6,1.0,765,32,45.62162162162162,47,69,3.21875,2.5,6,19.15625,13.5,39,16.03125,10.0,35,3.125,1.0,10,0.625,28,2,43.714285714285715,1.8571428571428572,10.282484751234751,4.0,47.607142857142854,1333,84,286,2961,1621,69
2017Q4,rasahq/rasa_core,https://github.com/rasahq/rasa_core.git,rasa-core,7876,85,2017-10-04 13:07:40,2017-09-22T11:36:37+02:00,12,2018-04-02,90b7e7e8805b4dda13f9008ddc8ecd21db6e5917,180,0,48,48,1.0,8710,646,43.80327868852459,45,65,2.1625386996904026,2.0,4,10.291021671826625,6.5,23,9.31733746130031,6.0,21,0.9736842105263158,0.0,3,0.3637770897832817,350,20,48.21052631578947,2.0,5.203652955333015,2.0,18.125714285714285,6344,323,1123,10397,6329,722
2017Q4,aiidateam/qe-tools,https://github.com/aiidateam/qe-tools.git,qe-tools,2957,12,2017-11-15 22:07:17,2017-11-10T15:05:11+01:00,5,2018-05-14,e9039d0d12d6180cf12606b178bc6c266156a4fe,180,0,9,9,1.0,1649,15,48.37668161434978,52,69,8.066666666666666,5,18,85.4,66,190,65.46666666666667,41,157,19.933333333333334,18,33,0.9333333333333333,25,3,50.07692307692308,1.2792207792207793,3.1911525974025974,1.0,4.04,101,13,26,655,225,37
2017Q4,vatlab/SOS,https://github.com/vatlab/SOS.git,sos-julia,113,14,2017-10-05 21:05:27,2016-02-12T18:46:46-06:00,600,2018-04-03,f245274c769548ef6ccbdbcfde8861e39b2b8ae4,180,0,38,38,1.0,18033,679,37.37251655629139,37.0,70,6.952871870397644,3,17,22.188512518409425,8,51,21.62297496318115,8,50,0.5655375552282769,0,2,0.19293078055964655,3153,12,38.08599802789125,2.0,7.935749892678226,5.0,38.068189026324134,120029,28396,10080,211451,184755,6374
2017Q4,aluriak/pynclose,https://github.com/aluriak/pynclose.git,pynclose,29,6,2017-11-20 17:53:26,2017-08-24T13:47:57+02:00,88,2018-05-19,646bb89253d7094aeaf97630620c1738ce1adea1,180,0,6,6,1.0,112,8,15.5,15.5,18,2,1.5,4,6.75,5.0,13,5.875,4.0,11,0.875,0.5,4,0.5,12,1,23.0,5.0,7.928571428571429,3.0,7.666666666666667,92,2,36,177,49,16
2017Q4,daviddiazvico/scikit-keras,https://github.com/daviddiazvico/scikit-keras.git,scikit-keras,130,18,2017-10-17 15:50:22,2017-10-17T15:28:58+02:00,0,2018-04-15,f3c9aefb8b6096fbb24d237812ca4423c3e76a6e,180,0,2,2,1.0,976,16,60.30769230769231,79,79,5.1875,2.0,16,35.5,20.5,130,28.5625,12.5,55,6.9375,0.0,19,0.1875,7,1,60.30769230769231,6.25,163.53571428571428,0.0,135.71428571428572,950,13,65,1679,254,15
2017Q4,caronc/apprise,https://github.com/caronc/apprise.git,apprise,6467805,67,2017-11-26 05:11:34,2017-11-25T13:06:38-05:00,0,2018-05-25,11d9e0dc21ca0abe66ae4de56aedfb074a216a36,180,0,57,56,0.9824561403508771,12515,466,36.49276169265033,33.0,67,2.8798283261802573,2.0,6,18.894849785407725,11.0,48,16.624463519313306,8.0,43,2.2703862660944205,3.0,5,0.6030042918454935,40,2,38.312252964426875,2.1625,17.0938254228531,13.0,263.375,10535,2530,2610,20982,3826,317
2017Q4,hvnsweeting/outspect,https://github.com/hvnsweeting/outspect.git,outspect,10,1,2017-11-20 16:45:29,2017-11-20T23:43:44+07:00,0,2018-05-19,9f0c644cbe9ac7c707cfdab2ce7121c2dfe5db45,180,0,3,3,1.0,219,23,67,67,67,2.1739130434782608,2,3,5.086956521739131,3,11,3.608695652173913,2,8,1.4782608695652173,1,5,0.6956521739130435,0,0,nan,nan,nan,nan,nan,0,0,0,0,0,0
2017Q4,lqez/rogrepos,https://github.com/lqez/rogrepos.git,rogrepos,9,2,2017-12-14 02:14:26,2017-12-13T17:26:21+09:00,0,2018-06-12,0a9b1241151d282a949cec9c2058054a2a84f7fb,180,0,2,2,1.0,156,10,40.5,46.0,60,2.6,2.0,3,11.4,7.5,15,10.7,7.0,14,0.7,1.0,1,0.7,5,1,42.333333333333336,2.4705882352941178,17.469117647058823,27.0,34.2,171,6,63,280,171,8
2017Q4,ethereum/eth-utils,https://github.com/ethereum/eth-utils.git,eth-utils,4735928,62,2017-11-23 00:12:30,2017-02-07T10:28:15-07:00,288,2018-05-22,9ffec4ad7df94a4d2c1951b179707b487bbbaf4b,180,0,16,16,1.0,1060,74,43.666666666666664,40.0,83,2.4864864864864864,2.0,5,7.891891891891892,6.0,18,6.878378378378378,5.0,14,1.0135135135135136,0.0,3,0.22972972972972974,128,10,58.0,1.4264214046822743,4.448936482567776,1.0,9.3359375,1195,6,174,3410,1488,266
2017Q4,pavdmyt/yaspin,https://github.com/pavdmyt/yaspin.git,yaspin,4269592,44,2017-11-02 19:29:46,2017-10-29T23:01:00+02:00,3,2018-05-01,2b973a0828a102485be8791f79017ab474d6d8c1,180,0,9,9,1.0,706,42,35.493506493506494,31,75,2.2857142857142856,1.0,4,8.5,4.0,20,6.9523809523809526,3.5,16,1.5476190476190477,0.0,1,0.21428571428571427,96,2,33.05555555555556,2.0,3.4571627647714602,0.0,5.697916666666667,547,90,148,2985,851,151
2017Q4,bianjp/popup-dict,https://github.com/bianjp/popup-dict.git,popupdict,24,8,2017-12-13 15:32:24,2017-12-13T23:42:08+08:00,-1,2018-06-11,f96e59433959f6efc2010aff3f1c180948ff0b85,180,0,35,35,1.0,1356,68,20.86144578313253,15.0,46,3.4558823529411766,2.0,7,11.985294117647058,6.5,30,11.985294117647058,6.5,30,0,0.0,0,0.0,18,1,24.193548387096776,2.3166666666666664,2.803571911029043,11.0,34.111111111111114,614,93,116,833,304,84
2018Q1,ogun/uule_grabber,https://github.com/ogun/uule_grabber.git,uule-grabber,3211,9,2018-01-11 12:06:35,2018-01-11T11:27:48+03:00,0,2018-07-10,b5450c87cf4729f880410c272fb63fe4f0454fd8,180,0,2,2,1.0,17,2,,,,1,1.0,1,5,5.0,5,4,4.0,4,1,1.0,1,1.0,0,0,nan,nan,nan,nan,nan,0,0,0,0,0,0
2018Q1,fcracker79/yadi,https://github.com/fcracker79/yadi.git,yadi-framework,19,5,2018-03-10 09:49:19,2018-03-08T20:39:31+01:00,1,2018-09-06,9309b698af5ad90991d49a28af65d1373f83477e,180,0,8,8,1.0,354,50,,,,1.62,1.0,3,5.18,2.0,10,5.18,2.0,10,0,0.0,0,0.0,20,1,48.0,2.708333333333333,6.591937229437229,1.5,19.05,381,5,111,955,208,51
2018Q1,zabertech/python-izaber-wamp-zerp,https://github.com/zabertech/python-izaber-wamp-zerp.git,izaber-wamp-zerp,301,10,2018-01-10 17:47:15,2016-11-02T10:30:46-07:00,434,2018-07-09,b7b556505e31edd34de8c266e3967ec41a4b56c0,180,0,2,2,1.0,134,11,28.714285714285715,29,53,1.5454545454545454,1,3,6.636363636363637,3,13,6.363636363636363,3,13,0.2727272727272727,0,0,0.09090909090909091,15,1,30.384615384615383,2.3333333333333335,8.607142857142858,0.0,9.933333333333334,149,13,44,224,142,23
2018Q1,botium/botium,https://github.com/botium/botium.git,botium,17,1,2018-03-10 15:40:58,2018-03-10T18:19:06+01:00,-1,2018-09-06,1782f2ecd7bee8610f4ef8466cad2de8532dd78c,180,0,13,13,1.0,2660,186,33.30434782608695,29,60,3.4946236559139785,2.0,7,9.150537634408602,5.0,20,8.978494623655914,5.0,20,0.17204301075268819,0.0,1,0.10752688172043011,2,1,43.75,4.8125,4.8125,7.0,7.0,14,4,3,24,5,6
2018Q1,myaooo/pysbrl,https://github.com/myaooo/pysbrl.git,pysbrl,133,9,2018-03-03 21:32:27,2018-01-30T15:16:46-05:00,32,2018-08-30,1338db7d105250b5b2424eb9034a76ac14f2b821,180,0,7,7,1.0,672,35,38.02777777777778,38.0,63,3.2857142857142856,2,7,14.942857142857143,11,36,11.657142857142857,9,32,3.2857142857142856,0,9,0.4,24,1,38.9,2.0,23.009490660169394,1.5,34.708333333333336,833,50,134,1210,422,51
2018Q1,accraze/python-drumbo,https://github.com/accraze/python-drumbo.git,drumbo,22,2,2018-03-08 07:36:01,2018-03-07T21:51:38-08:00,0,2018-09-04,658953315ec7234f80f45a11f091c2720ea9681b,180,0,9,9,1.0,202,12,29.166666666666668,31.0,36,1.9166666666666667,2.0,4,8.416666666666666,9.0,12,5.166666666666667,5.0,7,3.25,4.0,5,0.75,19,1,29.166666666666668,1.75,3.4999999999999996,2.0,10.157894736842104,193,6,38,1012,68,53
2018Q1,MarkAHeywood/Bluetin_Python_Echo,https://github.com/MarkAHeywood/Bluetin_Python_Echo.git,bluetin-echo,46,3,2018-03-06 00:50:24,2018-03-04T15:46:34+00:00,1,2018-09-02,a23add55643b84b27d089ee7ae97c69f24bfc8a5,180,0,2,2,1.0,166,10,42.39622641509434,40,77,2.4,1.0,4,12.4,5.5,21,12.4,5.5,21,0,0.0,0,0.0,1,1,42.84615384615385,83.0,83.0,95.0,95.0,95,52,19,257,0,6
2018Q1,scivision/pylivestream,https://github.com/scivision/pylivestream.git,pylivestream,191,41,2018-01-30 15:19:53,2017-05-13T22:26:40-04:00,261,2018-07-29,095b792b38a9831bf62bcab0055b3b6e447e6285,180,0,12,12,1.0,1280,46,33.0125,28.0,65,3.652173913043478,3.0,6,21.065217391304348,17.5,41,19.282608695652176,17.0,41,1.7826086956521738,0.0,5,0.43478260869565216,137,2,33.78151260504202,2.4555335968379444,5.366817660370805,7.0,26.54014598540146,3636,119,885,5609,4017,350
2018Q1,gollth/ShutTUM,https://github.com/gollth/ShutTUM.git,shuttum,18,3,2018-02-22 13:40:40,2017-09-15T21:39:28+02:00,159,2018-08-21,ec46c12603076cc6913f9145eab9ddb3371b033d,180,0,9,8,0.8888888888888888,2351,102,42.1231884057971,41.0,75,2.372549019607843,1.0,6,12.07843137254902,6.5,33,6.588235294117647,3.0,14,5.490196078431373,2.0,14,0.6274509803921569,89,1,45.02459016393443,2.2019230769230766,13.30761182110944,6.0,64.65168539325843,5754,366,1517,10305,8227,261
2018Q1,huntcsg/pubg-client,https://github.com/huntcsg/pubg-client.git,pubg-client,28,1,2018-03-13 22:32:56,2018-03-13T18:03:15-04:00,0,2018-09-09,c9a213d741ec165f0ba215587a02dab2a2e990f9,180,0,14,14,1.0,736,51,24.8,9,86,1.5294117647058822,1,2,8.549019607843137,8,14,4.764705882352941,5,8,3.784313725490196,5,6,0.7450980392156863,2,2,24.8,26.785714285714285,26.785714285714285,284.5,284.5,569,5,163,1026,2,22
2018Q1,TACC/agavedb,https://github.com/TACC/agavedb.git,agavedb,95,9,2018-02-08 14:09:00,2018-02-06T16:22:59-06:00,1,2018-08-07,e517f0b81d81858c66d97234baf10590d4c6019b,180,0,3,3,1.0,669,35,30.23076923076923,28.0,55,3.5142857142857142,2,8,15.6,10,29,13.114285714285714,8,25,2.4857142857142858,1,8,0.9142857142857143,35,2,29.275,1.373913043478261,12.084865999539913,0.0,19.34285714285714,677,40,112,1795,518,53
2018Q1,vipin08/python_fcm,https://github.com/vipin08/python_fcm.git,python-fcm,13,1,2018-02-04 08:08:42,2018-01-21T19:09:00+05:30,13,2018-08-03,788a4ab8078d215e15aa4a43927b7dda27b470de,180,0,2,2,1.0,71,4,28.5,28.5,39,3.25,3.0,6,10.5,6.0,28,10.5,6.0,28,0,0.0,0,0.0,2,1,nan,3.738095238095238,3.738095238095238,15.0,15.0,30,0,5,37,22,3
2018Q1,phenicle/pgpumpy,https://github.com/phenicle/pgpumpy.git,pgpumpy,58,16,2018-02-02 15:38:56,2018-02-02T10:28:46-05:00,0,2018-08-01,dec802b4561a88859e0ac26f679d1ebf302812c1,180,0,2,1,0.5,590,0,29.333333333333332,34,38,,,,,,,,,,,,,,15,2,49.0,1.0,2.145053988157436,2.0,32.2,483,3,49,551,349,30
2018Q1,life4/homoglyphs,https://github.com/life4/homoglyphs.git,homoglyphs,18768,19,2018-03-09 13:51:42,2018-03-09T15:34:15+05:00,0,2018-09-05,7bba9cd02cf32da96f0f061e1023a4b4393377dc,180,0,3,3,1.0,374,24,31.19047619047619,26,63,3.1666666666666665,2.0,6,11.208333333333334,11.0,23,10.375,8.5,21,0.8333333333333334,0.0,4,0.20833333333333334,17,4,29.53846153846154,3.75,5.152930402930402,3.0,10.823529411764707,184,13,24,230,89,25
2018Q1,lucidprogrammer/ocraccuracyreporter,https://github.com/lucidprogrammer/ocraccuracyreporter.git,ocraccuracyreporter,43,5,2018-02-13 12:52:00,2018-02-13T12:59:22+00:00,-1,2018-08-12,1f050ee5d0682c4df3301a94274a0e9375184f2b,180,0,3,3,1.0,151,6,39.266666666666666,39,72,1.5,1.0,3,12.833333333333334,7.0,36,10.666666666666666,6.5,36,2.1666666666666665,0.0,13,0.16666666666666666,1,1,39.0,2.1,2.1,20.0,20.0,20,1,0,21,20,2
2018Q1,afpro/dummy_py,https://github.com/afpro/dummy_py.git,dummy_py,59,8,2018-02-13 06:53:42,2018-02-07T20:36:03+08:00,5,2018-08-12,be921e078a2307660b91108184577dece867197f,180,0,20,20,1.0,2215,166,45.75609756097561,47,74,2.1204819277108435,1.0,4,9.44578313253012,6.0,19,7.451807228915663,4.0,15,1.9939759036144578,0.0,7,0.3132530120481928,74,1,45.17791411042945,2.5,17.625407097110816,6.5,32.189189189189186,2382,326,420,3165,1198,122
2018Q1,vilkasgroup/Pakettikauppa,https://github.com/vilkasgroup/Pakettikauppa.git,pakettikauppa,6,3,2018-01-24 10:38:39,2017-12-18T13:45:28+02:00,36,2018-07-23,3e52a6b45532cab1ecd44ef41e860bae003a3b17,180,0,19,19,1.0,3213,89,34.21708185053381,34,59,3.898876404494382,2,9,29.50561797752809,20,62,22.314606741573034,12,44,7.191011235955056,6,13,0.898876404494382,32,2,37.77339901477833,1.2903225806451613,10.424490647096778,1.5,110.125,3524,203,659,6828,3536,137
2018Q1,getbenchmarked/matrix-log-handler,https://github.com/getbenchmarked/matrix-log-handler.git,matrix-log-handler,35,5,2018-01-31 09:47:55,2018-01-31T10:33:02+01:00,0,2018-07-30,d3b3a0fdd5113c4d5bde64ea46c200185f39d49a,180,0,2,2,1.0,105,5,,,,2.2,2,3,11,10,15,10.6,10,15,0.4,0,2,0.2,3,1,nan,10.1,10.1,6.0,7.666666666666667,23,0,2,26,4,3
2018Q1,calvinjiang/hive-executor-py,https://github.com/calvinjiang/hive-executor-py.git,autochat-lp,61,3,2018-03-09 03:25:54,2016-05-19T10:08:25+08:00,659,2018-09-05,ff842afd956fb2bed2cee1de6015c29046f24492,180,0,3,3,1.0,762,26,35.733333333333334,25,74,5.730769230769231,3.0,16,22.615384615384617,15.0,61,20.923076923076923,15.0,60,1.6923076923076923,1.0,4,0.6538461538461539,7,1,43.55555555555556,1.911764705882353,5.682158924175732,43.0,53.285714285714285,373,9,58,706,204,23
2018Q1,freetnt5852/idioticapi,https://github.com/freetnt5852/idioticapi.git,idioticapi,11,2,2018-03-07 23:54:16,2018-03-04T20:06:30+03:00,3,2018-09-03,23bada58feb106df67a5e900fff314c0aa89702e,180,0,2,2,1.0,932,71,27.75,22.0,48,2.2816901408450705,2,3,11.605633802816902,12,15,4.309859154929577,4,7,7.295774647887324,9,10,0.9859154929577465,21,3,30.0,1.6666666666666667,9.73448166100296,2.0,32.0,672,9,259,954,127,24
2018Q1,vtemian/django-server-timing,https://github.com/vtemian/django-server-timing.git,django-server-timing,748,4,2018-02-14 21:47:06,2018-02-14T23:26:34+02:00,0,2018-08-13,467779f101444bc82819741de0b1c756b13fbb7d,180,0,14,14,1.0,293,13,47.1,56.5,71,1.3076923076923077,1,2,5.846153846153846,4,12,5.846153846153846,4,12,0,0,0,0.0,6,1,46.04761904761905,1.0,6.916666666666667,1.0,32.833333333333336,197,21,81,482,17,25
2018Q1,mdp-dev/munidatapipeline,https://github.com/mdp-dev/munidatapipeline.git,munidatapipeline,78,24,2018-02-27 03:53:54,2018-02-25T20:13:51-05:00,1,2018-08-26,ad020b1556e22ef93d4d88f4a0fc93a633bfa356,180,0,12,12,1.0,1569,47,28.513513513513512,24,47,4.127659574468085,2,8,30.23404255319149,32,37,16.76595744680851,11,30,13.46808510638298,20,21,0.8297872340425532,19,2,35.0,2.25,32.43353174603175,2.0,123.10526315789474,2339,43,987,3402,1820,56
2018Q1,robofab-developers/fontPens,https://github.com/robofab-developers/fontPens.git,fontpens,13450,2,2018-02-01 17:50:36,2016-03-18T14:00:51-07:00,684,2018-07-31,dde6d62d4723b04ba54efbc6ab68ece2dacf9eb1,180,0,13,13,1.0,1577,124,30.254901960784313,26,53,1.8870967741935485,1.0,4,9.403225806451612,7.0,22,5.967741935483871,4.0,14,3.435483870967742,0.0,14,0.3387096774193548,45,5,30.31578947368421,1.75,8.389251107419712,5.0,36.111111111111114,1625,57,299,2173,391,73
2018Q1,Designer023/Wagtail-Paginated-Subpages,https://github.com/Designer023/Wagtail-Paginated-Subpages.git,wagtail-paginated-subpages,56,4,2018-02-05 15:25:28,2018-02-05T15:07:17+00:00,0,2018-08-04,d33466cc981fc1a9a126de10be2e9afda795dd73,180,0,7,7,1.0,175,8,42.54545454545455,49,61,2,2.0,3,13.625,11.5,31,11.5,11.0,24,2.125,0.0,10,0.25,1,1,58.666666666666664,2.9285714285714284,2.9285714285714284,38.0,38.0,38,3,0,42,28,2
2018Q1,Cog-Creators/Red-Lavalink,https://github.com/Cog-Creators/Red-Lavalink.git,red-lavalink,17914,34,2018-03-11 22:56:16,2018-03-11T17:36:14-04:00,0,2018-09-07,560639c1086ce559e93e93f9aaaca71ece58ec3b,180,0,6,6,1.0,1172,66,27,17,53,2.121212121212121,1.5,5,13.030303030303031,11.5,24,7.818181818181818,5.0,18,5.212121212121212,3.0,14,0.5909090909090909,30,7,25.75,2.359375,11.994268889781289,1.5,52.6,1578,8,326,2476,860,67
2018Q1,scikit-learn-contrib/skope-rules,https://github.com/scikit-learn-contrib/skope-rules.git,skope-rules,79924,4,2018-01-22 08:09:30,2016-03-01T22:07:32-05:00,691,2018-07-21,e7f7b932587545b8a947256e3b3c087eea0e1a94,180,0,5,5,1.0,816,24,33.51428571428571,32,57,3.875,2.0,6,28,17.5,45,22.083333333333332,9.0,33,5.916666666666667,0.0,19,0.375,106,8,38.574803149606296,2.79004329004329,10.974267148131885,0.0,14.320754716981131,1518,127,338,5469,3408,190
2018Q1,colcon/colcon-parallel-executor,https://github.com/colcon/colcon-parallel-executor.git,colcon-parallel-executor,151029,8,2018-03-19 20:59:37,2018-01-31T22:28:39-08:00,46,2018-09-15,c32d8cb75318c9bf19e5501ab738eecaf0c3721c,180,0,3,3,1.0,196,4,41.97142857142857,44,62,10.75,4.5,33,39.25,27.0,99,39.25,27.0,99,0,0.0,0,0.0,11,1,42.80555555555556,2.0,11.305555555555555,1.0,14.636363636363637,161,36,24,359,25,14
2018Q1,omza/azurestoragewrap,https://github.com/omza/azurestoragewrap.git,azurestoragewrap,536,36,2018-02-12 16:27:12,2018-02-12T11:04:30+01:00,0,2018-08-11,c264172a783056081849b97675c0cb92593fb702,180,0,7,7,1.0,1666,82,50.86666666666667,40.0,78,4.024390243902439,3.0,9,17.573170731707318,16.5,32,16.329268292682926,14.0,31,1.2439024390243902,1.0,4,0.5121951219512195,44,1,52.642857142857146,3.309090909090909,7.240157655038461,1.5,31.431818181818183,1383,42,316,2576,1066,110
2018Q1,AMR-/instruction_graph,https://github.com/AMR-/instruction_graph.git,instruction-graph,161,30,2018-02-07 21:31:13,2018-02-04T15:08:42-05:00,3,2018-08-06,2ac113d2f27152483695ab36a495b1dfad493b84,180,0,23,23,1.0,1333,138,52.464285714285715,49.0,86,1.6594202898550725,1.0,3,6.826086956521739,5.0,16,6.826086956521739,5.0,16,0,0.0,0,0.0,48,2,52.63203463203463,3.875,10.854661859661858,8.0,34.729166666666664,1667,231,336,3038,1387,134
2018Q1,ahmadiga/django-files-library,https://github.com/ahmadiga/django-files-library.git,django-files-library,19,3,2018-02-10 10:54:14,2018-02-10T01:29:11+02:00,0,2018-08-09,0a26ad087522977ff67d2931ad39328ea29548e3,180,0,13,13,1.0,384,17,45.2,44.0,68,2.0588235294117645,1,5,11.529411764705882,5,28,8.764705882352942,3,23,2.764705882352941,3,6,0.5294117647058824,0,0,nan,nan,nan,nan,nan,0,0,0,0,0,0
2018Q2,facelessuser/wcmatch,https://github.com/facelessuser/wcmatch.git,wcmatch,20736921,48,2018-06-06 03:41:14,2018-05-05T09:22:11-06:00,31,2018-12-03,96d84ece8d8b26ba37cfb99eee18ff12adfcb559,180,0,8,8,1.0,2701,124,39.08152173913044,37.0,67,5.290322580645161,3.0,15,15.733870967741936,8.0,35,14.233870967741936,6.0,34,1.5,1.0,1,0.9919354838709677,110,2,39.73932584269663,1.875,5.941793351703856,6.0,51.08181818181818,5619,445,1032,12754,8589,258
2018Q2,mossblaser/qth_yarp,https://github.com/mossblaser/qth_yarp.git,qth-yarp,18,3,2018-06-15 15:25:28,2018-03-12T17:35:46+00:00,94,2018-12-12,ca4d4877c774fbc1c2b79a48bc2c092c07b8e28b,180,0,2,2,1.0,296,15,,,,2.3333333333333335,3,3,21.4,11,66,11.333333333333334,9,27,10.066666666666666,0,38,0.4666666666666667,2,1,nan,2.25,2.25,7.5,7.5,15,0,0,15,3,2
2018Q2,fujiisoup/py3nj,https://github.com/fujiisoup/py3nj.git,py3nj,2883,6,2018-05-28 13:15:38,2018-05-27T14:32:09+09:00,1,2018-11-24,309063b858aefbf597905d32ad7a82c46c183a48,180,0,2,2,1.0,301,9,23.333333333333332,12,46,3.6666666666666665,3,6,30.88888888888889,39,47,15.11111111111111,17,19,15.777777777777779,21,33,0.8888888888888888,7,2,46.0,6.5,8.25974025974026,16.0,26.857142857142858,188,1,31,701,51,22
2018Q2,melizalab/django-neurobank,https://github.com/melizalab/django-neurobank.git,django-neurobank,126,21,2018-05-11 17:57:13,2017-06-24T08:38:45-04:00,321,2018-11-07,42d2035f6889c4f5745deb706ee2335a71b4d4af,180,0,12,12,1.0,940,66,48,48.0,76,1.1515151515151516,1.0,1,6.5606060606060606,5.0,12,6.545454545454546,5.0,12,0.015151515151515152,0.0,0,0.015151515151515152,32,1,48.25423728813559,3.0,5.148810302216253,14.5,32.59375,1043,59,198,1306,651,93
2018Q2,podhmo/csvresumable,https://github.com/podhmo/csvresumable.git,csvresumable,48,6,2018-06-15 19:25:08,2018-06-13T18:47:27+09:00,2,2018-12-12,c256c8e8ac25cc2f011faa32ed9d72c92fe03446,180,0,7,7,1.0,246,23,21,21,21,2.5652173913043477,2,7,6.739130434782608,4,21,6.391304347826087,4,21,0.34782608695652173,0,0,0.08695652173913043,9,1,nan,1.2,1.5166666666666666,0.0,1.8888888888888888,17,0,0,101,37,14
2018Q2,keitheis/p2,https://github.com/keitheis/p2.git,p2,71,2,2018-05-01 05:35:28,2018-05-01T13:17:24+08:00,0,2018-10-28,5011f7da67da1f42d928954a01ef2591149948fa,180,0,2,2,1.0,162,7,21.22222222222222,18,56,4.428571428571429,5,7,17.428571428571427,18,40,15.285714285714286,15,40,2.142857142857143,3,3,0.7142857142857143,0,0,nan,nan,nan,nan,nan,0,0,0,0,0,0
2018Q2,taniotanio7/omijacz-timera-prawojazdy,https://github.com/taniotanio7/omijacz-timera-prawojazdy.git,omijacz-timera,10,3,2018-04-25 00:46:12,2018-04-14T13:55:23+02:00,10,2018-10-22,de2174014451a47de95f6f9c394935bb04ecd985,180,0,5,5,1.0,307,23,37.65,33.0,57,1.9565217391304348,2,3,8.826086956521738,6,16,8.217391304347826,6,14,0.6086956521739131,0,4,0.13043478260869565,15,2,41.56818181818182,2.857142857142857,14.103001628001628,2.0,44.333333333333336,665,44,115,994,904,35
2018Q2,gioenn/cantor,https://github.com/gioenn/cantor.git,cantor,15,1,2018-04-08 15:42:16,2018-04-06T00:11:57+02:00,2,2018-10-05,d02257de2227676b9f84c9da60875f2bedfa9444,180,0,3,3,1.0,98,7,,,,3.142857142857143,2,10,11.285714285714286,6,45,11.285714285714286,6,45,0,0,0,0.0,5,1,nan,2.0,11.944444444444445,2.0,17.6,88,0,18,128,42,11
2018Q2,sassoftware/python-swat,https://github.com/sassoftware/python-swat.git,swat,15187,28,2018-06-04 21:13:34,2016-07-11T15:38:40-04:00,693,2018-12-01,e1458ea5c22d782e118e73b4ce6c1d4d51176678,180,0,52,52,1.0,27158,1084,36.8580375782881,33.0,70,3.484317343173432,2.0,8,19.869926199261993,11.0,46,10.787822878228782,4.0,25,9.08210332103321,1.0,24,0.8653136531365314,218,2,37.77981651376147,2.391919191919192,7.071355068971126,6.0,54.42660550458716,11865,1090,2049,28744,6044,542
2018Q2,SorenSeeberg/MrDatabase,https://github.com/SorenSeeberg/MrDatabase.git,mrdatabase,16,1,2018-06-10 10:25:45,2017-09-11T17:06:49+02:00,271,2018-12-07,07d39c1f227d9ceaffe7e409f0915776901dd3e9,180,0,14,14,1.0,1269,123,46.285714285714285,37,82,1.853658536585366,1,4,6.260162601626016,4,13,6.056910569105691,3,13,0.2032520325203252,0,1,0.2032520325203252,29,2,39.74242424242424,3.0,10.13161710253323,18.0,60.41379310344828,1752,66,664,2857,2353,97
2018Q2,tonybaloney/workday,https://github.com/tonybaloney/workday.git,workday,1927,4,2018-06-22 00:51:01,2018-06-22T10:45:03+10:00,0,2018-12-19,82c792ddb5e8f603a5f34e87b8c02f0379e177d7,180,0,7,7,1.0,589,32,53.5377358490566,67.0,73,1.625,1.0,3,10.46875,7.0,23,6.75,3.5,14,3.71875,0.0,15,0.4375,22,1,39.41921789533839,2.3333333333333335,31.952108356759517,1.0,14401.272727272728,316828,24498,53484,499337,723244,1598
2018Q2,bbva/waf-brain,https://github.com/bbva/waf-brain.git,waf-brain,13,1,2018-05-31 10:20:11,2018-04-10T13:09:33+02:00,50,2018-11-27,76f9151188ca354b9ec89cfb55eb15c0d95482fa,180,0,11,11,1.0,591,23,25.72972972972973,16,75,3.0434782608695654,2,7,21.217391304347824,11,60,21.217391304347824,11,60,0,0,0,0.0,4,2,23.692307692307693,13.25,23.895833333333332,16.5,114.5,458,52,126,676,45,14
2018Q2,lmelvin/pyihome,https://github.com/lmelvin/pyihome.git,pyihome,14,5,2018-06-12 05:36:02,2018-05-26T00:38:53-05:00,16,2018-12-09,276bae97dc6a073c439f99a10cd379cdd134c1db,180,0,2,2,1.0,95,15,43,43,43,1.2666666666666666,1,2,4.266666666666667,4,8,4.266666666666667,4,8,0,0,0,0.0,12,1,43.0,3.25,12.405555555555555,5.0,15.583333333333334,187,3,44,257,141,16
2018Q2,milesgranger/lumber-jack,https://github.com/milesgranger/lumber-jack.git,lumber-jack,3,1,2018-04-22 13:30:26,2017-10-15T12:32:30+02:00,189,2018-10-19,647146f08f6ec80f235cfe58a538a783b72ff93c,180,0,6,6,1.0,45,1,22,22,22,4,4,4,22,22,22,13,13,13,9,9,9,1.0,64,1,52.5,4.0,5.7272727272727275,0.0,0.890625,57,4,30,882,462,93
2018Q2,andrewgross/csv_read,https://github.com/andrewgross/csv_read.git,csvparse,39,3,2018-04-27 14:22:48,2018-04-19T13:30:23-04:00,7,2018-10-24,a240bcaeeaadcd06414b812bd9bb1dc15fd8b795,180,0,2,2,1.0,75,4,30,30,30,4.75,1.5,15,15.25,5.5,48,15.25,5.5,48,0,0.0,0,0.0,10,1,30.0,1.0,1.984375,1.0,5.7,57,1,6,201,54,24
2018Q2,seibert-media/atlassian_marketplace_python_client,https://github.com/seibert-media/atlassian_marketplace_python_client.git,atlassian-marketplace-python-client,52,4,2018-05-23 13:47:16,2018-05-23T15:14:13+02:00,0,2018-11-19,a3b4f6a42dd85192d776765b7d66c83b97762bd6,180,0,2,2,1.0,95,9,,,,1.5555555555555556,1,3,7.555555555555555,6,20,7.555555555555555,6,20,0,0,0,0.0,0,0,nan,nan,nan,nan,nan,0,0,0,0,0,0
2018Q2,rishikant42/blockchain,https://github.com/rishikant42/blockchain.git,blockchainpy,27,4,2018-06-14 18:34:29,2018-06-14T22:48:00+05:30,0,2018-12-11,b04e6b2ce57ccc8b1f552c81b091c59e02d62ed8,180,0,3,3,1.0,413,28,42.03225806451613,41,62,1.9642857142857142,1.0,5,11.678571428571429,8.5,28,10.535714285714286,6.5,25,1.1428571428571428,0.0,3,0.35714285714285715,13,1,42.03225806451613,1.75,32.09583333333333,3.0,22.692307692307693,295,31,90,439,27,15
2018Q2,oss-a-1/sqlitedb,https://github.com/oss-a-1/sqlitedb.git,checkits,19,3,2018-06-04 10:44:57,2018-05-14T19:31:59+09:00,21,2018-12-01,827650058e583ada3058aa1e5f911812a440c2cc,180,0,4,4,1.0,1120,26,,,,9.692307692307692,8.0,30,41.26923076923077,26.0,80,41.26923076923077,26.0,80,0,0.0,0,0.0,21,3,9.45,71.96875,167.69436361336034,0.0,91.38095238095238,1919,20,468,2447,1438,24
2018Q2,scikit-tda/persim,https://github.com/scikit-tda/persim.git,persim,54242,22,2018-04-13 17:42:34,2018-04-10T12:26:24-07:00,2,2018-10-10,3d022acf775815b321675ecbca01026b98d473d8,180,0,2,2,1.0,193,10,46.63636363636363,39,63,2.9,2.0,4,16.9,14.0,33,14.3,10.5,30,2.6,3.0,4,0.7,40,3,43.22222222222222,2.4,8.231052010869455,6.5,13.65,546,72,180,1243,743,66
2018Q2,yaizar/scipion_empiar_depositor,https://github.com/yaizar/scipion_empiar_depositor.git,scipion-empiar-depositor,14,3,2018-06-06 10:19:28,2018-06-06T12:11:48+02:00,0,2018-12-03,4e05f259f3b805636430c59312719752d8484073,180,0,4,4,1.0,570,20,44.37984496124031,52,72,1.95,2.0,4,13.85,8.0,20,13.75,7.0,20,0.1,0.0,0,0.1,3,1,29.0,2.380952380952381,2.380952380952381,14.0,21.0,63,4,5,74,69,4
2018Q2,xbanke/pandas-sql,https://github.com/xbanke/pandas-sql.git,pandas-sql,67,10,2018-04-12 05:16:59,2018-04-12T10:26:10+08:00,0,2018-10-09,9b811bcfb9f85a7acff28b2b23a3d001abb9ecd1,180,0,3,3,1.0,325,20,22.285714285714285,23,37,3.7,1.0,6,14.35,5.5,31,12.8,5.5,31,1.55,0.0,7,0.15,7,1,27.666666666666668,1.6,2.468831168831169,7.0,19.142857142857142,134,3,18,159,98,16
2018Q2,marcelbeining/cryptotrader,https://github.com/marcelbeining/cryptotrader.git,eazebot,302,138,2018-06-20 13:51:04,2018-05-29T20:22:33+02:00,21,2018-12-17,50bcf5b4ef94aa4f6ee48f6f5bd6724aef81c6ec,180,0,5,5,1.0,2204,86,50.125786163522015,42,93,9.279069767441861,5.0,15,22.27906976744186,13.5,40,22.27906976744186,13.5,40,0,0.0,0,0.0,116,2,60.6725,2.1515151515151514,20.1385086346165,14.0,59.422413793103445,6893,400,521,7835,6649,187
2018Q2,singularityhub/stools,https://github.com/singularityhub/stools.git,stools,27,4,2018-04-26 18:53:53,2018-04-26T18:22:39-04:00,-1,2018-10-23,7a50fbea50f7f3ca7896190a776e38095724ce81,180,0,11,11,1.0,601,18,35.42857142857143,30.0,62,2.388888888888889,2.0,5,16,8.5,43,13.5,7.0,32,2.5,0.0,11,0.3888888888888889,3,1,32.72222222222222,9.875,18.25462962962963,177.0,152.66666666666666,458,18,157,734,34,18
2018Q2,p-eli/pycallgraphdecorator,https://github.com/p-eli/pycallgraphdecorator.git,callgraphdecorator,19,2,2018-04-08 11:19:37,2018-04-06T13:55:27+02:00,1,2018-10-05,8900d17364a24334951eef2a53479f236228ed43,180,0,3,3,1.0,85,5,,,,2.6,2,6,13.8,13,34,13.8,13,34,0,0,0,0.0,2,1,nan,14.666666666666666,14.666666666666666,36.5,36.5,73,0,13,114,1,5
2018Q2,Webinterpret/falcon-telegraf-middleware,https://github.com/Webinterpret/falcon-telegraf-middleware.git,falcon-telegraf-middleware,107,11,2018-04-19 10:35:26,2018-03-29T14:23:11+02:00,20,2018-10-16,fbd2d61fcde1952443e465f5d1ab5467e5aa0cb8,180,0,5,5,1.0,225,14,47,27,102,2.2142857142857144,1.5,6,11.785714285714286,9.5,19,8.928571428571429,8.0,19,2.857142857142857,0.0,12,0.2857142857142857,33,5,102.0,1.0,3.8371345029239765,1.0,4.96969696969697,164,1,15,579,189,88
2018Q2,MolSSI/QCEngine,https://github.com/MolSSI/QCEngine.git,qcengine,1250,45,2018-06-21 14:35:57,2018-03-01T17:25:36-05:00,111,2018-12-18,31871c54a784017d75c190330ac2aa0dbbda327d,180,0,11,11,1.0,773,23,23.693877551020407,20,38,4.478260869565218,4,12,24.52173913043478,21,53,20.608695652173914,14,50,3.9130434782608696,2,18,0.5217391304347826,93,1,25.42063492063492,2.5,6.173773141382004,6.0,16.838709677419356,1566,126,428,6243,2518,200
2018Q2,VinitraMk/getcomic-cli,https://github.com/VinitraMk/getcomic-cli.git,getcomic,62,17,2018-06-18 07:20:29,2018-06-18T10:42:09+05:30,0,2018-12-15,7dc0353b375e131b8f488f1ba51c2ddda1f19405,180,0,2,2,1.0,356,10,33.77272727272727,24.0,68,8.6,4.0,11,31.4,24.5,37,31.4,24.5,37,0,0.0,0,0.0,9,1,36.75,1.8571428571428572,2.4138655462184873,4.0,11.11111111111111,100,8,5,113,35,14
2018Q2,deathbeds/pidgin,https://github.com/deathbeds/pidgin.git,pidgin,15,1,2018-05-13 02:58:12,2018-02-26T15:43:28-05:00,75,2018-11-09,9c1e7e59ced283305f6b3a5cf78a22640b50fa71,180,0,2,2,1.0,17,1,30.6,30,62,1,1,1,6,6,6,6,6,6,0,0,0,0.0,21,2,27.06896551724138,2.666666666666667,12.500408496732028,2.0,11.142857142857142,234,87,137,531,897,28
2018Q2,cmdimkpa/BlockMagic,https://github.com/cmdimkpa/BlockMagic.git,block-magic,65,10,2018-06-11 11:07:12,2018-06-11T11:17:55+01:00,0,2018-12-08,a00d0a62e7a924b48f95651fd46c9824f2866915,180,0,3,1,0.3333333333333333,913,0,38.5,36.0,46,,,,,,,,,,,,,,15,1,41.0,3.8333333333333335,10.670532382993684,18.0,71.6,1074,2,87,1167,388,15
2018Q2,MLBazaar/BTB,https://github.com/MLBazaar/BTB.git,baytune,593,29,2018-04-26 16:06:04,2017-10-27T09:44:00-04:00,181,2018-10-23,c839024435160c59ee129e60795e6d3a514b6986,180,0,23,23,1.0,1621,93,48.50375939849624,51,71,2.150537634408602,2,5,13.483870967741936,10,31,9.849462365591398,6,26,3.6344086021505375,1,10,0.5698924731182796,165,6,48.36150234741784,1.6458333333333335,9.203499190065653,3.0,28.490909090909092,4701,426,881,10797,7302,505
2018Q3,m90/rasa-mongo-tracker-store,https://github.com/m90/rasa-mongo-tracker-store.git,rasa-mongo-tracker-store,127,2,2018-07-09 19:48:04,2018-07-09T16:32:51+02:00,0,2019-01-05,fbbf940f3b7c5221aac18576e11e6afe66720dee,180,0,2,2,1.0,40,4,,,,1.25,1.0,2,7,6.0,14,7,6.0,14,0,0.0,0,0.0,1,1,nan,3.6,3.6,17.0,17.0,17,0,1,26,20,3
2018Q3,pmav99/pybfx,https://github.com/pmav99/pybfx.git,pybfx,28,2,2018-07-18 14:18:33,2018-07-16T23:40:12+03:00,1,2019-01-14,c5fd7f15ca64ababd1d707c92ec28306d5fcf35e,180,0,5,5,1.0,375,27,42.1,39.0,67,1.5555555555555556,1,3,9.62962962962963,10,18,5.925925925925926,4,13,3.7037037037037037,0,11,0.4074074074074074,26,1,53.0,4.042857142857143,6.132305194805195,9.0,10.384615384615385,270,10,52,528,165,53
2018Q3,escalate/python-loxone-ws-client,https://github.com/escalate/python-loxone-ws-client.git,loxone-websocket-client,7,3,2018-09-19 10:09:51,2018-08-23T12:15:29+02:00,26,2019-03-18,ba6ca97645eb3a85dd794e0cd96a86c459a34ac9,180,0,8,8,1.0,518,48,32,32.0,36,1.9791666666666667,1.0,3,6.9375,4.0,16,6.75,4.0,14,0.1875,0.0,0,0.020833333333333332,66,1,34.0,2.888888888888889,5.04618150946276,6.5,16.848484848484848,1112,4,172,1312,771,114
2018Q3,humitos/sphinx-version-warning,https://github.com/humitos/sphinx-version-warning.git,sphinx-version-warning,17224,8,2018-07-28 03:06:39,2018-05-22T19:01:07-05:00,66,2019-01-24,fa6e48eb1dc66f8deea2328ba6f069bf6a808713,180,0,3,3,1.0,123,2,56,58,73,4,4.0,6,51.5,51.5,63,46.5,46.5,53,5,5.0,10,0.5,43,1,45.803030303030305,2.0,8.751695036989155,2.0,12.069767441860465,519,132,154,840,688,55
2018Q3,lundbird/AutoGui,https://github.com/lundbird/AutoGui.git,autogui,1021,17,2018-08-15 21:03:44,2018-08-08T08:57:38-05:00,7,2019-02-11,f8296a498a7fd9ac7a2d49e4c1feac8bc064a267,180,0,3,3,1.0,69,22,68.8,70,94,1,1.0,1,2,2.0,2,2,2.0,2,0,0.0,0,0.0,25,4,70.5,2.5,5.297916666666667,1.0,6.2,155,6,10,341,246,48
2018Q3,ambition-trial/ambition-subject,https://github.com/ambition-trial/ambition-subject.git,ambition-subject,649,92,2018-07-21 12:46:14,2017-03-02T21:09:48+02:00,505,2019-01-17,22fc3acda58dbd1c928966799a21bc293855b152,180,0,151,151,1.0,13670,83,43.388888888888886,47.0,63,1.855421686746988,1,4,7.710843373493976,6,16,7.27710843373494,6,15,0.43373493975903615,0,2,0.14457831325301204,1106,14,41.62264150943396,1.6,27.378325434420788,6.0,56.899638336347195,62931,636,4727,74587,60132,3275
2018Q3,cjsliuj/mppf,https://github.com/cjsliuj/mppf.git,mppf,10,3,2018-08-12 06:05:26,2018-08-12T01:41:31+08:00,0,2019-02-08,fc77ba422be9f87dd2f4222b729129c36a161bbf,180,0,2,2,1.0,268,11,17.4,7,39,5.7272727272727275,1,9,21.272727272727273,3,32,21.272727272727273,3,32,0,0,0,0.0,0,0,nan,nan,nan,nan,nan,0,0,0,0,0,0
2018Q3,SandBlox/sandblox,https://github.com/SandBlox/sandblox.git,sandblox,13,1,2018-09-17 20:05:51,2017-11-10T23:40:54+05:30,311,2019-03-16,cff8dc0597aabf1c2991ef547517f7143e7647ed,180,0,19,19,1.0,1868,242,43.922222222222224,46.5,66,1.8099173553719008,1.0,3,5.305785123966942,3.0,11,4.81404958677686,3.0,10,0.49173553719008267,0.0,0,0.09090909090909091,71,2,43.300813008130085,3.0,20.121271743019012,15.0,81.7605633802817,5805,369,1767,11504,9128,246
2018Q3,msadique265/Modules,https://github.com/msadique265/Modules.git,my-logger,15,1,2018-07-26 10:08:30,2018-07-26T15:17:55+05:30,0,2019-01-22,46aef383b16fdd9c2c888621b3af30f866728272,180,0,2,2,1.0,52,2,32.333333333333336,37.0,44,1.5,1.5,2,21,21.0,36,21,21.0,36,0,0.0,0,0.0,0,0,nan,nan,nan,nan,nan,0,0,0,0,0,0
2018Q3,thautwarm/reley,https://github.com/thautwarm/reley.git,reley,17,2,2018-09-14 04:33:21,2018-09-12T23:24:48+08:00,1,2019-03-13,17e5730c1afbefaeb22103719c85f08333c65937,180,0,12,12,1.0,1239,81,24.4,19,65,2.6790123456790123,1,5,9.493827160493828,4,21,9.419753086419753,4,21,0.07407407407407407,0,0,0.024691358024691357,14,1,23.404761904761905,2.380952380952381,16.523966509680797,56.0,131.78571428571428,1845,42,473,2430,1728,57
2018Q3,jakobilab/circtools,https://github.com/jakobilab/circtools.git,circtools,150,18,2018-07-17 21:57:39,2017-02-27T00:32:00+01:00,505,2019-01-13,be488f8aa5070c28bd2e73c8ca725302b1e1a522,180,0,16,16,1.0,3186,56,45.05144032921811,42.0,72,5.410714285714286,1.0,14,51.875,14.0,127,50.5,12.0,127,1.375,1.0,4,0.5178571428571429,303,1,45.22760290556901,2.25,9.75054101970578,2.0,11.871287128712872,3597,826,863,8332,4205,336
2018Q3,apache/buildstream,https://github.com/apache/buildstream.git,buildstream,2758,66,2018-08-23 15:36:00,2016-11-08T18:17:47+09:00,653,2019-02-19,36a60abe062d4c8514cffc374ecd2c926adac190,180,0,161,161,1.0,41702,1547,35.79635602824514,40,68,3.1247575953458306,2,7,14.645119586296056,8,34,13.25016160310278,7,30,1.3949579831932772,0,4,0.12669683257918551,2962,45,36.44426298352853,2.5,10.108704627399764,3.0,18.08912896691425,53580,21431,12228,126213,59298,5333
2018Q3,TimeTraveller-San/yTermPlayer,https://github.com/TimeTraveller-San/yTermPlayer.git,ytermplayer,80,6,2018-09-01 18:10:11,2018-09-01T23:50:32+00:00,-1,2019-02-28,d04bb09430b6ea0240a2152c32a5b99d29aad353,180,0,7,7,1.0,723,51,31.351063829787233,27.0,51,2.156862745098039,1,4,9.843137254901961,7,21,9.823529411764707,6,21,0.0196078431372549,0,0,0.0196078431372549,2,1,31.523809523809526,3.6867469879518073,3.6867469879518073,137.5,137.5,275,21,10,317,186,6
2018Q3,Rochan-A/sptm,https://github.com/Rochan-A/sptm.git,sptm,30,3,2018-07-18 09:46:24,2018-07-11T20:07:57+05:30,6,2019-01-14,b18ab297520cf01749a3e055e96c3f3db6b2e787,180,0,7,6,0.8571428571428571,873,25,39.94,39.0,61,4.64,3,11,22.92,19,42,13.64,10,29,9.28,9,15,1.0,15,1,40.270833333333336,5.738095238095238,15.993957431457432,12.0,51.13333333333333,767,48,144,1425,792,25
2018Q3,kbytesys/django-recaptcha3,https://github.com/kbytesys/django-recaptcha3.git,django-recaptcha3,3368,4,2018-08-21 01:32:23,2018-08-21T03:07:53+02:00,0,2019-02-17,e25a908cb19679e64ee8a219e87b8f64fb6895d2,180,0,9,9,1.0,247,15,41,41,41,2.1333333333333333,1,3,11.733333333333333,8,20,11.733333333333333,8,20,0,0,0,0.0,11,3,nan,2.2,5.7666666666666675,5.0,10.818181818181818,119,0,25,147,39,15
2018Q3,ravendb/ravendb-python-embedded,https://github.com/ravendb/ravendb-python-embedded.git,pyravendb-embedded,49,11,2018-07-12 13:59:32,2018-07-01T15:38:29+03:00,11,2019-01-08,cf9a1ab7749527a2f0638a301488898d08c05898,180,0,5,5,1.0,372,19,34,28.5,56,4.105263157894737,4,9,16.473684210526315,13,33,14.842105263157896,13,25,1.631578947368421,0,8,0.21052631578947367,20,2,37.333333333333336,2.4,10.461683006535948,3.0,26.8,536,6,114,752,477,45
2018Q3,xdusongwei/redux-python,https://github.com/xdusongwei/redux-python.git,redux-python,7,1,2018-08-06 04:38:23,2018-07-23T11:24:49+08:00,14,2019-02-02,6a026dd6ff9fcfb6631b42880f96341492ddbda9,180,0,22,22,1.0,1836,172,30.666666666666668,13,66,2.4825581395348837,2.0,5,7.406976744186046,5.0,17,7.406976744186046,5.0,17,0,0.0,0,0.0,1,1,13.0,83.45454545454545,83.45454545454545,1537.0,1537.0,1537,2,297,2206,0,26
2018Q3,bqbn/iutils,https://github.com/bqbn/iutils.git,iutils,125,34,2018-08-06 06:30:57,2018-08-05T23:33:48-07:00,-1,2019-02-02,9bf24de221e7e2586ebb0e132b29e5d1cd1d775d,180,0,3,3,1.0,79,2,56.5,56.5,58,8,8.0,10,35,35.0,41,29.5,29.5,37,5.5,5.5,7,1.0,4,1,56.0,16.0,17.666666666666668,12.0,20.0,80,3,21,326,64,12
2018Q3,wharton/django-cybersource-hosted-checkout,https://github.com/wharton/django-cybersource-hosted-checkout.git,django-cybersource-hosted-checkout,70,6,2018-08-17 15:00:45,2018-08-16T17:42:48+00:00,0,2019-02-13,d4630e9faf220bb38c549b0004092d22285ebc7f,180,0,8,8,1.0,244,2,48.89473684210526,59,71,2,2.0,3,21.5,21.5,32,17.5,17.5,28,4,4.0,4,1.0,14,1,48.89473684210526,2.5,10.35,0.0,9.0,126,19,45,256,21,18
2018Q3,JoshArmi/EKSClusterSwitcher,https://github.com/JoshArmi/EKSClusterSwitcher.git,eks_switcher,28,4,2018-07-17 11:26:49,2018-07-14T13:03:18+08:00,3,2019-01-13,d1407286c65891eaf77474bbaaea238ba294610b,180,0,5,5,1.0,116,8,,,,2.75,2.0,10,9.25,5.5,21,9.25,5.5,21,0,0.0,0,0.0,5,1,nan,2.0,6.166666666666666,4.0,23.8,119,0,25,210,28,16
2018Q3,mrocklin/streamz,https://github.com/mrocklin/streamz.git,streamz-latest,15,1,2018-08-24 05:43:09,2017-04-04T17:37:40-04:00,506,2019-02-20,148631817633a7bd9f720631d2b54b5968d7144e,180,0,14,14,1.0,3892,336,42.5,39.5,70,2.044642857142857,1.0,4,7.583333333333333,4.0,15,6.160714285714286,3.5,13,1.4226190476190477,0.0,3,0.25595238095238093,216,11,47.6764705882353,3.2333333333333334,10.457338679590512,8.0,30.65277777777778,6621,34,1497,13937,6629,481
2018Q3,j-min/pydropbox,https://github.com/j-min/pydropbox.git,pydropbox,8,1,2018-09-18 12:38:14,2018-09-18T19:47:44+09:00,0,2019-03-17,50d56cc44e93634f7e1c1c718ebdd3061ce6fbfa,180,0,2,2,1.0,23,4,,,,1,1.0,1,3.75,3.0,7,2.25,2.0,3,1.5,0.5,5,0.5,0,0,nan,nan,nan,nan,nan,0,0,0,0,0,0
2018Q3,05bit/python-signa,https://github.com/05bit/python-signa.git,signa,149,9,2018-07-13 07:23:25,2017-02-04T13:50:26+03:00,523,2019-01-09,48a65c20a9e63277810c2373377b4493357aad29,180,0,6,6,1.0,224,8,38.535714285714285,30.0,72,2.5,2.0,6,18,6.0,77,18,6.0,77,0,0.0,0,0.0,4,1,35.75,3.5,3.5,2.0,4.25,17,4,2,42,29,9
2018Q3,frankvanderkuur/robotframework-sapguilibrary,https://github.com/frankvanderkuur/robotframework-sapguilibrary.git,robotframework-sapguilibrary,10267,3,2018-08-22 14:11:44,2018-08-22T14:21:06+02:00,0,2019-02-18,72632bf9d4e2286cdd58896c210ff779d4fffa5b,180,0,2,2,1.0,769,38,66.23076923076923,73.5,93,3.6842105263157894,2.0,7,18.236842105263158,13.0,47,13.18421052631579,10.0,33,5.052631578947368,3.0,13,1.0,5,2,nan,5.25,5.25,0.0,3.0,15,0,3,27,12,5
2018Q3,guimartino/stdclasses,https://github.com/guimartino/stdclasses.git,stdclasses,552,64,2018-09-09 16:24:52,2018-09-09T01:04:19-03:00,0,2019-03-08,5be27535dfaa8ebbd4d88e60947aba447b80a75f,180,0,6,4,0.6666666666666666,108,12,,,,1,1.0,1,3.3333333333333335,4.0,4,3.3333333333333335,4.0,4,0,0.0,0,0.0,0,0,nan,nan,nan,nan,nan,0,0,0,0,0,0
2018Q3,raiden-network/raiden-contracts,https://github.com/raiden-network/raiden-contracts.git,raiden-contracts,4442,70,2018-07-18 16:56:48,2018-03-05T18:06:47+01:00,134,2019-01-14,ea259567c8d7b06410e7969d5a653953eaf39be9,180,0,18,18,1.0,2104,102,44.741379310344826,41.5,81,3.156862745098039,2.0,7,15.862745098039216,8.0,37,15.441176470588236,7.5,36,0.4215686274509804,0.0,1,0.19607843137254902,356,14,45.64423076923077,2.0,8.647530972911614,0.0,10.817415730337078,3851,104,597,26699,12004,1054
2018Q3,duckietown/duckietown-challenges,https://github.com/duckietown/duckietown-challenges.git,duckietown-challenges,549,88,2018-08-26 14:43:16,2018-08-25T20:46:40+02:00,0,2019-02-22,52f9f7675b28320a75019d773dce685ff4720fb1,180,0,19,19,1.0,2679,193,28.328125,25.0,56,2.4145077720207255,1,5,9.89119170984456,6,21,9.145077720207254,5,21,0.7461139896373057,0,1,0.19170984455958548,182,3,31.433333333333334,1.0,3.6591150903159195,2.0,25.076923076923077,4564,630,1150,6969,3570,346
2018Q3,inspired-solutions/django-utils,https://github.com/inspired-solutions/django-utils.git,inspired-django-utils,9,1,2018-07-18 23:31:13,2018-07-17T23:04:43-05:00,0,2019-01-14,719bd80d95584a3449b479a6327b6f688ec526f3,180,0,3,3,1.0,86,8,,,,1.875,1.0,5,5.875,5.5,16,5.875,5.5,16,0,0.0,0,0.0,4,1,nan,43.0,43.0,7.5,14.25,57,0,29,128,3,5
2018Q3,madpilot/pyptv3,https://github.com/madpilot/pyptv3.git,pyptv3,39,4,2018-07-19 06:55:17,2018-06-27T12:02:24+10:00,22,2019-01-15,f4c6b257d84ccebc0e3a217f5f7aa99257e4a39a,180,0,55,55,1.0,1649,299,,,,1.2575250836120402,1,1,3.2073578595317724,2,6,3.2073578595317724,2,6,0,0,0,0.0,40,1,nan,3.0,8.50165343915344,9.0,30.55,1222,0,343,4510,241,188
2018Q3,Jaimedlrm/entropytriangle,https://github.com/Jaimedlrm/entropytriangle.git,entropytriangle,25,2,2018-09-25 04:33:50,2018-08-07T13:03:17+02:00,48,2019-03-24,46076aa6e9e06777df4dcf885cd951afdf1de168,180,0,13,13,1.0,2586,98,34.213592233009706,28,63,2.9693877551020407,2.0,6,22.23469387755102,18.0,43,12.33673469387755,6.0,26,9.89795918367347,11.0,21,0.7244897959183674,23,2,38.44864864864865,1.6363636363636365,5.88402647163035,8.0,185.52173913043478,4267,185,1362,5889,7254,89
2018Q4,tatuylonen/wiktfinnish,https://github.com/tatuylonen/wiktfinnish.git,wiktfinnish,43,4,2018-11-01 23:11:46,2018-10-30T12:30:51+02:00,2,2019-04-30,88ff81d999d9bdbddc62cc62618c97fbdf17560e,180,0,6,6,1.0,6608,23,35.357723577235774,29,70,19.956521739130434,11,53,53.17391304347826,21,134,50.43478260869565,20,130,2.739130434782609,2,4,0.9565217391304348,41,1,44.166666666666664,2.0,6.10082170574934,8.0,62.58536585365854,2566,84,79,3139,2270,116
2018Q4,koszullab/metator,https://github.com/koszullab/metator.git,metator,104,37,2018-11-11 18:10:38,2018-03-02T14:21:19+01:00,254,2019-05-10,0c1203d1dffedfa5ea380c0335b4baa9cfb7e89a,180,0,3,3,1.0,136,2,40,40,40,6.5,6.5,11,45,45.0,75,42.5,42.5,73,2.5,2.5,3,1.0,25,1,40.506493506493506,1.0,4.522933771209633,1.0,31.52,788,77,85,5416,3835,82
2018Q4,ihgazni2/dlist,https://github.com/ihgazni2/dlist.git,dlist,652,2,2018-12-04 18:39:39,2018-12-04T17:29:11+00:00,0,2019-06-02,4b0a9e1fabb71676386c6ab8a6082a1ad1b0b134,180,0,3,3,1.0,1399,44,9.6,4,31,8.795454545454545,8.0,17,30.295454545454547,31.5,53,30.068181818181817,31.5,53,0.22727272727272727,0.0,0,0.045454545454545456,0,0,nan,nan,nan,nan,nan,0,0,0,0,0,0
2018Q4,CoffeaTeam/fnal-column-analysis-tools,https://github.com/CoffeaTeam/fnal-column-analysis-tools.git,fnal-column-analysis-tools,196,33,2018-12-01 01:07:46,2018-11-29T07:47:58-06:00,1,2019-05-30,2e93d9fed44ce1a6312ac2d822a7464fcfc8fc99,180,0,55,55,1.0,5969,352,49.321608040201006,48,79,3.7926136363636362,2.0,9,13.142045454545455,5.0,33,11.764204545454545,5.0,31,1.3778409090909092,0.0,5,0.29545454545454547,178,9,46.12589928057554,1.6275862068965519,7.677353979504218,5.0,41.20786516853933,7335,278,1230,10063,3576,443
2018Q4,ancklo/ChaosMagPy,https://github.com/ancklo/ChaosMagPy.git,chaosmagpy,1194,24,2018-10-13 14:56:36,2018-10-12T10:39:32+02:00,1,2019-04-11,02568caa6b2e0955a5ff1240102aa9dbf782470a,180,0,8,8,1.0,5062,96,36.965811965811966,33,64,3.9583333333333335,2.5,11,47.40625,37.5,105,28.239583333333332,19.5,72,19.166666666666668,19.0,38,0.90625,147,1,39.791666666666664,2.066666666666667,6.306921454334562,8.0,20.401360544217688,2999,144,608,5059,2087,198
2018Q4,blackducksoftware/hub-rest-api-python,https://github.com/blackducksoftware/hub-rest-api-python.git,blackduck,295096,64,2018-11-08 16:44:20,2018-07-09T14:01:24-04:00,121,2019-05-07,9a8cb5dd5e86bba9d98c491e372330a700213cea,180,0,4,4,1.0,1419,131,38.09154929577465,32.5,86,2.0381679389312977,1,4,8.335877862595419,6,19,8.290076335877863,6,17,0.04580152671755725,0,0,0.015267175572519083,122,8,41.90972222222222,4.0,11.679708223317846,2.5,21.049180327868854,2568,288,520,8841,2730,255
2018Q4,davidenunes/exp,https://github.com/davidenunes/exp.git,exp,183,8,2018-10-28 23:51:57,2018-02-06T21:06:36+00:00,264,2019-04-26,b8d1372eafbd1a80c0c9a1d8548c761b7ffbdd0e,180,0,6,6,1.0,1395,46,43.75,42.0,73,4.739130434782608,3.0,8,24.82608695652174,16.0,42,18.434782608695652,11.0,29,6.391304347826087,6.0,15,0.6304347826086957,38,2,37.74285714285714,2.3157894736842106,19.244048435381536,12.5,110.28947368421052,4191,105,880,6170,5229,112
2018Q4,ContinuumIO/intake-parquet,https://github.com/ContinuumIO/intake-parquet.git,intake-parquet,7569,4,2018-12-03 16:38:58,2018-01-05T11:27:24-05:00,332,2019-06-01,7f5eec6de019b5ee98846988e9ac74815555b640,180,0,2,2,1.0,116,8,,,,1.625,1.0,3,8,7.0,17,6.125,5.5,12,1.875,0.0,9,0.375,20,1,38.75,2.3333333333333335,5.183271173271174,3.5,14.0,280,8,37,3006,302,33
2018Q4,roniemartinez/DocCron,https://github.com/roniemartinez/DocCron.git,doccron,87,21,2018-10-20 09:03:57,2018-10-18T11:32:38+08:00,2,2019-04-18,6b97ed4dfdc2c094f6b7404a7df1824d410bc25d,180,0,4,4,1.0,467,25,33.7,34.0,50,5.64,4,11,14.44,12,34,14.28,12,30,0.16,0,0,0.04,25,1,37.625,3.7285714285714286,5.167786561264822,0.0,24.8,620,32,65,1685,522,99
2018Q4,mattkjames7/MHDWaveHarmonics,https://github.com/mattkjames7/MHDWaveHarmonics.git,mhdwaveharmonics,35,3,2018-11-26 16:17:08,2018-11-26T13:48:56+00:00,0,2019-05-25,8599045e1791e6f4415a020becbbbac3b1f0a29a,180,0,13,13,1.0,1603,29,37.85294117647059,30.0,72,4.896551724137931,3,15,44.62068965517241,31,115,32.89655172413793,19,88,11.724137931034482,0,26,0.4827586206896552,0,0,nan,nan,nan,nan,nan,0,0,0,0,0,0
2018Q4,epandurski/flask_signalbus,https://github.com/epandurski/flask_signalbus.git,flask-signalbus,271,35,2018-11-21 19:54:39,2018-10-31T15:29:22+02:00,21,2019-05-20,3714a09b7b22a71247c5f52ec7b1058121072b35,180,0,5,5,1.0,722,39,52,52.0,54,3.051282051282051,3,6,15.538461538461538,14,32,11.051282051282051,7,26,4.487179487179487,1,17,0.5128205128205128,98,1,48.2,2.0,6.350894439865027,3.0,13.275510204081632,1301,10,249,3063,1425,175
2018Q4,serioeseGmbH/serious-django-graphene,https://github.com/serioeseGmbH/serious-django-graphene.git,serious-django-graphene,139,9,2018-12-14 15:18:51,2018-12-14T16:10:58+01:00,0,2019-06-12,e79bdb7236edf0b2a51938867591ae0d24adf1b0,180,0,2,2,1.0,303,17,40.44444444444444,45,70,2.588235294117647,2,5,11.764705882352942,10,21,9.411764705882353,8,21,2.3529411764705883,0,8,0.29411764705882354,4,2,nan,1.75,1.75,1.0,1.25,5,0,0,10,7,6
2018Q4,aagnone3/lightroom-export-organizer,https://github.com/aagnone3/lightroom-export-organizer.git,lightroom-export-organizer,64,10,2018-11-17 21:40:09,2018-11-17T10:34:39-05:00,0,2019-05-16,9d8da754c6048b585153b3a0b8e23b8ad3f486e1,180,0,5,5,1.0,376,19,47.666666666666664,48.0,85,3.8947368421052633,2,12,16.526315789473685,7,73,12.210526315789474,7,54,4.315789473684211,0,19,0.2631578947368421,6,2,44.9,28.72222222222222,29.61111111111111,7.0,52.666666666666664,316,20,82,606,74,15
2018Q4,datacentricdesign/dcd-sdk-python,https://github.com/datacentricdesign/dcd-sdk-python.git,dcd-sdk,224,53,2018-12-09 14:40:41,2018-11-17T10:15:10+01:00,22,2019-06-07,4938b6f994e10255ee3fe52af3c09bb3d1ef79aa,180,0,8,8,1.0,628,37,45.93333333333333,45,72,2.5675675675675675,2,6,12.513513513513514,11,25,12.27027027027027,11,23,0.24324324324324326,0,0,0.05405405405405406,66,3,48.63380281690141,1.0839160839160837,3.8328960773525993,2.0,12.666666666666666,836,71,155,1410,560,115
2018Q4,Edinburgh-Genome-Foundry/kappagate,https://github.com/Edinburgh-Genome-Foundry/kappagate.git,kappagate,9,4,2018-12-21 19:18:51,2018-12-21T19:10:15+00:00,0,2019-06-19,c340e8d6c7461be02143871c17f4d990f9842834,180,0,6,6,1.0,797,24,29.40740740740741,24,43,5.166666666666667,4.0,12,28.958333333333332,26.5,65,20.416666666666668,13.5,39,8.541666666666666,2.5,22,0.7083333333333334,8,1,31.833333333333332,2.4,10.12857142857143,3.0,50.75,406,6,71,626,94,22
2018Q4,cdecker/lnet,https://github.com/cdecker/lnet.git,lnet,28,4,2018-10-26 17:42:53,2018-10-25T22:20:19+02:00,0,2019-04-24,54893e5495d23d4575088726b89d165aaf842088,180,0,2,2,1.0,1058,68,45.82608695652174,44.5,67,3.323529411764706,3.0,7,13.235294117647058,8.0,30,12.397058823529411,7.0,29,0.8382352941176471,0.0,4,0.25,3,1,nan,nan,nan,0.0,0.0,0,0,0,28,15,3
2018Q4,jmfernandes/datanab,https://github.com/jmfernandes/datanab.git,datanab,9,2,2018-10-25 04:57:11,2018-10-24T22:41:19-07:00,-1,2019-04-23,91610c345a821632c5ac4e27792c5d249d9c5b77,180,0,2,2,1.0,30,2,10,10,10,1,1.0,1,2,2.0,2,2,2.0,2,0,0.0,0,0.0,6,1,10.0,6.0,8.133333333333335,6.5,7.166666666666667,43,2,19,267,34,10
2018Q4,jbasko/bye-bye-shopify,https://github.com/jbasko/bye-bye-shopify.git,bye-bye-shopify,21,1,2018-11-22 10:51:46,2018-11-21T13:20:33+00:00,0,2019-05-21,46e339ccf2e13e10b18e5dce1160fd9387286df4,180,0,6,6,1.0,383,26,52,52,52,2,1.0,6,7.076923076923077,3.0,23,7.076923076923077,3.0,23,0,0.0,0,0.0,4,1,nan,4.4375,4.4375,1.5,21.75,87,0,20,139,32,9
2018Q4,tolstislon/testrail-api,https://github.com/tolstislon/testrail-api.git,testrail-api,638290,47,2018-11-26 16:27:48,2018-11-25T18:15:44+03:00,1,2019-05-25,fcdd896e8143c35560844acc63c478e6f141e7b4,180,0,4,4,1.0,1074,86,,,,1,1.0,1,10.348837209302326,10.0,19,2.186046511627907,2.0,3,8.162790697674419,8.0,17,0.9767441860465116,5,3,nan,8.833333333333334,71.91666666666667,1.0,183.4,917,0,261,1210,104,10
2018Q4,kverdecia/dj-oauth-clients,https://github.com/kverdecia/dj-oauth-clients.git,dj-oauth-clients,48,6,2018-12-10 14:28:05,2018-11-21T16:03:04-03:00,18,2019-06-08,abba5920905500a832bcdb46f83496cf57fb785d,180,0,13,13,1.0,478,17,48,48.0,49,1.3529411764705883,1,2,5.764705882352941,4,11,5.705882352941177,4,11,0.058823529411764705,0,0,0.058823529411764705,4,1,48.0,4.277777777777778,5.701388888888889,26.5,46.75,187,4,40,231,13,11
2018Q4,gdevine/hievpy,https://github.com/gdevine/hievpy.git,hievpy,37,8,2018-11-05 04:11:24,2017-05-10T14:20:37+10:00,543,2019-05-04,671c51ada68fde172f6732c1d0a8361f1a2fc2db,180,0,4,4,1.0,650,16,49.48837209302326,40.0,119,3.875,3.0,12,36.375,25.5,126,23.25,12.5,99,13.125,12.5,27,1.0,42,3,44.53136531365314,2.8,14.375514447412712,9.0,27.285714285714285,1146,271,291,1880,1278,64
2018Q4,kemingy/ime,https://github.com/kemingy/ime.git,ime,53,1,2018-12-29 11:41:01,2018-09-10T22:59:37+08:00,109,2019-06-27,acb742007057b288e29bf3f9272efdc02c32b5d8,180,0,5,5,1.0,154,15,17.2,12,36,2.533333333333333,1,7,8.333333333333334,5,23,7.933333333333334,5,20,0.4,0,3,0.13333333333333333,7,1,17.2,11.0,18.78,12.0,18.571428571428573,130,5,38,227,85,15
2018Q4,li-boxuan/codebench,https://github.com/li-boxuan/codebench.git,codebench,17,1,2018-12-08 15:56:37,2018-11-26T13:47:20+08:00,12,2019-06-06,69ab5c64a05878a49a3d52da706c9358da5e88f4,180,0,15,15,1.0,465,23,28.307692307692307,28,50,2.391304347826087,1,4,15.08695652173913,7,44,13.130434782608695,6,33,1.9565217391304348,0,5,0.2608695652173913,37,1,28.94736842105263,4.089285714285714,5.595218701515694,7.0,15.72972972972973,582,19,141,854,298,69
2018Q4,cl-tohoku/phsic,https://github.com/cl-tohoku/phsic.git,phsic-cli,5,1,2018-11-02 18:48:36,2018-11-02T23:24:46+09:00,0,2019-05-01,0f89ebf27c6501f0bb9d4e11688e57823ebb7359,180,0,7,7,1.0,957,42,34.24096385542169,32,62,2.9285714285714284,2.0,5,17,10.0,38,14.19047619047619,9.0,28,2.8095238095238093,0.0,10,0.30952380952380953,0,0,nan,nan,nan,nan,nan,0,0,0,0,0,0
2018Q4,bobbytrapz/noticeme,https://github.com/bobbytrapz/noticeme.git,noticeme,26,5,2018-12-29 11:12:19,2018-12-29T04:25:31-05:00,0,2019-06-27,34acfeb3e9659c0cbcb5ba97b77d18478b8d38b1,180,0,5,5,1.0,1246,88,50.00704225352113,51.5,78,2.4318181818181817,1.0,6,9.909090909090908,3.0,24,9.159090909090908,3.0,22,0.75,1.0,2,0.5227272727272727,2,1,nan,2.125,2.125,6.5,6.5,13,0,4,18,5,2
2018Q4,martinjzhang/adafdr,https://github.com/martinjzhang/adafdr.git,adafdr,187,14,2018-10-31 07:31:29,2018-10-30T11:36:55-07:00,0,2019-04-29,5349b5469dda7cd7b549a72c590f5b0c04e41a31,180,0,5,5,1.0,3651,82,36.92678034102307,32,72,4.402439024390244,3.0,13,34.829268292682926,19.5,94,28.902439024390244,15.0,77,5.926829268292683,0.0,18,0.4634146341463415,26,2,37.26379137412237,3.0,23.858417508417507,3.0,101.46153846153847,2638,997,285,4211,3592,51
2018Q4,kmpm/py-aiogopro,https://github.com/kmpm/py-aiogopro.git,aiogopro,22,1,2018-11-01 09:10:26,2018-10-25T18:51:17+02:00,6,2019-04-30,144d9be0f68b141cb9fa007a824ac6b95c5d6b0c,180,0,10,10,1.0,2136,50,42.611111111111114,35.0,80,2.12,1.0,4,7.96,5.5,17,7,5.0,15,0.96,0.0,6,0.14,16,2,45.92307692307692,3.466666666666667,66.92042637325234,15.5,130.4375,2087,39,465,3425,739,63
2018Q4,inatilab/jem,https://github.com/inatilab/jem.git,jem,92,16,2018-12-22 19:26:55,2018-12-22T12:29:09-05:00,0,2019-06-20,f5bf6d43c7799c7fda62330bee1db61de604f952,180,0,8,8,1.0,1338,46,36.095652173913045,36,60,2.5,2.0,5,24.5,18.5,52,19.869565217391305,15.0,43,4.630434782608695,3.0,12,0.8913043478260869,28,3,35.78909090909091,2.6857142857142855,14.617553571107715,18.0,69.21428571428571,1938,275,375,2919,1478,54
2018Q4,NaturalHPC/cerulean,https://github.com/NaturalHPC/cerulean.git,cerulean,387,11,2018-10-25 21:29:48,2018-10-10T11:27:37+02:00,15,2019-04-23,4fe8a571afa369bb9f1f05bee8e3066e84f0ac30,180,0,20,20,1.0,3423,239,35.911764705882355,31.0,60,2.301255230125523,1,6,10.690376569037657,6,24,8.259414225941423,4,22,2.430962343096234,0,8,0.3054393305439331,64,1,37.85507246376812,3.125,8.46660598772139,7.0,54.765625,3505,69,679,6964,1425,244
2018Q4,s-ball/i18nparse,https://github.com/s-ball/i18nparse.git,i18nparse,135,11,2018-11-15 07:21:08,2018-11-10T10:20:52+01:00,4,2019-05-14,cc70cbf31903caf45ebfdcb62a57744b6fe9d0df,180,0,3,3,1.0,35,2,37,27,71,1.5,1.5,2,8,8.0,12,5,5.0,7,3,3.0,5,1.0,8,2,39.689655172413794,1.0,12.072916666666666,1.5,26.25,210,29,41,385,290,18
2019Q1,anaakikutushita/delete_last_comma,https://github.com/anaakikutushita/delete_last_comma.git,delete-last-comma,23,3,2019-03-31 06:48:06,2019-03-28T16:42:11+09:00,2,2019-09-27,0202695bdc059a0ee548685e3bb8b8dd3d780a38,180,0,6,6,1.0,184,12,28.142857142857142,29.0,46,3.1666666666666665,2.5,8,13.166666666666666,10.5,36,11.333333333333334,9.5,31,1.8333333333333333,1.0,5,1.0,4,1,34.333333333333336,2.0,8.952380952380953,2.0,37.75,151,6,21,216,19,11
2019Q1,joelowj/ttrpy,https://github.com/joelowj/ttrpy.git,ttrpy,8,1,2019-03-02 02:20:10,2019-02-04T10:35:37+08:00,25,2019-08-29,3b9b03544ed2ec63efca0e89cd333ac975d276c9,180,0,41,41,1.0,1409,37,27.5,27.5,38,1.2432432432432432,1,2,31.37837837837838,31,47,13.216216216216216,12,24,18.16216216216216,19,25,0.9459459459459459,60,1,27.5,22.0,24.641802435259816,23.0,22.25,1335,80,356,2778,605,156
2019Q1,KarrLab/bpforms,https://github.com/KarrLab/bpforms.git,bpforms,206,12,2019-03-11 17:06:19,2019-01-31T14:52:40-05:00,38,2019-09-07,6e00c88befde8e6936450792677fbdec5be75327,180,0,16,16,1.0,9696,365,33.41228070175438,24.0,77,5.536986301369863,2,14,23.424657534246574,12,47,17.326027397260273,5,39,6.098630136986301,5,10,0.8575342465753425,323,4,35.910224438902745,2.5,5.924563982611787,7.0,42.23219814241486,13641,401,2051,26542,10006,832
2019Q1,mvn23/pystove,https://github.com/mvn23/pystove.git,pystove,179,4,2019-02-04 23:52:56,2019-01-31T13:12:07+01:00,4,2019-08-03,0f0e2325190c108561fb2c3c6e0d5d56f4c62b25,180,0,4,4,1.0,917,31,39.56164383561644,39,67,3.7096774193548385,3,5,26.161290322580644,14,58,25.29032258064516,13,57,0.8709677419354839,1,1,0.8709677419354839,20,2,40.270270270270274,5.652777777777778,8.239229483966326,32.5,59.8,1196,37,87,1364,580,36
2019Q1,luismsgomes/pseq,https://github.com/luismsgomes/pseq.git,pseq,92,20,2019-02-13 17:21:32,2019-02-13T17:13:49+00:00,0,2019-08-12,5116774a3f6baa9020b0b080d9027ca6b143c151,180,0,3,3,1.0,320,41,,,,1.829268292682927,1,4,5.2439024390243905,3,11,5.170731707317073,3,11,0.07317073170731707,0,0,0.024390243902439025,3,1,nan,1.0,1.5999999999999999,1.0,4.333333333333333,13,0,3,18,3,5
2019Q1,dgomes/python-electricity,https://github.com/dgomes/python-electricity.git,python-electricity,29,7,2019-01-03 00:27:20,2019-01-02T15:53:33+00:00,0,2019-07-02,d72627c0d33265df7cd46edd0bc7ddd32f8e08da,180,0,3,3,1.0,302,25,32.07142857142857,9.0,113,3.84,2,2,8.36,4,10,8.24,4,10,0.12,0,1,0.12,4,1,32.07142857142857,2.4166666666666665,90.80555555555556,25.5,68.25,273,14,41,430,41,8
2019Q1,Syncurity/opendxl-irflow-client,https://github.com/Syncurity/opendxl-irflow-client.git,dxlirflowclient,13,3,2019-03-15 18:05:41,2018-11-14T01:21:09-05:00,121,2019-09-11,54e5012da45a826a3485463962205660b011016d,180,0,8,8,1.0,420,7,41.70967741935484,35.5,77,2.5714285714285716,1,9,18.285714285714285,14,33,12.857142857142858,13,24,5.428571428571429,5,12,0.7142857142857143,11,1,46.68292682926829,1.8181818181818181,7.7995510662177345,3.0,23.727272727272727,261,82,90,474,389,41
2019Q1,alexistm/RakVideo-SDK-Python,https://github.com/alexistm/RakVideo-SDK-Python.git,rak,37,5,2019-02-01 09:50:00,2019-02-01T09:29:12+01:00,0,2019-07-31,8115f81ff83f1cb03c41b8bc6bd66cccd8eb310e,180,0,2,2,1.0,183,23,36.75,38.0,59,1.7826086956521738,1,3,5.304347826086956,6,8,5.304347826086956,6,8,0,0,0,0.0,0,0,nan,nan,nan,nan,nan,0,0,0,0,0,0
2019Q1,pglass/pr-publisher,https://github.com/pglass/pr-publisher.git,pr-publisher,8,2,2019-03-04 03:21:19,2019-03-03T21:16:39-06:00,0,2019-08-31,622667c5f3dc7888c6bbde15758dcb548d75f385,180,0,9,9,1.0,529,28,42.25,41.0,64,2.9285714285714284,2.0,7,15.464285714285714,7.0,45,14.535714285714286,7.0,43,0.9285714285714286,0.0,1,0.10714285714285714,3,1,42.25,43.99242424242424,43.99242424242424,18.0,139.33333333333334,418,28,91,633,9,13
2019Q1,Drakkar-Software/OctoBot,https://github.com/Drakkar-Software/OctoBot.git,octobot,5180,133,2019-01-16 22:57:27,2018-02-23T23:13:05+00:00,326,2019-07-15,b9112e79458bf29163c7a8a4ef60130697480a5f,180,0,133,133,1.0,16785,1408,44.52004626060139,55.0,68,2.3707386363636362,1.0,5,7.3444602272727275,4.0,17,7.329545454545454,4.0,16,0.014914772727272728,0.0,0,0.004261363636363636,1819,5,43.56681896059395,2.2,4.986939503539155,6.0,25.363936228697085,46137,7004,8961,89021,64028,5972
2019Q1,adamerose/pandasgui,https://github.com/adamerose/pandasgui.git,pandasgui,6732,46,2019-03-09 08:31:19,2018-11-28T16:51:23-05:00,100,2019-09-05,c3cb1dfd555eda048033fd5df8d095ebb3ce50b8,180,0,14,14,1.0,2100,107,41.577586206896555,36.0,85,2.635514018691589,2,6,14.36448598130841,9,34,14,9,32,0.3644859813084112,0,1,0.102803738317757,175,1,40.04070660522273,2.35,13.594430010530793,10.0,62.97714285714286,11021,1302,2618,15346,13649,319
2019Q1,netket/netket,https://github.com/netket/netket.git,netket,8470,94,2019-02-01 18:57:35,2018-04-23T14:49:11-04:00,284,2019-07-31,aace6bfefa51080cf5c186f43784bac298df71fd,180,0,80,79,0.9875,5374,109,43.48845686512758,41,69,2.7155963302752295,2,6,17.05504587155963,12,39,11.724770642201834,6,31,5.330275229357798,3,14,0.6238532110091743,355,19,42.11681598897312,2.272727272727273,17.01150271907679,3.0,29.492957746478872,10470,2902,2887,27460,20388,992
2019Q1,timrichardson/zoho_crm_package,https://github.com/timrichardson/zoho_crm_package.git,zoho-crm-connector,746,20,2019-01-24 11:44:09,2019-01-22T21:50:23+11:00,2,2019-07-23,7371f495c433f962ea648cb0164aaefc16d61940,180,0,2,2,1.0,332,13,28.533333333333335,26,57,3.923076923076923,3,7,19.53846153846154,18,39,16.153846153846153,15,26,3.3846153846153846,3,8,0.6923076923076923,9,1,41.166666666666664,3.7800000000000002,41.60120689655172,0.0,40.333333333333336,363,12,75,1091,735,17
2019Q1,gasparka/spectrogram,https://github.com/gasparka/spectrogram.git,spectrogram,58,7,2019-01-22 13:00:55,2018-07-18T12:25:40+03:00,188,2019-07-21,8151415890e4971c2bfaaa0da499109e24ed5ab6,180,0,2,2,1.0,19,0,52,49,90,,,,,,,,,,,,,,40,2,37.88333333333333,2.3125,19.26788496050192,2.0,21.625,865,60,246,1269,1509,51
2019Q1,Borks/Pilwio,https://github.com/Borks/Pilwio.git,pilwio-api,38,3,2019-01-18 14:56:37,2018-11-16T18:19:37+02:00,62,2019-07-17,0dd395dfc605d3b97e71123ec31e7a02a71f3090,180,0,11,11,1.0,851,56,,,,1.0892857142857142,1.0,1,11.517857142857142,13.0,14,4.964285714285714,5.0,5,6.553571428571429,8.0,9,0.8392857142857143,10,1,50.0,5.625,14.828703703703704,24.0,62.2,622,2,277,923,50,29
2019Q1,quadram-institute-bioscience/albatradis,https://github.com/quadram-institute-bioscience/albatradis.git,albatradis,40,2,2019-03-31 09:06:07,2018-06-07T09:22:05+01:00,297,2019-09-27,0184084be6982765839f5db0cd1845485b1713f3,180,0,37,37,1.0,2602,209,41.67567567567568,35.0,75,3.210526315789474,2,8,10.177033492822966,8,19,10.177033492822966,8,19,0,0,0,0.0,112,4,38.75690607734806,3.1071428571428568,7.093533141132628,15.5,43.00892857142857,4817,181,1164,8530,5098,453
2019Q1,washingtonpost/html2ans,https://github.com/washingtonpost/html2ans.git,html2ans,79,8,2019-02-14 22:00:43,2019-02-14T11:38:18-05:00,0,2019-08-13,fe6d0a36d5f328d473e50745d9601ddc24b5147b,180,0,12,12,1.0,1960,50,32.163636363636364,28,71,3.38,3.0,6,11.02,10.0,21,8.44,7.0,15,2.58,0.0,7,0.36,30,5,23.2,2.0,3.1468864468864473,2.0,10.2,306,5,49,484,338,49
2019Q1,huntcsg/airflow-docker-helper,https://github.com/huntcsg/airflow-docker-helper.git,airflow-docker-helper,571,4,2019-02-24 05:20:15,2019-02-24T00:15:36-05:00,0,2019-08-23,3afd9800c803ed4cbc49b0e3a738dc04e3e2fa4d,180,0,4,4,1.0,580,47,41.24561403508772,48,69,2.1702127659574466,2,5,11.787234042553191,6,17,11.787234042553191,6,17,0,0,0,0.0,7,2,nan,1.0,13.12,1.0,14.285714285714286,100,0,16,257,43,14
2019Q1,tinybees/eclients,https://github.com/tinybees/eclients.git,eclients,281,62,2019-01-21 09:58:37,2018-12-25T08:12:17+08:00,27,2019-07-20,afc6ca3edcb8e9e40bf23df9b28175b983595919,180,0,11,11,1.0,2528,118,22.58490566037736,16,39,3.7966101694915255,2.0,8,18.83050847457627,14.0,37,11.745762711864407,7.0,28,7.084745762711864,7.0,11,0.864406779661017,39,1,26.56756756756757,1.8888888888888888,11.362018636283342,13.0,50.64102564102564,1975,37,357,2434,764,94
2019Q1,dlancer/google-oauth2-tool,https://github.com/dlancer/google-oauth2-tool.git,google-oauth2-tool,197899,2,2019-02-26 11:58:16,2019-02-26T16:10:35+05:30,0,2019-08-25,69c36dc23a23484fcdeed95dac03b99745c9558a,180,0,2,2,1.0,56,2,,,,4.5,4.5,6,16,16.0,25,16,16.0,25,0,0.0,0,0.0,1,1,nan,3.6,3.6,15.0,15.0,15,0,3,18,2,1
2019Q1,deeplearninc/auger-cli,https://github.com/deeplearninc/auger-cli.git,auger-cli,50,13,2019-03-06 19:27:53,2017-08-02T13:41:52-07:00,580,2019-09-02,d552839548a4b0c7d181567019e8736d94955c31,180,0,39,39,1.0,3658,201,41.24,38,68,3.1592039800995027,2,6,11.597014925373134,6,32,11.288557213930348,6,31,0.30845771144278605,0,0,0.05970149253731343,221,8,36.81573896353167,2.422222222222222,5.352728154535173,9.0,44.158371040723985,9759,521,1666,12387,8923,704
2019Q1,Microsoft/Annotation-Factory,https://github.com/Microsoft/Annotation-Factory.git,annotationfactory,24,5,2019-03-01 01:47:04,2019-02-27T19:30:03-08:00,0,2019-08-28,d3ae09b1e239177811e82a87aa3f7e7838151a9d,180,0,6,6,1.0,389,15,,,,1.8,2,3,20.266666666666666,19,34,12.933333333333334,13,23,7.333333333333333,9,13,0.7333333333333333,1,1,nan,77.8,77.8,276.0,276.0,276,0,113,424,0,6
2019Q1,molobrakos/blus,https://github.com/molobrakos/blus.git,blus,93,14,2019-02-26 10:07:56,2019-02-26T11:04:52+01:00,0,2019-08-25,4dde90979a3d16bea73b3efb65cc800eed97c52f,180,0,7,7,1.0,826,59,31.75,30.0,45,2.135593220338983,2,5,13.508474576271187,6,27,13.05084745762712,6,27,0.4576271186440678,0,1,0.2542372881355932,104,1,38.490566037735846,1.5,5.581049994236507,3.5,16.432692307692307,1709,53,384,2179,1750,127
2019Q1,vogt4nick/dequindre,https://github.com/vogt4nick/dequindre.git,dequindre,96,11,2019-02-19 02:53:50,2019-02-11T10:13:24-05:00,7,2019-08-18,9e702256f21440f207a63f380035932b2a7bc52e,180,0,3,3,1.0,617,32,46.44444444444444,46.5,74,3.0625,3.0,5,14.53125,13.5,27,7.53125,7.0,14,7,5.0,18,0.875,157,2,41.94117647058823,1.0,3.3748735322836962,1.0,4.630573248407643,727,17,182,2349,1727,234
2019Q1,kstaniek/python-ampio-smog-api,https://github.com/kstaniek/python-ampio-smog-api.git,asmog,3692,6,2019-02-04 23:14:55,2019-02-04T23:28:23+01:00,0,2019-08-03,c42f0234fc707c24480dddafb5abc812a957ee82,180,0,2,2,1.0,118,12,39,39,39,1.5,1.0,3,5.916666666666667,3.0,15,4.916666666666667,2.0,14,1,1.0,1,1.0,7,1,39.0,3.875,17.958333333333332,0.0,14.571428571428571,102,1,28,422,96,13
2019Q1,poqweur/ampq_cl,https://github.com/poqweur/ampq_cl.git,ampq_cl,126,8,2019-02-15 04:16:20,2019-02-15T09:06:46+08:00,0,2019-08-14,97424c8436bb1bd8e6a4dcbbb08d0c83c3b08023,180,0,3,3,1.0,763,39,34.8235294117647,28,74,2.076923076923077,2,4,14.717948717948717,11,25,9.64102564102564,6,18,5.076923076923077,5,10,0.7692307692307693,7,2,34.125,3.0,13.098739495798318,10.0,77.14285714285714,540,88,96,729,121,11
2019Q1,architectdrone/OpenCombatFlow,https://github.com/architectdrone/OpenCombatFlow.git,opencombatflow,14,1,2019-02-26 19:09:02,2019-01-28T22:39:14-06:00,28,2019-08-25,969c6760f0b94e929dbca095be170e07b323fd8b,180,0,4,4,1.0,721,26,49.94392523364486,44,103,4.884615384615385,3.5,9,20.307692307692307,16.5,45,15.192307692307692,12.0,40,5.115384615384615,5.0,7,1.0,64,1,43.07826086956522,3.3333333333333335,10.841120038153937,8.0,19.875,1272,115,219,1627,892,74
2019Q1,kentwait/blockrs,https://github.com/kentwait/blockrs.git,blockrs,50,7,2019-01-29 02:18:10,2019-01-10T14:37:56+09:00,18,2019-07-28,45a16dfd2428e57cddebe8ea8e78dd9d473e6cbb,180,0,3,3,1.0,437,11,37.166666666666664,43.5,62,3.1818181818181817,2,6,36,33,63,13,4,20,23,21,30,0.8181818181818182,65,1,28.153846153846153,3.8333333333333335,31.229364498243395,13.0,57.76923076923077,3755,273,513,4677,4211,78
2019Q1,spacetelescope/cubeviz,https://github.com/spacetelescope/cubeviz.git,cubeviz,47,10,2019-03-05 14:51:01,2017-09-11T16:12:14-04:00,539,2019-09-01,24f63eab716fdb094412586dec38b3826feae32a,180,0,24,24,1.0,5959,329,43.58730158730159,41.0,71,2.8480243161094223,2,7,15.279635258358663,9,34,12.7629179331307,7,30,2.5167173252279635,0,7,0.425531914893617,758,11,47.31989596879064,2.1833333333333336,4.431938941950016,2.0,13.716358839050132,10397,769,2120,21472,13166,1091
2019Q1,emakarov/mapboxgl_notebook,https://github.com/emakarov/mapboxgl_notebook.git,mapboxgl-notebook,69,7,2019-01-30 19:00:06,2019-01-31T02:14:08+08:00,0,2019-07-29,582dab3b199107f5cd7620ad53de7f9e4dad52e7,180,0,8,8,1.0,634,25,37.63636363636363,32.5,66,1.44,1,2,18.64,6,51,16.68,5,25,1.96,1,1,0.56,9,1,nan,1.5,1.5,0.0,0.8888888888888888,8,0,1,29,20,10
2019Q2,cristobalcl/podenco,https://github.com/cristobalcl/podenco.git,podenco,25,2,2019-06-24 19:38:14,2019-06-19T20:29:29+02:00,5,2019-12-21,848213e40e3d418f1d8913720ae7dc0f0d0e873c,180,0,8,8,1.0,191,12,39.666666666666664,36.5,56,1.4166666666666667,1.0,2,7.25,2.0,21,7.083333333333333,2.0,21,0.16666666666666666,0.0,1,0.16666666666666666,4,1,nan,1.4,1.4666666666666668,1.5,1.75,7,0,3,14,15,8
2019Q2,jun-harashima/msnc,https://github.com/jun-harashima/msnc.git,msnc,24,9,2019-05-20 06:54:49,2019-05-18T21:04:05+09:00,1,2019-11-16,d9bd6f2faa5ed7a59b6f22781bd0b25dbb34f64e,180,0,5,5,1.0,415,40,25,26,46,2.125,2.0,3,8.05,5.0,19,7.05,5.0,17,1,0.0,0,0.1,67,2,34.23076923076923,1.1666666666666667,6.406760204081634,3.0,7.865671641791045,527,13,78,927,486,79
2019Q2,liuhedong135/pyclrs,https://github.com/liuhedong135/pyclrs.git,pyclrs,10,1,2019-05-06 03:59:46,2019-05-06T12:30:28+08:00,-1,2019-11-02,24c3352a0267e29fd5a240a1e247e7eca6428f51,180,0,2,2,1.0,112,26,22,22,22,1,1.0,1,2.269230769230769,2.0,3,2.269230769230769,2.0,3,0,0.0,0,0.0,4,1,22.0,56.0,56.0,36.5,36.5,146,2,76,224,224,4
2019Q2,srizzo/jupyter-interval-widget,https://github.com/srizzo/jupyter-interval-widget.git,jupyter_interval_widget,34,2,2019-06-26 21:27:13,2019-06-26T16:40:19-03:00,0,2019-12-23,d5558af7a42c7f9cef7c28b77bd7f8e18034fb6c,180,0,2,2,1.0,53,5,,,,1.2,1,2,6.4,6,9,4.2,4,7,2.2,0,7,0.4,1,1,nan,2.0,2.0,2.0,2.0,2,0,0,3,3,2
2019Q2,vx68k/prcslib.py,https://github.com/vx68k/prcslib.py.git,prcslib,67,8,2019-04-29 08:07:54,2019-04-10T00:15:29+09:00,19,2019-10-26,6834c564c44ca29257f014a6e316f4aebde781c6,180,0,3,3,1.0,898,53,49.449438202247194,58,77,2.2830188679245285,1,5,11.471698113207546,5,26,6.716981132075472,4,19,4.754716981132075,0,15,0.4339622641509434,45,1,50.65384615384615,1.5,2.71264367816092,1.0,1.9555555555555555,88,26,4,180,94,47
2019Q2,coderforlife/yarc,https://github.com/coderforlife/yarc.git,yarc,25,3,2019-06-02 06:33:56,2019-06-02T01:22:10-04:00,0,2019-11-29,3aa9ec22270f22b077b63b5ac737d54c5dfe9046,180,0,5,5,1.0,1145,57,35.12328767123287,23,64,2.4035087719298245,1,6,12.631578947368421,10,24,6.5964912280701755,5,14,6.035087719298246,6,11,0.8596491228070176,0,0,nan,nan,nan,nan,nan,0,0,0,0,0,0
2019Q2,rob-blackbourn/iex_parser,https://github.com/rob-blackbourn/iex_parser.git,iex-parser,82,9,2019-05-06 09:13:06,2019-05-06T07:02:44+01:00,0,2019-11-02,ae251dcf115739ee1cd9bcf47bdc6e3ed807a0c7,180,0,4,4,1.0,497,30,22.333333333333332,20,29,1.7,1.0,4,10.633333333333333,10.0,20,10.633333333333333,10.0,20,0,0.0,0,0.0,3,1,nan,3.4044117647058822,3.4044117647058822,9.0,16.0,48,0,19,107,29,7
2019Q2,yutiansut/quantaxis_run,https://github.com/yutiansut/quantaxis_run.git,qafast,1,1,2019-04-28 19:04:18,2018-10-23T10:14:37+08:00,187,2019-10-25,77dc260b9fdf829e2a0ad15f90798e500dc092a1,180,0,6,6,1.0,223,13,27.9,14.5,39,1.7692307692307692,1,4,9.76923076923077,2,48,9.538461538461538,2,48,0.23076923076923078,0,0,0.07692307692307693,28,1,39.2,2.0,4.678968253968254,3.0,8.178571428571429,229,5,36,280,131,39
2019Q2,eumis/injectool,https://github.com/eumis/injectool.git,injectool,4379,10,2019-05-20 10:09:03,2019-05-15T18:15:49+03:00,4,2019-11-16,7f7cc20abb74d5ff6ffff481b6e7944e9e87ae89,180,0,4,4,1.0,250,30,,,,1.6666666666666667,1.0,3,5.633333333333334,4.0,12,4.8,3.5,11,0.8333333333333334,1.0,1,0.6333333333333333,17,2,23.0,1.5,2.614220465524814,4.0,16.058823529411764,273,1,59,1185,996,59
2019Q2,MinusOneByTwelve/Minus1By12,https://github.com/MinusOneByTwelve/Minus1By12.git,minus1by12,24,2,2019-05-15 17:35:56,2019-05-15T15:02:42+05:30,0,2019-11-11,6a73e1231886d8802a7e2ade08519d4e2331ceb4,180,0,5,5,1.0,660,7,33.46666666666667,24.0,51,13,11,37,53.714285714285715,68,108,53.714285714285715,68,108,0,0,0,0.0,2,1,27.12121212121212,102.25,102.25,154.0,154.0,308,33,56,399,3,4
2019Q2,google/pcbdl,https://github.com/google/pcbdl.git,pcbdl,18,2,2019-04-04 05:36:23,2019-04-03T14:19:45-07:00,0,2019-10-01,6edcdaeb77124d45a21909459f6d56c481dab7c9,180,0,8,8,1.0,1727,102,44.170984455958546,44,74,3.4411764705882355,2.0,7,12.323529411764707,8.0,24,12.303921568627452,8.0,24,0.0196078431372549,0.0,0,0.0196078431372549,23,2,45.642857142857146,2.4375,2.721694890077243,3.0,15.26086956521739,351,28,78,694,376,36
2019Q2,rmetcalf9/python_Testing_Utilities,https://github.com/rmetcalf9/python_Testing_Utilities.git,python-testing-utilities,109,22,2019-05-18 18:35:01,2019-05-18T18:55:11+01:00,0,2019-11-14,803e770a10c1556c92d28d21f280cfc57fe366e8,180,0,4,4,1.0,311,20,38.42857142857143,29,70,3.75,2.0,8,12.8,4.0,29,12.8,4.0,29,0,0.0,0,0.0,14,1,37.57142857142857,2.544642857142857,11.722718253968253,11.5,19.785714285714285,277,7,55,686,55,28
2019Q2,cryptovoting/damgard-jurik,https://github.com/cryptovoting/damgard-jurik.git,damgard-jurik,93,3,2019-05-14 04:28:57,2019-04-19T22:41:41-04:00,24,2019-11-10,5471ec2eb098381dd4dc37fac6b041a010290960,180,0,5,5,1.0,693,41,32.45454545454545,30.5,48,2.3658536585365852,2,5,13.926829268292684,12,25,8.487804878048781,6,18,5.439024390243903,5,9,0.8780487804878049,109,4,37.55497382198953,3.0,12.79784921984613,13.0,51.68807339449541,5634,382,1576,9744,8897,326
2019Q2,programmatizoumenos/larry-birdy,https://github.com/programmatizoumenos/larry-birdy.git,larry-birdy,9,1,2019-06-06 22:11:54,2019-06-02T22:28:07+03:00,4,2019-12-03,bf812413614c2c5f5276ba7ae3d0c51ea855d362,180,0,2,2,1.0,120,17,,,,1.1764705882352942,1,1,4.176470588235294,2,11,4.176470588235294,2,11,0,0,0,0.0,3,1,nan,118.0,79.33333333333333,88.0,59.333333333333336,178,0,60,264,118,4
2019Q2,BrianPugh/lox,https://github.com/BrianPugh/lox.git,lox,5621,23,2019-05-25 01:23:52,2019-05-21T00:25:48-07:00,3,2019-11-21,b394b382c63778eb81bbb49a982337147a219d7e,180,0,15,15,1.0,1974,96,36.65384615384615,34.0,60,2.1458333333333335,1.0,5,14.520833333333334,10.0,37,7.6875,5.0,18,6.833333333333333,3.5,15,0.6979166666666666,96,1,40.391304347826086,2.0555555555555554,8.779634763970531,4.5,29.541666666666668,2836,46,678,5734,2543,252
2019Q2,akarazniewicz/apiql,https://github.com/akarazniewicz/apiql.git,apiql,35,3,2019-05-02 06:36:07,2019-05-01T19:44:19+02:00,0,2019-10-29,3175d9c301a5b6c8d76e133fd4a18f9a6280d76e,180,0,14,14,1.0,2033,203,48.13333333333333,53.0,78,1.5862068965517242,1,3,6.275862068965517,2,15,6.221674876847291,2,15,0.054187192118226604,0,0,0.014778325123152709,3,1,nan,1.0,1.0,1.0,1.3333333333333333,4,0,1,33,23,8
2019Q2,blockchain-etl/blockchain-etl-common,https://github.com/blockchain-etl/blockchain-etl-common.git,blockchain-etl-common,2800,9,2019-06-21 13:29:52,2019-06-19T16:41:10+07:00,2,2019-12-18,82b9e3d4a58c5f73b01c901b8ad89d49555b67bb,180,0,27,27,1.0,1546,115,54.036876355748376,72,79,2.4260869565217393,2,4,7.252173913043478,5,14,7.043478260869565,5,14,0.20869565217391303,0,0,0.09565217391304348,5,2,54.06956521739131,3.5,19.724242424242426,11.0,169.8,849,460,255,1647,1492,31
2019Q2,bryand1/python-poverty-level,https://github.com/bryand1/python-poverty-level.git,povertylevel,31,2,2019-05-17 03:56:34,2019-05-16T20:18:15-07:00,0,2019-11-13,c4847a4ac8cbfee4935a361bd2342f164bf80e71,180,0,5,5,1.0,107,6,,,,1.6666666666666667,1.0,4,5.166666666666667,4.0,10,4.666666666666667,3.0,10,0.5,0.5,1,0.5,5,1,nan,1.0,6.1,1.0,19.2,96,0,15,260,15,14
2019Q2,aioworkers/aioworkers-orm,https://github.com/aioworkers/aioworkers-orm.git,aioworkers-orm,40,3,2019-04-16 08:30:17,2019-03-25T12:50:22+03:00,21,2019-10-13,a470eaf2298e30b6c8e1e91034e50c064f07a3de,180,0,6,6,1.0,281,25,40.5,37.5,66,2.24,2,4,7,5,15,6.28,4,12,0.72,0,3,0.2,24,1,38.083333333333336,3.142857142857143,4.343911862990811,3.5,15.916666666666666,382,12,61,875,315,64
2019Q2,ProdPerfect/workstreams,https://github.com/ProdPerfect/workstreams.git,workstreams,25,7,2019-06-14 19:02:51,2019-06-14T13:13:37-04:00,0,2019-12-11,b2f91820a9c0ad29ee4496301c4756ec84cac046,180,0,10,10,1.0,231,33,,,,1.2121212121212122,1,2,3.757575757575758,3,5,3.606060606060606,3,4,0.15151515151515152,0,0,0.030303030303030304,6,1,53.806451612903224,3.5714285714285716,25.847619047619048,14.0,18.833333333333332,113,62,50,225,137,11
2019Q2,bannsec/revenge,https://github.com/bannsec/revenge.git,frida-util,58,9,2019-06-09 16:47:33,2019-05-24T17:19:58+00:00,15,2019-12-06,69400eb4f399fc3cab721ecd69366cc8ca87664f,180,0,75,75,1.0,8693,618,37.525862068965516,32.5,70,2.3446601941747574,1.0,5,10.558252427184467,5.0,23,8.868932038834952,4.0,20,1.6893203883495145,0.0,4,0.46440129449838186,304,1,38.79367262723521,4.5,8.635403517150412,11.5,54.516447368421055,16573,1454,5426,29357,16061,966
2019Q2,nonabelian/leapy,https://github.com/nonabelian/leapy.git,leapy,43,3,2019-04-10 01:05:32,2019-03-22T23:26:36-07:00,17,2019-10-07,152152eed87572983dd61b27a4a1726b5cb2e615,180,0,27,27,1.0,1162,54,35.32,42,64,2.5925925925925926,2.0,6,11.407407407407407,10.0,20,11.407407407407407,10.0,20,0,0.0,0,0.0,42,2,34.191489361702125,3.163157894736842,14.136766492523071,2.5,27.214285714285715,1143,47,309,2803,853,128
2019Q2,ken-nakanishi/nftopt,https://github.com/ken-nakanishi/nftopt.git,nftopt,266,1,2019-04-05 19:53:50,2019-04-06T03:19:21+09:00,0,2019-10-02,a7ebe35362bd97bb71a6641c0146ff1e778415fa,180,0,2,2,1.0,106,1,,,,7,7,7,100,100,100,49,49,49,51,51,51,1.0,0,0,nan,nan,nan,nan,nan,0,0,0,0,0,0
2019Q2,sampsyo/wideq,https://github.com/sampsyo/wideq.git,wideq,593,9,2019-06-16 19:10:47,2018-01-06T13:21:57-08:00,525,2019-12-13,07b6a1ca2131555634e174d9d648380c408dbc5b,180,0,9,9,1.0,1938,152,42.723404255319146,42,62,1.625,1.0,3,7.901315789473684,5.0,17,5.967105263157895,4.0,11,1.9342105263157894,1.0,6,0.6973684210526315,146,14,44.992248062015506,4.0,17.144602262699,11.0,27.863013698630137,4068,129,1077,5712,3414,201
2019Q2,kmr-kmr/testing12,https://github.com/kmr-kmr/testing12.git,testing12,14,1,2019-04-28 18:24:22,2019-04-28T23:47:07+05:30,0,2019-10-25,e946924c2184e404694d23a0b1cdc603dae68384,180,0,2,2,1.0,14,1,,,,6,6,6,10,10,10,10,10,10,0,0,0,0.0,0,0,nan,nan,nan,nan,nan,0,0,0,0,0,0
2019Q2,goodchinas/pyxq,https://github.com/goodchinas/pyxq.git,pyxq,39,4,2019-06-23 04:42:56,2019-06-23T10:01:35+08:00,0,2019-12-20,e0e3b51b61ab74a017e1cb370b837be4a44bc6dc,180,0,15,15,1.0,661,53,5.75,5.5,8,1.6037735849056605,1,3,3.7358490566037736,3,6,3.7358490566037736,3,6,0,0,0,0.0,13,1,23.8,5.125,9.856123810756548,39.0,105.0,1365,5,397,2152,1295,86
2019Q2,okfde/froide-payment,https://github.com/okfde/froide-payment.git,froide-payment,9,3,2019-05-21 14:23:23,2019-03-12T21:41:19+01:00,69,2019-11-17,46c137d3ae69e317fded9b0b24221212f6855758,180,0,29,29,1.0,2689,130,37.26923076923077,34.5,59,2.5,2.0,5,12.669230769230769,9.0,28,12.446153846153846,9.0,28,0.2230769230769231,0.0,0,0.06153846153846154,51,1,35.714285714285715,3.0,6.45833019822955,7.0,44.80392156862745,2285,56,363,2709,582,88
2019Q2,jpn--/mapped,https://github.com/jpn--/mapped.git,mapped,88,7,2019-05-22 19:15:00,2019-05-22T09:44:39-05:00,0,2019-11-18,ce68f36d301fd222190daf5927e808cc7c17ab50,180,0,4,4,1.0,448,6,16.4,17,29,7.833333333333333,5.0,16,66.33333333333333,51.5,146,42,24.5,97,24.333333333333332,27.0,49,0.8333333333333334,7,2,nan,2.625,16.758333333333333,1.0,25.428571428571427,178,0,26,226,24,10
2019Q2,jfilter/clean-text,https://github.com/jfilter/clean-text.git,clean-text,119660,9,2019-04-24 20:19:53,2018-12-06T23:54:16+01:00,138,2019-10-21,52956f8536da94f123e1974d0e22a9db453e814d,180,0,4,4,1.0,398,14,36.56666666666667,33.5,64,2.5,1.0,5,15.428571428571429,8.0,24,9.142857142857142,3.0,21,6.285714285714286,2.0,16,0.8571428571428571,24,1,33.714285714285715,1.5,8.018580542264752,3.5,23.583333333333332,566,42,92,869,342,42
2019Q2,ihaveamac/ninfs,https://github.com/ihaveamac/ninfs.git,ninfs,332,16,2019-04-18 02:06:12,2017-08-14T21:29:35-07:00,610,2019-10-15,60e61f8467b749a12a5261ae20189c2981a0e24f,180,0,40,40,1.0,7739,429,46.83679525222552,42.0,85,2.979020979020979,2,7,12.044289044289044,5,30,11.794871794871796,5,29,0.2494172494172494,0,1,0.12121212121212122,437,4,44.8378021978022,2.0,11.045719341864059,8.0,57.663615560640736,25199,2275,5150,32852,25031,1213
2019Q3,bat-fleck/pyOrganize,https://github.com/bat-fleck/pyOrganize.git,pyorganise,4,1,2019-09-25 04:35:13,2019-09-20T00:04:55+05:30,5,2020-03-23,d83cebd6070a1b00f8e20e5d2be461440ce0e837,180,0,5,5,1.0,286,9,43.723404255319146,33,74,2.888888888888889,1,6,9.11111111111111,5,21,9.11111111111111,5,21,0,0,0,0.0,8,2,45.2183908045977,9.333333333333332,37.41369047619048,21.5,33.625,269,87,126,517,256,12
2019Q3,yannvgn/laserembeddings,https://github.com/yannvgn/laserembeddings.git,laserembeddings,2639,11,2019-07-23 18:25:18,2019-07-23T21:58:02+02:00,-1,2020-01-19,54dc6b4187bf0fbfb9710b10f18004bcab9fce8a,180,0,7,7,1.0,759,36,32.57142857142857,21,79,3.4166666666666665,2.0,9,14.972222222222221,8.5,36,14.333333333333334,8.0,35,0.6388888888888888,0.0,1,0.1388888888888889,20,2,8.25,1.0,2.4042084377610693,3.5,9.5,190,4,30,288,179,40
2019Q3,javatechy/dokr,https://github.com/javatechy/dokr.git,sunday-10,13,1,2019-08-11 13:32:07,2018-08-31T15:27:48+05:30,345,2020-02-07,5e162f0c7d4e9d8bb660739f2a34a9f31e03b01e,180,0,13,13,1.0,711,62,27.05263157894737,21,65,1.7741935483870968,1.0,3,6.774193548387097,5.0,14,6.774193548387097,5.0,14,0,0.0,0,0.0,30,1,44.61764705882353,3.0588235294117645,4.778115882776516,21.5,32.03333333333333,961,34,265,1335,619,84
2019Q3,JeordyR/LambdaALBRouter,https://github.com/JeordyR/LambdaALBRouter.git,lambdaalbrouter,17,2,2019-07-07 15:22:18,2019-07-06T13:56:04-04:00,0,2020-01-03,0d285a17f3b3c6c76ff3b466b4d6dbd4f25b12a6,180,0,4,4,1.0,460,13,39.38095238095238,27,78,3.076923076923077,3,6,24.307692307692307,24,50,18.846153846153847,18,38,5.461538461538462,6,11,0.6923076923076923,4,2,47.2,2.0,2.756944444444444,9.5,49.0,196,15,35,266,41,10
2019Q3,datagutten/entur-api,https://github.com/datagutten/entur-api.git,entur-api,69,13,2019-07-18 08:44:46,2019-07-18T09:59:38+02:00,0,2020-01-14,aab7ce2fc9c71e97384cc2b47ae14a2fc6ba3ce4,180,0,6,6,1.0,447,42,34.42857142857143,25,65,2.0952380952380953,1.0,4,8.714285714285714,3.0,24,8.714285714285714,3.0,24,0,0.0,0,0.0,26,1,13.75,2.5,11.050239234449762,2.5,11.923076923076923,310,4,56,560,153,49
2019Q3,xiachufang/outplan,https://github.com/xiachufang/outplan.git,outplan,221,28,2019-09-10 09:07:03,2019-09-10T11:11:05+08:00,0,2020-03-08,fa88862a257dc33c53b69d7ddc6a417e3b78c6a3,180,0,6,6,1.0,726,52,20.142857142857142,15,34,3.0576923076923075,2.0,5,10.673076923076923,8.0,18,10.173076923076923,8.0,18,0.5,0.0,1,0.21153846153846154,53,2,13.5,1.4666666666666668,3.046787067099567,1.0,6.245283018867925,331,2,59,553,200,70
2019Q3,namboy94/puffotter,https://github.com/namboy94/puffotter.git,puffotter,2397,35,2019-07-08 16:38:22,2019-07-08T18:36:47+02:00,0,2020-01-04,cb9a397aeb509b63794e613c4fbeaf7a4236f86d,180,0,12,12,1.0,1062,30,26,27.0,38,4.233333333333333,3.0,9,24.833333333333332,18.5,50,18.1,15.0,41,6.733333333333333,6.5,10,0.9666666666666667,32,1,25.0,4.25,19.073306878306877,12.5,29.25,936,2,150,1272,112,46
2019Q3,adobe/ops-cli,https://github.com/adobe/ops-cli.git,ops-cli,3763,38,2019-08-27 18:19:53,2019-02-01T00:57:55+02:00,207,2020-02-23,8458f7a5101e054a13864f0373d7b7043b3dd08c,180,0,46,46,1.0,6590,358,61.626943005181346,62,87,3.053072625698324,2.0,6,13.631284916201118,7.0,27,13.21508379888268,7.0,27,0.41620111731843573,0.0,1,0.1871508379888268,85,23,67.55226824457594,2.0,18.71954087000962,0.0,38.32941176470588,3258,507,473,4416,2546,223
2019Q3,vforwater/metacatalog,https://github.com/vforwater/metacatalog.git,metacatalog,414,78,2019-08-20 18:56:05,2019-08-19T09:51:47+02:00,1,2020-02-16,df6d5a03bd64901c67ccecf579f22333209b81ce,180,0,38,38,1.0,2752,97,23.958333333333332,18.0,48,3.515463917525773,3,8,20.567010309278352,13,50,13.350515463917526,8,35,7.216494845360825,0,27,0.422680412371134,40,1,24.30350194552529,6.0,12.540931803239497,22.5,55.25,2210,257,589,3195,305,139
2019Q3,bitranox/lib_doctest_pycharm,https://github.com/bitranox/lib_doctest_pycharm.git,lib-doctest-pycharm,9,1,2019-09-03 00:01:18,2019-07-22T22:35:33+02:00,42,2020-03-01,f1909c21f95466add9aaa02eaf5881553024c99e,180,0,3,3,1.0,193,9,31.90909090909091,27.0,57,2.4444444444444446,2,6,12.666666666666666,5,44,10.88888888888889,5,44,1.7777777777777777,0,11,0.2222222222222222,19,1,37.63157894736842,1.1666666666666667,7.43688362919132,1.0,7.7368421052631575,147,19,29,339,239,25
2019Q3,aroch/protobuf-dataframe,https://github.com/aroch/protobuf-dataframe.git,protodf,1137,1,2019-08-19 19:49:27,2019-08-19T22:20:53+03:00,0,2020-02-15,0025208f45fc7f2b54923c642c518552c05d9c72,180,0,2,2,1.0,115,5,46.75,37.5,101,3.2,3,6,9.8,6,18,9.8,6,18,0,0,0,0.0,0,0,nan,nan,nan,nan,nan,0,0,0,0,0,0
2019Q3,CostelloLab/GSEA-InContext_noTk,https://github.com/CostelloLab/GSEA-InContext_noTk.git,gsea-incontext-notk,21,4,2019-09-30 23:15:32,2019-09-30T15:46:11-06:00,0,2020-03-28,ee1a845cc978cb0da8d296b51e3f36dc26234a63,180,0,10,10,1.0,2322,61,37.51054852320675,32,70,4.098360655737705,3,9,32.950819672131146,27,75,26.229508196721312,22,48,6.721311475409836,1,23,0.6885245901639344,9,1,36.244827586206895,1.0588235294117647,83.93970816764933,7.0,465.44444444444446,4189,580,878,6270,3883,38
2019Q3,greenelab/xswap,https://github.com/greenelab/xswap.git,xswap,46,1,2019-08-01 13:54:24,2018-12-03T15:30:54-05:00,240,2020-01-28,ffbb933d1731c2ce4e4e24f00a9a909b53ddf75c,180,0,5,5,1.0,557,13,53.54545454545455,62,71,2.6153846153846154,2,4,38.46153846153846,26,92,15.692307692307692,7,33,22.76923076923077,21,59,0.8461538461538461,12,2,52.07692307692308,3.0,13.266017316017315,10.5,48.416666666666664,581,13,85,953,128,27
2019Q3,RobertoPrevato/wrktoolbox,https://github.com/RobertoPrevato/wrktoolbox.git,wrktools,17,2,2019-07-09 21:38:31,2019-07-09T23:06:26+02:00,0,2020-01-05,8ca7f33faa3a2968798c398d359360d1f1af91bf,180,0,25,25,1.0,2131,183,44.275862068965516,37,80,2.2131147540983607,1,5,7.169398907103825,3,16,6.972677595628415,3,15,0.19672131147540983,0,1,0.1092896174863388,2,1,nan,2.5,2.5,7.0,7.0,14,0,1,16,6,3
2019Q3,timesler/facenet-pytorch,https://github.com/timesler/facenet-pytorch.git,facenet-pytorch,124248,33,2019-07-01 23:42:25,2019-05-24T00:43:32-07:00,38,2019-12-28,93a4842cad913b271be49215b158d3876a386ddc,180,0,6,6,1.0,1569,62,23.733333333333334,20,46,3.0483870967741935,2.0,7,21.451612903225808,12.0,37,18.370967741935484,12.0,31,3.0806451612903225,0.0,9,0.24193548387096775,68,4,40.271929824561404,2.0,9.927140305202505,4.5,38.11764705882353,2592,114,433,3611,2321,118
2019Q3,nekomamoushi/jason-server,https://github.com/nekomamoushi/jason-server.git,jason-server,64,9,2019-08-19 09:54:58,2019-08-14T15:14:21+02:00,4,2020-02-15,24371fa8883311192dc8ceff15ccb7027fa6725c,180,0,5,5,1.0,506,28,63.625,79.0,79,1.9285714285714286,1.5,4,12.964285714285714,11.0,21,7.357142857142857,5.0,14,5.607142857142857,7.0,9,0.8928571428571429,51,1,67.33333333333333,2.833333333333333,4.443947851722971,5.0,10.352941176470589,528,24,154,1251,488,95
2019Q3,sophiamyang/cranlogs,https://github.com/sophiamyang/cranlogs.git,cranlogs,11,1,2019-08-09 01:45:16,2019-08-08T20:09:24-05:00,0,2020-02-05,1e9b3457df710c60fc860259331f7b03df5c6526,180,0,2,2,1.0,69,1,33.375,30.5,46,18,18,18,59,59,59,55,55,55,4,4,4,1.0,11,1,32.2,5.333333333333333,12.444444444444445,0.0,6.7272727272727275,74,10,16,469,208,14
2019Q3,Kamaropoulos/AirSim_Gym,https://github.com/Kamaropoulos/AirSim_Gym.git,airsim-gym,158,1,2019-08-27 21:16:33,2019-08-27T15:22:09+03:00,0,2020-02-23,4e3f2bd99f9c415ab8a1a3538d3b6466b49bfe0d,180,0,4,4,1.0,330,17,41.5,38.0,72,2.235294117647059,1,6,15.823529411764707,9,46,15.470588235294118,9,46,0.35294117647058826,0,0,0.058823529411764705,0,0,nan,nan,nan,nan,nan,0,0,0,0,0,0
2019Q3,GLibAi/pydateparser,https://github.com/GLibAi/pydateparser.git,pydateparser,217,8,2019-07-12 08:55:34,2019-07-09T16:50:50+05:30,2,2020-01-08,0b6d5560290e4cf63038c6f9dc5158d2bdad11de,180,0,12,12,1.0,735,32,44.04255319148936,45.0,78,4.375,4.0,10,9.96875,8.0,23,9.96875,8.0,23,0,0.0,0,0.0,37,3,43.74747474747475,2.0,15.469689505896403,2.0,16.945945945945947,627,99,122,987,353,51
2019Q3,treeyh/soc-excel-convert,https://github.com/treeyh/soc-excel-convert.git,soc-excel-convert,64,8,2019-07-23 09:31:18,2019-07-18T17:29:13+08:00,5,2020-01-19,24eba75b3de7e615c83e89fbf06c45c0fe305f6e,180,0,9,9,1.0,885,54,27.257142857142856,21,52,2.388888888888889,1.0,5,10.75925925925926,7.0,17,7.87037037037037,3.5,16,2.888888888888889,3.0,5,0.8518518518518519,10,2,24.80851063829787,3.75,28.68288193288193,16.0,120.4,1204,47,379,1705,984,28
2019Q3,mckib2/ktblast,https://github.com/mckib2/ktblast.git,ktblast,14,1,2019-08-29 22:25:20,2019-07-25T20:59:37-06:00,34,2020-02-25,f365b2d1f747f87500846dd930f9619a5a563f1a,180,0,6,6,1.0,250,4,43.51724137931034,49,64,2.25,2.0,4,54.25,45.5,97,27,23.0,49,27.25,22.5,48,1.0,15,2,42.458015267175576,6.75,20.56541666666667,5.0,30.133333333333333,452,131,112,1096,597,34
2019Q3,techouse/sqlite3-to-mysql,https://github.com/techouse/sqlite3-to-mysql.git,sqlite3-to-mysql,6008,81,2019-08-31 00:06:01,2018-06-03T12:53:17+02:00,453,2020-02-27,3fd418a7223f3038920050dec4c093670529b114,180,0,6,6,1.0,559,17,26,18,48,5.176470588235294,3,16,24.58823529411765,16,72,24.058823529411764,16,72,0.5294117647058824,1,1,0.5294117647058824,56,2,26.19047619047619,2.0,6.722093215650384,1.0,22.428571428571427,1256,21,161,3541,1624,127
2019Q3,vani-public/pipes,https://github.com/vani-public/pipes.git,pypipes,251,2,2019-08-15 14:53:17,2019-01-07T22:05:58+02:00,219,2020-02-11,e6c598aa0f3c459a965ceb6971251396fa0ed5bd,180,0,57,57,1.0,6955,659,41.76619718309859,39,67,2.0364188163884673,1,4,8.305007587253414,6,16,6.597875569044006,4,14,1.7071320182094083,0,6,0.2701062215477997,2,2,42.85454545454545,124.16964285714286,124.16964285714286,5430.5,5430.5,10861,660,2386,18064,7165,207
2019Q3,moreal/flai,https://github.com/moreal/flai.git,flai,15,1,2019-08-20 08:09:47,2019-08-09T01:39:01+09:00,11,2020-02-16,5ed254e0c36fa943cb3bef215ae805ffc2ddbfaa,180,0,2,2,1.0,100,14,,,,1.5714285714285714,1.0,2,5.285714285714286,3.0,10,5.285714285714286,3.0,10,0,0.0,0,0.0,6,2,nan,2.2,8.373333333333335,5.5,16.5,99,0,33,189,62,8
2019Q3,Sebokolodi/pyddi,https://github.com/Sebokolodi/pyddi.git,pyddi,10,3,2019-07-29 06:54:08,2019-07-17T11:25:50-06:00,11,2020-01-25,015beb2b13783713de436cd91a6ca61f1e2d370b,180,0,2,2,1.0,311,7,26.5625,12.0,51,6.142857142857143,6,16,39.57142857142857,36,130,38.57142857142857,35,130,1,1,3,0.7142857142857143,20,3,45.69565217391305,1.5555555555555554,73.23425925925928,1.0,35.35,707,23,251,1042,692,22
2019Q3,jonlindg/pydero,https://github.com/jonlindg/pydero.git,pydero-jonlindg,25,2,2019-08-14 13:28:53,2019-02-01T15:19:15+01:00,193,2020-02-10,a8abc2667d7acba6d015c4dccfa7758178e49d59,180,0,4,4,1.0,350,23,47.5,50.5,70,4,2,10,11.73913043478261,7,28,10.91304347826087,6,27,0.8260869565217391,1,1,0.8260869565217391,5,1,59.4390243902439,6.95945945945946,12.796396396396396,10.0,92.6,463,41,134,664,495,13
2019Q3,ludeeus/integrationhelper,https://github.com/ludeeus/integrationhelper.git,integrationhelper,64654,4,2019-07-23 07:20:49,2019-07-22T15:13:33+00:00,0,2020-01-19,3235a40fb22293c5ee6a9af1613fd3bd7c084aca,180,0,8,8,1.0,326,18,,,,3.388888888888889,1.0,18,11.166666666666666,3.5,54,9.222222222222221,2.5,53,1.9444444444444444,1.0,9,0.9444444444444444,11,1,nan,7.625,8.239583333333332,2.0,10.545454545454545,116,0,23,145,15,15
2019Q3,cclienti/svmodule,https://github.com/cclienti/svmodule.git,svmodule,169,6,2019-08-26 20:14:00,2019-08-14T21:04:31+02:00,12,2020-02-22,d29a061b3681f0377edb2f692f3c6c97643afe7e,180,0,23,23,1.0,2033,69,39.31120331950208,44.0,67,3.318840579710145,2,8,18.52173913043478,11,46,17.014492753623188,10,46,1.5072463768115942,1,4,0.6666666666666666,16,1,38.2,1.3636363636363638,3.143939393939394,1.0,10.375,166,20,25,2626,432,52
2019Q3,foliant-docs/foliantcontrib.confluence,https://github.com/foliant-docs/foliantcontrib.confluence.git,foliantcontrib.confluence,178,26,2019-08-23 12:23:20,2019-08-15T16:17:50+03:00,7,2020-02-19,49d2745d6ba3ee00ccf5ce5c3a196e4e63827a09,180,0,7,7,1.0,1324,65,44.027027027027025,49,72,3.9384615384615387,3,8,18.046153846153846,12,52,14.323076923076924,10,34,3.723076923076923,1,12,0.5846153846153846,22,2,35.94405594405595,4.513888888888889,13.806586777420112,38.0,85.95454545454545,1891,143,333,2395,1564,55
2019Q3,nmdp-bioinformatics/seq-ann,https://github.com/nmdp-bioinformatics/seq-ann.git,seq-ann,71,3,2019-09-26 15:20:02,2017-11-01T16:43:13-05:00,693,2020-03-24,d46c6bcaebe095127be227ef3f3f39e86c1ee4c3,180,0,20,20,1.0,8707,226,38.75403225806452,36.0,75,5.650442477876106,1.0,11,32.584070796460175,9.0,73,25.787610619469028,3.0,57,6.79646017699115,6.0,15,0.8362831858407079,111,4,35.789921068609594,2.797962648556876,7.673443128463688,22.0,84.61261261261261,9392,1647,1570,17122,5702,468
2019Q4,kgrzywocz/mdtest,https://github.com/kgrzywocz/mdtest.git,mdtest,26,4,2019-12-23 20:31:32,2019-12-23T20:36:15+01:00,0,2020-06-20,2f76f4815c47e0c89efd34d965194e06f0978452,180,0,15,15,1.0,775,112,,,,1.4910714285714286,1.0,3,4.455357142857143,3.0,9,4.446428571428571,3.0,9,0.008928571428571428,0.0,0,0.008928571428571428,2,1,nan,nan,nan,0.0,0.0,0,0,0,5,2,2
2019Q4,voicen-llc/voicen-python-sdk,https://github.com/voicen-llc/voicen-python-sdk.git,voicen,8,1,2019-12-13 15:15:53,2019-11-07T13:34:38+04:00,36,2020-06-10,3144f71e3ab42a96ca026479b8743bd0b730b9ed,180,0,13,13,1.0,637,36,48.833333333333336,55.0,58,2.4166666666666665,1.0,5,14.75,12.0,26,11.36111111111111,9.0,22,3.388888888888889,1.0,8,0.6388888888888888,4,2,50.9375,24.692307692307693,24.692307692307693,0.0,130.25,521,16,105,773,8,18
2019Q4,fmralign/fmralign,https://github.com/fmralign/fmralign.git,fmralign,323,4,2019-10-02 15:04:31,2018-10-24T18:15:36+02:00,342,2020-03-30,6130bf8ae6a5847d6ede2cfde03d0b528cb4b166,180,0,9,9,1.0,2030,51,44.97714285714286,44,77,3.019607843137255,2,7,28.313725490196077,20,63,13.607843137254902,7,34,14.705882352941176,9,35,0.8627450980392157,243,4,48.083333333333336,1.5,11.460309869723725,1.0,12.592592592592593,3060,180,363,8360,5304,351
2019Q4,Paebbels/pyHTTPInterface,https://github.com/Paebbels/pyHTTPInterface.git,pyhttpinterface,25,4,2019-10-10 22:33:21,2019-10-10T23:19:52+02:00,0,2020-04-07,40b40f34e661e6e2060a9ea4bdab71247c94e5aa,180,0,5,5,1.0,339,11,43.98936170212766,53.5,79,1,1,1,2.8181818181818183,2,5,2.8181818181818183,2,5,0,0,0,0.0,9,1,42.5,3.0,20.375,0.0,12.444444444444445,112,204,45,593,43,29
2019Q4,Cyril-Grl/AlgoGen,https://github.com/Cyril-Grl/AlgoGen.git,algo-gen,60,7,2019-12-16 14:56:55,2019-11-12T22:09:05+01:00,33,2020-06-13,c453dcc37b40047fcc4d5be42f0837178f4f5b60,180,0,6,6,1.0,1472,92,41.9078947368421,34.5,81,3.239130434782609,2.0,7,13.08695652173913,7.0,26,12.76086956521739,6.5,26,0.32608695652173914,0.0,0,0.08695652173913043,9,1,39.22636103151862,8.066666666666666,48.85815831914903,66.0,169.88888888888889,1529,349,245,2812,963,32
2019Q4,remykarem/mixed-naive-bayes,https://github.com/remykarem/mixed-naive-bayes.git,mixed-naive-bayes,233,3,2019-10-13 02:56:37,2019-10-05T16:30:05+08:00,7,2020-04-10,87ae66536e96ce6729fa66022f2e164957f0d3fd,180,0,4,4,1.0,649,27,40.629629629629626,32,67,2.925925925925926,2,9,17.59259259259259,12,66,14.777777777777779,10,56,2.814814814814815,0,14,0.25925925925925924,55,3,42.69777777777778,2.071739130434783,10.806224044843631,5.0,33.018181818181816,1816,450,508,3043,2675,91
2019Q4,fastai/fastdot,https://github.com/fastai/fastdot.git,fastdot,670,4,2019-12-17 22:04:52,2019-12-13T05:25:37-08:00,4,2020-06-14,da90709eeae35154638d041dbd3b5237f22f6b52,180,0,3,3,1.0,228,25,8.9,5.0,5,1.96,1,4,4.2,3,7,3.48,2,6,0.72,1,1,0.72,9,1,10.302083333333334,4.0,24.18526299408652,62.0,78.55555555555556,707,96,121,924,696,21
2019Q4,Jordan-Kowal/django_database_translation,https://github.com/Jordan-Kowal/django_database_translation.git,django-database-translation,142,7,2019-10-14 13:23:20,2019-10-14T08:44:25+00:00,0,2020-04-11,a077f356469a32a601dd00452ae3d3e8f8780d90,180,0,10,10,1.0,1383,44,37.25968992248062,42.0,82,2.272727272727273,1.0,5,9.636363636363637,6.0,20,6.704545454545454,5.0,13,2.9318181818181817,1.0,9,0.9772727272727273,7,1,26.714285714285715,2.0,3.2941798941798943,9.0,13.571428571428571,95,14,4,123,173,10
2019Q4,kalsi-avneet/py-fossology,https://github.com/kalsi-avneet/py-fossology.git,py-fossology,6,1,2019-11-10 15:18:36,2019-05-04T19:36:38+05:30,190,2020-05-08,1d3df2c128e20cc3cd442ef103dedcf2e961686f,180,0,5,5,1.0,909,54,35.41095890410959,33,52,1.5925925925925926,1.0,3,13.925925925925926,10.5,29,13.018518518518519,10.5,28,0.9074074074074074,1.0,1,0.6296296296296297,34,1,37.6,6.909090909090909,12.136487326794814,27.5,30.764705882352942,1046,90,358,1513,585,52
2019Q4,cctester/pydtc,https://github.com/cctester/pydtc.git,pydtc,99,31,2019-10-14 17:25:27,2019-10-13T00:22:02-04:00,1,2020-04-11,bf8851a045a201eda857c3e14660eaee6b22b06a,180,0,10,10,1.0,712,45,63.30769230769231,71,71,2.6666666666666665,2,5,13.555555555555555,11,26,11.777777777777779,10,25,1.7777777777777777,0,6,0.35555555555555557,12,1,62.06666666666667,2.3076923076923075,7.523446843012061,7.0,52.75,633,15,170,866,593,48
2019Q4,mazgi/mt-to-hugo-article-converter,https://github.com/mazgi/mt-to-hugo-article-converter.git,mt-to-hugo-article-converter,48,5,2019-10-26 05:48:19,2019-10-26T14:52:04+09:00,-1,2020-04-23,9f947d90ecaceb522ccd4f942b56a105944ff7f4,180,0,29,29,1.0,962,78,23.466666666666665,18,42,2.1538461538461537,2.0,4,8.051282051282051,6.0,15,7.641025641025641,6.0,14,0.41025641025641024,0.0,0,0.07692307692307693,16,1,29.666666666666668,1.25,3.8295918367346937,0.0,36.3125,581,18,83,1101,212,53
2019Q4,thomasms/glastoselenium,https://github.com/thomasms/glastoselenium.git,glasto,16,3,2019-10-02 21:08:07,2018-10-13T14:31:54+01:00,354,2020-03-30,3d3da2f6c2ba705cb4765f626ae12d4436587ff4,180,0,7,7,1.0,418,27,44.5,45.5,76,3.259259259259259,3,9,13,6,37,12.555555555555555,6,37,0.4444444444444444,0,3,0.1111111111111111,22,2,46.46153846153846,5.5,8.28937728937729,4.0,15.636363636363637,344,39,79,1150,339,74
2019Q4,eggachecat/elc-flow-engine,https://github.com/eggachecat/elc-flow-engine.git,elc-flow,18,3,2019-12-17 06:19:11,2019-12-17T14:13:17+08:00,0,2020-06-14,3b0c8f7154a0d302958722f1dccfb2448062fc3b,180,0,7,7,1.0,943,65,20.930555555555557,17.5,38,2.276923076923077,1,4,10.36923076923077,5,20,8.507692307692308,4,19,1.8615384615384616,0,7,0.3076923076923077,8,1,25.38888888888889,3.6818181818181817,4.166999666999667,15.0,52.5,420,54,74,719,187,23
2019Q4,christo-ph/mkdocs_build_plantuml,https://github.com/christo-ph/mkdocs_build_plantuml.git,mkdocs-build-plantuml-plugin,44799,16,2019-12-16 16:36:55,2019-12-16T06:13:24+01:00,0,2020-06-13,35f4342bbeef361671b88727a205b09658e1b082,180,0,2,2,1.0,241,11,44.43478260869565,44,69,4.363636363636363,4,8,16.454545454545453,12,37,16.454545454545453,12,37,0,0,0,0.0,9,2,46.607142857142854,2.357142857142857,3.3836697722567286,3.0,14.88888888888889,134,28,29,199,107,13
2019Q4,openstack-charmers/sriov-netplan-shim,https://github.com/openstack-charmers/sriov-netplan-shim.git,sriov-netplan-shim,40,7,2019-10-31 10:01:17,2019-10-31T09:53:41+00:00,0,2020-04-28,ef25998a6a28424c1990c1f1bc373d23f70b6994,180,0,3,3,1.0,338,22,40.4,43.0,69,2.5454545454545454,2.0,4,11.636363636363637,10.0,22,8.318181818181818,5.5,21,3.3181818181818183,0.5,7,0.5,0,0,nan,nan,nan,nan,nan,0,0,0,0,0,0
2019Q4,jvrana/primer3-py-plus,https://github.com/jvrana/primer3-py-plus.git,primer3plus,187,12,2019-10-03 17:22:16,2018-12-29T12:51:39-08:00,277,2020-03-31,9be3cc374009fad066180be35721aa8316a5050a,180,0,12,12,1.0,2509,136,41.360759493670884,39.0,75,2.036764705882353,1.0,4,10.625,7.0,23,7.227941176470588,4.0,19,3.3970588235294117,1.0,10,0.5073529411764706,64,2,39.77922077922078,2.6319444444444446,19.26683311968469,16.5,89.921875,5755,308,976,8509,6544,199
2019Q4,Francesco149/push_receiver,https://github.com/Francesco149/push_receiver.git,push-receiver,96,2,2019-11-15 20:14:33,2019-11-15T19:17:22+01:00,0,2020-05-13,ae5c09f5885a824eecac8ea5a54c56e8fd8d2731,180,0,6,6,1.0,2368,16,50.924528301886795,59,72,3.1875,3.0,5,21.25,12.5,44,18.625,12.0,44,2.625,0.0,9,0.4375,0,0,nan,nan,nan,nan,nan,0,0,0,0,0,0
2019Q4,ynop/spoteno,https://github.com/ynop/spoteno.git,spoteno,24,2,2019-12-05 19:24:04,2019-11-29T19:40:57+01:00,6,2020-06-02,5d2ae7da437cfd8f9cf351b9602269c115dcd46f,180,0,13,13,1.0,625,37,30.5,29.0,55,2.3783783783783785,2,5,12.297297297297296,5,30,11.08108108108108,4,21,1.2162162162162162,0,4,0.21621621621621623,6,1,31.791666666666668,1.25,9.680555555555555,1.0,74.83333333333333,449,24,157,635,9,22
2019Q4,OwnCA/ownca,https://github.com/OwnCA/ownca.git,ownca,1799,24,2019-11-21 10:38:09,2019-11-21T11:21:52+01:00,0,2020-05-19,77430e88f7619a6e50c6d3d081482b40fec07717,180,0,9,9,1.0,1538,51,41,41,65,2.3529411764705883,1,6,22.50980392156863,9,53,14.450980392156863,4,50,8.058823529411764,6,17,0.9019607843137255,33,1,42.94444444444444,2.297794117647059,3.9258274803249225,3.0,48.78787878787879,1610,18,328,4348,2196,105
2019Q4,safurrier/data_science_toolbox,https://github.com/safurrier/data_science_toolbox.git,data-science-toolbox,59,5,2019-11-26 21:38:50,2018-08-16T14:54:47-07:00,466,2020-05-24,842b025ea3197e8a9946401257b2fa22ef1bf82d,180,0,84,84,1.0,8003,267,38.42066027689031,34,67,3.838951310861423,3,9,25.921348314606742,17,68,16.880149812734082,11,42,9.041198501872659,2,28,0.6741573033707865,119,3,39.40382281553398,11.0,41.200743799231894,39.0,351.1848739495798,41791,6592,7909,57007,48628,621
2019Q4,rasmunk/notebook_parameterizer,https://github.com/rasmunk/notebook_parameterizer.git,notebook-parameterizer,174,4,2019-10-22 08:05:08,2019-10-20T20:29:19+02:00,1,2020-04-19,2df94eb54dc4f4103e08c65278e928da51bbba61,180,0,4,4,1.0,115,2,33.42857142857143,37,57,9,9.0,17,38,38.0,66,38,38.0,66,0,0.0,0,0.0,8,2,nan,1.0,3.25,0.5,1.375,11,0,2,32,11,10
2019Q4,yrevar/navigation_mdp,https://github.com/yrevar/navigation_mdp.git,navigation-mdp,56,10,2019-10-28 16:47:52,2019-10-25T17:25:22-07:00,2,2020-04-25,82df0c9348b257306b20bc23a05e56c16fa1817e,180,0,9,9,1.0,1033,162,33.027027027027025,29,56,1.8580246913580247,1.0,3,4.611111111111111,2.5,9,4.611111111111111,2.5,9,0,0.0,0,0.0,8,1,34.65714285714286,2.375,14.894703332198999,39.5,124.375,995,35,205,1277,211,36
2019Q4,shmakovpn/django_ocr_server,https://github.com/shmakovpn/django_ocr_server.git,django-ocr-server,32,7,2019-10-11 02:53:52,2019-05-26T17:27:16+07:00,137,2020-04-08,b6c2ba1d7630925b1c51542f6ccb8f85775add1a,180,0,24,24,1.0,3736,137,39.03030303030303,35.0,78,2.5693430656934306,2,5,18.89051094890511,13,31,13.89051094890511,8,24,5,5,8,0.8613138686131386,21,1,37.111111111111114,5.0,26.223607897950007,2.0,165.76190476190476,3481,216,399,4178,3921,56
2019Q4,Odder/PyraminXolver,https://github.com/Odder/PyraminXolver.git,pyraminxolver,17,4,2019-10-05 13:08:41,2019-10-05T13:56:07+02:00,0,2020-04-02,f497a3936e63a51bb9de4d445db0a1399ae4b85c,180,0,5,5,1.0,257,13,3.5,3.5,4,4.153846153846154,2,12,11.538461538461538,8,32,11.538461538461538,8,32,0,0,0,0.0,3,1,nan,2.4285714285714284,6.892857142857142,17.0,16.333333333333332,49,0,6,91,39,11
2019Q4,VoIlAlex/pytorchresearch,https://github.com/VoIlAlex/pytorchresearch.git,pytorchresearch,12,4,2019-11-13 14:57:31,2019-11-13T16:30:13+03:00,0,2020-05-11,a9be04ce98e70b86b0a17173c7beb37ca728d3b1,180,0,8,8,1.0,830,37,23.873563218390803,24,34,2.4324324324324325,1,4,14.891891891891891,6,38,14.621621621621621,6,38,0.2702702702702703,0,0,0.02702702702702703,1,1,33.0,30.5,30.5,143.0,143.0,143,1,39,207,205,7
2019Q4,mvolkert/EXIFnaming,https://github.com/mvolkert/EXIFnaming.git,exifnaming,91,13,2019-10-19 11:40:11,2017-11-25T14:45:11+01:00,692,2020-04-16,ef5be48bd48f0f2c847025cbfe7f22cf47775d3c,180,0,26,26,1.0,3562,297,42.2,40.5,62,3.1616161616161618,2,6,8.383838383838384,4,22,7.451178451178452,4,18,0.9326599326599326,0,4,0.16498316498316498,267,1,37.66279069767442,2.0,4.6686541495941105,11.0,35.95880149812734,9601,258,1455,11371,8727,639
2019Q4,ligaopan/lgp-library,https://github.com/ligaopan/lgp-library.git,lgplibdemo,15,3,2019-10-30 08:16:40,2019-10-29T11:23:38+08:00,1,2020-04-27,47cd54e4079f3f36ac82aaaae50583ff88138036,180,0,2,2,1.0,18,1,28.375,22.0,63,1,1,1,10,10,10,10,10,10,0,0,0,0.0,0,0,nan,nan,nan,nan,nan,0,0,0,0,0,0
2019Q4,JarryShaw/f2format,https://github.com/JarryShaw/f2format.git,pyf2format,20,1,2019-11-20 06:39:38,2018-09-15T20:03:58+08:00,430,2020-05-18,b1cbbc605cb3bb3a6e6de182b683ff61f545b75f,180,0,7,6,0.8571428571428571,4626,71,54.76477146042363,45,114,4.450704225352113,2,9,53.50704225352113,35,87,43.71830985915493,25,69,9.788732394366198,10,15,0.8591549295774648,103,2,43.16367675271785,2.453488372093023,49.329270956619375,8.0,9590.194174757282,987790,59422,108273,1720566,1716020,5261
2019Q4,sidan93/googleparser,https://github.com/sidan93/googleparser.git,googleparser,9,1,2019-10-11 04:22:16,2019-10-11T10:55:44+07:00,0,2020-04-08,051562c5df8b6f23a7bc600166444ebb6047245a,180,0,2,2,1.0,78,7,27.666666666666668,33,36,1.5714285714285714,1,3,7.428571428571429,6,13,7.428571428571429,6,13,0,0,0,0.0,0,0,nan,nan,nan,nan,nan,0,0,0,0,0,0
2019Q4,psf/black,https://github.com/psf/black.git,nero,67,7,2019-10-21 22:22:50,2018-03-14T12:55:32-07:00,586,2020-04-18,8654e8d7aef5253faa7f8ff31d4be3b0b8b9c392,180,0,22,22,1.0,92782,329,42.398148148148145,42.5,67,5.358662613981763,3,11,18.768996960486323,12,40,15.945288753799392,9,35,2.82370820668693,1,8,0.6656534954407295,398,72,47.48367952522255,2.2264957264957266,39.718628214536714,4.0,229.49748743718592,91340,337,839,105548,11712,825
2020Q1,openkim/kim-property,https://github.com/openkim/kim-property.git,kim-property,47819,26,2020-02-16 03:52:09,2020-02-14T11:19:59-06:00,1,2020-08-14,163e28d286975216e26fe37c9c73992c0c59c3b8,180,0,11,11,1.0,4421,39,45.52795031055901,45,71,28.974358974358974,5,18,91.82051282051282,24,155,78.38461538461539,13,107,13.435897435897436,11,28,1.0,72,1,36.98684210526316,2.5,70.5593782642256,1.0,64.05555555555556,4612,76,249,6379,4658,101
2020Q1,bradlindblad/schrutepy,https://github.com/bradlindblad/schrutepy.git,schrutepy,47,4,2020-01-14 03:07:18,2020-01-12T16:14:31-06:00,1,2020-07-12,eb4c2fcae50d87f5639604e3772ddb0f20aff6f8,180,0,4,4,1.0,30,2,,,,1,1.0,1,11,11.0,11,8,8.0,8,3,3.0,3,1.0,6,1,nan,3.9166666666666665,4.291666666666666,3.5,5.166666666666667,31,0,20,102,34,16
2020Q1,jankrib/xcomfort-python,https://github.com/jankrib/xcomfort-python.git,xcomfort,165,21,2020-01-16 21:04:03,2020-01-14T22:26:28+01:00,1,2020-07-14,01771838d3fca4676e7a12b1ae69cb11504f684e,180,0,4,4,1.0,431,32,29,13,70,1.78125,1.0,4,8.75,4.5,17,8.75,4.5,17,0,0.0,0,0.0,28,1,24.916666666666668,2.291666666666667,6.626953781512606,5.5,23.642857142857142,662,12,161,865,411,41
2020Q1,yunojuno/django-waffle-window,https://github.com/yunojuno/django-waffle-window.git,waffle-window,20,1,2020-01-16 23:11:56,2020-01-16T15:07:12+00:00,0,2020-07-14,5817d8dbbfbdac7034a9fb467d58450c66fb5e07,180,0,10,10,1.0,240,12,53.666666666666664,47,76,1.5833333333333333,1.0,3,5.833333333333333,4.5,12,4.75,4.5,6,1.0833333333333333,0.0,5,0.3333333333333333,2,1,61.5,20.333333333333336,20.333333333333336,96.0,96.0,192,2,50,415,17,14
2020Q1,tcitry/django-api-permission,https://github.com/tcitry/django-api-permission.git,django-api-permission,36,9,2020-01-09 09:27:02,2020-01-08T16:22:20+08:00,1,2020-07-07,371bd5f2989edf906c91a0e5af60a4da11d0da42,180,0,11,11,1.0,236,4,47,47,47,7,5.0,17,17,12.0,38,17,12.0,38,0,0.0,0,0.0,22,2,36.0,2.5,6.931111111111111,3.0,12.409090909090908,273,2,40,369,89,39
2020Q1,sumihiro3/line-pay-sdk-python,https://github.com/sumihiro3/line-pay-sdk-python.git,line-pay,121,5,2020-01-11 08:11:18,2019-12-23T14:44:01+09:00,19,2020-07-09,f958ba39a2091418d7d57961574d7e44863d65e8,180,0,4,4,1.0,665,23,22.333333333333332,19.0,40,2.3043478260869565,2,4,25.869565217391305,29,45,21.26086956521739,27,39,4.608695652173913,4,7,0.9130434782608695,41,1,28.166666666666668,7.5,16.6363697705803,0.0,13.853658536585366,568,6,28,3213,822,84
2020Q1,joaompinto/pystrace,https://github.com/joaompinto/pystrace.git,pystrace,48,4,2020-02-28 22:08:54,2020-02-28T23:06:20+01:00,0,2020-08-26,11604e41bab3d2651a865b925a7099b32520c24c,180,0,4,4,1.0,179,8,60,60.0,65,3.125,1.5,9,17.625,16.0,43,17.625,16.0,43,0,0.0,0,0.0,2,1,53.0,23.475,23.475,99.5,99.5,199,3,20,819,43,8
2020Q1,Alcampopiano/hypothesize,https://github.com/Alcampopiano/hypothesize.git,hypothesize,202,32,2020-03-06 03:02:18,2020-03-05T16:43:20-05:00,0,2020-09-02,56d75ade8cd2341542a770d05ebead3eef45d363,180,0,8,8,1.0,5562,56,24.662420382165607,21,52,7.160714285714286,4.0,19,96.67857142857143,68.5,215,67.76785714285714,32.0,157,28.910714285714285,19.0,66,0.8571428571428571,73,2,27.756944444444443,9.125,26.525546961733923,14.0,75.8082191780822,5534,144,1476,7794,1669,134
2020Q1,SkyTemple/tilequant,https://github.com/SkyTemple/tilequant.git,tilequant,380,16,2020-02-23 13:36:25,2020-02-20T23:56:03+01:00,2,2020-08-21,35eb5d1296980b2fdcbe6884d1c08318dd27b155,180,0,10,10,1.0,1224,45,46.12809917355372,48.0,71,3.7111111111111112,3,8,18.2,14,33,14.355555555555556,10,29,3.8444444444444446,1,11,0.5111111111111111,17,2,47.73154362416108,3.0454545454545454,18.644413718508737,18.0,73.41176470588235,1248,298,169,1849,500,41
2020Q1,andreburgaud/robotspy,https://github.com/andreburgaud/robotspy.git,robotspy,1662,15,2020-01-29 05:30:43,2020-01-28T23:22:47-06:00,0,2020-07-27,79566dbe1d15bd9767fb29c8b87293329385a55f,180,0,4,4,1.0,605,39,44.32,39,79,2.5384615384615383,1,7,10,6,21,7.923076923076923,4,20,2.076923076923077,1,5,0.9487179487179487,12,2,53.88235294117647,1.0,14.670454545454545,1.0,77.75,933,34,263,3093,631,34
2020Q1,jinisaweaklearner/auto-eda,https://github.com/jinisaweaklearner/auto-eda.git,auto-eda,128,10,2020-03-21 09:34:40,2020-03-09T18:11:40+11:00,12,2020-09-17,b45d9f1127f5b3d8de87019e0f494dff91266876,180,0,2,2,1.0,161,2,33.15384615384615,25.0,76,6.5,6.5,10,60,60.0,92,56.5,56.5,85,3.5,3.5,7,0.5,6,2,34.166666666666664,3.25,24.1,12.0,21.0,126,30,33,253,163,8
2020Q1,FRESNA/netallocation,https://github.com/FRESNA/netallocation.git,netallocation,64,8,2020-02-17 16:34:32,2019-03-12T12:37:04+01:00,342,2020-08-15,09f7808a593f77fcdc9cd29b81393aa39dd10bd6,180,0,15,15,1.0,3610,139,36.52307692307692,32,70,3.050359712230216,2,7,22.230215827338128,14,54,13.079136690647482,7,30,9.151079136690647,3,24,0.6115107913669064,97,2,46.16287878787879,2.2,5.279351802334381,10.0,47.855670103092784,4642,264,691,6364,4520,264
2020Q1,goktug97/mpcspy,https://github.com/goktug97/mpcspy.git,mpcspy,37,3,2020-01-10 19:18:34,2020-01-06T22:10:33+03:00,4,2020-07-08,4f67eb6596a11d6209bb34de58322e0f59b8d7f8,180,0,2,2,1.0,176,4,,,,17.75,4.0,60,78,74.0,152,78,74.0,152,0,0.0,0,0.0,4,1,nan,2.36231884057971,23.556159420289855,40.5,63.75,255,0,5,295,238,9
2020Q1,danielorf/pyhubitat,https://github.com/danielorf/pyhubitat.git,pyhubitat,33,3,2020-01-12 20:00:52,2020-01-11T14:31:23-08:00,0,2020-07-10,0f240978d564722438fd262536e1daee5e4f1c6e,180,0,3,3,1.0,149,17,,,,1.1764705882352942,1,2,7.0588235294117645,6,10,3.8823529411764706,3,6,3.176470588235294,3,4,1.0,8,3,nan,21.75,22.375,2.0,16.5,132,0,21,229,14,14
2020Q1,python-marketing-research/python-marketing-research-1ed,https://github.com/python-marketing-research/python-marketing-research-1ed.git,python-marketing-research,43,5,2020-03-30 23:04:55,2020-03-05T12:49:54-07:00,25,2020-09-26,9fa18b68f5b165149e0a4d7a89a403b8ad337fb6,180,0,9,9,1.0,571,21,50.25,52.5,71,1.8095238095238095,1,4,21.333333333333332,17,40,13.19047619047619,9,30,8.142857142857142,8,12,0.9047619047619048,14,1,50.18518518518518,10.333333333333334,18.83360805860806,1.0,67.64285714285714,947,54,239,1736,1143,47
2020Q1,tkanngiesser/blobster,https://github.com/tkanngiesser/blobster.git,blobster,22,4,2020-01-20 16:23:47,2020-01-20T08:36:47+01:00,0,2020-07-18,fab4dae837b3c84b73e82e420d24b5c0171268e5,180,0,4,4,1.0,275,20,16.652173913043477,6,57,2.2,2.0,4,7.8,7.0,12,7,6.5,12,0.8,1.0,1,0.8,2,1,22.2,11.5,11.5,27.5,27.5,55,5,7,67,2,4
2020Q1,jdcasey/rpi.infobot,https://github.com/jdcasey/rpi.infobot.git,rpi.infobot,16,2,2020-02-22 15:55:06,2020-02-22T00:44:06-06:00,0,2020-08-20,576542dc8e198d0fdf2f25f4dfc4e463629e0547,180,0,4,4,1.0,115,8,21,21,21,2.125,1.5,5,8.5,6.0,16,8.5,6.0,16,0,0.0,0,0.0,0,0,nan,nan,nan,nan,nan,0,0,0,0,0,0
2020Q1,hadar-simulator/hadar,https://github.com/hadar-simulator/hadar.git,hadar,66,7,2020-02-17 15:08:41,2019-12-03T16:38:51+01:00,75,2020-08-15,56c758133e1cd519ecdc2e4fd3ec6454c182ea49,180,0,19,19,1.0,2946,191,59.241176470588236,60.0,149,1.9162303664921465,1,4,11.188481675392671,10,20,6.513089005235602,4,14,4.675392670157068,6,8,0.7225130890052356,204,2,50.15863453815261,3.1127450980392153,9.800254065611464,24.0,54.15686274509804,11048,498,2441,24078,17499,800
2020Q1,gee-community/geemap,https://github.com/gee-community/geemap.git,geemap,78795,213,2020-03-08 15:30:40,2020-03-08T11:25:10-04:00,0,2020-09-04,4389386a2853e8b9629f114f81e78413c2b089b3,180,0,12,12,1.0,11867,328,44.339393939393936,38,80,5.317073170731708,3.0,13,34.59451219512195,21.0,80,28.554878048780488,14.0,71,6.039634146341464,7.0,11,0.7073170731707317,172,4,43.08174692049272,3.0,14.966114370718065,10.5,67.43604651162791,11599,893,2834,16203,4073,289
2020Q1,alexmarder/traceutils,https://github.com/alexmarder/traceutils.git,traceutils,230,32,2020-03-05 09:39:15,2019-01-02T16:14:59-05:00,427,2020-09-01,9949cfc2019009c7028d06733656c8b4585268f5,180,0,20,20,1.0,730,53,36.77777777777778,25,69,3.207547169811321,1,9,10.528301886792454,7,23,10.50943396226415,7,23,0.018867924528301886,0,0,0.018867924528301886,35,2,31.142857142857142,2.8333333333333335,20.515890688259113,1.0,26.485714285714284,927,14,119,1155,291,59
2020Q1,tinybees/feshttp,https://github.com/tinybees/feshttp.git,feshttp,11,2,2020-03-16 05:47:24,2020-02-29T23:29:37+08:00,15,2020-09-12,f5994d217fd28bb3f053fc97829286656391400b,180,0,11,11,1.0,1557,84,31.324324324324323,28,59,2.9404761904761907,2.0,6,16.154761904761905,11.0,39,10.452380952380953,6.0,30,5.7023809523809526,7.0,10,0.7857142857142857,8,1,33.142857142857146,1.55,19.453846153846154,6.0,152.0,1216,35,359,1916,55,28
2020Q1,CleitonDeLima/django-easy-tenants,https://github.com/CleitonDeLima/django-easy-tenants.git,django-sidebar-menu,25,1,2020-03-26 02:54:14,2020-03-13T14:59:05-03:00,12,2020-09-22,500bef13e7077a1d6babdeaffba48433b11107ef,180,0,23,23,1.0,692,29,46.95,46.5,71,1.7586206896551724,1,4,6.9655172413793105,6,13,6.689655172413793,6,11,0.27586206896551724,0,1,0.10344827586206896,21,2,48.285714285714285,3.1177777777777775,7.858653198653197,12.0,29.047619047619047,610,21,186,1348,383,100
2020Q1,jj48642/spyfor,https://github.com/jj48642/spyfor.git,spyfor,19,3,2020-03-09 13:38:36,2020-02-19T11:06:24-05:00,18,2020-09-05,897f5cc429166af8501929c8b86284ea0c78034b,180,0,5,5,1.0,502,24,58.666666666666664,59.0,91,3.5,2.0,10,17.791666666666668,9.5,48,17.25,8.5,47,0.5416666666666666,1.0,1,0.5416666666666666,15,1,61.261538461538464,4.0,15.171153846153848,4.0,51.666666666666664,775,65,167,1349,1120,31
2020Q1,jonathanschilling/BinaryTimeseries,https://github.com/jonathanschilling/BinaryTimeseries.git,binarytimeseries,36,3,2020-01-29 16:44:14,2019-11-19T16:10:22+01:00,71,2020-07-27,9744c0042d9eae412ff80f7e326256eb7ef89f11,180,0,4,4,1.0,1708,112,47.1551724137931,46.5,76,3.232142857142857,3.0,3,13.919642857142858,16.0,16,13.919642857142858,16.0,16,0,0.0,0,0.0,19,1,44.66423357664234,3.2301587301587302,40.32207333960208,27.0,118.73684210526316,2256,137,164,5481,3749,38
2020Q1,rvnovaes/docassemble-wrappers,https://github.com/rvnovaes/docassemble-wrappers.git,docassemble-wrappers,37,4,2020-01-03 09:52:41,2020-01-02T22:28:51-03:00,0,2020-07-01,1e140a76e78db3b4f7f277a64ba665ec9bdf0258,180,0,2,2,1.0,27,2,61,61.0,61,3,3.0,3,10.5,10.5,11,10.5,10.5,11,0,0.0,0,0.0,8,2,57.2,1.0,9.25,0.0,2.75,22,10,10,94,22,10
2020Q1,erdogant/treeplot,https://github.com/erdogant/treeplot.git,treeplot,1538,18,2020-03-06 21:17:34,2020-03-06T21:58:54+01:00,0,2020-09-02,5e75854ca6ac9ccd2f4fb49e00223891476d2ac3,180,0,4,4,1.0,492,9,25.714285714285715,22,52,7.555555555555555,8,12,39,37,88,26.22222222222222,17,59,12.777777777777779,16,29,0.5555555555555556,30,3,25.627906976744185,1.6547619047619047,2.8812405848120126,5.5,10.1,303,43,37,387,168,45
2020Q1,ulf1/numpy-linreg,https://github.com/ulf1/numpy-linreg.git,numpy-linreg,19,3,2020-03-23 16:56:35,2020-03-23T17:55:45+01:00,0,2020-09-19,7ec7e7f0e69b3cb25ccf32a4a39e59fbbd205072,180,0,5,5,1.0,109,10,24,24.0,35,1.1,1.0,1,7.4,5.0,14,3.2,2.0,4,4.2,3.0,12,0.5,0,0,nan,nan,nan,nan,nan,0,0,0,0,0,0
2020Q1,agrif/quartustcl,https://github.com/agrif/quartustcl.git,quartustcl,21,4,2020-02-20 22:20:55,2020-02-20T16:16:31-05:00,0,2020-08-18,5607340cefdcc13c48eb6c852a0499d4d5edf854,180,0,2,2,1.0,306,10,45.75,48.0,64,3.9,1.0,5,20.1,13.0,25,14,7.0,18,6.1,0.0,17,0.4,17,1,34.666666666666664,2.7,2.7650444793301934,7.0,14.411764705882353,245,9,49,373,184,27
2020Q1,KoichiYasuoka/deplacy,https://github.com/KoichiYasuoka/deplacy.git,deplacy,3885,136,2020-03-29 02:59:35,2020-03-29T10:56:57+09:00,0,2020-09-25,569e6d0fdcb838fd2c611a93300e17e0c9579b72,180,0,3,3,1.0,467,11,22.5,23.5,33,15.454545454545455,11,28,39,50,66,39,50,66,0,0,0,0.0,121,1,10.0,2.0,3.1733742183742177,0.0,4.768595041322314,577,1,7,665,352,128
2020Q1,tomtom-international/openlr-dereferencer-python,https://github.com/tomtom-international/openlr-dereferencer-python.git,openlr-dereferencer,65,10,2020-02-12 16:16:58,2020-02-12T15:53:28+01:00,0,2020-08-10,2200b067d94f9a95f1716258c4a614d5953fc4f7,180,0,21,21,1.0,1670,118,50.6625,49.0,86,1.9067796610169492,1.0,5,8.788135593220339,4.0,18,6.440677966101695,3.5,15,2.347457627118644,1.0,3,0.8050847457627118,115,4,58.26923076923077,2.095766129032258,3.782449144587074,5.0,14.852173913043478,1708,104,254,2686,1474,277
2020Q2,WeslyG/apm,https://github.com/WeslyG/apm.git,python-apm,20,9,2020-05-25 19:07:41,2020-05-24T21:18:50+05:00,1,2020-11-21,844c111c91945b36dbed75293fe5d013dce0099a,180,0,3,3,1.0,143,2,23.444444444444443,27,35,14.5,14.5,28,61,61.0,120,59.5,59.5,117,1.5,1.5,3,0.5,12,2,22.242424242424242,2.666666666666667,8.95238095238095,6.0,21.5,258,33,46,377,204,24
2020Q2,diffix/aircloak-tools,https://github.com/diffix/aircloak-tools.git,aircloak-tools,87,5,2020-06-08 11:23:33,2020-06-08T09:00:52+00:00,0,2020-12-05,7c37d486ac3b10c3de07fc242210898b8c9eed89,180,0,6,6,1.0,256,21,18,18,18,1.5714285714285714,1,3,8.095238095238095,5,22,8.095238095238095,5,22,0,0,0,0.0,6,1,14.666666666666666,2.0,8.173333333333332,10.5,32.666666666666664,196,3,52,329,86,19
2020Q2,briis/py-weatherbit,https://github.com/briis/py-weatherbit.git,py-weatherbit,7,1,2020-05-07 09:17:02,2020-05-06T11:45:02+02:00,0,2020-11-03,6d9c7acc33a51c75ff9274c67b93e15d74b55472,180,0,5,5,1.0,1078,120,27.666666666666668,28.0,35,1.275,1.0,1,6.083333333333333,3.0,16,5.15,2.0,15,0.9333333333333333,1.0,1,0.9166666666666666,77,2,37.46875,2.0,7.437629399585922,1.0,14.584415584415584,1123,32,188,1642,1292,137
2020Q2,GitGuardian/py-gitguardian,https://github.com/GitGuardian/py-gitguardian.git,pygitguardian,360433,41,2020-05-28 14:35:11,2020-04-22T16:52:03+02:00,35,2020-11-24,988f0cca43bc2c5842bbd7e1f760c2455005530d,180,0,4,4,1.0,568,37,13,13.0,21,1.5945945945945945,1,3,9.297297297297296,5,20,7.135135135135135,3,19,2.1621621621621623,0,8,0.35135135135135137,13,2,nan,1.8333333333333333,2.3613533419985036,2.0,31.307692307692307,407,0,79,1224,758,41
2020Q2,amandeep1991/aiops,https://github.com/amandeep1991/aiops.git,aiops,97,16,2020-06-08 16:24:06,2020-06-03T17:12:42+05:30,5,2020-12-05,0f9959b740ef51a0aefb8dba1f7d5b4049ef495e,180,0,20,20,1.0,1203,65,63.7,55.0,117,2.276923076923077,1,4,9.169230769230769,5,20,8.984615384615385,5,20,0.18461538461538463,0,0,0.015384615384615385,14,1,63.44444444444444,2.166666666666667,7.32101895480831,14.5,99.07142857142857,1387,27,164,1607,922,50
2020Q2,acerv/etcdgo,https://github.com/acerv/etcdgo.git,etcdgo,34,4,2020-04-06 08:46:05,2020-04-05T19:08:58+02:00,0,2020-10-03,89ae2b7ab5a110677b96b8601bdcd67e7c5edd7c,180,0,3,3,1.0,386,20,22,24,24,2.7,2.0,6,13.4,7.0,36,9.35,5.0,29,4.05,1.5,9,0.5,7,1,nan,3.125,9.104166666666666,2.0,25.285714285714285,177,0,41,577,72,19
2020Q2,mehdi-wsc/mypackage,https://github.com/mehdi-wsc/mypackage.git,mypackage-wsc,91,10,2020-04-21 09:04:31,2020-04-20T12:47:53+02:00,0,2020-10-18,8bf49c2e5bbd8b26621234a3d5a3e2dbf0337309,180,0,6,6,1.0,433,7,25.75,23.0,40,6.428571428571429,1,29,36.714285714285715,14,144,33.142857142857146,10,141,3.5714285714285716,4,4,1.0,32,2,26.258064516129032,1.6666666666666667,16.28927793339558,0.0,29.5625,946,31,325,1349,1115,51
2020Q2,earmingol/cell2cell,https://github.com/earmingol/cell2cell.git,cell2cell,547,43,2020-05-05 08:13:30,2019-04-21T21:38:20-07:00,379,2020-11-01,d26a1b18146895c7514cd52b0e0e5404bcd68bdc,180,0,34,34,1.0,3323,104,33.294642857142854,27.0,68,3.9326923076923075,3.0,7,27.298076923076923,19.5,52,21.60576923076923,14.0,41,5.6923076923076925,0.0,17,0.49038461538461536,208,3,41.06046511627907,2.6948275862068964,11.369523640622681,9.0,30.716346153846153,6389,430,1451,8809,5356,376
2020Q2,criteo/deepr,https://github.com/criteo/deepr.git,deepr,138,25,2020-05-19 16:54:45,2020-05-19T18:15:30+02:00,0,2020-11-15,5ca7fa38aed93466af2e76d664f75585fe62373b,180,0,119,119,1.0,10059,480,38.42127659574468,37,61,2.8583333333333334,1.0,7,12.0875,6.0,28,9.679166666666667,5.0,23,2.408333333333333,0.0,11,0.4125,85,8,42.550632911392405,3.0,12.333941511713245,8.0,55.411764705882355,4710,158,734,9628,3252,387
2020Q2,SystemLight/madtornado,https://github.com/SystemLight/madtornado.git,madtornado,21,4,2020-05-09 16:47:03,2020-05-10T00:45:39+08:00,0,2020-11-05,707ee156c33facd7050449f9fccef44f1c302b19,180,0,38,38,1.0,5479,320,21.327272727272728,19,40,1.95,1.0,4,12.98125,11.0,26,7.225,5.0,14,5.75625,7.0,13,0.56875,20,1,32.458333333333336,5.333333333333333,13.592708535994097,38.5,66.0,1320,48,521,1891,577,69
2020Q2,jstephenj14/timedisagg,https://github.com/jstephenj14/timedisagg.git,timedisagg,74,1,2020-05-24 03:24:09,2020-05-15T15:14:29-05:00,8,2020-11-20,5be925c3dde492513b0e336fe1bf28583f332b1b,180,0,2,2,1.0,339,16,37.6875,35.5,62,3,1.0,7,22,6.5,99,22,6.5,99,0,0.0,0,0.0,11,1,33.76470588235294,10.933333333333334,61.613202332657195,61.0,81.36363636363636,895,272,397,1602,1262,20
2020Q2,reallistic/pyloot,https://github.com/reallistic/pyloot.git,pyloot,664,6,2020-06-08 22:16:28,2020-06-08T14:57:07-07:00,0,2020-12-05,197cc7635753b3d0889b0d19865e567b1a3432e8,180,0,11,11,1.0,990,67,44.27272727272727,47,65,2.8656716417910446,2,6,11.134328358208956,8,20,9.850746268656716,8,20,1.2835820895522387,0,6,0.23880597014925373,4,1,nan,5.3125,5.3125,3.5,4.5,18,0,4,31,26,6
2020Q2,Jittor/jittor,https://github.com/Jittor/jittor.git,jittor,1898,404,2020-04-20 04:33:18,2020-03-19T12:20:54+08:00,32,2020-10-17,84c10c7a06c4da3b4f7fd6ca45f0cae3ec13eb05,180,0,49,49,1.0,11587,679,38.240687679083095,37.0,65,3.357879234167894,2,7,13.375552282768778,6,33,12.375552282768778,6,28,1,0,0,0.07952871870397643,307,20,40.470982142857146,2.6666666666666665,8.912729894184443,3.0,29.85342019543974,9165,448,1485,17594,5697,696
2020Q2,naveens33/ctreport-selenium,https://github.com/naveens33/ctreport-selenium.git,ctreport-selenium,52,5,2020-04-11 14:20:21,2019-12-18T12:34:16+05:30,115,2020-10-08,9553b5c4b8deb52e46cf0fb3e1ea7092028cf090,180,0,832,832,1.0,248959,8630,35.85226906984229,33.0,67,3.004287369640788,2.0,7,13.69710312862109,7.0,31,11.740787949015063,5.0,26,1.9563151796060254,0.0,6,0.3432213209733488,25,1,39.77543388627865,1.525,16.43835283750055,7.0,6197.8,154945,10429,20493,202711,5534,808
2020Q2,mzabrams/fars-cleaner,https://github.com/mzabrams/fars-cleaner.git,fars-cleaner,326,10,2020-04-01 01:29:40,2020-03-31T21:16:16-04:00,0,2020-09-28,789a8c735654fc8a88fb4b5e20d1292eb1ead204,180,0,7,6,0.8571428571428571,1607,61,32.25581395348837,32,55,2.1147540983606556,1,4,17.62295081967213,14,31,15.19672131147541,12,31,2.4262295081967213,1,3,0.6557377049180327,11,2,38.54545454545455,7.176470588235294,63.294257703081236,3.0,301.3636363636364,3315,99,765,4447,2579,41
2020Q2,realjohnward/py-method,https://github.com/realjohnward/py-method.git,py-method,19,2,2020-04-13 16:19:41,2020-03-11T09:19:41-05:00,33,2020-10-10,a155ee24b96a20662ba1c175f14e7893fbd24145,180,0,2,2,1.0,115,9,9,9,9,2,2,4,8.333333333333334,10,16,8.333333333333334,10,16,0,0,0,0.0,3,1,48.333333333333336,2.0,3.733333333333333,2.0,18.666666666666668,56,3,13,97,15,6
2020Q2,kkristof200/py_common_utils,https://github.com/kkristof200/py_common_utils.git,kcu,453,70,2020-05-20 19:14:23,2020-05-20T22:09:40+03:00,0,2020-11-16,8286c77d100cd7dd01293f9af097d426c4a70679,180,0,8,8,1.0,635,37,68.66666666666667,61,108,3.7837837837837838,2,6,15.378378378378379,10,40,15.378378378378379,10,40,0,0,0,0.0,27,2,108.0,2.0,6.761778309409888,5.0,12.851851851851851,347,1,66,447,132,48
2020Q2,ktrueda/parquet-tools,https://github.com/ktrueda/parquet-tools.git,parquet-tools,124542,21,2020-05-04 05:02:20,2020-05-02T22:17:55+09:00,1,2020-10-31,274a66a1aba6b711c52ac87629a7b5b863626787,180,0,13,13,1.0,5460,372,4.415384615384616,3,4,3.8118279569892475,2.0,10,9.736559139784946,4.0,24,9.693548387096774,4.0,24,0.043010752688172046,0.0,0,0.021505376344086023,13,2,19.142857142857142,2.5,52.950056116722784,1.0,365.0,4745,14,630,5938,337,41
2020Q2,wnma3mz/wechat_msg,https://github.com/wnma3mz/wechat_msg.git,wechat-msg,11,5,2020-06-09 14:28:38,2020-06-09T22:19:43+08:00,0,2020-12-06,05f471c69083c184a43d5c1c0f894fb0d75df4c7,180,0,3,3,1.0,338,27,29.214285714285715,28.0,45,2.185185185185185,2,5,10.37037037037037,9,20,10.37037037037037,9,20,0,0,0,0.0,1,1,31.375,38.333333333333336,38.333333333333336,87.0,87.0,87,16,12,179,1,2
2020Q2,vanche93/RouterOS-Prometheus-client,https://github.com/vanche93/RouterOS-Prometheus-client.git,routeros-prometheus-client,58,7,2020-04-15 14:37:54,2020-04-15T16:42:09+03:00,0,2020-10-12,bb9dfb4edffed7fa75807723e25fd4d155beb668,180,0,2,2,1.0,302,31,7.5,7.5,9,2.2903225806451615,2,4,7.870967741935484,7,12,7.870967741935484,7,12,0,0,0,0.0,11,1,nan,4.444444444444445,4.5055555555555555,0.0,9.545454545454545,105,0,6,117,54,11
2020Q2,heidelbergcement/hcrystalball,https://github.com/heidelbergcement/hcrystalball.git,hcrystalball,8772,16,2020-06-30 08:19:16,2020-06-29T13:49:01+02:00,0,2020-12-27,57e90b907f8bc76f750a38161b2a517d25f56863,180,0,31,31,1.0,5777,155,55.390243902439025,54.0,84,3.1225806451612903,2,7,30.696774193548386,21,63,17.10322580645161,9,43,13.593548387096774,12,25,0.7870967741935484,42,4,62.38461538461539,2.0,6.695099669381279,9.5,28.19047619047619,1184,13,309,4166,2593,241
2020Q2,thomas-young-2013/soln-ml,https://github.com/thomas-young-2013/soln-ml.git,soln-ml,12,1,2020-05-15 14:57:33,2019-11-14T19:21:45+01:00,182,2020-11-11,5f3030a940d3339463fb746e375d9e440c0c2b12,180,0,290,290,1.0,37147,1671,34.891224862888485,31.0,67,3.215439856373429,2,7,18.430281268701375,10,42,16.583482944344702,9,40,1.8467983243566726,0,8,0.18970676241771395,891,6,42.37264391237901,2.0,12.05720863434201,5.0,85.75420875420875,76407,3926,13132,107839,66050,3150
2020Q2,Cenbylin/Python-EPnP,https://github.com/Cenbylin/Python-EPnP.git,pyepnp,32,3,2020-05-06 02:42:40,2020-04-28T01:21:09+08:00,8,2020-11-02,dadba93bf7eb5aaf7b8abfd94cef11ac384423d6,180,0,2,2,1.0,48,3,30,32,36,3,3,4,10,9,12,10,9,12,0,0,0,0.0,3,1,nan,nan,nan,0.0,0.0,0,0,0,86,3,7
2020Q2,GabePoel/ML-Peak-Tracker,https://github.com/GabePoel/ML-Peak-Tracker.git,peak-finder,56,6,2020-06-02 03:18:42,2020-03-24T18:34:53-07:00,69,2020-11-29,87a85ddf6abc4350a14537126f2b50931e951450,180,0,14,14,1.0,2725,177,39.68674698795181,32,70,2.7288135593220337,2,6,13.875706214689265,11,25,11.141242937853107,8,21,2.7344632768361583,3,4,0.632768361581921,46,4,43.98518518518519,5.076923076923077,10.414663834274542,16.5,95.6086956521739,4398,135,394,5353,2399,146
2020Q2,desdelgado/rheology-data-toolkit,https://github.com/desdelgado/rheology-data-toolkit.git,rheodata,21,8,2020-04-15 20:48:44,2020-03-16T17:21:44-05:00,29,2020-10-12,054b1659c914b8eed86239d27a746e26404395ec,180,0,16,14,0.875,990,52,37.6793893129771,37,66,2.1538461538461537,2.0,3,12.903846153846153,7.0,36,11.903846153846153,7.0,28,1,0.0,5,0.2692307692307692,35,1,36.745535714285715,2.66,17.475509223509224,18.0,29.714285714285715,1040,224,409,2497,1094,98
2020Q2,EMSL-Computing/MetaMS,https://github.com/EMSL-Computing/MetaMS.git,metams,41,8,2020-04-21 20:16:01,2020-04-21T01:24:48-07:00,0,2020-10-18,9cad4b4cac033ed3bfb5776c87dcbf0ee7156268,180,0,3,3,1.0,218,14,54.833333333333336,51.0,101,1.6428571428571428,1.0,3,10.928571428571429,9.5,21,9.642857142857142,7.0,21,1.2857142857142858,0.0,6,0.2857142857142857,16,1,57.65217391304348,1.1818181818181819,8.860269360269362,8.0,17.625,282,23,114,465,213,35
2020Q2,skelsec/multiplexor,https://github.com/skelsec/multiplexor.git,multiplexor,31,7,2020-04-07 22:47:46,2019-03-14T22:15:42+01:00,390,2020-10-04,14e7b2768a965a55aa154ef0351ebdf4f8a7fabf,180,0,53,53,1.0,6065,519,43.93818181818182,39,88,1.8497109826589595,1,4,8.842003853564547,6,17,8.508670520231213,6,16,0.3333333333333333,0,0,0.07129094412331406,38,2,45.88385269121813,4.722527472527473,13.407149646556567,86.0,194.1315789473684,7377,353,1470,12800,4893,254
2020Q2,kubilus1/mkdocs-paginate-plugin,https://github.com/kubilus1/mkdocs-paginate-plugin.git,mkdocs-paginate-plugin,40,6,2020-04-02 17:59:54,2020-04-01T18:35:58-04:00,0,2020-09-29,fbe69fdef3f7f8f589e3a5d5caf7d8b4bb1fdee6,180,0,2,2,1.0,104,4,67.75,68.5,89,3.5,3.0,7,20,14.5,49,20,14.5,49,0,0.0,0,0.0,4,1,67.75,2.5,27.375,2.0,21.5,86,4,20,131,9,8
2020Q2,ajinabraham/njsscan,https://github.com/ajinabraham/njsscan.git,njsscan,103557,41,2020-04-15 03:32:55,2020-04-14T23:21:00-04:00,0,2020-10-12,03ee066f5b2c02f2d0045f5d1ac370dfeda402b5,180,0,7,7,1.0,536,23,41,39,64,4.173913043478261,4,9,15.826086956521738,12,35,15.043478260869565,11,35,0.782608695652174,1,1,0.782608695652174,65,2,35.0,1.7083333333333335,3.472403724747475,0.0,9.507692307692308,618,13,60,1299,451,127
2020Q2,aman5319/Classification-Report,https://github.com/aman5319/Classification-Report.git,classification-report,88,1,2020-04-01 01:22:06,2020-03-20T20:52:43+05:30,11,2020-09-28,bd798c9621b12304686b60c527c4cc2624972e49,180,0,6,6,1.0,683,34,35.7,27.5,51,2.676470588235294,2.0,5,16.794117647058822,16.0,29,8.970588235294118,6.5,17,7.823529411764706,9.0,15,0.8235294117647058,40,1,26.0,3.8,19.127177382604447,10.0,39.675,1587,4,322,2098,1242,56
2020Q3,sfahad1414/conf_loader,https://github.com/sfahad1414/conf_loader.git,smart-config,400,4,2020-07-22 14:54:43,2020-07-22T18:02:37+05:30,0,2021-01-18,02968c25e44e109a62e9201fa0f68590a2a61215,180,0,2,2,1.0,118,5,,,,4.8,4,11,18.2,14,33,12.2,8,26,6,6,7,1.0,13,1,nan,30.75,30.1875,1.0,31.76923076923077,413,0,68,806,380,23
2020Q3,dutradda/asyncapi,https://github.com/dutradda/asyncapi.git,asyncapi,1512,21,2020-07-02 03:49:16,2020-07-01T19:36:02-03:00,0,2020-12-29,b9d3a9656e0da8230cffd462441e01b0fef19c93,180,0,16,16,1.0,2263,114,50,51.0,82,3.412280701754386,2.0,10,14.535087719298245,8.0,39,14.535087719298245,8.0,39,0,0.0,0,0.0,73,1,45.07692307692308,2.0714285714285716,5.587838876019222,5.0,39.58904109589041,2890,13,661,5316,2058,247
2020Q3,abhishekamralkar/covincli,https://github.com/abhishekamralkar/covincli.git,covin-cli,25,2,2020-07-07 13:00:42,2020-07-07T18:04:31+05:30,0,2021-01-03,e5e603d94c982ecf5c640adced013a47687d5b75,180,0,2,2,1.0,200,9,17,18,20,3.2222222222222223,3,6,15.11111111111111,13,27,11.11111111111111,9,24,4,4,6,1.0,2,1,17.0,200.0,200.0,259.5,259.5,519,9,72,637,420,7
2020Q3,hnesk/browse-ocrd,https://github.com/hnesk/browse-ocrd.git,browse-ocrd,120,21,2020-07-21 11:19:23,2020-07-04T13:16:48+02:00,17,2021-01-17,bb63450bc36f1e867611f9d961d51c37943d3e2b,180,0,27,27,1.0,2648,257,42.48780487804878,37.0,76,2.0700389105058368,1,4,7.494163424124514,5,16,6.929961089494164,4,15,0.5642023346303502,0,3,0.11673151750972763,264,3,39.61266294227188,1.8,8.05777531259096,11.5,38.121212121212125,10064,537,2069,13973,9486,736
2020Q3,thomasmatecki/pyreo,https://github.com/thomasmatecki/pyreo.git,pyreo,16,1,2020-09-06 17:04:56,2020-09-06T11:53:19-05:00,0,2021-03-05,9ae79f4922ca49609f80dceebe264805eae1c81c,180,0,4,4,1.0,143,24,48,48.0,70,1.375,1.0,2,4.166666666666667,3.0,9,4.166666666666667,3.0,9,0,0.0,0,0.0,3,1,48.0,22.625,22.625,19.0,42.0,126,2,44,229,29,8
2020Q3,aws/amazon-braket-ocean-plugin-python,https://github.com/aws/amazon-braket-ocean-plugin-python.git,amazon-braket-ocean-plugin,3148,23,2020-08-13 19:33:11,2020-02-03T14:21:29-08:00,191,2021-02-09,d6a0f115cfb4f48a42afb7847fbfe5fc4a1bf66e,180,0,5,5,1.0,844,28,45.676923076923075,63,72,2.5714285714285716,2.0,5,21.857142857142858,19.5,47,8.678571428571429,7.0,21,13.178571428571429,8.5,34,0.7857142857142857,52,5,46.50632911392405,2.0,7.628739852824521,0.0,18.346153846153847,954,79,151,3065,874,136
2020Q3,nthdevops/pyModules,https://github.com/nthdevops/pyModules.git,importfix,131,2,2020-09-24 23:36:21,2020-08-07T12:41:39-03:00,48,2021-03-23,9e573020d8ec0319ddd7f7208f8f224e8611426f,180,0,8,8,1.0,76,12,25,25.0,25,1.5,1.0,3,4.666666666666667,4.0,8,4.666666666666667,4.0,8,0,0.0,0,0.0,7,1,25.0,6.0,9.555555555555555,10.0,11.285714285714286,79,2,14,256,135,16
2020Q3,aws-samples/faropt,https://github.com/aws-samples/faropt.git,faropt,201,31,2020-08-08 21:51:20,2020-06-12T06:48:22-07:00,57,2021-02-04,623206b198cdd37099e574274145a65dd3d9662b,180,0,154,154,1.0,35446,1773,45.6610101010101,48,69,3.485617597292724,2,7,15.447264523406655,9,34,13.404963338973491,7,30,2.042301184433164,0,6,0.45741680767061477,62,4,46.67431972789116,3.6,15.856686060458438,10.0,445.1774193548387,27601,2352,6313,137066,1024,525
2020Q3,hsky77/hyssop,https://github.com/hsky77/hyssop.git,hyssop,60,12,2020-09-04 06:56:05,2020-08-20T22:03:54+08:00,14,2021-03-03,8b15179907323c4355104ebd41a20cd9e923cefb,180,0,58,58,1.0,6274,472,41.58056265984655,53,69,2.2754237288135593,1.0,5,8.029661016949152,5.0,16,7.358050847457627,3.0,15,0.6716101694915254,0.0,3,0.2944915254237288,36,3,43.24561403508772,2.324324324324324,16.845992524932615,16.0,198.0,7128,513,1973,9998,3355,148
2020Q3,bexxmodd/vizex,https://github.com/bexxmodd/vizex.git,vizex,1177,17,2020-09-14 00:06:34,2020-09-03T20:17:27-04:00,9,2021-03-13,2ed07f7b2fbb3d697c27d6721636d4b1b20556c3,180,0,7,7,1.0,1225,60,39.5609756097561,43,57,2.466666666666667,2.0,6,13.716666666666667,10.5,30,9.483333333333333,6.5,23,4.233333333333333,1.0,10,0.7166666666666667,118,4,39.121428571428574,2.6875,9.228504770136071,8.0,33.11864406779661,3908,280,541,6229,4225,231
2020Q3,jansky/ghupdatesecret,https://github.com/jansky/ghupdatesecret.git,ghupdatesecret,6,1,2020-08-01 09:16:39,2020-08-01T17:12:07+08:00,0,2021-01-28,0246ea5de300c559707d82f053943b9e46c628c3,180,0,2,2,1.0,101,4,,,,1.75,1.5,3,14.5,15.5,20,13.5,14.5,19,1,1.0,1,1.0,1,1,nan,101.0,101.0,66.0,66.0,66,0,35,129,0,2
2020Q3,melehin/amazoncaptcha-api,https://github.com/melehin/amazoncaptcha-api.git,amazoncaptcha-api,35,3,2020-09-07 14:43:30,2020-09-07T19:41:03+05:00,0,2021-03-06,e715489cc184833b3f69fede7d7c2b8083b6efcf,180,0,3,3,1.0,66,2,,,,3.5,3.5,4,22.5,22.5,26,22.5,22.5,26,0,0.0,0,0.0,4,1,nan,6.0,9.61111111111111,6.0,14.0,56,0,15,122,7,9
2020Q3,jonathanschilling/idf,https://github.com/jonathanschilling/idf.git,idf,245,1,2020-07-24 10:49:56,2020-07-24T12:40:42+02:00,0,2021-01-20,9127a67c0e7d9d1897e29d0a4e810fed80e51ca0,180,0,11,11,1.0,1958,93,49.36217948717949,45.5,89,3.3978494623655915,2,7,14.989247311827956,8,25,14.204301075268818,7,25,0.7849462365591398,0,4,0.27956989247311825,17,1,48.56609195402299,4.888888888888889,27.288808250572956,41.0,110.76470588235294,1883,348,443,2698,1155,34
2020Q3,datacommonsorg/api-python,https://github.com/datacommonsorg/api-python.git,datacommons-pandas,5488,4,2020-08-26 01:15:32,2018-09-25T12:06:40-07:00,700,2021-02-22,347d4d3478625b5653fd0824af361b5aeea8ae11,180,0,17,11,0.6470588235294118,1978,24,45.32786885245902,48.0,74,6.208333333333333,6.0,12,62.208333333333336,61.5,108,25.75,22.0,44,36.458333333333336,29.5,76,1.0,103,6,45.19251336898396,2.0,6.839909314096539,4.0,31.339805825242717,3228,374,469,8887,3936,302
2020Q3,kevinkovalchik/Plotly-Logo,https://github.com/kevinkovalchik/Plotly-Logo.git,plotly-logo,21,2,2020-08-10 19:48:13,2020-07-06T15:47:49-04:00,35,2021-02-06,df578b327bc4ef8c008e9b1c44bdd30498a1e43e,180,0,2,2,1.0,551,23,17.22222222222222,13,46,5.260869565217392,3,11,17.52173913043478,16,36,15.956521739130435,13,36,1.565217391304348,0,6,0.2608695652173913,9,1,34.333333333333336,2.9761904761904763,136.3920634920635,7.0,88.77777777777777,799,9,85,922,351,10
2020Q3,jmschrei/bpnet-lite,https://github.com/jmschrei/bpnet-lite.git,bpnet-lite,712,31,2020-09-29 21:27:10,2020-09-25T14:03:15-07:00,4,2021-03-28,2c23bcbebde3f82ba799d1196ed3d729c43d9b53,180,0,3,3,1.0,524,11,37.84615384615385,25,83,3.5454545454545454,3,9,43.18181818181818,33,82,21,12,57,22.181818181818183,20,44,0.6363636363636364,6,1,34.0,17.977777777777778,52.57037037037037,134.0,151.66666666666666,910,28,238,1198,655,17
2020Q3,peixoto3/python-criaenvio,https://github.com/peixoto3/python-criaenvio.git,pycriaenvio,7,1,2020-08-18 16:35:52,2020-08-11T10:03:53-03:00,7,2021-02-14,79e62e64b0370e90434421ca1126accef7b62ca0,180,0,6,6,1.0,242,16,45,48.0,83,1.125,1.0,2,8.5625,2.0,19,5.5,2.0,16,3.0625,0.0,9,0.3125,8,1,45.5,3.7096774193548385,8.266935483870968,2.5,27.5,220,12,80,637,140,23
2020Q3,JakeRoggenbuck/mongofastlogger,https://github.com/JakeRoggenbuck/mongofastlogger.git,mongofastlogger,35,5,2020-09-27 21:02:40,2020-09-26T21:15:05-07:00,0,2021-03-26,92b23e8fb7134c3a01b24f273f3a7774c10c716f,180,0,2,2,1.0,201,21,30.136363636363637,29.0,43,1.619047619047619,1,3,6.190476190476191,3,14,5.619047619047619,3,13,0.5714285714285714,1,1,0.5714285714285714,13,1,30.083333333333332,3.8181818181818183,22.49280303030303,12.0,31.307692307692307,407,60,86,581,358,23
2020Q3,yohummus/plantuml2cpp,https://github.com/yohummus/plantuml2cpp.git,plantuml2cpp,14,1,2020-09-12 12:44:01,2020-08-04T21:37:44+02:00,38,2021-03-11,84db4eb06ddfccae78a11228d34372abe368fead,180,0,4,4,1.0,761,37,37.25,41.0,44,3.945945945945946,3,8,16.594594594594593,7,19,15.72972972972973,6,18,0.8648648648648649,1,1,0.8648648648648649,3,1,29.75,253.66666666666666,253.66666666666666,0.0,194.0,582,4,175,943,1,7
2020Q3,alexrutar/texproject,https://github.com/alexrutar/texproject.git,texproject,429,49,2020-07-03 04:22:05,2020-07-01T10:56:18-06:00,1,2020-12-30,183bc757000e040576ed8aab669bbd593f36ca76,180,0,5,5,1.0,714,69,40.73913043478261,39,65,1.5942028985507246,1,4,6.695652173913044,2,25,6.072463768115942,2,19,0.6231884057971014,0,1,0.2028985507246377,38,1,44.608695652173914,1.8761232349165597,7.741085173346134,18.5,35.21052631578947,1338,230,270,1877,1129,92
2020Q3,deromka/aws-session-management,https://github.com/deromka/aws-session-management.git,aws-session-management,70,7,2020-09-30 09:33:25,2020-09-30T02:24:46-07:00,0,2021-03-29,ec5899c356644d3d6e7d439253d6502738bb6fb4,180,0,2,2,1.0,101,5,44,44,44,2.6,1,8,15.2,5,46,13.4,5,46,1.8,0,9,0.2,8,2,44.0,1.3,17.433333333333334,1.0,12.25,98,1,13,140,17,12
2020Q3,Couapy/django-user-app,https://github.com/Couapy/django-user-app.git,django-user-app,43,6,2020-07-22 21:25:41,2020-07-22T08:53:59+02:00,0,2021-01-18,ec347755978ba8e53644e7617c78e6adb63d05d8,180,0,11,11,1.0,285,10,42,39.0,65,3,2.5,5,13.5,10.0,23,13,10.0,22,0.5,0.5,1,0.5,4,1,40.44444444444444,37.75,25.86111111111111,128.5,126.75,507,9,101,652,335,23
2020Q3,leonarduschen/cmdchess,https://github.com/leonarduschen/cmdchess.git,cmdchess,30,3,2020-08-17 14:50:46,2020-07-20T22:39:14+08:00,28,2021-02-13,8996981e6e25bae26c0f994f3f4de99eb0ff8863,180,0,6,6,1.0,1001,81,19,17,24,1.8395061728395061,1,4,8.419753086419753,5,22,5.777777777777778,2,13,2.6419753086419755,0,10,0.43209876543209874,33,1,15.666666666666666,3.0,3.602681795328854,1.0,9.93939393939394,328,6,84,878,389,50
2020Q3,Auditory-Biophysics-Lab/ablinfer,https://github.com/Auditory-Biophysics-Lab/ablinfer.git,ablinfer,480,7,2020-07-17 21:09:00,2020-06-15T18:41:27-04:00,31,2021-01-13,94e64eacd8c8b30088637d7dc5fd3f25b70adc0e,180,0,25,25,1.0,3024,147,44.4296875,41.5,87,4.428571428571429,3,10,16.972789115646258,9,37,15.136054421768707,8,35,1.836734693877551,0,7,0.35374149659863946,41,1,47.54471544715447,2.662907268170426,12.073675073099416,6.0,71.1951219512195,2919,123,608,3753,644,120
2020Q3,kratsg/itksn,https://github.com/kratsg/itksn.git,itksn,628,14,2020-08-25 19:02:02,2020-08-25T14:38:03-04:00,0,2021-02-21,7a985a91b8a143066427c0ae3fdf314ce3f3f432,180,0,5,5,1.0,250,3,52.5,52.5,58,1.3333333333333333,1,2,4,5,5,3,2,5,1,0,3,0.3333333333333333,7,1,52.5,4.791666666666667,13.563888888888888,16.0,37.57142857142857,263,2,21,453,46,20
2020Q3,freelawproject/disclosure-extractor,https://github.com/freelawproject/disclosure-extractor.git,disclosure-extractor,396,52,2020-09-03 15:14:12,2020-08-21T15:05:42-04:00,12,2021-03-02,b771642e17907da414269698e62c131719e4eef2,180,0,8,8,1.0,2006,43,44.77570093457944,42,67,8.511627906976743,5,26,41.53488372093023,30,82,36.906976744186046,24,81,4.627906976744186,5,8,0.8372093023255814,197,2,42.625531914893614,2.0,8.143084678276015,3.0,21.497461928934012,4235,235,533,5177,3110,284
2020Q3,voicegain/python-sdk,https://github.com/voicegain/python-sdk.git,voicegain-speech,932,169,2020-08-05 17:41:55,2020-08-04T22:08:44-05:00,0,2021-02-01,337436ebc19951bbe396d6776547db6f68c1e223,180,0,343,343,1.0,74104,4390,22.54113924050633,15.0,45,2.4451025056947606,1.0,7,11.51002277904328,9.0,23,6.853986332574032,3.0,22,4.6560364464692485,6.0,7,0.9938496583143508,82,3,6449.446065259117,2.9814126394052045,9.5183285052207,57.0,782.2682926829268,64146,2605,17382,84506,10042,7343
2020Q3,fredericokremer/covira,https://github.com/fredericokremer/covira.git,covira,74,11,2020-08-23 21:20:35,2020-08-23T18:10:01-03:00,0,2021-02-19,ef2580f7651117ce884d1c22d671f0f8da0f2433,180,0,2,2,1.0,113,5,,,,2.8,1,7,16.4,12,26,7.2,3,17,9.2,9,10,1.0,3,1,nan,56.5,56.5,0.0,28.666666666666668,86,0,27,158,2,7
2020Q3,h1st-ai/h1st,https://github.com/h1st-ai/h1st.git,h1st,110,22,2020-08-16 05:17:29,2020-08-15T22:23:25-07:00,-1,2021-02-12,b3853d31f95e4dbd7e76b94ce6be9fb132f87589,180,0,55,55,1.0,4023,245,35.868852459016395,31.5,67,2.5183673469387755,1,5,12.085714285714285,8,26,9.159183673469387,5,20,2.926530612244898,0,7,0.4204081632653061,177,13,42.81723625557206,2.466666666666667,7.99205993827761,2.0,54.29943502824859,9611,673,2491,23650,15901,637
2020Q3,williamfzc/difile,https://github.com/williamfzc/difile.git,difile,27,5,2020-07-01 15:20:36,2020-07-01T18:07:33+08:00,0,2020-12-28,ad2d029c01b6a4d3ec6f589395e851b6d405de8c,180,0,3,3,1.0,260,17,19.555555555555557,10.0,47,2.5294117647058822,2,6,14.058823529411764,8,42,14.058823529411764,8,42,0,0,0,0.0,22,1,18.08695652173913,2.1875,11.83136865857454,2.5,17.181818181818183,378,46,66,624,249,32
2020Q4,supergus/fun,https://github.com/supergus/fun.git,fun-supergus,29,2,2020-11-22 15:20:32,2020-11-22T08:24:49-05:00,0,2021-05-21,0111ea46b5ace030760eb3ce3b4311e3d7d16306,180,0,6,6,1.0,1149,24,41.07608695652174,38.0,68,5.75,2.0,26,39,15.5,117,30.875,7.5,107,8.125,1.0,32,0.7083333333333334,16,1,42.042755344418055,1.3333333333333333,42.63343079922028,1.0,166.125,2658,421,833,3977,2783,41
2020Q4,hari01584/pyUDPpunch,https://github.com/hari01584/pyUDPpunch.git,pyudppunch,48,10,2020-10-02 13:56:12,2020-10-02T16:39:45+05:30,0,2021-03-31,0cb56b48f4648b0c4e6ad17ab1d50382b309d6cd,180,0,2,2,1.0,244,9,51.666666666666664,54.0,81,4.666666666666667,1,18,22.666666666666668,12,89,22.666666666666668,12,89,0,0,0,0.0,22,1,54.5,4.7894736842105265,19.8427903091061,3.5,21.0,462,22,121,654,381,27
2020Q4,brisvag/emfile,https://github.com/brisvag/emfile.git,emfile,3015,3,2020-12-10 22:47:41,2020-12-10T17:38:49+01:00,0,2021-06-08,a9a7819c12b440259fa8b68d145461c8a6a5f8f1,180,0,4,4,1.0,144,2,19.5,13.0,80,6,6.0,7,28.5,28.5,34,25,25.0,30,3.5,3.5,4,1.0,8,1,19.818181818181817,22.0,22.86,9.0,19.875,159,11,39,214,66,12
2020Q4,IMIO/imio.prometheus,https://github.com/IMIO/imio.prometheus.git,imio.prometheus,60,2,2020-11-10 13:18:40,2020-04-01T08:48:20+02:00,223,2021-05-09,111201436216abbfd8167e67829f1651e66f38ed,180,0,7,7,1.0,329,18,48.1,50.5,64,1.6666666666666667,1.0,4,11.944444444444445,6.0,31,11.777777777777779,5.5,31,0.16666666666666666,0.0,1,0.16666666666666666,28,1,49.81818181818182,12.8125,11.639311594202898,0.0,13.214285714285714,370,11,61,940,269,38
2020Q4,adelplanque/html-test-report,https://github.com/adelplanque/html-test-report.git,html-test-report,264,7,2020-10-08 06:07:26,2019-12-02T08:33:24+00:00,310,2021-04-06,948910d3ac9cf0a46898d67fe964b515a682aee8,180,0,5,5,1.0,732,56,22.9,19.5,28,2.4107142857142856,2.0,5,8.589285714285714,5.5,20,8.303571428571429,5.0,18,0.2857142857142857,0.0,0,0.08928571428571429,15,1,22.9,5.75,28.76898148148148,15.0,84.73333333333333,1271,20,240,1608,821,28
2020Q4,chaptergy/certbot-dns-njalla,https://github.com/chaptergy/certbot-dns-njalla.git,certbot-dns-njalla,2814,5,2020-10-03 15:00:32,2020-10-03T10:31:34+02:00,0,2021-04-01,71de53610a212ad84e49233fbe7e0e95241feddb,180,0,2,2,1.0,101,10,26.333333333333332,27,47,1.3,1.0,1,5.9,5.0,10,5.9,5.0,10,0,0.0,0,0.0,3,1,16.0,2.0,33.333333333333336,5.0,26.666666666666668,80,2,22,231,5,7
2020Q4,CSHS-CWRA/RavenPy,https://github.com/CSHS-CWRA/RavenPy.git,ravenpy,378,50,2020-12-20 17:15:13,2020-04-17T14:17:34-04:00,246,2021-06-18,8d9bbda0e6e3f8386f895394d116b2870c4057dc,180,0,37,37,1.0,12138,284,40.140921409214094,34.0,78,3.211267605633803,2.0,7,34.20422535211268,15.0,68,29.3943661971831,11.0,56,4.809859154929577,0.0,18,0.44366197183098594,443,6,48.4614910659273,2.375,9.403530933935608,4.0,47.941309255079005,21238,3246,4044,38909,20792,1086
2020Q4,pualien/py-sqlalchemy-ssh-connector,https://github.com/pualien/py-sqlalchemy-ssh-connector.git,sqlalchemy-connector,2433,28,2020-11-11 09:08:43,2020-01-30T08:51:08+01:00,286,2021-05-10,b4b6056036f846dd5fc504fd914a7327dc80bfc4,180,0,5,5,1.0,319,15,38,43,47,3.1333333333333333,2,5,12.733333333333333,9,25,10.6,8,21,2.1333333333333333,0,5,0.4666666666666667,37,1,36.1875,2.0,8.831899641577062,3.0,12.756756756756756,472,16,101,673,303,68
2020Q4,KenMighell/mkpy3,https://github.com/KenMighell/mkpy3.git,mkpy3,14,2,2020-12-18 19:54:11,2020-07-23T09:58:08-07:00,148,2021-06-16,d06e03ed24a7369829cf729389dac4dd144537c3,180,0,17,17,1.0,4093,30,22.99721059972106,11,68,9.033333333333333,5.5,13,122.03333333333333,80.5,213,103.33333333333333,56.5,213,18.7,3.0,42,0.7,63,3,26.85568065506653,2.8157894736842106,53.95718772732354,38.0,142.0,8946,1954,1233,12164,8040,150
2020Q4,egemenimre/ccsds-ndm,https://github.com/egemenimre/ccsds-ndm.git,ccsds_ndm,2771,9,2020-11-24 23:08:46,2020-11-13T23:35:11+01:00,11,2021-05-23,4b310d44cd77cb3d3e5a4923a70a12d35dad2ffa,180,0,17,17,1.0,10387,55,36.16748768472906,34,61,5.327272727272727,3,15,33.49090909090909,24,66,21.745454545454546,11,59,11.745454545454546,13,18,0.9454545454545454,101,3,36.59705882352941,1.9166666666666665,69.64243816769884,0.0,352.0792079207921,35560,340,3295,60352,49428,214
2020Q4,chrahunt/subprocess-check,https://github.com/chrahunt/subprocess-check.git,subprocess-check,26,1,2020-11-22 23:31:30,2020-11-22T12:22:58-05:00,0,2021-05-21,ea68566a6e9a2fa02394fa992c08ba89cac0e74f,180,0,3,3,1.0,147,9,48.375,63.5,79,2.6666666666666665,2,9,11.666666666666666,4,47,10.333333333333334,4,35,1.3333333333333333,0,12,0.1111111111111111,3,1,48.375,17.0,25.166666666666668,21.0,31.333333333333332,94,16,40,227,6,7
2020Q4,naver/kapture-localization,https://github.com/naver/kapture-localization.git,kapture-localization,2448,14,2020-11-24 09:19:25,2020-11-18T17:17:46+01:00,5,2021-05-23,e46b92e282fe8eb53340bb058725df98ddf5e264,180,0,24,24,1.0,2568,47,45.01724137931034,41.5,74,5.297872340425532,3,11,45.12765957446808,27,111,35.297872340425535,18,96,9.829787234042554,9,19,0.8297872340425532,50,6,45.7,1.25,8.047413254543985,0.0,45.2,2260,120,292,6273,550,123
2020Q4,softnanolab/softnanotools,https://github.com/softnanolab/softnanotools.git,softnanotools,612,16,2020-11-09 12:29:27,2020-11-05T14:21:15+00:00,3,2021-05-08,ad6a80f57bdf8dac31d2757d04e4f5f04d2c6adc,180,0,8,8,1.0,342,23,27,27.0,29,2.6956521739130435,1,7,8.478260869565217,6,20,8,6,20,0.4782608695652174,0,1,0.4782608695652174,22,1,27.0,6.666666666666666,13.309027777777779,1.0,15.863636363636363,349,2,65,3121,232,52
2020Q4,inwonyeu/interphon,https://github.com/inwonyeu/interphon.git,interphon,61,11,2020-12-08 06:22:03,2020-11-23T14:27:58+09:00,15,2021-06-06,d4d1333573f41a800652c9f6375130193e03f71f,180,0,26,26,1.0,6284,123,36.58054054054054,32,88,7.308943089430894,3,14,40.577235772357724,12,86,37.26829268292683,9,82,3.3089430894308944,0,11,0.37398373983739835,133,2,43.44010088272383,1.5,20.932959503636656,1.0,51.909774436090224,6904,1586,1168,11280,3628,185
2020Q4,huggingface/accelerate,https://github.com/huggingface/accelerate.git,accelerate,20281841,80,2020-10-30 13:43:42,2020-10-30T14:27:14+01:00,0,2021-04-28,4f376df41ceea6af4a077b7c2dbedc870d21a646,180,0,21,21,1.0,3180,137,48.80357142857143,55.5,77,4.043795620437956,2,10,15.408759124087592,8,40,13.583941605839415,6,37,1.8248175182481752,0,6,0.2846715328467153,105,10,48.903002309468825,2.0,6.13765662011237,4.0,30.16190476190476,3167,433,655,7346,2683,303
2020Q4,fixpoint/python-spymock,https://github.com/fixpoint/python-spymock.git,python-spymock,122,3,2020-12-18 07:04:41,2020-12-18T15:15:51+09:00,0,2021-06-16,e2095b52bf7ca6252a2666500b1a522d3c6ed4a6,180,0,3,3,1.0,84,4,,,,1.25,1.0,2,17.25,6.0,54,9.5,6.0,23,7.75,0.0,31,0.25,2,1,nan,14.5,14.5,31.5,31.5,63,0,22,173,2,6
2020Q4,ppatrzyk/filmweb-export,https://github.com/ppatrzyk/filmweb-export.git,filmweb,54,9,2020-10-09 17:51:52,2020-07-11T11:08:58+02:00,90,2021-04-07,2654fc245831e6f12147a4bdf05903ba664e1f9e,180,0,3,3,1.0,295,8,62,62.0,78,5.375,4.5,13,25.125,25.0,52,21.75,22.5,47,3.375,3.0,8,0.875,96,2,37.80722891566265,2.5,4.294905869324475,4.0,6.364583333333333,611,83,45,785,462,110
2020Q4,Iapetus-11/aio-mc-rcon,https://github.com/Iapetus-11/aio-mc-rcon.git,aio-mc-rcon,1298,24,2020-11-06 20:12:37,2020-11-06T11:04:17-05:00,0,2021-05-05,5c9435e8b91414adb7ab8bf6e57cfe87f370c629,180,0,3,3,1.0,134,10,37.75,35.5,54,1.8,1.0,3,9.4,6.0,18,9,5.5,17,0.4,0.0,1,0.4,125,3,50.733333333333334,1.3333333333333333,5.674483775811209,2.0,6.184,773,15,297,1198,975,142
2020Q4,microprediction/embarrassingly,https://github.com/microprediction/embarrassingly.git,embarrassingly,40,4,2020-10-24 02:43:10,2020-10-23T22:06:40-04:00,0,2021-04-22,47282f10b4b09c634d2e12b6bcf14d0cb389c9e3,180,0,14,14,1.0,1125,75,44.88095238095238,34.5,78,2.4,1,5,11.293333333333333,8,25,9.293333333333333,6,22,2,1,6,0.52,22,1,52.078947368421055,13.411111111111111,30.33870489078822,12.5,66.27272727272727,1458,38,290,2414,811,83
2020Q4,zetahernandez/aws-2fa,https://github.com/zetahernandez/aws-2fa.git,aws-2fa,25,2,2020-10-04 23:00:51,2020-10-04T12:39:55-03:00,0,2021-04-02,ef2ed02e9e41fa42156566eb190ee738332bbe82,180,0,2,2,1.0,148,10,21,21,21,1.9,1.5,4,9.4,4.0,19,9.3,4.0,19,0.1,0.0,0,0.1,7,1,nan,71.875,71.875,0.0,18.0,126,0,26,339,11,11
2020Q4,asteroid-team/asteroid-filterbanks,https://github.com/asteroid-team/asteroid-filterbanks.git,asteroid-filterbanks,1000424,13,2020-11-20 20:41:34,2020-11-20T21:04:34+01:00,0,2021-05-19,8a3d13fb0e495772bc9d1deac3327affe2833e10,180,0,14,14,1.0,2258,106,44.90217391304348,46.0,70,1.7641509433962264,1.0,4,15.339622641509434,10.5,36,9.849056603773585,5.0,28,5.490566037735849,1.0,15,0.5566037735849056,37,7,47.142857142857146,1.0,23.060161677403055,1.0,91.75675675675676,3395,161,753,5469,2130,92
2020Q4,AntoineHo/HapPy,https://github.com/AntoineHo/HapPy.git,happy-antoineho,28,1,2020-12-15 14:50:26,2020-09-28T10:08:22+02:00,78,2021-06-13,97007654428d926cddd5c6bdf06ff85231ca2a83,180,0,8,8,1.0,1270,30,35.903614457831324,28.0,71,5.366666666666666,3.0,10,33.733333333333334,12.0,77,33.266666666666666,12.0,76,0.4666666666666667,0.0,1,0.4666666666666667,26,3,60.2839248434238,2.1363636363636362,34.019695607791235,17.0,122.38461538461539,3182,479,600,4326,3015,66
2020Q4,Razmo99/SimproAPI,https://github.com/Razmo99/SimproAPI.git,simproapi,27,3,2020-11-30 01:05:12,2020-11-30T08:14:42+11:00,0,2021-05-29,b6753c691c4186e84d30433eb29b6b925fe5a8c3,180,0,6,6,1.0,920,36,41.983050847457626,38,65,3.2777777777777777,2.0,8,22.305555555555557,20.0,50,15.083333333333334,12.0,36,7.222222222222222,5.0,17,0.6111111111111112,14,1,41.578947368421055,1.0,3.9071428571428575,1.5,10.571428571428571,148,19,12,179,46,14
2020Q4,20centcroak/pyBaseApp,https://github.com/20centcroak/pyBaseApp.git,pybaseapp,122,11,2020-10-04 16:52:35,2020-10-04T16:50:49+02:00,0,2021-04-02,1fbbd9870f711e7c89a5eb6cedc44ee6c2895667,180,0,4,4,1.0,154,9,7.5,7.5,9,2.7777777777777777,3,5,13.333333333333334,12,30,10.444444444444445,11,23,2.888888888888889,0,18,0.3333333333333333,14,1,7.5,9.0,17.28174603174603,0.0,31.928571428571427,447,4,64,757,518,34
2020Q4,3r1ck10/meanpy,https://github.com/3r1ck10/meanpy.git,meanpy,25,6,2020-10-08 23:31:20,2020-10-08T18:02:40-05:00,0,2021-04-06,19e34aca978aea68bbd8a6bb2ac312de3666a372,180,0,5,5,1.0,339,10,52.557377049180324,51,77,4.6,1.0,13,29,7.5,57,29,7.5,57,0,0.0,0,0.0,2,1,57.77358490566038,67.8,67.8,276.0,276.0,552,106,20,713,344,12
2020Q4,ehoraizon/engineCrawler,https://github.com/ehoraizon/engineCrawler.git,enginecrawler,33,4,2020-10-23 04:57:30,2020-10-23T01:14:52-04:00,-1,2021-04-21,9a69b2982a4c1e89158507b3703a9ef7575e1e85,180,0,6,6,1.0,483,24,27,30,49,4,3.0,8,14,12.5,26,14,12.5,26,0,0.0,0,0.0,5,1,32.666666666666664,5.266666666666667,28.725252525252525,29.0,96.0,480,3,96,641,99,14
2020Q4,raiden-network/raiden-api-client,https://github.com/raiden-network/raiden-api-client.git,raiden-api-client,45,3,2020-12-02 11:13:44,2020-11-02T13:51:20+01:00,29,2021-05-31,006e65e46410a105be34c25bfe5e3fed5f48cf09,180,0,5,5,1.0,323,34,38.2,40.5,59,1.7647058823529411,1.0,5,6.176470588235294,3.0,13,6.029411764705882,3.0,12,0.14705882352941177,0.0,0,0.029411764705882353,19,2,40.925925925925924,5.0,20.79423076923077,23.0,44.1578947368421,839,27,233,1517,1098,44
2020Q4,santanu94/torch-helper,https://github.com/santanu94/torch-helper.git,torch-helper,39,3,2020-10-05 21:28:32,2020-07-23T01:46:19+05:30,75,2021-04-03,1bf14a06cf102e3d00a6e1044e6ea12a35275073,180,0,10,10,1.0,660,33,29.285714285714285,27,47,3.787878787878788,2,11,17.818181818181817,7,47,13.181818181818182,6,42,4.636363636363637,1,25,0.5151515151515151,59,1,40.22857142857143,1.2916666666666665,3.4587788977885596,2.0,16.661016949152543,983,35,143,1195,507,91
2020Q4,modzy/sdk-python,https://github.com/modzy/sdk-python.git,modzy-sdk,100,28,2020-11-20 16:21:37,2020-07-01T10:09:05-07:00,141,2021-05-19,f09caa2c25ab526029af3815845f2074c0417ab8,180,0,15,15,1.0,2418,88,68.74369747899159,68.0,118,2.5681818181818183,1.0,5,16.772727272727273,11.0,40,7.590909090909091,4.0,19,9.181818181818182,7.0,24,0.6931818181818182,9,3,74.06049822064057,2.3333333333333335,19.971525085267775,7.0,207.55555555555554,1868,281,499,3324,426,54
2020Q4,huggingface/huggingface_hub,https://github.com/huggingface/huggingface_hub.git,huggingface-hub,163949769,243,2020-12-23 09:22:13,2020-12-22T05:20:30-05:00,0,2021-06-21,c28173fe9071005bd5dc2511057a1a9035cd18e9,180,0,113,113,1.0,7555,283,44.99828473413379,49,76,2.166077738515901,1,5,15.275618374558304,11,32,11.76678445229682,6,24,3.508833922261484,0,10,0.3957597173144876,58,12,45.52129471890971,3.7777777777777777,10.863047257124501,9.5,107.3103448275862,6224,587,1113,15774,599,325
2021Q1,ikergarcia1996/Python-IXA-Pipes,https://github.com/ikergarcia1996/Python-IXA-Pipes.git,ixapipes,30,8,2021-03-05 11:12:04,2021-03-03T12:16:31+01:00,1,2021-09-01,f764f08ceb957333436c93f7a49cd1c6c301dc30,180,0,7,7,1.0,354,16,17,17.0,21,2.6875,2.0,5,15.875,11.0,35,15.8125,11.0,35,0.0625,0.0,0,0.0625,7,1,17.0,5.333333333333333,34.601190476190474,16.0,107.71428571428571,754,4,190,948,594,18
2021Q1,KamilPiechowiak/weights-transfer,https://github.com/KamilPiechowiak/weights-transfer.git,iatransfer,19,4,2021-02-05 18:31:24,2020-10-29T13:24:11+01:00,99,2021-08-04,d7607662a2d2f7d1a16164c813e8721a0563552b,180,0,63,63,1.0,3806,197,40.5625,33.0,87,3.761421319796954,2,9,16.82233502538071,8,44,16.553299492385786,8,44,0.26903553299492383,0,0,0.08629441624365482,62,4,53.104026845637584,4.0,33.510845058153784,47.5,88.0,5456,894,1072,8390,3902,333
2021Q1,EQUENOS/dislash.py,https://github.com/EQUENOS/dislash.py.git,dislash.py,790,98,2021-02-04 15:23:10,2021-02-03T22:35:41+03:00,0,2021-08-03,5b6d6b19ec078c914c9110b8c1a6a333145ec785,180,0,14,14,1.0,4179,270,27.58888888888889,22.5,55,2.962962962962963,2.0,5,12.933333333333334,9.0,28,9.992592592592592,8.0,18,2.9407407407407407,0.0,12,0.3111111111111111,157,10,31.364217252396166,2.479166666666667,13.630219187375243,5.0,50.8343949044586,7981,313,1410,10145,5771,251
2021Q1,fkshom/avault,https://github.com/fkshom/avault.git,avault,43,4,2021-02-18 14:10:41,2021-02-16T01:47:06+09:00,2,2021-08-17,93029ea6da8ec1dc7f9fbda24fcefd545a491da5,180,0,2,2,1.0,175,13,56.75,51.5,106,3.076923076923077,3,6,11.307692307692308,13,20,11.307692307692308,13,20,0,0,0,0.0,12,1,62.285714285714285,3.458333333333333,11.991003787878789,4.5,21.5,258,7,33,765,634,19
2021Q1,CS-SI/eodag-cube,https://github.com/CS-SI/eodag-cube.git,eodag-cube,3405,18,2021-01-15 14:24:46,2020-12-04T16:14:58+01:00,41,2021-07-14,070aa70373b88ecd77f2ce4743b6e0dfff5e9649,180,0,15,15,1.0,1756,22,42.93333333333333,48.0,69,2.3636363636363638,1.0,6,15.590909090909092,10.5,21,11.681818181818182,7.5,17,3.909090909090909,1.0,8,0.8181818181818182,12,2,43.411960132890364,2.5,13.261111111111111,4.5,115.91666666666667,1391,301,144,2815,135,71
2021Q1,exhuma/puresnmp-crypto,https://github.com/exhuma/puresnmp-crypto.git,puresnmp-crypto,1495,3,2021-02-09 15:30:15,2021-02-05T14:11:42+01:00,4,2021-08-08,b7044307d5ea4c1e4126dc83fb1727151e389d17,180,0,2,2,1.0,217,9,47.75,52.0,52,1.8888888888888888,2,3,17.555555555555557,17,25,11.222222222222221,11,22,6.333333333333333,3,15,1.0,2,1,47.75,108.5,108.5,170.0,170.0,340,8,86,554,221,8
2021Q1,infinityofspace/pkb_client,https://github.com/infinityofspace/pkb_client.git,pkb-client,10667,7,2021-03-28 21:32:54,2021-03-28T23:28:11+02:00,0,2021-09-24,bb9c5dec997bea42de4895edb8bd25341d69d367,180,0,4,4,1.0,541,13,58,59.0,77,6.538461538461538,5,11,37.53846153846154,30,99,28.76923076923077,18,84,8.76923076923077,8,16,0.6923076923076923,10,1,58.0,2.764705882352941,13.169607843137253,9.5,50.4,504,8,93,1255,104,19
2021Q1,otter18/tg_logger,https://github.com/otter18/tg_logger.git,tg-logger,637,5,2021-02-03 17:11:13,2021-01-01T14:53:03+03:00,33,2021-08-02,66d5c201054a910080a8e6063ff0ea3b16326a7f,180,0,4,4,1.0,165,5,22.35,19.5,41,2.4,1,5,17.6,15,27,11,11,16,6.6,7,11,0.8,12,2,22.51851851851852,11.5,27.041666666666664,5.0,23.5,282,27,90,491,243,20
2021Q1,elifesciences/elife-cleaner,https://github.com/elifesciences/elife-cleaner.git,elifecleaner,556,93,2021-03-30 18:10:22,2021-02-23T19:22:54-08:00,34,2021-09-26,523b870e63696e3bf578d731795e9a3e4a67335d,180,0,3,3,1.0,381,19,39,37,68,4.631578947368421,4,8,17.05263157894737,14,34,15.736842105263158,11,34,1.3157894736842106,1,4,0.6842105263157895,29,1,37.125,5.5,9.031746031746032,2.0,11.586206896551724,336,16,57,2111,256,53
2021Q1,long2ice/asyncmy,https://github.com/long2ice/asyncmy.git,asyncmy,335338,24,2021-03-09 16:23:17,2021-02-07T15:06:53+08:00,30,2021-09-05,dcbca92705299a0f788754a960ccde260d7025b1,180,0,35,35,1.0,4648,237,30.755102040816325,23,62,3.0168776371308015,2,6,11.40084388185654,7,26,10.578059071729959,7,22,0.8227848101265823,0,2,0.18565400843881857,48,1,40.3013698630137,1.5,18.373378076881806,7.0,153.8125,7383,219,1025,8950,4031,179
2021Q1,quelhasu/pydeco,https://github.com/quelhasu/pydeco.git,py-deco,18,1,2021-02-05 08:25:27,2021-02-04T11:33:34+01:00,0,2021-08-04,475838ed27bd6501b486fa720eac9ac4bcac2906,180,0,2,2,1.0,51,5,,,,1,1,1,9.4,7,16,7.2,7,10,2.2,0,6,0.4,2,1,nan,26.0,26.0,21.0,21.0,42,0,10,84,1,3
2021Q1,pedromxavier/botele,https://github.com/pedromxavier/botele.git,botele,11,1,2021-03-31 01:10:31,2021-03-18T01:02:53-03:00,12,2021-09-27,6c1e6b7f1e83a262d4e407821ab4656f5cad3091,180,0,17,17,1.0,1480,97,26.671875,21.5,44,2.082474226804124,1,4,11.195876288659793,7,20,10.474226804123711,6,19,0.7216494845360825,0,1,0.25773195876288657,5,1,24.867469879518072,21.0,28.7755383290267,331.0,552.4,2762,166,681,3664,2136,72
2021Q1,tt20050510/howard-music,https://github.com/tt20050510/howard-music.git,h-music,11,4,2021-02-25 08:37:17,2021-02-21T13:46:39+08:00,4,2021-08-24,aa6638fa31af78dbec52b58c8c2a8543c3f8bd59,180,0,47,47,1.0,6922,376,34.542586750788644,30,74,3.643617021276596,2.0,7,14.542553191489361,7.0,37,12.97340425531915,5.0,37,1.5691489361702127,0.0,5,0.2553191489361702,15,2,34.140724946695094,1.9285714285714286,32.49717005679542,2.0,595.8,8937,469,1287,10743,3776,106
2021Q1,shangcode/crontip,https://github.com/shangcode/crontip.git,crontip,27,3,2021-03-30 01:12:15,2021-03-30T09:20:55+08:00,-1,2021-09-26,957a7a2005b006e5dc36b8c24d93a1aab596c304,180,0,14,14,1.0,612,28,26.91304347826087,28.0,48,2.5,1.5,5,13.642857142857142,8.5,30,11.214285714285714,5.5,29,2.4285714285714284,3.0,4,0.7857142857142857,0,0,nan,nan,nan,nan,nan,0,0,0,0,0,0
2021Q1,fepegar/resector,https://github.com/fepegar/resector.git,resector,43,3,2021-02-04 19:27:51,2019-11-19T16:51:05+00:00,443,2021-08-03,59231e72e639cae4b2de10d0ea393680522cc80a,180,0,15,15,1.0,2192,89,36.646341463414636,34.0,59,2.696629213483146,2,5,19.359550561797754,13,54,18.820224719101123,12,41,0.5393258426966292,0,2,0.11235955056179775,109,3,38.904371584699454,1.7279411764705883,5.562331466781656,4.0,33.48623853211009,3650,366,517,5266,2441,202
2021Q1,aqibsaeed/Sensor-Transformer,https://github.com/aqibsaeed/Sensor-Transformer.git,sensortransformer,16,1,2021-02-08 20:51:23,2021-02-06T16:50:28+01:00,2,2021-08-07,0ae687743cac47fc1599ad217b12fdc328e05866,180,0,4,4,1.0,153,5,,,,1.4,1,2,18.6,16,35,18.6,16,35,0,0,0,0.0,2,1,nan,35.75,35.75,104.0,104.0,208,0,29,264,84,7
2021Q1,claasd/caffoa,https://github.com/claasd/caffoa.git,caffoa,4128,61,2021-01-23 13:28:51,2021-01-23T14:15:35+01:00,0,2021-07-22,cc5c2c008db68fb48c3bef90201a14f6275019d3,180,0,6,6,1.0,549,29,46,36,71,5.275862068965517,3,17,16.275862068965516,8,57,16.275862068965516,8,57,0,0,0,0.0,38,2,48.0,2.0,5.425105765446674,1.5,17.94736842105263,682,8,98,860,276,80
2021Q1,open-telemetry/opentelemetry-python,https://github.com/open-telemetry/opentelemetry-python.git,opentelemetry-propagator-b3,2221893,57,2021-01-20 23:57:55,2019-05-07T14:13:31-07:00,624,2021-07-19,67bbad45917baa354a3a6d0d4361da48ff13fd31,180,0,139,139,1.0,24659,728,44.70138017565872,48.0,74,2.541208791208791,1.0,5,11.520604395604396,6.0,29,9.684065934065934,4.0,25,1.8365384615384615,0.0,7,0.2802197802197802,698,94,45.62585227272727,3.2666666666666666,16.89958014922704,16.0,96.85100286532952,67602,7040,11952,162767,119822,4554
2021Q1,binokkio/markdown_links,https://github.com/binokkio/markdown_links.git,markdown-links,29,7,2021-02-13 19:36:09,2021-02-13T20:31:27+01:00,0,2021-08-12,4872faa469a5277dda6354ec5b2297588c596c3e,180,0,2,2,1.0,253,9,38,32.0,59,8.11111111111111,2,48,22.77777777777778,5,149,22.77777777777778,5,149,0,0,0,0.0,7,1,35.875,2.357142857142857,15.286314525810324,3.0,40.57142857142857,284,8,49,369,94,15
2021Q1,ukfast/sdk-python,https://github.com/ukfast/sdk-python.git,ukfastapi,27,2,2021-01-28 12:10:44,2021-01-20T14:01:47+00:00,7,2021-07-27,5b993ba342da7d25ddb70994d30ba88b931a0b4a,180,0,14,14,1.0,545,37,39.392857142857146,37.0,76,2.3783783783783785,2,4,8.135135135135135,4,16,7.675675675675675,4,16,0.4594594594594595,0,1,0.4594594594594595,7,1,51.056603773584904,8.0,24.514619883040936,0.0,121.57142857142857,851,53,352,4208,3177,75
2021Q1,llango/shaphinx,https://github.com/llango/shaphinx.git,shaphinx,22,3,2021-03-16 03:18:13,2021-03-17T11:24:36+08:00,-2,2021-09-12,44ae7cd324c2aa352b0e1b817efd6783177b6249,180,0,15,15,1.0,1116,54,45.625,45.0,72,2.5,2.0,5,15.777777777777779,11.0,51,14.833333333333334,10.5,50,0.9444444444444444,0.0,5,0.4444444444444444,2,1,53.77363311190598,653.3181818181819,653.3181818181819,10319.5,10319.5,20639,3914,4193,31769,30394,62
2021Q1,Riddhi-28/DR_pack,https://github.com/Riddhi-28/DR_pack.git,dr-pack,19,2,2021-01-21 12:58:35,2021-01-21T16:24:13+05:30,0,2021-07-20,b8ecee79b3e55acb9fdf02a33542ac97ba838cbc,180,0,3,3,1.0,56,5,,,,1,1,1,2.2,2,3,2.2,2,3,0,0,0,0.0,3,1,nan,18.666666666666668,18.666666666666668,0.0,14.0,42,0,14,94,9,6
2021Q1,topenkoff/python-patch,https://github.com/topenkoff/python-patch.git,python-patch,3710,1,2021-01-19 05:08:13,2021-01-19T08:08:44+03:00,-1,2021-07-18,ba6c86d63bce6e1743d1077ba1dda05e45078736,180,0,2,2,1.0,6,0,,,,,,,,,,,,,,,,,1,1,nan,3.0,3.0,5.0,5.0,5,0,1,13,0,3
2021Q1,skabrits/smartcalc,https://github.com/skabrits/smartcalc.git,pmcalc,70,6,2021-02-09 13:27:27,2020-12-29T19:42:36+03:00,41,2021-08-08,ebd8af5e736927ef98deb862956037b970cfa23f,180,0,2,2,1.0,217,34,26.833333333333332,22.0,38,2.1470588235294117,1.5,4,4.9411764705882355,3.0,9,4.9411764705882355,3.0,9,0,0.0,0,0.0,12,1,38.0,1.1515151515151516,27.026936026936028,2.0,20.833333333333332,250,1,53,353,113,14
2021Q1,weearc/cqu_timetable_new,https://github.com/weearc/cqu_timetable_new.git,cqu-timetable-new,66,11,2021-02-23 06:01:09,2021-02-14T23:47:31+08:00,8,2021-08-22,c07db428a71140729fdcc654fc1a413389f68822,180,0,5,5,1.0,577,18,29.74074074074074,24,80,3,2.0,8,21.5,13.5,62,18.333333333333332,10.5,62,3.1666666666666665,0.0,9,0.4444444444444444,34,5,33.791666666666664,2.25,16.33462321492882,12.5,33.05882352941177,1124,24,165,1380,750,40
2021Q1,sbozzolo/Jhuki,https://github.com/sbozzolo/Jhuki.git,jhuki,33,10,2021-03-08 22:37:16,2020-12-16T14:56:07-07:00,82,2021-09-04,35348ee93249df286dc06e0d9f69c13477932f07,180,0,21,21,1.0,3889,79,51.642857142857146,52.5,79,2.4936708860759493,2,5,33.67088607594937,26,78,28.544303797468356,25,56,5.1265822784810124,0,22,0.34177215189873417,36,1,51.598532494758906,3.8499999999999996,32.07583774250441,14.0,89.27777777777777,3214,954,762,6152,1145,106
2021Q1,ibm/mlapp,https://github.com/ibm/mlapp.git,mlapp,320,13,2021-02-26 17:56:13,2021-02-26T19:42:02+02:00,0,2021-08-25,db34927e4c45df93438e2b7129f01388f1a34753,180,0,155,155,1.0,15163,660,36.41596638655462,31.0,69,3.0196969696969695,2.0,7,15.193939393939393,10.0,33,12.393939393939394,6.0,28,2.8,0.0,7,0.4409090909090909,20,6,37.32844243792325,3.838095238095238,11.902110915904018,43.5,641.0,12820,886,2215,19718,1419,258
2021Q1,jumon/pywer,https://github.com/jumon/pywer.git,pywer,324,2,2021-02-06 11:28:06,2021-02-06T17:02:04+09:00,0,2021-08-05,dbefd553090fb7cfde35660d6ff5587dc912a7fe,180,0,2,2,1.0,59,3,,,,3,3,3,15.666666666666666,13,21,6.333333333333333,4,11,9.333333333333334,9,10,1.0,3,1,nan,15.25,15.25,1.0,15.0,45,0,15,102,2,7
2021Q1,configly/python,https://github.com/configly/python.git,configly-python-configly,19,1,2021-01-12 04:42:46,2021-01-05T16:11:35-05:00,6,2021-07-11,c24d5571bd887e4b2e8bc63c313d5cc09f4b142f,180,0,4,4,1.0,141,6,39.2,33,72,3.3333333333333335,1.0,14,16.666666666666668,11.0,58,14.166666666666666,8.5,51,2.5,0.5,7,0.5,1,1,43.333333333333336,35.25,35.25,111.0,111.0,111,3,27,232,0,8
2021Q1,democritus-project/d8s-file-system,https://github.com/democritus-project/d8s-file-system.git,d8s-file-system,145,12,2021-03-16 11:18:56,2021-01-13T19:30:24-05:00,61,2021-09-12,4e59568ccf877f6566c8917664137f6d5afe21c5,180,0,6,6,1.0,437,55,68.38461538461539,63,103,1.6,1,4,5.181818181818182,4,9,4.236363636363636,3,8,0.9454545454545454,1,1,0.9454545454545454,36,1,70.83928571428571,1.0,15.721877489734634,1.0,23.305555555555557,839,56,341,2112,967,75
2021Q2,crwood/dzip,https://github.com/crwood/dzip.git,dzip,14,1,2021-05-05 03:17:11,2021-05-04T13:57:41-04:00,0,2021-11-01,2caa345fbaf91e59421a3eb95819372707e1a853,180,0,3,3,1.0,244,12,46.666666666666664,58,62,4.666666666666667,5.0,6,16.5,13.5,37,16.5,13.5,37,0,0.0,0,0.0,56,2,52.07142857142857,1.25,4.028730158730159,2.0,7.75,434,14,37,849,292,65
2021Q2,romainsacchi/carculator_bus,https://github.com/romainsacchi/carculator_bus.git,carculator-bus,33,7,2021-05-21 12:02:56,2020-10-05T12:04:13+02:00,228,2021-11-17,4d7a512f29accde61c574878a8a619497d49e444,180,0,15,15,1.0,13822,123,42.009661835748794,41,69,10.008130081300813,6,21,107.82926829268293,46,198,101.40650406504065,37,179,6.4227642276422765,5,15,0.6991869918699187,40,1,42.033229491173415,3.0,26.094393507252747,16.5,522.175,20887,963,2163,25105,10300,188
2021Q2,bwolfson97/plant_pathology,https://github.com/bwolfson97/plant_pathology.git,plant-pathology,19,3,2021-04-08 20:55:36,2020-10-18T15:43:02-07:00,171,2021-10-05,4036889136d03236b427522ae87368fefc4f0025,180,0,12,12,1.0,564,19,31.435897435897434,21.5,93,2.6842105263157894,1,11,20.42105263157895,13,82,17.63157894736842,9,81,2.789473684210526,1,10,0.9473684210526315,55,1,31.295238095238094,2.0,3.4310514808771577,4.0,14.472727272727273,796,105,124,1072,461,111
2021Q2,meghnathomas/magnets,https://github.com/meghnathomas/magnets.git,magnets,29,9,2021-05-13 21:03:23,2021-05-13T15:23:37-05:00,0,2021-11-09,c8ace5f14f1aad6ba7ac80fac0afb2deabdcfe6b,180,0,13,13,1.0,674,15,38.7906976744186,41,53,11.8,2,42,38.86666666666667,18,148,38.86666666666667,18,148,0,0,0,0.0,13,1,38.7906976744186,1.0,8.626373626373626,1.0,36.92307692307692,480,43,158,1825,473,42
2021Q2,vivainio/supermoto,https://github.com/vivainio/supermoto.git,supermoto,156,11,2021-04-07 16:04:17,2021-04-07T16:24:25+03:00,0,2021-10-04,ad57fef183a49661cdce10aa7c6518941d2a5270,180,0,4,4,1.0,332,32,44,39,67,1.71875,1.0,4,8,4.5,17,7.5625,4.0,16,0.4375,0.0,1,0.4375,21,1,44.0,4.6,9.626007326007327,4.0,13.619047619047619,286,3,83,516,119,32
2021Q2,Iotic-Labs/iotics-identity-py,https://github.com/Iotic-Labs/iotics-identity-py.git,iotics-identity,37,6,2021-05-28 12:33:28,2021-05-21T16:18:05+01:00,6,2021-11-24,2037f74ecb72fc018a7e4aaa51fa36d1552a5fa4,180,0,34,34,1.0,3957,185,84.08064516129032,104.0,118,1.8054054054054054,1,4,15.356756756756758,15,24,6.313513513513514,5,13,9.043243243243243,10,15,0.8432432432432433,7,4,92.6842105263158,3.3684210526315788,26.158433665864003,20.0,483.85714285714283,3387,57,559,9371,77,100
2021Q2,nasa/radbelt,https://github.com/nasa/radbelt.git,radbelt,488,7,2021-04-08 18:57:31,2021-03-25T11:11:56-04:00,14,2021-10-05,aaa61dba5b3038becc862ccf66f0562a5f695ca2,180,0,6,6,1.0,120,4,38.857142857142854,35,79,1.5,1.0,3,16,10.5,41,7.5,7.0,14,8.5,0.0,34,0.25,16,1,38.857142857142854,2.0,5.473611111111111,1.5,6.9375,111,21,27,210,51,25
2021Q2,gauss314/defi,https://github.com/gauss314/defi.git,defi,119,20,2021-04-11 21:31:01,2020-09-14T04:59:04-03:00,209,2021-10-08,826ec4158aead5c85e05340fda9a372e5c110394,180,0,2,2,1.0,490,16,53.41935483870968,70,70,2.625,2.0,8,25.3125,22.5,42,15.5,11.0,19,9.8125,9.0,18,0.875,25,2,53.58064516129032,2.0,19.997863247863247,1.0,19.8,495,31,145,765,255,39
2021Q2,eifinger/aioweenect,https://github.com/eifinger/aioweenect.git,aioweenect,2830,9,2021-04-15 14:20:07,2021-04-15T16:00:40+02:00,0,2021-10-12,c22e82b37c968a3481e324c85a44d2ec9527b0be,180,0,4,4,1.0,550,21,12,12,12,1.8571428571428572,1,2,22.238095238095237,16,38,11.80952380952381,7,20,10.428571428571429,10,18,1.0,7,2,nan,1.0,21.821428571428573,1.0,71.71428571428571,502,0,52,935,4,14
2021Q2,nickvasko/DLTrainer,https://github.com/nickvasko/DLTrainer.git,dltrainer,56,8,2021-05-28 12:38:54,2021-05-25T17:22:19-04:00,2,2021-11-24,eec9a54172ab803f75eb4861143913aa29e219d0,180,0,10,10,1.0,775,28,42,40,75,4.428571428571429,2.0,16,22.892857142857142,11.0,69,20.071428571428573,9.0,63,2.8214285714285716,0.0,8,0.42857142857142855,11,1,33.15151515151515,1.6,12.293304843304844,6.0,62.18181818181818,684,33,144,1015,240,40
2021Q2,sebastienmascha/data-science-package-steganography-tools,https://github.com/sebastienmascha/data-science-package-steganography-tools.git,steganography-tools,63,6,2021-04-14 09:21:39,2021-04-14T11:15:21+02:00,0,2021-10-11,0de56f96bbbfdae4c8aa2bd491616f87ee5354ee,180,0,4,4,1.0,539,34,41.76086956521739,39.0,70,1.7941176470588236,1.0,4,11.882352941176471,10.0,24,11.029411764705882,9.0,23,0.8529411764705882,0.5,3,0.5,3,1,44.08125,85.09883720930233,85.09883720930233,143.0,208.66666666666666,626,160,116,907,363,8
2021Q2,infinityofspace/certbot_dns_porkbun,https://github.com/infinityofspace/certbot_dns_porkbun.git,certbot-dns-porkbun,11024,15,2021-04-02 11:14:13,2021-03-30T17:42:46+02:00,2,2021-09-29,a81b54e1cdd67238218c02bca4bb553f5a7ed5a8,180,0,3,3,1.0,142,7,46.333333333333336,39,67,2.142857142857143,3,3,16,11,34,10.714285714285714,6,25,5.285714285714286,5,9,0.8571428571428571,7,2,46.333333333333336,3.0,9.678571428571429,5.0,17.285714285714285,121,3,36,203,18,9
2021Q2,veeeedro/pyArchiver,https://github.com/veeeedro/pyArchiver.git,pyarchivervadim,46,4,2021-06-02 16:43:40,2021-06-02T19:57:10+03:00,-1,2021-11-29,ce36f36f9167a242b968cefa8cf183ed282f17bd,180,0,2,2,1.0,34,2,,,,5.5,5.5,8,13.5,13.5,18,13.5,13.5,18,0,0.0,0,0.0,4,1,nan,1.0,5.0,2.0,7.5,30,0,9,167,65,11
2021Q2,DoctorJohn/django-admin-notice,https://github.com/DoctorJohn/django-admin-notice.git,django-admin-notice,6209,14,2021-04-07 20:27:57,2021-04-07T22:13:57+02:00,0,2021-10-04,3bc69f2d20a544409dda3a8c2eeb2a1566d721f6,180,0,4,4,1.0,37,2,,,,1.5,1.5,2,9.5,9.5,11,9.5,9.5,11,0,0.0,0,0.0,12,1,nan,1.0,3.8,1.0,3.0,36,0,8,171,8,16
2021Q2,shravanasati/stellapy,https://github.com/shravanasati/stellapy.git,stellapy,52,7,2021-06-13 10:41:25,2021-06-02T14:14:59+05:30,11,2021-12-10,23a9b85e44c5cfd95b896ea8ad40fdd9452ff6e7,180,0,8,8,1.0,508,26,37.26315789473684,22,127,2.769230769230769,2.0,6,14.26923076923077,12.0,28,11.76923076923077,8.0,25,2.5,3.0,7,0.5384615384615384,22,1,35.921052631578945,2.849056603773585,6.169627996043092,23.5,32.54545454545455,716,38,111,947,390,62
2021Q2,knight-byte/Ums,https://github.com/knight-byte/Ums.git,ums,33,2,2021-06-10 07:30:15,2021-06-10T13:05:02+05:30,-1,2021-12-07,7341f7ec5f6964781bc5908169960c0412b093ea,180,0,2,2,1.0,605,19,53.63636363636363,49.0,88,4,2,11,27.526315789473685,16,61,22.789473684210527,12,61,4.7368421052631575,0,13,0.3684210526315789,3,2,53.63636363636363,151.5,151.5,0.0,165.33333333333334,496,44,66,641,4,5
2021Q2,Carlosrlpzi/Opt_HC_CG,https://github.com/Carlosrlpzi/Opt_HC_CG.git,opt-hc-cg,25,3,2021-04-26 23:15:56,2021-04-26T17:27:32-05:00,0,2021-10-23,762a313ed16a7096ad3807c54a2d5968bac33bbf,180,0,3,3,1.0,187,12,32,32,32,2.3333333333333335,2.5,4,13.166666666666666,11.5,17,8.166666666666666,7.5,11,5,6.0,8,0.75,9,1,32.0,21.5,37.25,0.0,17.444444444444443,157,1,31,226,12,10
2021Q2,ComputationalPhysiology/ap_features,https://github.com/ComputationalPhysiology/ap_features.git,ap-features,2361,44,2021-05-31 11:21:46,2021-05-27T14:40:11+02:00,3,2021-11-27,581d5c730365a7157b52a5df59f57f3385591c95,180,0,17,17,1.0,4600,163,28.18232044198895,23,53,2.950920245398773,2,6,24.12269938650307,16,53,16.32515337423313,11,35,7.7975460122699385,0,23,0.4233128834355828,77,4,30.10931174089069,2.625,23.50669609790778,4.0,68.8961038961039,5305,247,1210,8639,2973,214
2021Q2,VirtualPlanetaryLaboratory/BigPlanet,https://github.com/VirtualPlanetaryLaboratory/BigPlanet.git,bigplanet,340,13,2021-05-11 13:42:10,2021-03-18T19:24:18-07:00,53,2021-11-07,8ac79ee903c4080831a29e765db230cc52c6cf2d,180,0,4,4,1.0,1084,30,45.92063492063492,42,80,8.666666666666666,4.5,19,33.13333333333333,26.0,67,27.766666666666666,20.5,64,5.366666666666666,0.0,24,0.36666666666666664,41,2,44.407098121085596,2.0,16.15780663277249,5.0,80.21951219512195,3289,479,750,5608,3328,118
2021Q2,xavibj/pyecom,https://github.com/xavibj/pyecom.git,pyecom,25,2,2021-04-30 10:12:53,2021-04-30T10:26:37+02:00,0,2021-10-27,f66aa8db9ec0edb77d3f707a72ac0b7594002c7b,180,0,2,2,1.0,53,2,,,,2,2.0,3,13,13.0,24,13,13.0,24,0,0.0,0,0.0,4,1,nan,9.916666666666668,9.916666666666668,3.5,10.5,42,0,12,110,5,7
2021Q2,ThiagoPanini/mlcomposer,https://github.com/ThiagoPanini/mlcomposer.git,mlcomposer,19,13,2021-04-14 01:31:47,2021-04-13T22:08:12-03:00,0,2021-10-11,1a74440dbb0f9b070317c8be1320df8c4e3a38d5,180,0,3,3,1.0,4465,109,40.813559322033896,38.0,71,4.321100917431193,2,11,34.6605504587156,24,86,21.623853211009173,9,58,13.036697247706423,15,29,0.5137614678899083,44,1,41.002737226277375,2.383047210300429,272.933065427638,0.0,191.45454545454547,8424,1096,1640,11989,6814,44
2021Q2,epfl-herus/mosaik-demod,https://github.com/epfl-herus/mosaik-demod.git,mosaikdemod,18,2,2021-06-25 11:51:44,2021-03-09T16:31:35+01:00,107,2021-12-22,9a7021424856e54747562e5df0d18d961bf6702c,180,0,4,4,1.0,855,21,43.095588235294116,37.0,66,4.809523809523809,2,11,29.952380952380953,23,53,27.047619047619047,18,41,2.9047619047619047,0,13,0.38095238095238093,20,1,43.34004024144869,4.380952380952381,94.78568133135607,36.0,414.7,8294,994,1590,11091,10236,39
2021Q2,guilatrova/tryceratops,https://github.com/guilatrova/tryceratops.git,tryceratops,22663,35,2021-06-20 18:46:47,2021-06-19T08:43:07-03:00,1,2021-12-17,2308e9ddbbc320b0ad43a7e959cba2d6eaa14526,180,0,26,26,1.0,1465,105,35.333333333333336,33,56,2.7714285714285714,2,5,7.923809523809524,7,16,7.828571428571428,7,16,0.09523809523809523,0,0,0.02857142857142857,140,5,33.88235294117647,2.416666666666667,4.716469847426879,8.0,15.492857142857142,2169,34,501,4689,1891,380
2021Q2,alysson3dev/pyposer,https://github.com/alysson3dev/pyposer.git,pyposer,24,5,2021-06-21 20:24:30,2021-05-18T16:46:37-03:00,34,2021-12-18,488c6386c9fc4bb288da03a4e6b17a3a0a56d20b,180,0,8,8,1.0,326,15,10.666666666666666,9,14,2.4,1,6,10.866666666666667,3,36,10.866666666666667,3,36,0,0,0,0.0,4,1,17.0,5.804347826086957,12.696816770186336,83.5,89.0,356,6,48,425,84,19
2021Q2,i2mint/couchdol,https://github.com/i2mint/couchdol.git,couchdol,20,1,2021-04-09 00:17:49,2021-04-08T17:18:08-07:00,-1,2021-10-06,985affa6a1696296e2ad3827f0083602a6a7f4ce,180,0,2,2,1.0,282,16,55.21739130434783,64.0,81,2.1875,2.0,4,6.875,5.5,12,6.875,5.5,12,0,0.0,0,0.0,1,1,61.08108108108108,141.0,141.0,201.0,201.0,201,37,44,328,0,4
2021Q2,softice70/frida-hooks,https://github.com/softice70/frida-hooks.git,frida-hooks,67,11,2021-06-25 07:46:06,2021-06-23T16:56:00+08:00,1,2021-12-22,c754286a325c0a5bf9b810df969851ef2336b9ab,180,0,9,9,1.0,2079,116,25,19,52,4.913793103448276,4.0,9,12.422413793103448,9.0,26,12.422413793103448,9.0,26,0,0.0,0,0.0,41,2,33.4,3.65,13.790159140467091,37.0,79.82926829268293,3273,5,268,3593,1487,100
2021Q2,sneakers-the-rat/recurse-words,https://github.com/sneakers-the-rat/recurse-words.git,recurse-words,27,3,2021-04-10 00:44:43,2021-04-09T16:43:10-07:00,0,2021-10-07,79520d781b44e7c24f377def265f10be602f6e21,180,0,3,3,1.0,618,31,43.84848484848485,49,62,3.193548387096774,2,5,13.290322580645162,8,29,10.387096774193548,4,21,2.903225806451613,0,9,0.45161290322580644,6,1,42.57142857142857,39.75,62.08611111111111,153.5,206.33333333333334,1238,91,307,1762,426,15
2021Q2,bandaangosta/saygeek,https://github.com/bandaangosta/saygeek.git,saygeek,19,3,2021-05-09 20:29:58,2020-10-18T01:02:01-03:00,203,2021-11-05,4da6d9d00a3993fca6fcc3546b299675f08b8bfc,180,0,3,3,1.0,159,9,43.8,46,64,2,1,6,10.666666666666666,5,25,7.444444444444445,3,25,3.2222222222222223,0,14,0.3333333333333333,11,2,34.0,3.5833333333333335,10.871212121212123,9.0,22.454545454545453,247,15,80,377,186,21
2021Q2,ELTE-DH/HTML2TEI,https://github.com/ELTE-DH/HTML2TEI.git,html2tei,73,7,2021-05-13 10:45:30,2021-05-13T12:06:48+02:00,0,2021-11-09,522701f05e90f3d6b63612833043c9437f89bf06,180,0,26,26,1.0,3738,139,52.21409921671018,49,94,5.625899280575539,3,14,20.071942446043167,12,43,17.863309352517987,9,40,2.20863309352518,1,6,0.6762589928057554,19,5,58.957142857142856,2.375,15.741108820438189,12.0,190.31578947368422,3616,350,702,4718,804,96
2021Q2,buildnode/learndash-python,https://github.com/buildnode/learndash-python.git,learndash,85,7,2021-04-19 19:19:53,2021-04-19T12:03:53-07:00,0,2021-10-16,62876ed296a38f712cb799d79e45a588b4a2b347,180,0,13,13,1.0,628,27,23.92,10.0,67,1.5185185185185186,1,2,4.37037037037037,3,8,4.37037037037037,3,8,0,0,0,0.0,17,2,64.66666666666667,6.0,10.105042016806722,17.0,43.294117647058826,736,21,133,893,262,46
2021Q3,deepmind/alphafold,https://github.com/deepmind/alphafold.git,alphafold,376,1,2021-07-16 14:30:23,2021-07-15T18:44:37+01:00,0,2022-01-12,be37a41d6f83e4145bd4912cbe8bf6a24af80c29,180,0,56,56,1.0,18723,586,40.81340158213122,41,72,3.061433447098976,2.0,7,25.245733788395903,13.0,69,21.148464163822524,9.5,56,4.097269624573379,1.0,14,0.6331058020477816,16,8,46.71649200220629,3.833333333333333,26.66816783254322,7.0,900.8125,14413,1813,3195,22390,768,173
2021Q3,bennokr/ipython_sparql_pandas,https://github.com/bennokr/ipython_sparql_pandas.git,ipython-sparql-pandas,50,8,2021-07-29 11:00:31,2021-07-29T12:49:50+02:00,0,2022-01-25,59cca736def5def9183494ef1d2b97638db36e42,180,0,2,2,1.0,73,4,,,,3.5,4.0,5,12.75,15.0,19,12.75,15.0,19,0,0.0,0,0.0,3,1,nan,46.5,31.0,71.0,47.333333333333336,142,0,44,186,113,5
2021Q3,Nicholaswogan/numbalsoda,https://github.com/Nicholaswogan/numbalsoda.git,numbalsoda,1891,9,2021-07-27 16:06:42,2021-06-28T00:12:04-07:00,29,2022-01-23,a389ae81fafe2bb9d927022522029e012cb39899,180,0,4,4,1.0,182,15,10.076923076923077,11,13,1.0666666666666667,1,1,4.2,2,8,4.133333333333334,2,8,0.06666666666666667,0,0,0.06666666666666667,11,2,31.285714285714285,9.0,19.6,0.0,13.909090909090908,153,7,26,288,64,16
2021Q3,makepath/census-parquet,https://github.com/makepath/census-parquet.git,census-parquet,27,8,2021-09-15 14:37:26,2021-08-31T15:01:39-05:00,14,2022-03-14,51027da800797895c569f9b08e84099d750e90c4,180,0,4,4,1.0,344,7,59,59,59,4.142857142857143,2,17,23.428571428571427,18,50,23.285714285714285,17,50,0.14285714285714285,0,1,0.14285714285714285,48,4,30.625,28.0,32.974123376623375,0.0,15.770833333333334,757,8,125,1767,1401,50
2021Q3,OpenVoiceOS/precise_lite_runner,https://github.com/OpenVoiceOS/precise_lite_runner.git,precise-lite-runner,2781,9,2021-09-19 14:14:20,2021-09-19T15:13:16+01:00,0,2022-03-18,aafdcff2bab7a90cd32e1b9ac16daf4b38995bc6,180,0,6,6,1.0,494,43,38.30769230769231,29,63,1.930232558139535,1,4,6.6976744186046515,5,15,6.372093023255814,4,15,0.32558139534883723,0,1,0.2558139534883721,6,2,39.75,1.8,30.454285714285714,12.5,104.0,624,12,162,873,314,22
2021Q3,rancher/opni-nats-wrapper,https://github.com/rancher/opni-nats-wrapper.git,opni-nats-yb,20,3,2021-07-19 07:27:11,2021-05-19T10:43:05-04:00,60,2022-01-15,3ecf9fc566e772329a02f18b40ab2b8f7a67e834,180,0,2,2,1.0,190,19,18.25,18.5,23,1.4210526315789473,1,3,9.736842105263158,6,16,9.578947368421053,6,16,0.15789473684210525,0,0,0.05263157894736842,9,5,17.333333333333332,2.0,28.591293891293887,14.0,33.333333333333336,300,6,61,367,177,10
2021Q3,sbaker-dev/pyGenicCT,https://github.com/sbaker-dev/pyGenicCT.git,pygenicct,15,1,2021-07-01 17:06:43,2021-06-18T13:22:25+01:00,13,2021-12-28,5fb70a47f02afc6679edf6405131455b3657d58f,180,0,3,3,1.0,302,11,48,39,97,3.1818181818181817,3,6,24.181818181818183,21,40,15.272727272727273,11,30,8.909090909090908,8,20,0.9090909090909091,13,1,45.51724137931034,3.0,11.053030303030303,8.0,19.307692307692307,251,29,69,406,49,16
2021Q3,mattiagiupponi/django-togglefield,https://github.com/mattiagiupponi/django-togglefield.git,togglefield,7,1,2021-08-01 15:36:29,2021-07-25T16:35:46+02:00,7,2022-01-28,359c6e82fb85107896db7c6f1cdfe11c88108c62,180,0,10,10,1.0,67,5,26,25,28,1.6,1,3,4.4,4,7,4.4,4,7,0,0,0,0.0,7,2,26.0,5.5,4.020952380952381,6.0,9.857142857142858,69,4,15,135,26,18
2021Q3,QuChemPedIA/scanlog,https://github.com/QuChemPedIA/scanlog.git,scanlog,12,1,2021-07-30 12:55:03,2021-07-27T13:13:48+02:00,3,2022-01-26,55c9b31259725bcee60d3aff43ffaf2835286aac,180,0,2,2,1.0,560,22,36.21875,27.0,72,5,2.0,12,21.818181818181817,11.0,57,21.818181818181817,11.0,57,0,0.0,0,0.0,3,2,38.2183908045977,560.0,376.3333333333333,426.0,285.6666666666667,857,174,99,1130,570,3
2021Q3,andyjsmith/GitHub-Email-Scraper,https://github.com/andyjsmith/GitHub-Email-Scraper.git,github-email-scraper,34,1,2021-09-22 05:01:19,2021-09-21T21:08:23-04:00,0,2022-03-21,83fa278f533c7e785462b2d96179052742817e9f,180,0,2,2,1.0,140,2,36.857142857142854,29,58,19,19.0,34,64,64.0,112,63,63.0,111,1,1.0,1,1.0,3,1,36.857142857142854,140.0,140.0,118.0,78.66666666666667,236,14,30,282,140,3
2021Q3,Liam-Deacon/antlr4-vba-parser,https://github.com/Liam-Deacon/antlr4-vba-parser.git,antlr4-vba-parser,63,3,2021-07-15 23:53:00,2021-07-16T00:21:04+01:00,0,2022-01-11,af273e6d7c4efd7660d647ad5b6e338a4ff46bd3,180,0,4,4,1.0,154,21,53.89473684210526,53,62,1.0476190476190477,1,1,2.9047619047619047,2,5,2.9047619047619047,2,5,0,0,0,0.0,2,1,nan,8.0,8.0,3.0,3.0,6,0,2,11,3,3
2021Q3,xnuinside/table-meta,https://github.com/xnuinside/table-meta.git,table-meta,5830,9,2021-08-15 11:25:01,2021-08-15T14:25:30+03:00,-1,2022-02-11,cc5dd272a03cd8d50018c4a8e5f922ccce207458,180,0,4,4,1.0,181,10,19,19,19,3.3,3.0,4,8.1,6.0,14,7.7,6.0,11,0.4,0.0,0,0.1,15,1,45.5,1.3333333333333333,3.7634920634920634,3.0,11.733333333333333,176,2,53,239,50,21
2021Q3,hamlet-io/executor-python,https://github.com/hamlet-io/executor-python.git,hamlet,2059,190,2021-07-10 03:22:38,2019-10-20T11:53:22+11:00,629,2022-01-06,7ef18019aab4fbc8bde1c8d05da7430707e800fc,180,0,134,134,1.0,10507,460,45.722772277227726,45.0,77,2.7782608695652176,1.0,5,15.72391304347826,8.0,37,14.602173913043478,6.0,36,1.1217391304347826,0.0,3,0.3695652173913043,337,7,46.97440585009141,2.8605769230769234,11.638252859831141,7.0,93.32344213649851,31450,547,3645,61016,43642,1750
2021Q3,marcuxyz/mvc_flask,https://github.com/marcuxyz/mvc_flask.git,mvc-flask,239,15,2021-09-04 18:49:20,2021-09-04T14:18:05-03:00,0,2022-03-03,096332c2d94e7750df5a6af8e706d5ef6aa93fc7,180,0,8,8,1.0,230,29,32,32,32,1.5862068965517242,1,4,5.517241379310345,2,18,5.517241379310345,2,18,0,0,0,0.0,9,1,32.0,3.4,5.005599647266314,20.0,33.77777777777778,304,1,78,740,313,54
2021Q3,ChongLC/MinimalSetofViralPeptidome-UNIQmin,https://github.com/ChongLC/MinimalSetofViralPeptidome-UNIQmin.git,uniqmin,27,8,2021-09-25 06:57:36,2020-02-11T07:27:04+08:00,592,2022-03-24,cbf0643fc2c1a90c69cd051409d0289d464b7d72,180,0,12,12,1.0,710,24,18.67948717948718,10.0,46,2.5,2.0,4,7.333333333333333,6.5,9,7.333333333333333,6.5,9,0,0.0,0,0.0,60,4,19.93015873015873,29.45,34.57027688746439,15.0,44.86666666666667,2692,315,678,3685,3004,88
2021Q3,sathouel/cdiscount_api_client,https://github.com/sathouel/cdiscount_api_client.git,cdiscount-api-client,38,8,2021-07-11 10:13:09,2021-07-09T12:46:53+03:00,2,2022-01-07,1a3e7b02609c64a4a2bf7c700dd6e399aeaf64dd,180,0,4,4,1.0,289,28,7.5,7.0,9,1.1071428571428572,1.0,2,5.214285714285714,4.0,9,5,4.0,9,0.21428571428571427,0.0,0,0.07142857142857142,11,1,7.5,1.0,17.14938271604938,1.0,23.545454545454547,259,4,54,344,33,17
2021Q3,Martin-Jia/logInNOut,https://github.com/Martin-Jia/logInNOut.git,login-and-logout-tool,7,2,2021-08-04 10:02:49,2021-08-03T11:16:57+08:00,1,2022-01-31,8fb1366a86a069e9b9b7263b0acd499793452fc6,180,0,10,10,1.0,257,26,,,,2.423076923076923,2.0,5,6.961538461538462,5.0,12,6.961538461538462,5.0,12,0,0.0,0,0.0,5,1,nan,26.8,25.65,8.0,77.0,385,0,48,522,205,16
2021Q3,vnpy/vnpy_rqdata,https://github.com/vnpy/vnpy_rqdata.git,vnpy_rqdata,845,16,2021-09-24 13:14:24,2021-09-05T09:41:27+08:00,19,2022-03-23,ac904d57f0915471f562e6596d38a5aaaa4afe8a,180,0,2,2,1.0,337,5,38.60606060606061,33,79,7,7,15,53,59,110,52,58,109,1,1,1,1.0,11,2,38.72727272727273,1.0,16.31060606060606,2.0,27.90909090909091,307,33,57,401,59,14
2021Q3,purveyor97/python_latoken,https://github.com/purveyor97/python_latoken.git,python-latoken,22,2,2021-09-27 12:23:15,2021-09-05T14:45:21+03:00,22,2022-03-26,b8cfd80f9fa2954a69649baae42771d15f64dcaa,180,0,4,4,1.0,1798,48,27,17,62,2.375,1.0,4,32.9375,33.5,55,9.270833333333334,6.0,21,23.666666666666668,24.5,38,0.8958333333333334,6,3,31.96551724137931,1.2,179.42000000000002,3.5,236.33333333333334,1418,29,368,1973,44,13
2021Q3,lvillis/python-crisp-api,https://github.com/lvillis/python-crisp-api.git,python-crisp,23,2,2021-07-03 09:03:01,2021-07-03T16:58:29+08:00,0,2021-12-30,da03583d7c891f3b75e056071339ea36b2b199ef,180,0,9,9,1.0,490,97,19.685714285714287,18,56,1.2164948453608246,1,1,2.9896907216494846,2,2,2.9896907216494846,2,2,0,0,0,0.0,4,1,19.6984126984127,39.666666666666664,40.375,155.0,159.5,638,63,248,997,459,15
2021Q3,dcmoura/spyql,https://github.com/dcmoura/spyql.git,spyql,635,12,2021-08-24 06:42:27,2020-09-23T06:35:47+01:00,335,2022-02-20,c379afa89c883b29bc4d3eaf3eea5a7c9d9cbd91,180,0,11,11,1.0,2085,221,41.67379679144385,42,73,2.1357466063348416,1,5,6.923076923076923,3,17,6.262443438914027,2,13,0.6606334841628959,0,3,0.2171945701357466,123,2,45.05088495575221,1.8285714285714287,8.714138632275183,5.0,23.78048780487805,2925,452,639,5993,2630,231
2021Q3,kellerza/sunsynk,https://github.com/kellerza/sunsynk.git,sunsynk,139,50,2021-09-07 06:36:28,2021-09-06T16:38:18+02:00,0,2022-03-06,d57102f7b821bda39698e70b3afdeb38e6ea37a0,180,0,16,16,1.0,2834,127,27.590551181102363,21,53,3.5196850393700787,3,8,14.905511811023622,10,32,13.811023622047244,9,29,1.094488188976378,1,1,0.905511811023622,58,2,30.86627906976744,2.0625,7.679612608206251,8.0,71.96551724137932,4174,172,788,7136,3170,239
2021Q3,shangsky/flask-sugar,https://github.com/shangsky/flask-sugar.git,flask-sugar,172,20,2021-08-05 13:53:34,2021-07-13T14:12:39+08:00,23,2022-02-01,0f3e7fec4d5d7618159075756224d433b30f0997,180,0,14,14,1.0,1840,59,21,21,21,3.135593220338983,1,9,24.8135593220339,22,38,24.71186440677966,22,38,0.1016949152542373,0,0,0.03389830508474576,27,3,37.5,3.888888888888889,5.86907607884732,60.0,95.81481481481481,2587,2,226,2861,979,117
2021Q3,darbiadev/darbiadev-labels,https://github.com/darbiadev/darbiadev-labels.git,darbiadev-labels,22,3,2021-07-30 17:51:06,2021-07-30T12:47:38-05:00,0,2022-01-26,9ff481e0ec4d1a6c10874909b4978efafa663f23,180,0,4,4,1.0,55,3,,,,2,2,2,12.333333333333334,14,15,12.333333333333334,14,15,0,0,0,0.0,3,1,15.75,31.2,31.2,2.0,71.66666666666667,215,4,31,319,195,6
2021Q3,glencoesoftware/zarr-jpeg2k,https://github.com/glencoesoftware/zarr-jpeg2k.git,zarr-jpeg2k,16,2,2021-09-27 11:07:22,2021-09-24T16:26:45+01:00,2,2022-03-26,e07cd4507cbc276ac59035b8152cb365c14e694f,180,0,3,3,1.0,184,7,47.23076923076923,64,75,3,3,6,9.571428571428571,8,26,9.571428571428571,8,26,0,0,0,0.0,16,2,47.23076923076923,2.0,14.576923076923077,1.5,11.6875,187,13,47,331,93,26
2021Q3,httpie/httpie-snapdsocket,https://github.com/httpie/httpie-snapdsocket.git,httpie-snapdsocket,36,1,2021-07-05 11:42:51,2021-07-02T18:43:55+02:00,2,2022-01-01,aa0d58beca2475b461ba9eac420fff5583e67bed,180,0,2,2,1.0,68,4,28.333333333333332,23,39,1,1.0,1,9.25,8.5,18,7.25,7.5,12,2,0.0,8,0.25,1,1,28.333333333333332,34.0,34.0,46.0,46.0,46,3,19,109,0,3
2021Q3,cobrobrown/tsregressor,https://github.com/cobrobrown/tsregressor.git,tsregressor,8,1,2021-07-01 03:36:12,2021-06-09T14:57:45-07:00,21,2021-12-28,f23d5032bc5841bd65f4673deb96f79551a5647c,180,0,4,4,1.0,250,16,20.09090909090909,20.0,31,2.25,1.5,8,12.375,10.5,29,12.375,10.5,29,0,0.0,0,0.0,7,2,18.71794871794872,5.538461538461538,19.175137362637365,52.0,47.0,329,39,100,491,218,10
2021Q3,ijhwlee/histo_confusion_factor,https://github.com/ijhwlee/histo_confusion_factor.git,histo-confusion-factor-ijhwlee,21,1,2021-09-11 10:56:22,2021-09-11T18:40:07+09:00,0,2022-03-10,981d64e066a2858fa6d3faa69cbe4ecae3ee9b73,180,0,2,2,1.0,189,13,48.833333333333336,46.5,78,2.769230769230769,1,8,13.307692307692308,12,31,13.307692307692308,12,31,0,0,0,0.0,7,1,51.18181818181818,6.5,62.5,2.0,44.142857142857146,309,44,22,406,186,7
2021Q3,mnahinkhan/rnpfind,https://github.com/mnahinkhan/rnpfind.git,rnpfind,29,28,2021-07-03 23:45:51,2020-10-10T01:01:14+03:00,267,2021-12-30,5aa956ddd528ab9ebd9588be845f78c449915b78,180,0,44,44,1.0,5951,129,40.89565217391304,39.5,71,4.108527131782946,3,9,28.48062015503876,16,67,21.069767441860463,10,52,7.410852713178294,6,16,0.7674418604651163,108,1,43.534246575342465,2.291666666666667,8.318548367197478,3.0,58.574074074074076,6326,949,1402,28306,22196,457
2021Q3,wearepal/ranzen,https://github.com/wearepal/ranzen.git,ranzen,463,37,2021-09-29 21:58:04,2021-02-17T18:21:50+00:00,224,2022-03-28,2a3443e79508a7a8a373cc7feb679328b0416eba,180,0,19,19,1.0,2599,113,54.24166666666667,58.5,86,3.079646017699115,2,7,16.75221238938053,8,45,12.893805309734514,7,29,3.8584070796460175,0,12,0.39823008849557523,120,5,57.20608899297424,2.0,10.95699631096948,7.0,62.80833333333333,7537,427,1428,10910,7686,316
2021Q4,Machine-Learning-for-Medical-Language/cnlp_transformers,https://github.com/Machine-Learning-for-Medical-Language/cnlp_transformers.git,cnlp-transformers,65,14,2021-12-22 21:39:48,2020-08-19T16:18:30-04:00,490,2022-06-20,51c0dbad5e84877f1350fae9d97e4fbacc7597d7,180,0,18,18,1.0,4155,158,52.69275362318841,55,90,3.7848101265822787,1.0,8,19.518987341772153,3.0,54,18.88607594936709,3.0,46,0.6329113924050633,0.0,1,0.1518987341772152,108,7,53.360275150472916,2.861538461538461,15.949354726222065,9.5,90.80555555555556,9807,1163,2071,13241,8560,219
2021Q4,joseffallman/ffpp,https://github.com/joseffallman/ffpp.git,ffpp,3558,7,2021-12-12 22:34:00,2021-12-07T11:10:31+01:00,5,2022-06-10,d0cd374c4509dabad6e4c9ac50f410b7e008cbe9,180,0,5,5,1.0,900,60,31.74074074074074,30,50,2.216666666666667,1.0,4,12.3,6.5,27,9.633333333333333,5.5,23,2.6666666666666665,0.0,8,0.36666666666666664,28,1,31.27027027027027,1.5,10.059074162796167,2.0,36.0,1008,37,197,2337,756,59
2021Q4,kakkarja/ClipperSaver,https://github.com/kakkarja/ClipperSaver.git,clippersaver-karjakak,119,22,2021-12-29 03:57:48,2022-01-01T10:30:16+07:00,-3,2022-06-27,a27195a6e8cc1e86bcae8445e9c9d866de53c5af,180,0,5,5,1.0,629,34,35.666666666666664,30,59,3.588235294117647,3.0,6,16.764705882352942,12.5,38,15.970588235294118,11.5,37,0.7941176470588235,1.0,1,0.7941176470588235,13,1,35.1,3.0,9.26950826950827,16.0,50.23076923076923,653,10,109,772,143,17
2021Q4,home-assistant-ecosystem/python-dingz,https://github.com/home-assistant-ecosystem/python-dingz.git,dingz,7,1,2021-12-02 22:17:19,2019-12-24T23:44:49+01:00,708,2022-05-31,85ff621cc42a6b70f1d5aa7c9c7a193087be00d8,180,0,10,10,1.0,1118,114,40.94871794871795,34,82,1.4473684210526316,1.0,2,6.385964912280702,4.0,14,4.9298245614035086,3.0,9,1.456140350877193,1.0,3,0.868421052631579,63,4,42.76271186440678,2.8,6.416571126397554,5.0,17.53968253968254,1105,59,277,1481,365,83
2021Q4,LiterallyTheOne/r_config,https://github.com/LiterallyTheOne/r_config.git,r-config,13,4,2021-10-06 07:51:20,2021-09-29T21:07:52+03:30,6,2022-04-04,b44c6e6dbeadf5cc53642bb24081b70f66394032,180,0,2,2,1.0,87,7,,,,2.142857142857143,1,5,9.714285714285714,10,14,6.857142857142857,5,14,2.857142857142857,5,5,0.5714285714285714,24,2,nan,6.0,15.780555555555557,0.0,7.291666666666667,175,0,44,331,173,31
2021Q4,TNO-MPC/encryption_schemes.shamir,https://github.com/TNO-MPC/encryption_schemes.shamir.git,tno.mpc.encryption-schemes.shamir,55,3,2021-12-24 10:02:48,2021-12-24T10:58:28+01:00,0,2022-06-22,46dda8dc62c7a453fafe37a9faccca394dec9a49,180,0,4,4,1.0,691,22,62.01851851851852,64.0,87,3.5,3.0,5,22.636363636363637,18.0,43,16.40909090909091,11.0,33,6.2272727272727275,6.5,10,0.9090909090909091,1,1,62.84313725490196,172.75,172.75,542.0,542.0,542,51,98,947,0,8
2021Q4,deaflurryth/optimlib,https://github.com/deaflurryth/optimlib.git,optilib,8,3,2021-12-22 19:05:08,2021-12-21T20:16:56+05:00,1,2022-06-20,217b97f479d06ecc39d476b47450e27bfc5a835e,180,0,5,4,0.8,1005,32,30.938053097345133,22,69,4.25,3.0,14,37.0625,16.0,118,36.875,16.0,118,0.1875,0.0,0,0.0625,22,1,29.23076923076923,2.3333333333333335,85.61111111111111,3.5,81.18181818181819,1786,52,155,2022,1007,31
2021Q4,ffreemt/nb2chan,https://github.com/ffreemt/nb2chan.git,nb2chan,23,2,2021-10-12 05:42:51,2021-10-10T15:42:12+08:00,1,2022-04-10,ba2249679fb053b4a53887467873e4c6b8c96d9c,180,0,5,5,1.0,277,6,40.34375,42.0,63,2.6666666666666665,2.5,5,20.833333333333332,19.0,48,18,18.0,36,2.8333333333333335,1.0,12,1.0,12,1,36.88732394366197,2.033333333333333,10.722727272727273,3.0,30.416666666666668,365,71,107,580,277,27
2021Q4,mabel-dev/opteryx,https://github.com/mabel-dev/opteryx.git,opteryx,18809,370,2021-12-29 20:00:51,2021-12-28T11:27:23+00:00,1,2022-06-27,8aa2a195dab158e8e302d3730fd3cec699a200db,180,0,68,68,1.0,7641,302,44.29368334700574,48,70,4.013245033112582,2.0,9,18.155629139072847,8.0,48,16.82450331125828,6.0,43,1.3311258278145695,0.0,4,0.33112582781456956,403,3,45.083417085427136,1.9933333333333332,5.283593059282524,7.0,91.08436724565757,36707,3980,8679,71511,60019,2125
2021Q4,dynatrace-oss/dynatrace-metric-utils-python,https://github.com/dynatrace-oss/dynatrace-metric-utils-python.git,dynatrace-metric-utils,2439,3,2021-10-18 14:14:50,2021-06-18T09:35:00+02:00,122,2022-04-16,2fbfde20f22e76a641958433097cb688b533ca7c,180,0,10,10,1.0,973,41,45.375,49.0,71,2.2439024390243905,1,5,13.804878048780488,10,30,11.170731707317072,9,23,2.6341463414634148,0,10,0.2926829268292683,2,2,45.375,49.15,49.15,318.0,318.0,636,176,162,2177,1,18
2021Q4,vnpy/vnpy_rpcservice,https://github.com/vnpy/vnpy_rpcservice.git,vnpy_rpcservice,553,8,2021-12-21 01:14:02,2021-12-09T15:50:51+08:00,11,2022-06-19,8cb023e42176fadd7c77e4d36d7ae24af6bd085a,180,0,7,7,1.0,392,27,52.61904761904762,72,79,1.5185185185185186,1,3,9.518518518518519,5,22,8.518518518518519,4,21,1,1,1,1.0,8,4,52.61904761904762,1.0,7.879105090311987,2.0,41.875,335,21,85,445,43,20
2021Q4,mbernste/spatialcorr,https://github.com/mbernste/spatialcorr.git,spatialcorr,62,3,2021-11-08 22:20:21,2021-06-07T17:44:58-05:00,153,2022-05-07,33508e8fe5a1e6317fb4f808370e671e2c7374b2,180,0,5,5,1.0,3398,29,16.10569105691057,17,22,6.137931034482759,4,13,113,66,233,90.75862068965517,59,163,22.24137931034483,6,57,0.5862068965517241,49,1,17.432098765432098,6.777777777777779,21.59721019058615,6.0,69.89795918367346,3425,405,248,6406,1356,73
2021Q4,sharad28/VIF_FACTOR,https://github.com/sharad28/VIF_FACTOR.git,vif-pkg-sharad28,25,1,2021-11-09 19:06:16,2021-11-10T00:11:26+05:30,0,2022-05-08,ea14384f8e9b6d7467b946366bad9cc23ba01426,180,0,2,2,1.0,22,1,,,,2,2,2,7,7,7,7,7,7,0,0,0,0.0,0,0,nan,nan,nan,nan,nan,0,0,0,0,0,0
2021Q4,jrussell25/dask-regionprops,https://github.com/jrussell25/dask-regionprops.git,dask-regionprops,60,5,2021-12-01 22:53:57,2021-12-01T17:41:14-05:00,0,2022-05-30,2e193e5be4e30a69c05b0ec72d877a76024c0d0d,180,0,3,3,1.0,228,7,,,,4.142857142857143,3,12,20,11,59,16.142857142857142,11,32,3.857142857142857,0,27,0.14285714285714285,11,1,nan,7.4375,15.09375,11.0,18.636363636363637,205,0,46,593,40,18
2021Q4,remigermain/nested-multipart-parser,https://github.com/remigermain/nested-multipart-parser.git,nested-multipart-parser,15439,11,2021-10-14 17:31:37,2021-10-13T13:03:18+02:00,1,2022-04-12,3ac35f7637314e61d33cb23d6b1f8a59c8d3f01a,180,0,3,3,1.0,243,15,45.285714285714285,39,69,4.333333333333333,3,10,14.333333333333334,7,30,14.333333333333334,7,30,0,0,0,0.0,17,1,45.285714285714285,2.761904761904762,7.247607376283847,0.0,15.529411764705882,264,7,38,1989,283,43
2021Q4,EeyoreLee/microservices-framework,https://github.com/EeyoreLee/microservices-framework.git,msf,77,12,2021-11-23 04:51:14,2021-11-17T14:37:11+08:00,5,2022-05-22,2de7d33d1c53ce90b0428a47b6f258aad3f0c88b,180,0,15,15,1.0,373,27,27.75,29.5,38,2.2222222222222223,2,4,7.7407407407407405,5,15,7.222222222222222,5,15,0.5185185185185185,0,0,0.07407407407407407,19,1,27.75,2.238095238095238,4.89066859066859,4.0,18.42105263157895,350,8,81,540,117,54
2021Q4,pelican-plugins/search,https://github.com/pelican-plugins/search.git,pelican-search,205,4,2021-11-16 16:29:41,2021-11-16T10:08:05-06:00,0,2022-05-15,f39e2dc9e5b2f80e3e88d5570f5b0b0abfb51c24,180,0,3,3,1.0,220,12,39.6,40,53,2.75,2.0,3,12.166666666666666,7.0,21,11.583333333333334,6.0,21,0.5833333333333334,1.0,1,0.5833333333333334,1,1,39.6,73.33333333333333,73.33333333333333,172.0,172.0,172,5,43,220,0,3
2021Q4,gityoav/pyg-timeseries,https://github.com/gityoav/pyg-timeseries.git,pyg-timeseries,249,41,2021-12-09 01:04:01,2021-12-06T22:19:49+00:00,2,2022-06-07,87aee17607da0e3618db7d8d13f0af3d3474e448,180,0,20,20,1.0,6503,228,35.576190476190476,30.0,72,3.9473684210526314,3.0,7,24.214912280701753,13.0,68,9.06140350877193,5.0,21,15.153508771929825,4.0,55,0.5570175438596491,26,1,38.40088105726872,5.892307692307693,21.378493652712404,38.0,220.26923076923077,5727,227,1208,7766,665,96
2021Q4,gmyrianthous/example-publish-pypi,https://github.com/gmyrianthous/example-publish-pypi.git,broker-clients,253,40,2021-10-15 19:02:14,2021-06-06T17:12:40+01:00,131,2022-04-13,bbf25ff23baae4ef7f404ad3953106982989d657,180,0,3,3,1.0,5,1,,,,1,1,1,2,2,2,2,2,2,0,0,0,0.0,4,1,nan,5.0,3.6666666666666665,2.0,1.75,7,0,4,36,11,7
2021Q4,un-def/virtualenv-pyenv,https://github.com/un-def/virtualenv-pyenv.git,virtualenv-pyenv,5490,6,2021-12-09 13:06:50,2021-06-04T14:50:50+03:00,188,2022-06-07,19809490f3efefb595898a0b6c1f37a53685d28b,180,0,2,2,1.0,60,5,,,,2.2,2,4,8,6,14,8,6,14,0,0,0,0.0,14,1,nan,2.0,23.47152747571408,8.5,25.214285714285715,353,0,67,791,637,30
2021Q4,deeplearningbrasil/redis-bandit,https://github.com/deeplearningbrasil/redis-bandit.git,redis-bandit,17,1,2021-10-18 11:39:04,2021-10-18T08:29:22-03:00,0,2022-04-16,be5fe991f2831b83772ca2e8c727786f8344c839,180,0,3,3,1.0,334,47,45.72727272727273,47,84,1.7872340425531914,1,3,4.553191489361702,4,9,4.446808510638298,4,9,0.10638297872340426,0,0,0.02127659574468085,1,1,47.333333333333336,111.33333333333333,111.33333333333333,252.0,252.0,252,9,73,484,0,4
2021Q4,microsoft/FOST,https://github.com/microsoft/FOST.git,fostool,86,3,2021-11-12 07:30:27,2021-10-21T17:43:43+08:00,21,2022-05-11,5dc0e1ec0cd906f781eaf416105722e9693f7e6e,180,0,19,19,1.0,2667,106,38.148648648648646,37.5,57,2.141509433962264,1.0,4,22.264150943396228,18.0,41,14.10377358490566,10.5,34,8.160377358490566,7.0,18,0.6981132075471698,6,1,38.9264705882353,1.8571428571428572,30.551691729323306,12.0,356.3333333333333,2138,68,490,3022,30,29
2021Q4,doronz88/pytbd,https://github.com/doronz88/pytbd.git,pytbd,131,3,2021-10-24 16:00:06,2021-10-24T18:56:59+03:00,0,2022-04-22,3a3cce172aa56791646c1b73fc8d36f238f7e76e,180,0,2,2,1.0,136,14,55.5,55.5,84,2.5714285714285716,2.0,5,5.642857142857143,5.0,8,5.428571428571429,4.5,8,0.21428571428571427,0.0,1,0.21428571428571427,3,1,55.5,68.5,68.5,1.0,35.0,105,2,30,193,2,4
2021Q4,summitllc/tidyhome-py,https://github.com/summitllc/tidyhome-py.git,tidyhome,34,2,2021-10-08 18:02:54,2021-08-10T16:47:37-04:00,58,2022-04-06,b8f0c6e0dab2f736c43fbe44c338b21979e2f144,180,0,3,3,1.0,531,13,57.705882352941174,55,97,3.3846153846153846,3,5,24.692307692307693,20,41,10.153846153846153,8,16,14.538461538461538,12,25,1.0,10,2,51.529411764705884,4.861538461538461,24.370560803718696,40.0,108.9,1089,51,153,1580,923,16
2021Q4,Jajcus/python-alsa-midi,https://github.com/Jajcus/python-alsa-midi.git,alsa-midi,2301,6,2021-12-31 13:03:53,2021-12-12T16:14:32+01:00,18,2022-06-29,14859a3c535d4522610ed0dd2a1f5edf9038d470,180,0,11,11,1.0,5380,238,43.07142857142857,43.5,65,2.323529411764706,1.0,5,11.819327731092438,8.0,25,9.155462184873949,5.0,18,2.6638655462184873,0.0,8,0.3949579831932773,121,2,38.455555555555556,5.0,13.122089557282012,8.0,46.247933884297524,5596,90,1070,13875,2305,292
2021Q4,Topology1225/CUDRA,https://github.com/Topology1225/CUDRA.git,cudra,48,6,2021-10-15 11:36:50,2021-10-15T19:40:44+09:00,0,2022-04-13,6145851b755604d37fde4cb1261e427b244a4c98,180,0,2,2,1.0,110,3,,,,6,4,12,29.666666666666668,16,61,29.666666666666668,16,61,0,0,0,0.0,13,1,32.0,2.5,10.419126328217239,4.0,11.692307692307692,152,2,43,267,89,14
2021Q4,XingyanLiu/CAME,https://github.com/XingyanLiu/CAME.git,came,100,14,2021-10-09 09:48:35,2021-05-16T10:59:14+08:00,146,2022-04-07,72feaada90811583effd3327c0d879cf02807888,180,0,40,40,1.0,17738,621,34.51244687310261,32,65,3.5442834138486314,3,7,22.82125603864734,12,54,18.099838969404185,10,44,4.721417069243156,0,16,0.48470209339774556,254,4,36.888325825825824,2.114693446088795,16.85092943137175,11.0,207.5275590551181,52712,5328,9543,68261,48190,849
2021Q4,siliconcompiler/siliconcompiler,https://github.com/siliconcompiler/siliconcompiler.git,siliconcompiler,35355,118,2021-12-03 19:23:28,2020-12-10T16:52:18-05:00,357,2022-06-01,5cfbe80f134597aac4e95cfb1ef941b6dda7102e,180,0,48,48,1.0,14316,245,41.57152924594785,39,75,6.36734693877551,3,14,54.053061224489795,32,109,45.755102040816325,24,93,8.29795918367347,4,22,0.7428571428571429,2645,11,35.233140180002465,2.375,9.483186745736594,5.0,27.67939508506616,73212,8111,9599,121382,95671,4899
2021Q4,NEONKID/python-mf-data,https://github.com/NEONKID/python-mf-data.git,python-mf-data,92,5,2021-12-27 11:19:43,2021-08-18T17:55:40+09:00,131,2022-06-25,9b0c470b42f874fe415386e9bfc9bcf033e259e4,180,0,13,13,1.0,552,86,15,15.0,18,1.558139534883721,1.0,3,4.941860465116279,3.0,11,4.941860465116279,3.0,11,0,0.0,0,0.0,25,3,nan,2.8181818181818183,11.95768605408928,20.0,51.16,1279,0,316,1912,1114,72
2021Q4,mghadam/ouparams,https://github.com/mghadam/ouparams.git,ouparams,119,1,2021-12-10 10:14:58,2021-12-10T12:59:13+03:30,0,2022-06-08,0862e77b606d833d1955fc47c689661ad12a446d,180,0,2,2,1.0,27,1,7.666666666666667,6,11,1,1,1,26,26,26,19,19,19,7,7,7,1.0,1,1,nan,27.0,27.0,22.0,22.0,22,0,5,27,0,1
2022Q1,IncognitoCoding/fchecker,https://github.com/IncognitoCoding/fchecker.git,fchecker,98,18,2022-01-25 05:55:14,2022-01-24T23:52:54-06:00,0,2022-07-24,353a14beeddc932a54ca84df645df31891205ee0,180,0,8,8,1.0,636,6,38.1,37.5,61,9.5,3.5,29,86.66666666666667,66.0,160,54,28.0,138,32.666666666666664,38.0,58,0.8333333333333334,15,1,37.30769230769231,2.25,15.181989600437875,8.0,79.66666666666667,1195,91,152,2544,1333,50
2022Q1,jona799t/python-hotbit,https://github.com/jona799t/python-hotbit.git,python-hotbit,10,1,2022-03-21 19:26:14,2022-03-21T17:55:28+01:00,0,2022-09-17,9f64e76284007b347a0ac2eb7b7ed1bddfa78dec,180,0,4,4,1.0,488,35,53.666666666666664,65,80,2.4285714285714284,1,5,12.542857142857143,7,28,12.542857142857143,7,28,0,0,0,0.0,8,3,65.0,9.0,33.2125,7.5,101.5,812,2,139,990,472,18
2022Q1,eunsoo-icon/icon-console,https://github.com/eunsoo-icon/icon-console.git,iconconsole,8,2,2022-03-28 11:59:23,2022-03-28T20:45:14+09:00,0,2022-09-24,60268ba09b69e7095841886d26d4aa70bb700230,180,0,10,10,1.0,1029,117,60.625,64.0,90,1.5982905982905984,1,3,5.521367521367521,3,13,4.683760683760684,2,9,0.8376068376068376,0,5,0.1623931623931624,2,1,67.57142857142857,56.0,56.0,378.0,378.0,756,7,267,1068,1,12
2022Q1,willard-yuan/cvtk-pypi,https://github.com/willard-yuan/cvtk-pypi.git,cvtk-release,55,6,2022-01-22 16:06:00,2022-01-23T00:41:59+08:00,-1,2022-07-21,53d90c1284881de9fd3c7f927e9188c304e9bde8,180,0,5,5,1.0,654,29,54.19565217391305,62.0,83,3.1724137931034484,1,8,16.20689655172414,8,43,14.241379310344827,8,43,1.9655172413793103,1,5,0.5172413793103449,1,1,nan,nan,nan,0.0,0.0,0,0,0,8,3,1
2022Q1,thevickypedia/vpn-server,https://github.com/thevickypedia/vpn-server.git,vpn-server,1272,48,2022-01-10 00:34:03,2021-09-14T20:54:57-05:00,116,2022-07-09,391f60d12a3acfeadc74172b394cbd30bc3bb278,180,0,7,7,1.0,932,25,57.15,67.0,79,5.24,4,11,29.36,25,52,21.48,18,42,7.88,8,15,1.0,49,1,58.77272727272727,3.4,8.736921587523687,26.0,52.244897959183675,2560,44,343,3011,2015,77
2022Q1,alekssamos/acapela_box,https://github.com/alekssamos/acapela_box.git,acapela-box,40,1,2022-01-10 21:31:10,2022-01-07T00:38:05+03:00,3,2022-07-09,e403a180d5a3e211da021c1bf74ff91732b772df,180,0,5,5,1.0,1576,15,31.571428571428573,25,72,3,1,9,25.133333333333333,23,48,14.4,10,32,10.733333333333333,11,20,1.0,20,1,26.285714285714285,2.0,29.788453661034307,4.0,143.25,2865,14,93,3296,1611,39
2022Q1,daltonserey/codequery,https://github.com/daltonserey/codequery.git,codequery,61,7,2022-03-16 21:35:11,2022-03-16T18:28:27-03:00,0,2022-09-12,f19768dcac962cc202c359495e45f7b8100cde16,180,0,3,3,1.0,232,32,25.333333333333332,23,32,2.59375,2.0,6,6.21875,3.0,15,6.21875,3.0,15,0,0.0,0,0.0,9,1,24.6,2.734126984126984,17.200396825396826,0.0,21.444444444444443,193,5,57,353,34,17
2022Q1,0xOmarA/RadixLib,https://github.com/0xOmarA/RadixLib.git,radixlib,22,6,2022-01-15 21:02:45,2022-01-11T07:16:49+03:00,4,2022-07-14,85d75a47d4c4df4c1a319b74857ae2c513933623,180,0,32,32,1.0,4719,255,61.652542372881356,57.0,92,1.4745098039215687,1,2,15.321568627450981,10,36,8.533333333333333,6,18,6.788235294117647,1,15,0.9372549019607843,156,2,40.87403598971722,7.25,28.32449827949828,3.0,58.166666666666664,9074,389,2040,14984,8289,343
2022Q1,danielvdende/adfpy,https://github.com/danielvdende/adfpy.git,adfpy,125,4,2022-03-15 16:02:30,2021-12-13T08:32:52+01:00,92,2022-09-11,efd8e97a33ca1c1ab644d780b49099244bc233ca,180,0,9,9,1.0,852,44,37.458333333333336,13.5,107,2.8181818181818183,2.0,4,14.340909090909092,10.0,25,12.068181818181818,9.0,16,2.272727272727273,0.0,11,0.29545454545454547,27,1,51.4537037037037,3.416666666666667,16.41100196100196,30.0,58.851851851851855,1589,108,288,2753,1315,103
2022Q1,beewally/neverlate,https://github.com/beewally/neverlate.git,neverlate,33,8,2022-02-07 15:47:31,2021-12-22T06:23:59-08:00,47,2022-08-06,36bd4800fc768591d5f8ff34125d988ce3b0239a,180,0,11,11,1.0,1745,74,36.11180124223603,32,61,2.9054054054054053,2.0,7,17.68918918918919,11.0,39,16.08108108108108,10.0,39,1.6081081081081081,1.0,5,0.7027027027027027,37,2,36.91157894736842,2.652439024390244,15.271643242959627,24.0,115.48648648648648,4273,475,875,5779,3968,119
2022Q1,offtheface/infinite-note,https://github.com/offtheface/infinite-note.git,infinite-note,14,2,2022-01-16 13:33:48,2022-01-16T13:35:27+09:00,0,2022-07-15,180215dc57a50f5752403009b7a7d4f435aaae91,180,0,8,8,1.0,345,22,45.333333333333336,45,46,1.3636363636363635,1.0,2,9.909090909090908,11.0,17,4.818181818181818,5.0,8,5.090909090909091,6.0,9,0.7727272727272727,10,1,45.333333333333336,3.196969696969697,8.58909090909091,11.0,27.7,277,3,109,469,54,30
2022Q1,iMoD1998/PS3API,https://github.com/iMoD1998/PS3API.git,ps3api,22,4,2022-01-03 08:29:30,2021-12-29T21:16:58+00:00,4,2022-07-02,ba64e6f5c1ed56746309d50c66c906c15045a254,180,0,8,8,1.0,1816,58,24.692307692307693,27,54,1.8103448275862069,1.0,3,17.224137931034484,4.0,35,17.103448275862068,4.0,35,0.1206896551724138,0.0,0,0.017241379310344827,39,1,19.02027027027027,4.0,38.53515457606366,11.0,46.23076923076923,1803,148,313,2362,468,45
2022Q1,withtwoemms/lucious,https://github.com/withtwoemms/lucious.git,lucious,21,5,2022-02-19 23:12:33,2022-02-19T10:00:00-06:00,0,2022-08-18,81485a9c819968b6bb1fac87970ec17bb2733f4d,180,0,5,5,1.0,345,26,18.25,12.0,43,2.576923076923077,2.0,6,7.346153846153846,6.0,17,7.230769230769231,5.5,17,0.11538461538461539,0.0,0,0.038461538461538464,7,1,36.0,4.861111111111111,20.875925925925927,10.0,41.714285714285715,292,1,69,644,30,26
2022Q1,gaemapiracicaba/norma_dd_363_11,https://github.com/gaemapiracicaba/norma_dd_363_11.git,decisao-diretoria-363,46,5,2022-03-07 14:02:10,2022-03-04T00:46:22-03:00,3,2022-09-03,26e68a2da0d23c5433e4d2a68ead3ffca9ccaad7,180,0,2,2,1.0,147,5,33.8125,23.0,99,5.6,5,9,22.6,26,30,22.6,26,30,0,0,0,0.0,5,2,33.08571428571429,11.5,34.75,0.0,18.0,90,35,37,215,19,9
2022Q1,xTrayambak/pysyn,https://github.com/xTrayambak/pysyn.git,pydatanet,73,17,2022-03-21 09:03:47,2022-03-21T13:51:26+05:30,0,2022-09-17,b3fbbee7910d61c53e2f8b4d6d82febfb206a084,180,0,5,5,1.0,284,30,38,41,42,1.9,1.0,3,6.866666666666666,5.0,15,5.966666666666667,3.5,13,0.9,0.0,3,0.3,7,1,38.0,1.8,18.55,7.0,66.14285714285714,463,6,114,656,316,34
2022Q1,bhch/tornado-debugger,https://github.com/bhch/tornado-debugger.git,tornado-debugger,7831,3,2022-02-20 12:54:21,2022-02-15T18:40:44+05:30,4,2022-08-19,e37f6092d0a3b5663d8dfffe266bff0fdcb64b59,180,0,3,3,1.0,149,8,48.2,50,69,3.25,3.0,9,14.625,10.0,48,14.25,8.5,48,0.375,0.0,3,0.125,5,1,48.2,1.0,15.9,1.0,24.6,123,5,24,156,3,7
2022Q1,malthejorgensen/csvtoexcel,https://github.com/malthejorgensen/csvtoexcel.git,csvtoexcel,34,3,2022-03-29 07:48:53,2022-03-28T14:14:33+02:00,0,2022-09-25,4935587098379345e0329c98d0d7fe25535eeed6,180,0,2,2,1.0,85,2,,,,8,8.0,11,28,28.0,38,28,28.0,38,0,0.0,0,0.0,2,1,nan,21.333333333333332,21.333333333333332,35.0,35.0,70,0,18,88,3,3
2022Q1,caretdev/django-iris,https://github.com/caretdev/django-iris.git,django-iris,492,45,2022-02-24 15:01:15,2022-02-15T18:05:07+04:00,9,2022-08-23,04522d36a709e96bad554580cad83f11b2fc9b4f,180,0,10,10,1.0,907,48,41.63265306122449,40,64,3.5833333333333335,2.0,7,12.9375,5.0,19,12.208333333333334,5.0,16,0.7291666666666666,0.0,4,0.10416666666666667,26,3,39.56578947368421,3.0,10.001704545454546,5.5,36.11538461538461,939,76,176,1223,293,48
2022Q1,scottoffen/creds-to-env,https://github.com/scottoffen/creds-to-env.git,creds-to-env,11,1,2022-03-11 04:26:35,2022-03-10T21:21:23-07:00,0,2022-09-07,c6982a2b0f37e5e7dac3e72ba2c78158cb71127c,180,0,2,2,1.0,63,1,,,,16,16,16,56,56,56,56,56,56,0,0,0,0.0,1,1,nan,31.5,31.5,54.0,54.0,54,0,9,261,0,3
2022Q1,koulakis/h-nne,https://github.com/koulakis/h-nne.git,hnne,983,15,2022-03-15 00:15:51,2022-01-20T19:40:03+01:00,53,2022-09-11,02dde3e974e62bba0541113a6ce52892e2ab7179,180,0,6,6,1.0,865,27,68.86666666666666,54,116,2.962962962962963,2,8,25.666666666666668,18,72,20.62962962962963,9,62,5.037037037037037,0,17,0.25925925925925924,58,2,55.111111111111114,2.230769230769231,11.068264021073828,8.5,46.43103448275862,2693,99,607,4016,2966,131
2022Q1,kagandedeturk/ABC-LR,https://github.com/kagandedeturk/ABC-LR.git,abclr,116,4,2022-03-16 10:16:52,2022-03-16T11:49:59+03:00,0,2022-09-12,93122b0e0a1a3d13dedd2c98da1aa109ee91dda7,180,0,2,2,1.0,424,30,48.92307692307692,46.0,82,1.7333333333333334,1.0,4,12.8,7.0,28,12.466666666666667,7.0,28,0.3333333333333333,0.0,0,0.06666666666666667,4,1,64.47058823529412,212.0,212.0,81.5,81.5,326,34,64,450,2,5
2022Q1,fligt/cronomaxrf,https://github.com/fligt/cronomaxrf.git,cronomaxrf,511,12,2022-03-31 13:40:54,2021-10-25T23:26:50+02:00,156,2022-09-27,b3fe3835ed553e4b0dfdd97d352ff3c57f91c62a,180,0,5,5,1.0,467,13,42.767857142857146,41.5,69,3.6923076923076925,4,7,26.076923076923077,22,42,24.76923076923077,21,41,1.3076923076923077,1,3,0.9230769230769231,19,1,48.161764705882355,2.0,6.911437685121897,4.0,19.736842105263158,375,68,170,663,146,35
2022Q1,jlapeyre/julia_project_basic,https://github.com/jlapeyre/julia_project_basic.git,julia-project-basic,105,8,2022-03-14 15:56:23,2022-03-14T10:45:06-04:00,0,2022-09-10,e355edaa53d89c26fbf01acbdb798492f62ffd08,180,0,2,2,1.0,704,40,48.166666666666664,41.5,78,4.05,3.0,7,13.775,8.0,25,12.625,8.0,23,1.15,0.0,3,0.125,13,1,53.483870967741936,2.0,26.342307692307692,4.0,46.92307692307692,610,31,114,755,51,19
2022Q1,ilias-ant/pyclimb,https://github.com/ilias-ant/pyclimb.git,pyclimb,16,2,2022-01-23 22:53:28,2022-01-23T20:16:38+02:00,0,2022-07-22,0ef3f8483ca331965d9e03ac271f164c8efa240f,180,0,5,5,1.0,176,2,,,,2.5,2.5,4,24,24.0,45,15,15.0,28,9,9.0,17,1.0,3,1,nan,13.0,11.9,91.0,75.0,225,0,27,405,88,12
2022Q1,pyvmt/pyvmt,https://github.com/pyvmt/pyvmt.git,pyvmt,58,3,2022-03-31 11:04:54,2022-03-30T15:35:04+02:00,0,2022-09-27,79ad0cd1145ac7f52891f2fc65747704cf075f96,180,0,24,24,1.0,4226,287,41.77208480565371,44.0,72,2.1010452961672472,1,5,10.073170731707316,7,19,6.780487804878049,2,17,3.292682926829268,1,8,0.578397212543554,12,1,41.860424028268554,5.523809523809524,30.05528985507246,32.5,254.5,3054,566,677,6411,81,66
2022Q1,NickleDave/vocles,https://github.com/NickleDave/vocles.git,vocles,18,1,2022-02-12 13:46:05,2022-01-17T22:03:44-05:00,25,2022-08-11,897cff032af845b0a49af4a0bfdd1a3195b677a9,180,0,4,4,1.0,166,12,20.857142857142858,12,82,2.0833333333333335,2.5,3,6.666666666666667,6.5,12,5.333333333333333,5.0,9,1.3333333333333333,0.5,3,0.5,11,1,20.857142857142858,2.5625,25.5,2.0,14.545454545454545,160,7,37,665,131,23
2022Q1,innovationinit/django-kazoo-locks,https://github.com/innovationinit/django-kazoo-locks.git,django-kazoo-locks,33,1,2022-02-21 10:55:13,2022-02-18T11:31:45+01:00,3,2022-08-20,91ceb37ab92dad97659f24a9a7ace3bb9ae3ba10,180,0,15,15,1.0,563,30,51.035714285714285,61.0,74,2.1666666666666665,2.0,4,7.233333333333333,5.0,18,6.066666666666666,4.5,12,1.1666666666666667,1.0,1,0.7666666666666667,2,1,52.03846153846154,43.30769230769231,43.30769230769231,204.5,204.5,409,26,128,1041,0,21
2022Q1,dcfSec/SecurityRatConnector,https://github.com/dcfSec/SecurityRatConnector.git,securityratconnector,13,2,2022-01-14 19:58:54,2022-01-14T20:54:36+01:00,0,2022-07-13,53a37829e2da8d863c020df22388312e70482819,180,0,4,4,1.0,1430,78,23.314814814814813,23.0,27,2.7051282051282053,2.0,6,14.923076923076923,11.0,27,7.846153846153846,4.5,16,7.076923076923077,7.0,11,0.9487179487179487,4,2,23.423076923076923,234.63333333333335,234.63333333333335,22.0,291.75,1167,52,212,1555,61,8
2022Q1,shinkeonkim/is_likelion,https://github.com/shinkeonkim/is_likelion.git,is-likelion,17,3,2022-03-28 12:00:33,2022-03-28T20:56:37+09:00,0,2022-09-24,c3f5afd927b50f682e475cdc8b100955cc2698ef,180,0,2,2,1.0,13,1,,,,1,1,1,2,2,2,2,2,2,0,0,0,0.0,7,1,nan,1.25,1.9166666666666667,1.0,1.8571428571428572,13,0,4,93,6,11
2022Q1,mad-lab-fau/cft-analysis,https://github.com/mad-lab-fau/cft-analysis.git,cft-analysis,43,4,2022-01-23 00:17:30,2021-12-17T23:39:01+01:00,36,2022-07-22,5efeb6d725401bb931013cbcc14b7dc5e4925c78,180,0,12,12,1.0,892,47,46.3,41.5,98,1.6808510638297873,1,3,13.319148936170214,9,31,8.106382978723405,7,16,5.212765957446808,1,17,0.6170212765957447,20,1,46.84615384615385,2.5,14.787679425837322,11.0,56.15,1123,26,306,1455,563,44
2022Q2,royceltd/django-royce-bulksms,https://github.com/royceltd/django-royce-bulksms.git,django-royce-bulksms,21,5,2022-06-09 14:55:19,2022-06-15T17:14:25+03:00,-6,2022-12-06,a6edabe111e8651a5707dc2a91c509c13dd120cc,180,0,16,16,1.0,717,19,41.776595744680854,41.0,68,2.6315789473684212,2,6,15.578947368421053,4,36,15.578947368421053,4,36,0,0,0,0.0,2,1,41.776595744680854,26.107142857142858,26.107142857142858,241.5,241.5,483,94,141,721,1,16
2022Q2,stac-utils/stac-geoparquet,https://github.com/stac-utils/stac-geoparquet.git,stac-geoparquet,6982,9,2022-06-22 18:14:33,2022-05-31T20:37:45-05:00,21,2022-12-19,09f3bce33c4e2ab8a796b21fd02df55c1b7754f9,180,0,6,6,1.0,851,28,44.84615384615385,43,68,3.7857142857142856,3.0,8,22.285714285714285,14.0,57,20.964285714285715,14.0,47,1.3214285714285714,0.0,7,0.14285714285714285,44,1,38.03703703703704,2.392857142857143,8.115818055517305,5.0,26.704545454545453,1175,27,196,2067,705,73
2022Q2,valtervg13/MechPy,https://github.com/valtervg13/MechPy.git,mechengpy,58,5,2022-05-01 00:48:48,2022-04-24T08:29:34-03:00,6,2022-10-28,df5d6b5b3d0ed53f211552e4b411a37d0aca67b6,180,0,12,12,1.0,3784,85,35.26744186046512,25.5,73,4.964705882352941,1,13,41.34117647058824,21,89,32.423529411764704,8,71,8.91764705882353,0,21,0.4823529411764706,2,1,36.15094339622642,315.3333333333333,315.3333333333333,1434.0,1434.0,2868,53,863,3921,0,16
2022Q2,songjian/economic-data-tools,https://github.com/songjian/economic-data-tools.git,economic-data-tools,25,4,2022-04-02 01:27:22,2022-03-22T14:50:43+08:00,10,2022-09-29,bff69a7bbb0d27f0b20cb9f4db9d85e8b50dc56f,180,0,10,10,1.0,146,6,30.5,30.5,43,1.5,1.5,2,8.666666666666666,7.5,14,8,6.5,14,0.6666666666666666,0.0,2,0.3333333333333333,44,1,35.42253521126761,5.0,18.645883809676914,9.0,34.06818181818182,1499,71,218,1821,1648,63
2022Q2,warhammerkid/bluetti_mqtt,https://github.com/warhammerkid/bluetti_mqtt.git,bluetti-mqtt,389,28,2022-05-22 00:56:47,2022-05-21T13:05:13-04:00,0,2022-11-18,4564b2bceeeb3e21c0ef79d2bc4b7be900bfc927,180,0,23,23,1.0,2099,132,31.676470588235293,25.5,63,2.3181818181818183,1.0,5,11.659090909090908,5.0,30,11.590909090909092,4.5,30,0.06818181818181818,0.0,0,0.03787878787878788,52,5,32.84239130434783,3.6515151515151514,6.765726799075501,12.5,72.25,3757,184,599,4563,2232,160
2022Q2,mahesh-maximus/helloworld-pyp,https://github.com/mahesh-maximus/helloworld-pyp.git,helloworld-pyp,32,5,2022-05-30 07:01:25,2022-05-29T19:17:53+05:30,0,2022-11-26,c9a584eb132a8c74bf29653ba0dae72ab73c1e68,180,0,2,2,1.0,2,1,,,,1,1,1,2,2,2,2,2,2,0,0,0,0.0,4,2,nan,2.0,2.0,1.0,1.75,7,0,2,49,16,7
2022Q2,joelee2012/gitlab-branch,https://github.com/joelee2012/gitlab-branch.git,gitlab-branch,8,1,2022-04-26 08:10:34,2022-04-26T13:34:38+08:00,0,2022-10-23,3c0db7c48fa46089b52430746b7864207bd75b66,180,0,3,3,1.0,112,6,17,17,17,2.1666666666666665,1.0,7,12.5,3.5,58,12.5,3.5,58,0,0.0,0,0.0,3,1,17.0,1.6666666666666667,18.88888888888889,4.0,29.333333333333332,88,1,25,171,2,6
2022Q2,tczhangzhi/torcheeg,https://github.com/tczhangzhi/torcheeg.git,torcheeg,3341,17,2022-06-06 10:04:14,2022-06-06T18:52:19+08:00,-1,2022-12-03,f720a6a544d83f04cfb78f2bca5533a3386f31ec,180,0,158,158,1.0,23934,856,24.14760914760915,19,41,2.3598130841121496,1.0,5,17.470794392523363,11.0,44,15.857476635514018,9.0,42,1.6133177570093458,0.0,7,0.1658878504672897,55,1,30.32191780821918,9.523225241016652,13.43629817286458,63.0,436.58181818181816,24012,730,4897,35980,7730,789
2022Q2,pranavacharya/graph_embedding,https://github.com/pranavacharya/graph_embedding.git,gembed,34,3,2022-04-23 05:26:41,2022-03-30T18:00:23-04:00,23,2022-10-20,a8145b1837572ecba38ea2f494b1c89ce1d3b1c2,180,0,13,13,1.0,227,16,21.75,22.5,29,2.75,2.0,7,9.25,7.5,22,9.25,7.5,22,0,0.0,0,0.0,13,1,21.22222222222222,2.5,7.9119318181818175,13.0,31.46153846153846,409,18,73,518,274,43
2022Q2,Masao-Someki/espnet_onnx,https://github.com/Masao-Someki/espnet_onnx.git,espnet-onnx,144,14,2022-04-02 14:36:15,2022-03-04T19:54:10+09:00,29,2022-09-29,58a9f72657ae5e839db0744aa92082658c221c73,180,0,121,121,1.0,12946,632,34.60197368421053,31.0,61,2.9762658227848102,2.0,6,16.200949367088608,10.0,34,14.240506329113924,8.0,32,1.9604430379746836,0.0,9,0.24525316455696203,269,2,40.40023201856148,2.0,10.546852468683525,13.0,76.24163568773234,20509,1724,3667,27770,13861,881
2022Q2,sparks-baird/xtal2png,https://github.com/sparks-baird/xtal2png.git,xtal2png,188,24,2022-05-24 04:30:04,2022-05-20T12:26:06-06:00,3,2022-11-20,afe8a41b70f61cf2049ddbeb53b512ede9ab888e,180,0,6,6,1.0,1902,30,42.9375,38.0,74,4.9,2.5,12,51.86666666666667,39.5,92,38.666666666666664,18.0,73,13.2,3.0,35,0.6,229,2,35.141114982578394,2.5,15.028311885220239,1.0,14.16593886462882,3244,574,599,6796,3469,241
2022Q2,mytja/PloudOS-API,https://github.com/mytja/PloudOS-API.git,ploudos,19,2,2022-05-29 15:03:45,2022-05-29T15:02:39+02:00,0,2022-11-25,582f0cd401d3a027aa782e7a0609ab5b5ab94037,180,0,3,3,1.0,224,12,73.5,73.5,113,2.25,1.0,5,15.75,13.5,20,6.416666666666667,3.0,14,9.333333333333334,10.0,14,0.8333333333333334,2,1,73.5,36.416666666666664,36.416666666666664,90.0,90.0,180,2,49,257,8,7
2022Q2,Kitware/trame-vtk,https://github.com/Kitware/trame-vtk.git,trame-vtk,290497,73,2022-05-09 18:52:45,2022-05-12T18:11:48-06:00,-4,2022-11-05,7837894175b0fefaaf705070b9c344d1933dc7ec,180,0,18,18,1.0,1669,100,39.301587301587304,35,79,1.87,1.0,3,13.24,5.0,32,11.66,4.0,31,1.58,0.0,3,0.19,10,4,41.172413793103445,3.1777777777777776,19.682222222222222,23.0,137.3,1373,58,278,1860,40,32
2022Q2,Apifiny-IO/apifiny-connector-python,https://github.com/Apifiny-IO/apifiny-connector-python.git,apifiny,38,13,2022-04-28 10:20:09,2022-04-28T19:24:20+08:00,-1,2022-10-25,91b7c825a057390d24132391b8ad734bb0a57c2c,180,0,14,14,1.0,800,61,37.214285714285715,25.0,94,1.3934426229508197,1,3,4.655737704918033,2,10,4.213114754098361,2,10,0.4426229508196721,0,1,0.14754098360655737,26,2,31.051470588235293,1.0,13.890057882192712,1.5,30.307692307692307,788,136,146,2398,398,123
2022Q2,tavkhelidzeluka/betsapi3-python,https://github.com/tavkhelidzeluka/betsapi3-python.git,betsapi3,26,3,2022-06-19 23:18:27,2022-06-20T12:13:54+04:00,-1,2022-12-16,0d72a5a4c6cd0d31223895b8dfb8f8d01b09769e,180,0,4,4,1.0,176,11,27.5,27.5,29,2.5454545454545454,1,3,6.363636363636363,3,14,6.363636363636363,3,14,0,0,0,0.0,1,1,26.0,44.0,44.0,139.0,139.0,139,1,36,176,0,4
2022Q2,eadali/advanced-pid,https://github.com/eadali/advanced-pid.git,advanced-pid,169,8,2022-06-24 17:59:48,2022-06-20T15:54:36+03:00,4,2022-12-21,af963212ed68fd05c7d7f60a363495912aa26309,180,0,4,4,1.0,286,16,27.416666666666668,25.5,34,1.5625,1.0,4,13.5,11.5,19,6.1875,3.5,12,7.3125,8.0,15,0.875,40,3,29.92452830188679,1.0,10.688030303030303,0.0,16.875,675,106,112,1632,939,48
2022Q2,dgurnari/pyBallMapper,https://github.com/dgurnari/pyBallMapper.git,pyballmapper,112,8,2022-06-10 14:21:29,2021-01-06T10:53:32+01:00,520,2022-12-07,5342015194ee3004997a5ac310803760edf14822,180,0,3,3,1.0,503,12,40.68,36,72,8,7.0,12,33.666666666666664,25.0,50,33.666666666666664,25.0,50,0,0.0,0,0.0,16,1,40.62871287128713,4.604166666666666,34.978075396825396,15.0,72.0,1152,202,497,1877,1342,24
2022Q2,bill-ash/django-books,https://github.com/bill-ash/django-books.git,django-books,16,3,2022-05-19 02:39:44,2022-05-18T22:02:28-04:00,0,2022-11-15,2544fe5af33217d434726f05d76923e65954e14e,180,0,13,13,1.0,1037,41,41.26315789473684,35.5,77,1.5365853658536586,1,3,13.853658536585366,11,25,11.365853658536585,11,22,2.4878048780487805,0,8,0.4634146341463415,17,2,41.422222222222224,2.857142857142857,6.233977381229835,8.0,92.3529411764706,1570,270,401,4469,2924,149
2022Q2,tplessas/faker-geoscience,https://github.com/tplessas/faker-geoscience.git,faker-geoscience,17,1,2022-06-20 14:20:48,2022-06-20T10:53:29+03:00,0,2022-12-17,2a5b4ee36728c5038484cf4196544e1880e925cd,180,0,7,7,1.0,169,3,,,,1,1,1,6,6,6,2,2,2,4,4,4,1.0,10,2,nan,6.666666666666667,13.638888888888888,1.0,15.5,155,0,21,271,13,18
2022Q2,lewangdev/youtube-drive,https://github.com/lewangdev/youtube-drive.git,youtube-drive,22,1,2022-05-30 16:15:41,2022-05-26T23:48:35+08:00,4,2022-11-26,6de955e9da62a6f39d41c2f05eedab377da3b3d0,180,0,4,4,1.0,251,16,51.142857142857146,43.0,84,1.4375,1.0,3,10.8125,3.5,30,10.6875,3.5,30,0.125,0.0,1,0.125,6,1,51.142857142857146,4.333333333333334,15.666666666666666,1.0,32.333333333333336,194,14,54,307,14,12
2022Q2,randovania/open-prime-rando,https://github.com/randovania/open-prime-rando.git,open-prime-rando,7585,30,2022-05-24 18:50:01,2021-10-07T21:14:01+03:00,229,2022-11-20,d0579d99ddcfae026b8508a71d3203557a5dc374,180,0,32,32,1.0,1534,40,47.127906976744185,50.0,67,3.175,2.0,6,14.05,8.5,27,14.05,8.5,27,0,0.0,0,0.0,38,2,46.41111111111111,6.428571428571429,10.281926327640614,20.5,40.13157894736842,1525,180,310,2132,482,79
2022Q2,zeyus-research/BrainflowCytonEEGWrapper,https://github.com/zeyus-research/BrainflowCytonEEGWrapper.git,brainflowcyton,108,4,2022-06-09 09:01:27,2022-05-30T16:27:34+02:00,9,2022-12-06,fa9e2c6fc54db0f6693e4482816f6d343a314532,180,0,2,2,1.0,575,42,27.473684210526315,23,69,2.0714285714285716,1.0,4,8.5,5.5,15,6.333333333333333,4.0,15,2.1666666666666665,3.0,4,0.5476190476190477,4,1,29.75,288.5,286.1666666666667,244.5,245.75,983,32,132,1193,572,6
2022Q2,hippke/pandora,https://github.com/hippke/pandora.git,pandoramoon,325,4,2022-05-19 19:33:46,2021-09-30T13:51:17+02:00,231,2022-11-15,b7da6f78dc66a8969e4d343e60c7692268556608,180,0,8,8,1.0,1281,31,48.8235294117647,54,78,5.129032258064516,2,10,37.645161290322584,23,114,35.516129032258064,22,114,2.129032258064516,0,8,0.41935483870967744,59,2,41.88974970202622,6.0,28.349914820346683,22.0,151.77966101694915,8955,1678,1751,12636,11238,135
2022Q2,naver-ai/eccv-caption,https://github.com/naver-ai/eccv-caption.git,eccv-caption,51,1,2022-04-08 02:22:20,2022-04-08T11:20:07+09:00,0,2022-10-05,13b9bf3c45fd7778351e06d5f69d39d76f90d53e,180,0,9,9,1.0,1032,39,51.2,57,77,4.666666666666667,3,8,21.82051282051282,17,45,17.358974358974358,12,31,4.461538461538462,1,14,0.6410256410256411,1,1,57.0,114.66666666666667,114.66666666666667,858.0,858.0,858,16,158,1175,0,11
2022Q2,Elan456/EGene,https://github.com/Elan456/EGene.git,egene,99,14,2022-06-04 04:49:08,2022-05-29T18:08:56-04:00,5,2022-12-01,689dacb4dd77d16d9173996bdfdd297eb1a451de,180,0,4,4,1.0,898,46,47.69565217391305,44.0,74,4.739130434782608,3.0,13,16.152173913043477,11.0,37,15.869565217391305,9.5,37,0.2826086956521739,0.0,0,0.06521739130434782,37,3,44.03846153846154,1.5555555555555556,42.1151962076003,11.0,76.56756756756756,2833,234,718,3819,2893,65
2022Q2,SpangleLabs/vidhash,https://github.com/SpangleLabs/vidhash.git,vidhash,47,10,2022-05-22 23:33:50,2022-05-22T18:40:49+01:00,0,2022-11-18,97731ef81f03eaf2f1b7905a9caa6564b7217a32,180,0,7,7,1.0,434,35,35.888888888888886,29,84,1.8,1,4,6.3428571428571425,4,15,6.3428571428571425,4,15,0,0,0,0.0,42,2,25.666666666666668,1.4285714285714286,7.142563905392852,5.0,18.761904761904763,788,24,188,1365,676,78
2022Q2,AMDA-pi/amda-pi-python-sdk,https://github.com/AMDA-pi/amda-pi-python-sdk.git,amdapi,48,5,2022-05-04 20:24:49,2022-05-04T21:10:32+01:00,0,2022-10-31,3e9057d3ef88c6ef2a83b2e77bfcdda0a2e0edc6,180,0,14,14,1.0,709,32,31.846153846153847,27.0,52,2.4375,1.0,4,15.3125,9.5,31,11.1875,8.5,21,4.125,0.0,13,0.375,11,1,34.523809523809526,2.111111111111111,11.452794865952763,6.0,54.81818181818182,603,21,144,852,68,28
2022Q2,igorvanloo/mathslib,https://github.com/igorvanloo/mathslib.git,mathslib,160,19,2022-05-22 17:28:40,2022-05-22T22:55:29+08:00,0,2022-11-18,fb7561826037e702a1d84298fa1a3ac6f33647f5,180,0,7,7,1.0,1640,43,54.56687898089172,65,72,7.023255813953488,6,11,33.04651162790697,30,59,16.953488372093023,13,36,16.093023255813954,15,22,0.9534883720930233,27,1,53.99386503067485,3.21455938697318,24.989802924429828,4.0,63.25925925925926,1708,163,358,2756,780,69
2022Q2,defartsa23/password-generator-py,https://github.com/defartsa23/password-generator-py.git,rand-pass-generator,35,26,2022-06-26 23:46:47,2022-06-26T22:37:01+07:00,0,2022-12-23,b87fa15cf3dd84daf81c4f98276a8b2aee565ec2,180,0,3,3,1.0,101,11,,,,1.6363636363636365,2,2,5.7272727272727275,5,12,5.454545454545454,5,12,0.2727272727272727,0,0,0.09090909090909091,9,2,23.2,3.1666666666666665,13.5,4.0,39.888888888888886,359,5,110,565,418,30
2022Q2,GoodManWEN/fastapi-queue,https://github.com/GoodManWEN/fastapi-queue.git,fastapi-queue,43,3,2022-04-23 03:53:32,2022-04-23T04:48:53+01:00,0,2022-10-20,88a39a6d5c205a7612d0e776e167f00c85b7e010,180,0,5,5,1.0,474,31,54.4,42,110,3.2580645161290325,1,9,12.096774193548388,7,33,11.32258064516129,5,33,0.7741935483870968,0,3,0.22580645161290322,12,1,69.33333333333333,1.0,8.779220779220779,1.5,36.416666666666664,437,3,59,694,28,22
2022Q3,deivit24/python-steam-api,https://github.com/deivit24/python-steam-api.git,python-steam-api,839,20,2022-08-09 00:37:14,2022-08-07T22:22:43-04:00,0,2023-02-05,fda89cedd1e4498fd6f68bbfe67622dc8196a621,180,0,7,7,1.0,398,31,22.666666666666668,18,35,2.129032258064516,1,6,11,12,18,8.96774193548387,7,16,2.032258064516129,0,6,0.45161290322580644,19,2,48.87836756468391,2.5,33.00134500081024,1.0,6562.473684210527,124687,11247,25817,282685,282251,828
2022Q3,blacksuan19/redash-python,https://github.com/blacksuan19/redash-python.git,redash-python,2696,77,2022-08-16 12:19:33,2022-08-16T00:17:35+08:00,0,2023-02-12,4d2190b45ffd6baa9107e3fa2b906c581f05ebe6,180,0,14,14,1.0,665,60,25.285714285714285,24,37,1.5166666666666666,1.0,3,7.25,3.5,16,5.816666666666666,2.0,15,1.4333333333333333,1.0,1,0.6,148,1,16.583333333333332,1.0,2.3745610857419464,1.0,5.75,851,12,154,1147,572,216
2022Q3,SiwatINC/siwat-light-control-protocol,https://github.com/SiwatINC/siwat-light-control-protocol.git,easynoderedsocket,27,3,2022-07-06 17:50:57,2022-06-02T18:02:19+07:00,34,2023-01-02,1576f358c3c12d6bcf09e3cf76232044f90a3176,180,0,19,19,1.0,1108,72,30.958333333333332,31.0,44,2.8472222222222223,2.0,4,8.25,6.0,12,8.194444444444445,6.0,12,0.05555555555555555,0.0,0,0.05555555555555555,34,2,34.92982456140351,1.8452380952380953,7.6081397306397305,5.5,48.05882352941177,1634,57,212,1955,820,97
2022Q3,WitLaboratory/witlab,https://github.com/WitLaboratory/witlab.git,witlab,16,1,2022-09-25 16:34:27,2022-09-18T22:22:15+06:00,7,2023-03-24,70cb74bb0e5c14c3820e17f73c920546a209f44e,180,0,69,69,1.0,16321,534,38.924987580725286,34,74,3.541198501872659,2.0,7,24.153558052434455,14.5,50,19.028089887640448,9.0,40,5.1254681647940075,3.0,12,0.6610486891385767,3,1,44.47574123989218,280.1748538011696,280.1748538011696,5022.0,4198.0,12594,1484,2243,21458,0,89
2022Q3,crowsonkb/k-diffusion,https://github.com/crowsonkb/k-diffusion.git,k-diffusion,142338,17,2022-09-30 21:54:54,2022-06-21T16:24:31-07:00,100,2023-03-29,b43db16749d51055f813255eea2fdf1def801919,180,0,15,15,1.0,2587,194,19,14.0,38,2.6237113402061856,2.0,6,10.762886597938145,6.0,21,10.427835051546392,6.0,21,0.33505154639175255,0.0,1,0.20618556701030927,123,4,22.342105263157894,2.0,8.196680343711524,6.0,26.276422764227643,3232,38,521,3797,1205,204
2022Q3,mseehafer/PyProtolinc,https://github.com/mseehafer/PyProtolinc.git,pyprotolinc,71,4,2022-07-03 07:59:36,2022-07-02T15:49:00+02:00,0,2022-12-30,599ee0273e8563866d83f85dc7639f76d21aa474,180,0,21,21,1.0,3533,168,51.97222222222222,50.0,92,2.636904761904762,1.0,6,16.458333333333332,8.0,43,15.297619047619047,6.5,42,1.1607142857142858,0.0,5,0.3333333333333333,56,4,52.16077738515901,2.375,14.505343790140703,0.0,75.58928571428571,4233,1132,1661,7670,3626,152
2022Q3,aoirint/matvtoolpy,https://github.com/aoirint/matvtoolpy.git,aoirint-matvtool,181,33,2022-08-22 09:56:25,2022-08-22T12:43:44+09:00,0,2023-02-18,b2298f5d1d75def9325b8f85f99033d9a6b652de,180,0,10,10,1.0,812,17,35.72,26,70,5.764705882352941,4,16,38.11764705882353,23,91,37.76470588235294,23,91,0.35294117647058826,0,3,0.11764705882352941,21,1,42.73913043478261,11.0,24.182979378270232,34.0,74.42857142857143,1563,23,410,2532,1253,55
2022Q3,aysunakarsu/lighthousedataextract,https://github.com/aysunakarsu/lighthousedataextract.git,lighthousedataextract,76,10,2022-09-25 21:28:09,2022-09-26T00:55:11+03:00,-1,2023-03-24,51e08e4dcc7eca1c3674f7e63405fccdb4b393f4,180,0,2,2,1.0,206,11,,,,5.2727272727272725,4,14,17.181818181818183,10,33,17.181818181818183,10,33,0,0,0,0.0,3,1,nan,1.8571428571428572,1.6190476190476193,10.0,12.0,36,0,1,37,21,3
2022Q3,Sclock/nonebot2_plugin_eth_terminal,https://github.com/Sclock/nonebot2_plugin_eth_terminal.git,nonebot2-plugin-eth-terminal,18,2,2022-09-06 10:55:41,2022-09-06T18:56:40+08:00,-1,2023-03-05,eeeb4c2a9c5591fcab2aa937a02823d3cd4206de,180,0,2,2,1.0,53,4,,,,1.5,1.5,2,9,8.5,17,9,8.5,17,0,0.0,0,0.0,1,1,nan,26.5,26.5,40.0,40.0,40,0,13,53,0,2
2022Q3,krzysztofarendt/confident-blackbox,https://github.com/krzysztofarendt/confident-blackbox.git,confidentblackbox,10,1,2022-07-03 08:17:25,2022-07-03T08:49:11+02:00,0,2022-12-30,bb4b9f6f42be81b06971834d5be04df623e089b8,180,0,2,2,1.0,51,1,24,21,55,1,1,1,2,2,2,2,2,2,0,0,0,0.0,3,1,24.0,51.0,51.0,0.0,10.333333333333334,31,9,11,66,1,4
2022Q3,snorkysnark/jinja-psycopg,https://github.com/snorkysnark/jinja-psycopg.git,jinja-psycopg,29,6,2022-07-23 16:08:55,2022-07-14T16:37:02+03:00,9,2023-01-19,622225e3379978e3b8bff644a0762653cfa464a9,180,0,5,5,1.0,302,26,48.6,48,67,1.8461538461538463,1.5,4,7.576923076923077,6.0,13,6.730769230769231,5.5,12,0.8461538461538461,0.0,2,0.46153846153846156,34,2,51.333333333333336,2.625,4.1306437389770725,7.0,11.470588235294118,390,9,90,858,270,56
2022Q3,sffjunkie/pkiviewer,https://github.com/sffjunkie/pkiviewer.git,pkiviewer,43,4,2022-07-29 13:41:19,2022-07-28T22:16:29+01:00,0,2023-01-25,7d7d0eaa7f89cd9d259c18fbb98fd6b06a5662d2,180,0,86,86,1.0,4216,149,29.20967741935484,19.0,62,3.1073825503355703,2,7,15.073825503355705,11,28,15.06711409395973,11,28,0.006711409395973154,0,0,0.006711409395973154,28,1,33.5,1.2046683489545782,4.9205060091409445,1.0,152.60714285714286,4273,154,760,5521,1024,262
2022Q3,tspspi/pyka3005p,https://github.com/tspspi/pyka3005p.git,pyka3005p-tspspi,33,3,2022-07-15 01:47:12,2022-07-04T22:06:27+02:00,10,2023-01-11,fb1e5277ce308f244fe66d742a90077f2a7c58b8,180,0,2,2,1.0,337,20,33.07692307692308,22,64,4.6,3.0,10,15.05,10.0,25,15.05,10.0,25,0,0.0,0,0.0,6,1,33.07692307692308,9.714285714285714,49.13035714285714,20.0,45.333333333333336,272,13,74,359,22,5
2022Q3,etrotta/flask-discord-interactions,https://github.com/etrotta/flask-discord-interactions.git,deta-discord-interactions,29,5,2022-08-27 16:08:01,2021-01-03T00:55:45-05:00,601,2023-02-23,b0d9120673bf909c102b4f622ea51f3dbd1b2683,180,0,38,38,1.0,5354,220,37.85123966942149,32,73,3.05,2.0,7,16.054545454545455,11.0,37,11.6,7.0,28,4.454545454545454,0.0,14,0.4681818181818182,372,11,38.282296650717704,2.723809523809524,6.508263767750977,4.0,34.63172043010753,12883,209,2024,22833,13805,908
2022Q3,jduffield65/coppafish,https://github.com/jduffield65/coppafish.git,coppafish,121,7,2022-08-22 16:52:41,2021-10-20T12:40:48+01:00,306,2023-02-18,358701a3f29eea13c51527e41073bd1ed92027de,180,0,102,102,1.0,16729,382,53.97156398104266,53,88,5.494764397905759,3.0,13,38.910994764397905,24.0,90,27.13612565445026,14.0,68,11.774869109947645,11.0,29,0.612565445026178,354,6,57.588235294117645,3.9375,12.156710785332832,39.0,123.7231638418079,43798,3740,4929,61107,41101,1618
2022Q3,jbuendia1y/download-animes,https://github.com/jbuendia1y/download-animes.git,dwanimes,68,9,2022-08-20 17:32:57,2022-08-17T16:38:03-05:00,2,2023-02-16,64f8d11f94f81ab0152a697147577a1b23446a09,180,0,17,17,1.0,599,44,30,24,47,1.9772727272727273,1.5,4,9.545454545454545,6.0,22,8.772727272727273,6.0,20,0.7727272727272727,0.0,1,0.25,18,1,39.75,5.0,6.956744610793848,17.0,69.44444444444444,1250,8,334,1630,1007,106
2022Q3,Velythyl/s2i2a,https://github.com/Velythyl/s2i2a.git,dodecaregress,35,12,2022-08-02 01:50:17,2021-01-24T18:29:29-05:00,554,2023-01-29,9e26caeeaa4805cb70174f6044b3c942d664d9f3,180,0,2,2,1.0,161,7,55,49.5,91,4,4,6,19.142857142857142,16,31,16.857142857142858,16,31,2.2857142857142856,0,6,0.42857142857142855,16,2,51.4,3.1153846153846154,17.874125874125873,5.0,28.3125,453,10,155,675,474,32
2022Q3,kpn/kstreams,https://github.com/kpn/kstreams.git,kstreams,829,115,2022-07-18 12:06:07,2022-07-18T13:38:50+02:00,0,2023-01-14,4593db17744f78da8baf5f7ffc34d146b58274c3,180,0,20,20,1.0,1117,66,49.407407407407405,54,67,2.121212121212121,1.0,4,11.151515151515152,6.0,30,9.666666666666666,5.5,25,1.4848484848484849,0.0,3,0.16666666666666666,49,5,41.72463768115942,2.2,4.20903174384792,2.0,26.93877551020408,1320,69,261,4614,1360,291
2022Q3,openpifpaf/openpifpaf_extras,https://github.com/openpifpaf/openpifpaf_extras.git,openpifpaf-extras,23,3,2022-08-29 22:38:30,2022-08-29T17:28:00-05:00,0,2023-02-25,bef4bb87e9e6cb6351d73c02ebde733083bc4619,180,0,7,7,1.0,2155,107,32.992063492063494,28.0,62,2.336448598130841,2,5,16.018691588785046,8,36,15.19626168224299,8,33,0.822429906542056,0,1,0.14018691588785046,5,1,36.38947368421053,2.25,120.25,1.0,336.0,1680,95,381,5037,3,14
2022Q3,rommel-rodriguez/torutils,https://github.com/rommel-rodriguez/torutils.git,torutils,12,2,2022-07-03 15:51:53,2022-06-06T10:07:27-05:00,27,2022-12-30,18b85d43345fe54d8093c741bee02035b41dbb65,180,0,3,3,1.0,377,26,49.87301587301587,49,78,1.8846153846153846,1.0,4,11,7.0,23,9.5,6.5,23,1.5,1.0,4,0.5769230769230769,3,2,50.8,2.5833333333333335,63.742063492063494,17.0,97.33333333333333,292,70,52,414,37,4
2022Q3,Hanra-s-work/ask_question,https://github.com/Hanra-s-work/ask_question.git,ask-question,390,13,2022-08-15 21:38:57,2022-08-15T21:28:20+02:00,0,2023-02-11,1cb193f83b512664c76e386169ab81fd96859fd6,180,0,2,2,1.0,358,18,15.333333333333334,19.0,26,8,3.0,43,15.666666666666666,9.0,56,14.666666666666666,8.0,55,1,1.0,1,1.0,4,1,15.333333333333334,1.4,58.800000000000004,8.0,81.5,326,12,26,389,9,10
2022Q3,danielvivaspe/typeform-extractor,https://github.com/danielvivaspe/typeform-extractor.git,typeform-extractor,85,8,2022-07-13 10:46:21,2022-05-13T11:31:59+02:00,61,2023-01-09,e5c3ab2f4d3bd6d0264f3860c31ab4af3eef585f,180,0,2,2,1.0,601,24,38,33.5,56,3.7916666666666665,3.0,4,22.333333333333332,15.0,38,18.125,10.0,32,4.208333333333333,5.0,7,0.7083333333333334,13,1,40.21568627450981,6.973039215686274,76.74203431372548,22.0,75.53846153846153,982,51,297,1347,730,14
2022Q3,skalalab/cell-analysis-tools,https://github.com/skalalab/cell-analysis-tools.git,cell-analysis-tools,146,14,2022-07-19 18:56:39,2021-06-02T12:18:37-05:00,412,2023-01-15,fce80a0ab92442d0452a1a503da7c9b475250cd6,180,0,63,63,1.0,5658,79,36.37353629976581,29.0,74,3.5063291139240507,2,6,41.45569620253165,32,81,27.468354430379748,16,62,13.987341772151899,16,25,0.7721518987341772,134,4,37.91549591109247,3.0,23.070154471467138,5.0,182.84328358208955,24501,4769,7947,44309,35757,775
2022Q3,macwinnie/python-pushover,https://github.com/macwinnie/python-pushover.git,macwinnie-py-pushover-client,204,13,2022-09-14 21:14:45,2022-09-14T23:05:51+02:00,0,2023-03-13,876c23cf3124ed6469150d9840473d1ed7fe2920,180,0,3,3,1.0,399,15,54,49.5,98,3.066666666666667,1,6,19.533333333333335,22,36,18.533333333333335,21,35,1,1,1,0.8,11,1,87.5,1.75,10.00018779342723,4.0,44.90909090909091,494,2,52,616,166,21
2022Q3,matpompili/caniusethat,https://github.com/matpompili/caniusethat.git,caniusethat,45,9,2022-09-01 16:26:27,2022-08-29T16:35:18-05:00,2,2023-02-28,d531a729469f5051ebdd8f9b0124b3b0b20ebe6c,180,0,8,8,1.0,883,52,42.19230769230769,41.0,71,2.326923076923077,1.0,4,12.057692307692308,7.5,22,10.596153846153847,6.0,22,1.4615384615384615,0.0,7,0.36538461538461536,35,1,47.0,1.0,4.559578362017386,1.0,29.485714285714284,1032,44,236,1763,538,90
2022Q3,tz4678/x-access-dumper,https://github.com/tz4678/x-access-dumper.git,xaccessdumper,0,1,2022-07-01 23:13:16,2022-06-30T04:28:47+03:00,1,2022-12-28,1080619be1d0d91637b66f4303afa6a3d4bbb77f,180,0,8,8,1.0,772,29,34.348837209302324,31,56,4.379310344827586,2,10,17.344827586206897,8,65,17.20689655172414,8,65,0.13793103448275862,0,0,0.034482758620689655,48,1,37.03623188405797,1.4,10.089501920363203,7.5,51.625,2478,138,274,2891,2116,74
2022Q3,filippofiocchi/QuClu,https://github.com/filippofiocchi/QuClu.git,quclu,5,2,2022-08-14 17:15:37,2022-08-14T18:38:46+02:00,0,2023-02-10,7b3acea4643ef680bddc133fa891fd203b1b4a6a,180,0,2,2,1.0,852,16,51.981308411214954,45.0,101,8,6.5,16,49.6875,47.5,96,49.6875,47.5,96,0,0.0,0,0.0,5,2,63.19875776397515,438.0,292.3259259259259,20.0,117.6,588,161,171,944,73,7
2022Q3,dnicolodi/python-siphash24,https://github.com/dnicolodi/python-siphash24.git,siphash24,255006,10,2022-09-10 22:36:24,2022-09-11T00:10:34+02:00,0,2023-03-09,a58008c75dd2aa5275c19cf0c78a487ba82af256,180,0,3,3,1.0,107,13,68.5,68.5,84,1.6153846153846154,1,3,4.769230769230769,4,9,4.769230769230769,4,9,0,0,0,0.0,5,1,68.5,3.625,3.625,0.0,2.4,12,2,3,45,20,5
2022Q3,keyu-codebase/toolky,https://github.com/keyu-codebase/toolky.git,toolky,162,11,2022-07-21 19:46:39,2022-07-22T20:05:13+08:00,-1,2023-01-17,dd7b1de8cf80bffc132cfd8cea5e9f74d92d52c4,180,0,9,9,1.0,307,30,51.81818181818182,52,62,2.2333333333333334,1.0,3,7.766666666666667,6.5,11,7.766666666666667,6.5,11,0,0.0,0,0.0,4,1,51.81818181818182,2.708333333333333,10.07638888888889,8.0,58.0,232,11,81,376,18,17
2022Q3,albertz/py-tui-editor,https://github.com/albertz/py-tui-editor.git,tui-editor,228,31,2022-08-20 20:40:33,2022-08-20T21:58:20+02:00,0,2023-02-16,b2db8aeeb456a8b842dfec61163a3414641519da,180,0,5,5,1.0,667,42,35.1764705882353,36.5,57,3.357142857142857,2.0,7,12.119047619047619,8.0,26,10.642857142857142,7.0,21,1.4761904761904763,1.0,4,0.7380952380952381,39,1,46.79245283018868,2.1578947368421053,19.691293443863124,12.0,43.666666666666664,1703,53,188,2332,1341,62
2022Q4,NicolaDonelli/py4ai-core,https://github.com/NicolaDonelli/py4ai-core.git,py4ai-core,1003,4,2022-10-07 16:29:28,2022-10-07T17:10:14+02:00,0,2023-04-05,5f4b719afdcad7042f8dd1e7d52e810b8ea03321,180,0,14,14,1.0,1464,91,46.75,60.0,78,1.835164835164835,1,4,11.758241758241759,8,20,6.417582417582418,3,13,5.34065934065934,5,8,0.9010989010989011,13,2,45.445205479452056,4.1875,32.81050151430284,38.0,587.9230769230769,7643,146,2029,21463,16139,224
2022Q4,joshburnett/COM-Port-Monitor,https://github.com/joshburnett/COM-Port-Monitor.git,com-monitor,18,3,2022-11-28 16:15:52,2022-11-25T15:01:57-05:00,2,2023-05-27,1410595865bac49a03655fc1c0b50b01d9e01dee,180,0,2,2,1.0,82,3,31,26.0,52,1.6666666666666667,1,3,15.666666666666666,15,22,15.666666666666666,15,22,0,0,0,0.0,6,2,29.714285714285715,22.583333333333332,29.861111111111114,25.0,25.833333333333332,155,7,66,228,146,7
2022Q4,mttng/rikafirenet,https://github.com/mttng/rikafirenet.git,rikafirenet,48,5,2022-11-17 17:52:07,2022-11-17T07:19:55+01:00,0,2023-05-16,681bb5a717d20302a37c2cdf543acb56abfa80ce,180,0,9,9,1.0,427,41,35.3,36.5,62,1.6097560975609757,1,3,6.146341463414634,3,13,5.195121951219512,2,13,0.9512195121951219,1,1,0.9512195121951219,20,1,41.714285714285715,4.333333333333333,16.583174603174605,9.0,36.25,725,28,118,1128,457,53
2022Q4,minaaaatef/Django-Microservice-Admin,https://github.com/minaaaatef/Django-Microservice-Admin.git,django-microservice-admin,55,7,2022-10-14 11:25:33,2022-10-11T14:01:04+02:00,2,2023-04-12,991520b1f886115ffc1008ece5e76010cd378625,180,0,15,15,1.0,306,6,39.5,47.0,47,3.3333333333333335,4.0,5,13.833333333333334,16.5,24,13.833333333333334,16.5,24,0,0.0,0,0.0,7,1,38.0,9.19548872180451,10.432587149692413,92.0,88.42857142857143,619,20,194,862,533,51
2022Q4,tombenke/otel-inst-py,https://github.com/tombenke/otel-inst-py.git,otel-inst-py,150,6,2022-10-14 16:00:06,2022-10-14T17:27:30+02:00,0,2023-04-12,4f90dc66c2e90ac4517f361da88d8e9ea1cb70ec,180,0,3,3,1.0,376,18,48.125,39.5,69,2.111111111111111,1.0,5,14,12.0,28,12.88888888888889,11.0,27,1.1111111111111112,1.0,1,0.9444444444444444,6,2,45.05555555555556,6.043859649122807,19.021929824561404,61.5,60.833333333333336,365,18,59,1143,175,38
2022Q4,ortk95/planetmapper,https://github.com/ortk95/planetmapper.git,planetmapper,478,80,2022-11-25 16:57:11,2022-10-24T11:31:08+01:00,32,2023-05-24,9f43f2e17e4a8992a224e05a63695d7b77176552,180,0,14,14,1.0,11192,533,44.053719008264466,41.5,77,2.358348968105066,1,5,18.069418386491556,11,36,13.48968105065666,7,29,4.5797373358348965,0,14,0.3808630393996248,553,1,39.02424242424242,2.5714285714285716,8.07969890590296,11.0,40.65461121157324,22482,1320,3256,37774,23102,1153
2022Q4,psychopy/psychopy-mri-emulator,https://github.com/psychopy/psychopy-mri-emulator.git,psychopy-mri-emulator,199,2,2022-12-08 20:24:22,2022-12-08T15:12:58-05:00,0,2023-06-06,713b6947bfc1278392f543a0ef8fda570c3abe31,180,0,2,2,1.0,333,7,37.93333333333333,30.5,70,5.285714285714286,3,17,40.42857142857143,20,174,23.571428571428573,20,85,16.857142857142858,0,89,0.42857142857142855,1,1,50.470588235294116,166.5,166.5,265.0,265.0,265,17,51,333,0,2
2022Q4,ChloeXF/jwt-auth-py,https://github.com/ChloeXF/jwt-auth-py.git,jwt-auths,22,5,2022-11-16 06:52:01,2022-11-16T10:26:27+08:00,0,2023-05-15,39f1505b7cee7b24306dbd0de458eb9d18aacf05,180,0,4,4,1.0,162,7,54,54.0,62,2.2857142857142856,2,6,14.571428571428571,15,33,10.571428571428571,9,29,4,4,9,0.7142857142857143,5,1,54.0,34.0,42.666666666666664,2.0,25.4,127,2,34,180,4,8
2022Q4,Adair-GA/wallapopUpdateWatcher,https://github.com/Adair-GA/wallapopUpdateWatcher.git,wallapopupdatewatcher,57,12,2022-12-17 01:02:46,2022-12-15T21:35:05+01:00,1,2023-06-15,aacdc271d5847f66a91b88d1780a31817351b02e,180,0,5,5,1.0,393,25,72,71.5,108,2.2,2,4,10.28,8,21,7.64,4,16,2.64,0,8,0.44,36,1,55.53333333333333,1.6363636363636365,5.23562842084084,3.5,14.583333333333334,525,15,108,1598,647,62
2022Q4,pstoeckle/TUM-GDPR-Folder-Scanner,https://github.com/pstoeckle/TUM-GDPR-Folder-Scanner.git,tum-gdpr-folder-scanner,19,1,2022-11-20 21:20:41,2022-01-19T15:49:04+01:00,305,2023-05-19,b3cfbed668e566b29da42859f8d8452b1c764040,180,0,3,3,1.0,338,8,72.5,81.5,92,5.625,2.0,28,30.75,13.0,125,27.5,11.0,118,3.25,4.0,7,0.625,18,1,74.66666666666667,3.1923076923076925,18.11210826210826,17.0,50.22222222222222,904,9,83,996,658,23
2022Q4,nilopro/teleauth,https://github.com/nilopro/teleauth.git,teleauth,47,4,2022-12-29 21:19:30,2022-12-29T10:44:55-03:00,0,2023-06-27,32ee0bb6c4104bcdc85cfb6ed58843fa21dc7dff,180,0,4,4,1.0,638,53,36.4,39,51,1.6037735849056605,1,3,7.90566037735849,8,15,5.2075471698113205,3,14,2.69811320754717,0,6,0.4716981132075472,34,1,35.75714285714286,3.4444444444444446,32.26745743145743,5.0,33.0,1122,70,341,1564,906,46
2022Q4,AnthonyAniobi/Api_Clone,https://github.com/AnthonyAniobi/Api_Clone.git,api-clone,33,2,2022-10-13 21:21:48,2022-10-12T19:04:56+01:00,1,2023-04-11,063af7478205d582c0da68d6d07f4e29fa5d0929,180,0,6,6,1.0,156,10,32.5,32.5,35,3.6,2.5,7,8.7,8.5,15,8.3,7.5,15,0.4,0.0,1,0.4,13,1,38.44444444444444,10.0,17.138736263736266,23.0,27.076923076923077,352,9,79,929,773,19
2022Q4,KAUTH/pre-commit-git-checks,https://github.com/KAUTH/pre-commit-git-checks.git,pre-commit-git-checks,9,1,2022-12-25 23:24:55,2022-10-29T14:04:44+02:00,57,2023-06-23,6bceeb7fb9f24270acff72b46979e9298bd60823,180,0,5,5,1.0,280,10,58.833333333333336,65.0,71,2.5,2.0,3,19.6,17.5,31,14.2,10.0,21,5.4,6.5,9,0.9,2,1,58.833333333333336,56.0,56.0,102.5,102.5,205,12,63,362,0,6
2022Q4,msbar/crypton-tool,https://github.com/msbar/crypton-tool.git,crypton-tool,17,1,2022-10-19 17:48:44,2022-10-17T16:23:04-03:00,1,2023-04-17,b4daac8d754e2fe9dc85e7c38d1445fff740d781,180,0,4,4,1.0,178,13,,,,2.923076923076923,2,7,9.076923076923077,8,14,9,8,14,0.07692307692307693,0,0,0.07692307692307693,3,1,nan,26.533333333333335,26.533333333333335,44.0,58.0,174,0,32,282,28,7
2022Q4,GarethDJohn/python-passivapi,https://github.com/GarethDJohn/python-passivapi.git,passivapi,23,3,2022-10-14 21:25:18,2022-10-11T21:27:39+01:00,3,2023-04-12,1e7adbda5f91ce282f09355901d992fad1d425e1,180,0,2,2,1.0,96,7,37,30.0,80,1.4285714285714286,1,3,9.571428571428571,10,18,9.571428571428571,10,18,0,0,0,0.0,4,1,37.0,8.666666666666666,9.111111111111112,16.5,18.25,73,9,22,151,10,8
2022Q4,mtzgroup/bigchem,https://github.com/mtzgroup/bigchem.git,bigchem,182,33,2022-12-27 22:17:05,2022-06-08T19:32:27-07:00,201,2023-06-25,808c43514d94f42cc61b71f8b51278ab81d87534,180,0,7,7,1.0,398,9,61.6875,67.5,93,2.2222222222222223,2,4,25.88888888888889,31,41,14.333333333333334,17,24,11.555555555555555,13,17,1.0,15,1,64.23333333333333,1.25,13.241666666666665,1.0,41.333333333333336,620,60,136,2290,563,77
2022Q4,smithk86/starlite-react,https://github.com/smithk86/starlite-react.git,starlite-react,40,2,2022-12-12 17:12:27,2022-12-12T08:41:56-05:00,0,2023-06-10,923109b1ac19429f9a3260e5705b6f7a715fd92a,180,0,3,3,1.0,177,9,37.857142857142854,30,76,2.111111111111111,2,4,7.444444444444445,3,20,6.777777777777778,3,17,0.6666666666666666,0,3,0.2222222222222222,3,1,40.75,6.0,18.555555555555554,20.0,42.666666666666664,128,8,43,408,35,7
2022Q4,jan-grzybek/autisto,https://github.com/jan-grzybek/autisto.git,autisto,110,17,2022-12-16 09:19:57,2022-12-16T02:42:41+01:00,0,2023-06-14,268149740bb8f285df8a6324cc173529c5e9d10a,180,0,6,6,1.0,844,67,,,,2.701492537313433,2,5,10.238805970149254,7,26,10.238805970149254,7,26,0,0,0,0.0,10,1,nan,2.104166666666667,17.435165229885058,3.5,83.5,835,0,111,1270,112,32
2022Q4,schleuss/certbot_dns_freedns,https://github.com/schleuss/certbot_dns_freedns.git,certbot-dns-freedns,1623,2,2022-11-16 18:40:29,2021-12-20T17:51:12-03:00,330,2023-05-15,3e06b49bb8c6d6c3d42c0959bae7b805b3432673,180,0,2,2,1.0,382,21,82,82,82,2.9523809523809526,1,6,11.523809523809524,8,27,11.523809523809524,8,27,0,0,0,0.0,1,1,82.0,191.0,191.0,300.0,300.0,300,1,81,441,0,3
2022Q4,centre-for-microbiome-research/zenodo_backpack,https://github.com/centre-for-microbiome-research/zenodo_backpack.git,zenodo-backpack,9061,4,2022-10-07 06:20:01,2021-03-24T14:46:24+10:00,562,2023-04-05,81029fe38658bcf0af70352484220b2b2728b728,180,0,2,2,1.0,523,16,43.76470588235294,48,66,5.5625,4.0,11,28.9375,21.0,76,21,14.0,58,7.9375,7.0,19,0.75,21,2,45.973333333333336,2.523076923076923,62.75154264604394,21.0,68.28571428571429,1434,75,386,1939,1379,24
2022Q4,atomicptr/genshin-account-switcher,https://github.com/atomicptr/genshin-account-switcher.git,genshin-account-switcher,23,6,2022-11-25 15:16:37,2022-11-25T16:08:09+01:00,0,2023-05-24,e4fb83abc7697469a04ab1b8fb73425d681b15b0,180,0,7,7,1.0,616,43,22.333333333333332,17.0,43,2.1627906976744184,2,3,10.883720930232558,7,23,10.116279069767442,7,23,0.7674418604651163,1,1,0.7674418604651163,14,1,29.666666666666668,5.541666666666667,18.199814814814815,3.5,43.714285714285715,612,9,213,948,229,28
2022Q4,art-egorov/msa4u,https://github.com/art-egorov/msa4u.git,msa4u,64,4,2022-11-01 15:01:40,2022-10-23T23:16:31+02:00,8,2023-04-30,e762b9ff265cabe54f6b4d3c202bb6c155dbaaab,180,0,4,4,1.0,752,35,35,13,82,2.5142857142857142,1,6,15.8,12,37,9.6,5,30,6.2,6,9,0.8857142857142857,7,1,50.333333333333336,2.1666666666666665,28.285714285714285,7.0,95.57142857142857,669,3,167,873,91,18
2022Q4,fablabbcn/smartcitizen-connector,https://github.com/fablabbcn/smartcitizen-connector.git,smartcitizen-connector,215,20,2022-11-16 16:44:25,2022-11-16T17:45:31+01:00,-1,2023-05-15,3a6694903cb601f08cbede02447e046c061b43a1,180,0,3,3,1.0,896,24,46.477987421383645,41,83,6.5,5.0,11,24.666666666666668,18.0,52,21.041666666666668,15.5,31,3.625,0.0,14,0.20833333333333334,4,1,46.42675159235669,1.0,75.41666666666667,3.0,147.75,591,157,156,958,14,11
2022Q4,i2cy/ch347-hidapi,https://github.com/i2cy/ch347-hidapi.git,ch347-hidapi,,1,2022-11-22 02:23:22,2022-11-22T10:11:18+08:00,0,2023-05-21,9331508eafdc1b2f4c3a9893d8e696f31359011f,180,0,2,2,1.0,408,22,26.53846153846154,25,43,2.909090909090909,2.0,6,14.136363636363637,12.0,26,9.636363636363637,9.0,19,4.5,5.0,7,0.8181818181818182,6,1,28.307692307692307,188.0,131.0,0.5,109.83333333333333,659,26,100,849,400,10
2022Q4,TomJGooding/py-diceware,https://github.com/TomJGooding/py-diceware.git,py-diceware,14,1,2022-10-29 14:20:53,2022-10-14T17:02:39+01:00,14,2023-04-27,7cb4286383c1480adff4856a1b099974a6b08731,180,0,7,7,1.0,230,12,,,,2.9166666666666665,2.0,5,9.166666666666666,7.0,15,9.083333333333334,7.0,15,0.08333333333333333,0.0,0,0.08333333333333333,22,1,39.0,4.333333333333333,8.093306277056277,18.5,26.954545454545453,593,2,137,1420,939,56
2022Q4,vedro-universe/vedro-cloud,https://github.com/vedro-universe/vedro-cloud.git,vedro-cloud,1964,6,2022-12-04 20:13:54,2022-12-04T20:17:52+04:00,0,2023-06-02,23c889b036c63206c23ce23b5b8bac71ad543e7a,180,0,5,5,1.0,245,17,15.2,14,22,3,1,9,9.411764705882353,8,21,9.411764705882353,8,21,0,0,0,0.0,17,1,15.2,1.3333333333333333,3.7624338624338622,2.0,15.352941176470589,261,5,58,379,86,36
2022Q4,MolassesLover/Crpyt,https://github.com/MolassesLover/Crpyt.git,crpyt,13,1,2022-12-07 17:17:04,2022-12-06T22:05:22+01:00,0,2023-06-05,801411156ea27486cc7f457bd18f776375944294,180,0,4,4,1.0,261,9,15.357142857142858,16.0,18,4.222222222222222,4,11,22.666666666666668,20,52,22.666666666666668,20,52,0,0,0,0.0,18,1,14.578947368421053,2.6666666666666665,17.99555555555555,5.5,23.444444444444443,422,19,90,566,273,24
2022Q4,devoply-dev/cmdweeebs,https://github.com/devoply-dev/cmdweeebs.git,haxanime,11,1,2022-10-16 23:01:43,2022-10-16T01:15:08+01:00,0,2023-04-14,de9551d3610c61277eaef9a03c0461e4cb1a76c3,180,0,2,2,1.0,297,4,78.875,75.5,120,2.5,2.5,4,50.75,53.0,95,50.75,53.0,95,0,0.0,0,0.0,0,0,nan,nan,nan,nan,nan,0,0,0,0,0,0
2022Q4,maccam912/add-only-dictionary,https://github.com/maccam912/add-only-dictionary.git,add-only-dictionary,1229,10,2022-10-16 03:21:43,2022-10-15T07:24:32-05:00,0,2023-04-14,1514e3d634dd5cb15a8be36118c39356210c9689,180,0,4,4,1.0,333,19,50.166666666666664,55.0,75,3,2,5,11.947368421052632,8,25,9.68421052631579,4,24,2.263157894736842,1,9,1.0,19,1,46.07142857142857,1.5,5.8505291005291005,3.0,16.36842105263158,311,14,82,531,95,34
2022Q4,NeuroPyPy/web_graph_testing,https://github.com/NeuroPyPy/web_graph_testing.git,web-graph-testing,10,1,2022-10-03 23:40:40,2022-10-03T17:30:12-04:00,0,2023-04-01,678634bcd1754edd1e9e7f41c00e87ce7442158b,180,0,2,2,1.0,60,2,34.8,32,51,1.5,1.5,2,4.5,4.5,6,4.5,4.5,6,0,0.0,0,0.0,5,1,34.8,30.5,20.666666666666668,1.0,13.6,68,30,25,145,72,8
2023Q1,FAHRIZTX/ZKSoap-Python,https://github.com/FAHRIZTX/ZKSoap-Python.git,zksoap,52,6,2023-03-24 10:42:06,2023-03-19T01:13:49+07:00,5,2023-09-20,5ab3ff01766014949ff61c5e73c9887e1b4ae54d,180,0,3,3,1.0,254,11,,,,2.8181818181818183,2,5,18.272727272727273,8,53,18.272727272727273,8,53,0,0,0,0.0,4,1,nan,13.777777777777779,46.65925925925925,60.0,85.5,342,0,44,401,283,10
2023Q1,FFY00/ffy00.packaging,https://github.com/FFY00/ffy00.packaging.git,ffy00.packaging,19,1,2023-03-17 05:04:28,2023-03-17T04:49:04+00:00,0,2023-09-13,91ff0e9963c34a43aeb2119bcb2f294b70715618,180,0,2,2,1.0,131,4,42.59090909090909,41.5,62,4,2.5,10,21.25,19.0,43,19.25,18.5,36,2,0.5,7,0.5,3,1,42.59090909090909,31.0,22.333333333333332,37.0,26.0,78,22,31,345,0,6
2023Q1,Anrufliste/dt-sms-api-sdk-python,https://github.com/Anrufliste/dt-sms-api-sdk-python.git,unofficial-dt-sms-api-sdk,7,4,2023-01-22 19:24:10,2022-12-23T21:20:57+01:00,29,2023-07-21,12225b0d5c41cabf22f0c64cc5a047e2791bab5b,180,0,8,8,1.0,2580,58,41.364583333333336,32.0,88,3.4482758620689653,3.0,7,28.413793103448278,25.0,50,14.224137931034482,8.5,26,14.189655172413794,14.0,24,0.8620689655172413,14,2,42.06944444444444,15.713675213675213,29.24253444967731,114.0,188.71428571428572,2642,144,320,6988,2367,66
2023Q1,leoxiang66/research-trends-analysis,https://github.com/leoxiang66/research-trends-analysis.git,trendflow,95,10,2023-02-28 11:35:40,2023-02-28T10:02:33+01:00,0,2023-08-27,613ea96ce5ad088cc030eae8f6eb032ff287e207,180,0,25,25,1.0,1659,94,30.11904761904762,21.5,63,2.723404255319149,1.5,5,13.712765957446809,6.0,25,13.23404255319149,6.0,25,0.4787234042553192,0.0,0,0.09574468085106383,23,1,38.25,1.0,11.49719887955182,1.0,118.26086956521739,2720,116,466,3715,2018,84
2023Q1,semiautomaticgit/remotior_sensus,https://github.com/semiautomaticgit/remotior_sensus.git,remotior-sensus,3493,130,2023-02-13 16:10:02,2023-02-13T17:33:52+01:00,-1,2023-08-12,8020b1b57251f41d33841e5af6f854f330b60c2a,180,0,24,24,1.0,15663,315,31.56910569105691,25.0,67,6.292063492063492,3,16,43.39047619047619,23,108,38.01269841269841,16,102,5.377777777777778,0,20,0.36507936507936506,69,2,31.549618320610687,2.4,24.4234460966775,19.0,410.57971014492756,28330,3013,1981,60000,32185,638
2023Q1,amikrop/pygammon,https://github.com/amikrop/pygammon.git,pygammon,31,3,2023-02-12 17:46:47,2023-02-12T18:28:05+02:00,0,2023-08-11,b67dfac28bf815cafe289690f783b387b2debcf7,180,0,4,4,1.0,481,9,18.5,17.0,28,5.222222222222222,2,18,32.44444444444444,18,101,27,11,93,5.444444444444445,5,10,0.8888888888888888,5,1,18.545454545454547,2.0,24.7,2.0,73.6,368,11,109,1466,21,18
2023Q1,Lightning-AI/lightning-colossalai,https://github.com/Lightning-AI/lightning-colossalai.git,lightning-colossalai,33,4,2023-02-16 08:44:30,2023-02-14T17:42:04-05:00,1,2023-08-15,935145a5af4e9b53527410b87be04033cf342db9,180,0,5,5,1.0,649,28,44.54838709677419,48,69,3.607142857142857,3.0,7,14.357142857142858,8.0,43,13.464285714285714,7.5,43,0.8928571428571429,0.0,6,0.21428571428571427,15,6,44.46875,2.3125,18.650694444444444,3.0,42.4,636,32,128,1863,229,44
2023Q1,3BioCompBio/pyScoMotif,https://github.com/3BioCompBio/pyScoMotif.git,pyscomotif,245,41,2023-02-20 09:33:07,2023-02-20T15:07:20+01:00,-1,2023-08-19,b60ff95d8a67655802b6afa08b5ba88e0caf8efa,180,0,11,11,1.0,2140,101,93.95,102.5,157,3.366336633663366,3,6,17.455445544554454,14,37,15.01980198019802,11,33,2.4356435643564356,3,3,0.7920792079207921,3,1,110.21290322580646,2.4571428571428573,64.6549062049062,62.0,544.3333333333334,1633,155,406,2194,54,18
2023Q1,ecmwf/troika,https://github.com/ecmwf/troika.git,troika,120,7,2023-01-09 15:53:41,2021-02-10T19:11:09+00:00,697,2023-07-08,bd71d293388e61230268500cf1ce8553319016a1,180,0,34,34,1.0,3145,140,48.48979591836735,57,74,3.407142857142857,2.0,8,16.62142857142857,12.5,36,10.978571428571428,6.5,24,5.642857142857143,1.0,16,0.6857142857142857,178,3,51.45283018867924,2.1,8.053244834386163,7.5,27.03370786516854,4812,53,872,8113,3149,478
2023Q1,hamedR96/ANTM,https://github.com/hamedR96/ANTM.git,antm,266,22,2023-02-08 13:02:25,2023-02-02T00:06:12+01:00,6,2023-08-07,501256c9784d1f4e8e6b4158c2a91242f4a72239,180,0,11,11,1.0,765,42,27.6,30.0,40,3.0238095238095237,3.0,6,15.428571428571429,10.5,36,14.452380952380953,10.0,28,0.9761904761904762,0.0,0,0.09523809523809523,15,3,36.861111111111114,2.6,17.678471166514644,19.0,87.4,1311,72,283,1698,905,49
2023Q1,oalfonso-o/FastGET,https://github.com/oalfonso-o/FastGET.git,fastget,17,3,2023-03-22 17:12:57,2023-03-19T12:53:37+01:00,3,2023-09-18,f2cbb2abf99fb17ba5e6b8b7b657da3cd292990a,180,0,4,4,1.0,386,12,46.6,56,70,4.166666666666667,3.0,7,22.583333333333332,7.5,38,18.666666666666668,7.5,38,3.9166666666666665,0.0,0,0.08333333333333333,33,2,56.0,2.9375,14.662196578441984,16.0,33.96969696969697,1121,3,209,1347,954,48
2023Q1,aryan-at-ul/imgraph,https://github.com/aryan-at-ul/imgraph.git,imgraph,45,11,2023-02-20 15:17:32,2023-02-20T15:08:15+00:00,0,2023-08-19,83cd97a76f95db99d9af907c0ce9fba5f2d87df6,180,0,33,33,1.0,1539,50,36.482142857142854,34.5,67,2.96,2.0,7,17.44,12.0,34,12.98,8.5,28,4.46,5.5,8,0.68,26,2,40.757009345794394,9.083333333333334,25.4101247771836,28.0,58.19230769230769,1513,214,437,2313,680,74
2023Q1,iamgodot/py-tldr,https://github.com/iamgodot/py-tldr.git,py-tldr,32,20,2023-02-06 10:51:30,2021-10-14T17:40:07+08:00,480,2023-08-05,3c1b287ae5708c6db8be0dccc84fe9d20775a357,180,0,4,4,1.0,577,34,39.666666666666664,33.0,68,3.3823529411764706,2.0,10,10.558823529411764,9.0,20,9.852941176470589,9.0,19,0.7058823529411765,0.0,1,0.23529411764705882,79,2,41.11538461538461,1.5,8.622343276691103,2.0,23.40506329113924,1849,26,256,2966,2014,131
2023Q1,osl-incubator/makim,https://github.com/osl-incubator/makim.git,makim,5596,50,2023-01-24 20:50:37,2023-01-22T12:22:43-04:00,2,2023-07-23,1d786a9a3dba0c5def41a6f9e8e9d4d0bc72df9e,180,0,5,5,1.0,688,30,26.235294117647058,21,55,3.6666666666666665,2.0,8,18.766666666666666,7.5,43,18.233333333333334,7.0,42,0.5333333333333333,0.0,1,0.36666666666666664,45,4,32.36363636363637,1.0,4.656654083972924,2.0,24.08888888888889,1084,22,207,1464,702,77
2023Q1,SiLeader/rfcctl,https://github.com/SiLeader/rfcctl.git,rfcctl,7,2,2023-02-22 06:05:14,2023-02-22T14:52:52+09:00,0,2023-08-21,b84f7a3b3b6a2dfd98254b5ad0ac57da3aadb0fc,180,0,9,9,1.0,463,30,,,,2.4,1.0,6,10.5,5.0,28,10.5,5.0,28,0,0.0,0,0.0,2,1,26.0,33.57142857142857,33.57142857142857,186.0,186.0,372,2,90,464,1,8
2023Q1,seung-lab/crackle,https://github.com/seung-lab/crackle.git,crackle-codec,9059,51,2023-01-01 08:04:24,2022-12-01T02:27:36-05:00,31,2023-06-30,9fc5e4acb91c105ef64e6976de4c27e840f5bd8c,180,0,17,17,1.0,2498,139,27.42,31.0,44,3.323741007194245,2,8,15.194244604316546,10,41,14.525179856115107,9,38,0.6690647482014388,0,1,0.22302158273381295,148,1,33.53846153846154,2.6666666666666665,7.487279410997361,6.0,26.195945945945947,3877,117,807,5374,2469,256
2023Q1,jorgeav527/epic_trials,https://github.com/jorgeav527/epic_trials.git,epic-trials,9,1,2023-01-06 03:41:14,2023-01-05T22:07:46-05:00,0,2023-07-05,4a94b3c8564e94af36fad317841ac8719e0b0cfe,180,0,2,2,1.0,6,0,,,,,,,,,,,,,,,,,5,1,nan,3.0,3.0,0.0,1.0,5,0,1,241,4,10
2023Q1,H-MAli/persian-localizations,https://github.com/H-MAli/persian-localizations.git,persian-localizations,23,2,2023-01-03 21:33:04,2023-01-02T21:17:27+03:30,1,2023-07-02,c98f9deb02eec5361bf01a10d6f94ff46c29bd10,180,0,2,2,1.0,288,9,,,,8.555555555555555,3,44,30.22222222222222,19,103,24.22222222222222,13,103,6,8,14,0.6666666666666666,2,1,nan,144.0,144.0,239.0,239.0,478,0,98,779,289,7
2023Q1,pasteur-dev/pasteur,https://github.com/pasteur-dev/pasteur.git,pasteur,50,9,2023-02-27 17:57:01,2022-04-11T16:59:46+00:00,322,2023-08-26,b08180ec86019037a6784438b51281e17a983ee8,180,0,97,97,1.0,17613,808,40.51472650771389,38,70,3.5408415841584158,2.0,8,16.89727722772277,8.5,43,16.127475247524753,8.0,42,0.7698019801980198,0.0,2,0.18564356435643564,480,1,41.48101851851852,3.4147727272727275,11.286896435613302,37.0,88.09791666666666,42287,2160,8414,54285,35585,1811
2023Q1,aneesh-aparajit/torchtemplates,https://github.com/aneesh-aparajit/torchtemplates.git,torchtemplates,19,2,2023-03-12 12:52:32,2023-03-12T00:32:41+05:30,0,2023-09-08,88d99c4a3c423394a47492552fe313dab3656787,180,0,3,3,1.0,221,3,19.272727272727273,15,41,9.666666666666666,12,16,63.666666666666664,72,117,63.666666666666664,72,117,0,0,0,0.0,16,1,49.75483998419597,2.0,33.553954175905396,1.5,2930.75,46892,5062,10206,244631,244023,668
2023Q1,Rudd-O/beancount-future-transactions,https://github.com/Rudd-O/beancount-future-transactions.git,beancount-future-transactions,25,4,2023-02-22 11:29:53,2021-12-28T14:46:28+00:00,420,2023-08-21,60e67347ee562533460e3e5ff83549998b136c0a,180,0,2,2,1.0,32,2,66.5,66.5,76,3,3.0,3,7.5,7.5,13,7.5,7.5,13,0,0.0,0,0.0,5,1,66.5,1.0,8.5,1.0,4.6,23,2,10,98,4,7
2023Q1,Quantmetry/qolmat,https://github.com/Quantmetry/qolmat.git,qolmat,392,27,2023-02-24 15:58:52,2022-01-28T17:08:07+00:00,391,2023-08-23,8cfbfd327a0fb4b9c19a36616a47d9e0633e9afc,180,0,20,20,1.0,6505,198,36.15966386554622,33,61,2.5303030303030303,2.0,5,26.025252525252526,24.0,47,14.97979797979798,11.0,30,11.045454545454545,13.0,21,0.6767676767676768,500,17,40.917769376181475,2.25,10.341575808295813,12.0,76.296,38148,3174,6788,57049,47688,1365
2023Q1,evoth/gopro-video-sync,https://github.com/evoth/gopro-video-sync.git,gopro-video-sync,11,3,2023-03-02 23:17:09,2023-02-23T15:25:07-05:00,7,2023-08-29,968ebbb593ab96edb6439d059c203cdb1acb580a,180,0,6,6,1.0,507,12,82.77777777777777,73.5,186,4.5,4.0,6,32.916666666666664,29.0,54,24.333333333333332,19.5,47,8.583333333333334,8.0,14,1.0,5,1,84.90196078431373,35.111111111111114,104.43333333333332,224.0,179.4,897,51,199,1175,641,17
2023Q1,lipov3cz3k/aicooking-ble,https://github.com/lipov3cz3k/aicooking-ble.git,aicooking-ble,24,3,2023-01-04 16:12:01,2023-01-03T17:03:14+01:00,1,2023-07-03,71c2b1987b426b15390b294e234145976039c1e8,180,0,2,2,1.0,101,2,53,57,60,5.5,5.5,6,22,22.0,25,21,21.0,24,1,1.0,1,1.0,7,4,53.0,1.0,5.976190476190476,1.0,12.571428571428571,88,3,17,221,12,13
2023Q1,scape-agency/rite,https://github.com/scape-agency/rite.git,rite,1228,14,2023-01-13 21:08:25,2023-01-13T17:29:27+01:00,0,2023-07-12,dc87cb26406f3d0f9dbe9dc9c9df10374d0f638e,180,0,21,21,1.0,1470,92,22.745222929936304,19,44,1.9456521739130435,1.0,3,6.1521739130434785,4.0,11,5.076086956521739,3.0,9,1.076086956521739,1.0,1,0.7934782608695652,5,1,28.80246913580247,8.166666666666666,61.48611111111112,44.0,505.8,2529,324,1022,3875,2405,32
2023Q1,VictorMeyer77/tokenish,https://github.com/VictorMeyer77/tokenish.git,tokenish,20,1,2023-03-02 22:46:56,2023-02-27T13:37:22+00:00,3,2023-08-29,6db7f49cb62f2912ae2f5208f02027803a8e2050,180,0,6,6,1.0,149,13,,,,3.230769230769231,3,7,8.153846153846153,6,13,8.153846153846153,6,13,0,0,0,0.0,13,1,nan,37.25,30.625,0.0,20.923076923076923,272,0,74,711,419,28
2023Q1,dierk-bentpiening/Dict2Class,https://github.com/dierk-bentpiening/Dict2Class.git,pydict2class,29,1,2023-03-14 15:09:55,2023-03-13T10:41:10+01:00,1,2023-09-10,999e026ac38ac6936cbdc5f1f6ef5e23090e0b0e,180,0,3,3,1.0,109,7,,,,2.857142857142857,2,10,9.428571428571429,6,40,9.428571428571429,6,40,0,0,0,0.0,5,1,nan,25.0,24.625,68.0,49.6,248,0,37,307,177,11
2023Q1,lkccrr/rescupybs,https://github.com/lkccrr/rescupybs.git,rescupybs,18,15,2023-03-05 06:21:05,2023-03-05T01:22:40-05:00,-1,2023-09-01,44bea75426209d0a76eb6f45c5900c3e6d0bf17e,180,0,4,4,1.0,820,20,12.5,10.0,21,14.3,5.5,25,38.45,22.5,54,38.45,22.5,54,0,0.0,0,0.0,7,1,30.083333333333332,9.166666666666666,16.26701680672269,154.0,152.42857142857142,1067,12,58,1185,323,28
2023Q1,biglocalnews/tile-tools,https://github.com/biglocalnews/tile-tools.git,tile-tools,69,3,2023-01-29 00:01:22,2023-01-24T09:35:05-08:00,4,2023-07-28,35c71dd8a883e91d6849ce9e28621570bad5f1da,180,0,17,17,1.0,992,28,48.80392156862745,49.0,71,4.428571428571429,3.0,14,26.357142857142858,21.0,47,16.607142857142858,11.0,32,9.75,9.0,13,0.9642857142857143,15,1,49.928,2.973684210526316,13.088869196801529,20.0,66.26666666666667,994,125,245,2519,450,51
2023Q1,keifufu/PyWNP,https://github.com/keifufu/PyWNP.git,pywnp,110,14,2023-03-20 20:52:51,2023-03-20T21:14:55+01:00,0,2023-09-16,168074417889e72e18127614a874b48fa7eb0f4a,180,0,3,3,1.0,755,60,44.354838709677416,32,100,3.283333333333333,2.0,6,9.55,5.0,19,9.55,5.0,19,0,0.0,0,0.0,16,2,54.1875,2.3095238095238093,11.68014955982393,14.0,87.4375,1399,32,179,1610,855,18
2023Q2,coyotespike/voyager-dev,https://github.com/coyotespike/voyager-dev.git,voyager-dev,19,3,2023-06-03 21:43:21,2023-06-03T15:36:00-05:00,0,2023-11-30,c1fe5ce5fc9d4c7e723a81db57bac5e987aeb11c,180,0,6,6,1.0,245,3,43.10526315789474,45,79,4.333333333333333,4,6,14,11,20,14,11,20,0,0,0,0.0,16,1,42.18518518518518,4.5,19.816666666666666,6.5,17.4375,279,27,104,437,169,22
2023Q2,sdpython/sphinx-runpython,https://github.com/sdpython/sphinx-runpython.git,sphinx-runpython,17378,4,2023-06-05 06:57:45,2023-05-31T13:24:07+02:00,4,2023-12-02,f4f0e1b79e2c3e034017485c97dfa8afb8975a47,180,0,38,38,1.0,8675,406,29.516528925619834,21.0,59,3.645320197044335,1.0,6,16.514778325123153,4.5,40,14.064039408866995,3.0,35,2.4507389162561575,0.0,7,0.3448275862068966,30,3,33.005376344086024,8.53125,33.024781820622984,32.5,247.76666666666668,7433,186,1293,13059,1263,149
2023Q2,jpmchargue/doremi,https://github.com/jpmchargue/doremi.git,doremi,13,2,2023-06-01 02:47:41,2023-05-02T01:16:04-04:00,29,2023-11-28,4620d21977578bfac5b2f1c6bc1c97aa836b46bc,180,0,8,8,1.0,571,35,54.142857142857146,60,83,2.6285714285714286,2,5,14.028571428571428,9,42,12.914285714285715,9,38,1.1142857142857143,0,4,0.22857142857142856,15,1,46.520833333333336,9.538461538461538,28.14456736128977,75.0,103.8,1557,96,316,2014,1428,46
2023Q2,nlandolfi/symgt,https://github.com/nlandolfi/symgt.git,symgt,210,18,2023-05-18 22:17:19,2023-05-17T10:19:22-07:00,1,2023-11-14,1876da068360a39dde184be624ddc031286f5464,180,0,4,4,1.0,592,26,38.5,34.0,76,2.5384615384615383,2.0,6,19.307692307692307,15.5,41,9,6.0,17,10.307692307692308,9.0,25,0.8461538461538461,47,2,49.916666666666664,2.0,9.0988603988604,2.0,11.851063829787234,557,24,135,1486,315,69
2023Q2,sitbon/poet,https://github.com/sitbon/poet.git,poetry-poet,42,7,2023-05-13 07:12:07,2023-05-13T00:07:43-07:00,0,2023-11-09,3fa5718d9b2eafbe50bb9c78705f02f935d5efac,180,0,2,2,1.0,32,4,21,21.0,37,1,1.0,1,2.25,2.0,3,2.25,2.0,3,0,0.0,0,0.0,1,1,21.0,16.0,16.0,18.0,18.0,18,2,12,32,0,2
2023Q2,ftherrien/VaspGibbs,https://github.com/ftherrien/VaspGibbs.git,vaspgibbs,61,4,2023-04-28 01:39:31,2022-03-16T18:09:07-04:00,407,2023-10-25,a43c44584e9235452d4e4e3f86beb9a3c52cd00e,180,0,3,3,1.0,418,19,33.75,28.5,62,4.842105263157895,4,8,18.736842105263158,19,30,18.736842105263158,19,30,0,0,0,0.0,15,1,37.925925925925924,1.5625,26.033310439560438,4.0,30.066666666666666,451,27,185,687,254,28
2023Q2,rizerphe/openai-functions,https://github.com/rizerphe/openai-functions.git,openai-functions,706,36,2023-06-23 07:16:12,2023-06-22T17:54:07+03:00,0,2023-12-20,d86093e07208403b47223fac34fc3f7c69519a46,180,0,27,27,1.0,2493,161,49.57142857142857,48.5,72,1.6645962732919255,1,3,9.360248447204969,7,18,5.434782608695652,4,11,3.9254658385093166,1,11,0.6459627329192547,42,1,52.6,2.6053763440860216,10.108305806278066,31.5,89.35714285714286,3753,20,831,5585,2280,194
2023Q2,carlos-lorenzo/solarkit,https://github.com/carlos-lorenzo/solarkit.git,solarkit,36,6,2023-05-06 20:22:48,2023-05-01T13:47:54+02:00,5,2023-11-02,f98fca13fa7ec41068f9058ba95f10b385e85905,180,0,11,11,1.0,1626,64,30.88235294117647,20,53,2.5,2.0,5,19.625,16.0,43,12.6875,7.0,28,6.9375,6.0,15,0.875,24,1,25.291666666666668,6.285714285714286,53.211626158013615,65.5,155.79166666666666,3739,144,1665,5589,3930,82
2023Q2,NeverStopDreamingWang/pysqlmodel,https://github.com/NeverStopDreamingWang/pysqlmodel.git,pysqlmodel,177,16,2023-05-09 18:00:48,2023-05-08T12:23:34+08:00,1,2023-11-05,0c5fdf63fc3367ae33192c28cf9a7688b6eaa664,180,0,7,7,1.0,1491,32,24.064690026954178,15,51,3.78125,4.0,7,22.125,23.0,34,16.875,17.0,27,5.25,5.0,7,0.90625,3,1,24.2953995157385,63.84615384615385,99.57094017094016,706.0,744.3333333333334,2233,413,273,2944,1432,19
2023Q2,chand1012/sql2gpt,https://github.com/chand1012/sql2gpt.git,sql2gpt,10,4,2023-04-17 21:13:34,2023-04-17T14:58:57-04:00,0,2023-10-14,a8090eb07ccd61f3f32487e52a10add729ceac5f,180,0,3,3,1.0,120,11,42.333333333333336,44,68,1.9090909090909092,1,3,7.7272727272727275,6,19,7.7272727272727275,6,19,0,0,0,0.0,3,1,42.333333333333336,2.0,13.666666666666666,5.0,27.666666666666668,83,9,31,123,3,5
2023Q2,hylkefoeken/json-to-csv,https://github.com/hylkefoeken/json-to-csv.git,json-to-csv-filter,27,6,2023-06-27 21:11:06,2023-06-04T09:44:44+02:00,23,2023-12-24,f5b074d8851ae5f7c10b0da64ed38ee2bb1e5ce1,180,0,2,2,1.0,157,9,30.181818181818183,31,44,3.3333333333333335,3,6,13.444444444444445,17,30,13.444444444444445,17,30,0,0,0,0.0,9,1,31.61904761904762,2.375,24.816975308641975,16.0,25.333333333333332,228,21,77,326,169,10
2023Q2,RussellDash332/autokattis,https://github.com/RussellDash332/autokattis.git,autokattis,225,26,2023-05-11 10:03:12,2023-05-04T15:46:31+08:00,7,2023-11-07,7432aeba67d399559f563704de653eb9d1db8deb,180,0,7,7,1.0,3409,14,32.1764705882353,21,78,9.928571428571429,6.0,29,40.42857142857143,25.5,104,36.92857142857143,22.0,100,3.5,4.0,7,0.7142857142857143,23,1,32.266666666666666,4.0,37.5927993059572,10.0,295.7391304347826,6802,30,132,7044,3570,45
2023Q2,Maxoplata/simple-locize-py,https://github.com/Maxoplata/simple-locize-py.git,simple-locize,12,1,2023-06-23 23:11:52,2023-06-23T16:10:00-07:00,0,2023-12-20,8ba2873dee21a4ba0ea4e1ea3573be820651a603,180,0,2,2,1.0,69,4,13.5,14.0,21,4.5,5.5,6,13.75,11.0,29,13.75,11.0,29,0,0.0,0,0.0,1,1,13.5,34.5,34.5,45.0,45.0,45,6,18,153,0,4
2023Q2,karas84/ProjectZeroUndub,https://github.com/karas84/ProjectZeroUndub.git,zeroundub,11,2,2023-06-11 10:10:34,2022-04-03T13:04:58+02:00,433,2023-12-08,f2b50e58dda6b63b2b38883b1da4a125d201e23a,180,0,35,35,1.0,3833,192,30.859154929577464,24,58,3.0833333333333335,2.0,6,15.171875,5.0,30,15.171875,5.0,30,0,0.0,0,0.0,11,2,35.728813559322035,4.615384615384615,19.03547967184331,33.0,348.1818181818182,3830,59,834,4729,890,62
2023Q2,jjlawren/sonos-websocket,https://github.com/jjlawren/sonos-websocket.git,sonos-websocket,24145,8,2023-04-09 03:47:01,2023-04-08T20:35:57-05:00,0,2023-10-06,6ee6167819a22338cc2423cda28db50f1eab847c,180,0,5,5,1.0,240,9,19,19,19,4.777777777777778,3,11,16.444444444444443,15,35,15.11111111111111,14,34,1.3333333333333333,1,4,1.0,16,2,19.0,2.0,4.6328125,2.5,15.5,248,1,36,285,45,22
2023Q2,dahlkar/uservice,https://github.com/dahlkar/uservice.git,uservice,29,3,2023-06-06 18:04:26,2023-06-06T19:26:38+02:00,0,2023-12-03,8ef73468bd916ebc508bc8d278657549051798c1,180,0,21,21,1.0,1100,96,31.3,32.0,39,1.7291666666666667,1.0,3,7.729166666666667,5.0,18,7.697916666666667,5.0,18,0.03125,0.0,0,0.010416666666666666,4,1,32.0,2.683333333333333,14.386904761904761,12.0,222.5,890,2,219,1456,15,32
2023Q2,timothestes/poc-poetry-partifact-plugin,https://github.com/timothestes/poc-poetry-partifact-plugin.git,poc-poetry-partifact-plugin,1090,20,2023-04-19 23:11:39,2023-04-19T15:48:42-07:00,0,2023-10-16,83e4d169f30f3acf9aca904513dddf7190784126,180,0,2,2,1.0,114,7,63.875,67.0,83,3,3,6,12,9,31,11.142857142857142,8,30,0.8571428571428571,1,1,0.8571428571428571,27,1,60.73913043478261,2.0,8.095357847280924,3.0,16.444444444444443,444,46,105,1146,942,35
2023Q2,max-efort/scraple,https://github.com/max-efort/scraple.git,scraple,87,2,2023-06-16 14:27:59,2023-06-16T22:33:09+08:00,-1,2023-12-13,1ddc578b55eae0ac7f34e8d4a6898d18c36e12f7,180,0,6,6,1.0,466,28,36.666666666666664,28,55,3.0357142857142856,2.0,6,11.5,6.5,31,8.857142857142858,6.5,22,2.642857142857143,0.0,14,0.25,10,1,nan,1.0,14.845014245014246,1.0,44.8,448,0,89,707,76,21
2023Q2,ohmytmp/plugin-gui,https://github.com/ohmytmp/plugin-gui.git,ohmytmp-gui,19,2,2023-05-31 09:10:43,2023-05-31T08:46:29+00:00,0,2023-11-27,244150445e5604535e9f75dd0382f05b0d1f84e0,180,0,2,2,1.0,53,7,,,,1.2857142857142858,1,3,4.571428571428571,2,12,4.571428571428571,2,12,0,0,0,0.0,1,1,nan,26.5,26.5,40.0,40.0,40,0,13,53,0,2
2023Q2,Practic1984/SqliteOrmMagic,https://github.com/Practic1984/SqliteOrmMagic.git,sqliteormmagic,21,5,2023-06-22 10:24:34,2023-06-22T14:16:52+07:00,0,2023-12-19,b1241e7e5e63830ab2b03bedfde2a3d25b6174dd,180,0,2,2,1.0,220,10,19.75,14.5,38,1.7,1.5,3,18.8,19.0,25,12.4,10.5,22,6.4,7.5,10,0.7,15,1,30.5,3.857142857142857,70.55820105820106,0.0,38.6,579,26,93,725,482,13
2023Q2,smart-on-fhir/cumulus-library-covid,https://github.com/smart-on-fhir/cumulus-library-covid.git,cumulus-library-covid,30,10,2023-05-31 15:42:35,2023-05-03T10:13:55-04:00,28,2023-11-27,e3f670422cfc2c95a35b3414939b8c4aeb441af3,180,0,5,5,1.0,219,9,,,,1.2222222222222223,1,3,13.666666666666666,17,19,11.666666666666666,14,17,2,1,5,0.5555555555555556,14,4,44.089285714285715,4.526315789473684,33.50901729849098,44.0,130.14285714285714,1822,56,359,2531,2312,42
2023Q2,LukeSavefrogs/easyfatt-db-connector,https://github.com/LukeSavefrogs/easyfatt-db-connector.git,easyfatt-db-connector,59,6,2023-05-19 16:15:08,2023-04-26T14:58:26+02:00,23,2023-11-15,ac418d249232a877003ef25ab7bb8d4daf3ac35a,180,0,25,25,1.0,4406,26,43.64335664335665,37,79,5.3076923076923075,3.0,11,24.76923076923077,15.5,58,18.692307692307693,6.5,48,6.076923076923077,3.0,15,0.5384615384615384,39,1,42.55343511450382,3.1,26.879603954603954,18.0,110.12820512820512,4295,262,962,5543,1113,72
2023Q2,ConvexRegression/cvxreg,https://github.com/ConvexRegression/cvxreg.git,cvxreg,243,21,2023-06-03 15:46:02,2023-05-16T17:42:35+03:00,18,2023-11-30,383610aeb250e54d176eb4d02ed92a4d9928e465,180,0,15,15,1.0,1136,53,34.30769230769231,30,67,3.018867924528302,2,7,14.50943396226415,11,42,10.754716981132075,8,30,3.7547169811320753,0,12,0.49056603773584906,59,3,33.32236842105263,6.818181818181818,18.68685966810967,4.0,61.50847457627118,3629,152,975,4984,3721,157
2023Q2,flexdb/python-flexdb,https://github.com/flexdb/python-flexdb.git,python-flexdb,12,2,2023-05-18 14:06:30,2023-05-18T14:43:41+01:00,0,2023-11-14,32dbd7e4332ce6d801e45fd1c560d01e0d03bc70,180,0,2,2,1.0,118,17,42.869565217391305,44,54,1.8235294117647058,1,5,4,3,10,4,3,10,0,0,0,0.0,3,1,42.869565217391305,59.0,59.0,0.0,23.666666666666668,71,23,24,259,0,5
2023Q2,DariuszPorowski/chatgpt-pre-commit-hooks,https://github.com/DariuszPorowski/chatgpt-pre-commit-hooks.git,chatgpt-pre-commit-hooks,21,4,2023-04-17 07:53:57,2023-04-17T00:10:34-07:00,0,2023-10-14,193409290fa94b897526c76d34d72944c9e84b81,180,0,6,6,1.0,416,22,31.96551724137931,24,77,2.6818181818181817,2.0,5,14.5,12.0,34,12.681818181818182,8.0,33,1.8181818181818181,1.0,5,1.0,5,1,53.3125,2.6,40.18017316017316,58.0,127.2,636,16,134,995,370,12
2023Q2,max3-2/pybudgetbook,https://github.com/max3-2/pybudgetbook.git,pybudgetbook,7,1,2023-05-31 20:01:01,2023-04-07T16:24:36+02:00,54,2023-11-27,b3ff764a461a934c19b6bb82f443687897a6eb82,180,0,19,16,0.8421052631578947,5428,187,36.01754385964912,30.5,69,3.4224598930481283,2,7,24.11764705882353,12,54,20.358288770053477,10,40,3.7593582887700534,1,14,0.5989304812834224,224,2,38.48,2.9166666666666665,8.803605979254137,11.0,31.53125,7063,525,1495,9409,3735,412
2023Q2,toripppppy/pymaibool,https://github.com/toripppppy/pymaibool.git,pymaibool,26,3,2023-05-08 03:03:40,2023-05-08T11:25:25+09:00,0,2023-11-04,01b87d0ceb1d57116fd2b846d13ce91cbf351a58,180,0,2,2,1.0,61,7,10,10,10,1.5714285714285714,1,3,5.857142857142857,2,18,3.7142857142857144,2,11,2.142857142857143,0,8,0.2857142857142857,1,1,10.0,30.5,30.5,45.0,45.0,45,1,15,72,65,4
2023Q2,zilliztech/GPTCache,https://github.com/zilliztech/GPTCache.git,gptcache,389875,46,2023-04-01 11:29:59,2023-03-24T13:51:17+08:00,8,2023-09-28,a9b94f4bcb0d3cea259f7c647d8ec76ef26ba913,180,0,101,101,1.0,10860,683,52.534246575342465,38,106,2.0380673499267936,1,4,10.815519765739385,5,24,9.301610541727673,4,22,1.5139092240117131,0,5,0.18740849194729137,309,30,44.45,2.9310344827586206,8.321658155177586,16.0,52.43042071197411,16201,280,3156,33152,14085,1633
2023Q2,miquelmassot/pyvoyis,https://github.com/miquelmassot/pyvoyis.git,pyvoyis,12,3,2023-06-01 16:01:53,2023-06-01T16:54:05+01:00,0,2023-11-28,5553b734c1459054d33843659ffcc45dfe512c76,180,0,11,11,1.0,3936,160,37.385416666666664,31.0,68,4.93125,2.0,7,17.38125,8.0,30,16.14375,6.5,27,1.2375,0.0,7,0.225,19,2,37.25925925925926,3.5714285714285716,22.091895961824967,23.0,205.31578947368422,3901,108,417,4676,493,57
2023Q2,VoXDoX/async-payok,https://github.com/VoXDoX/async-payok.git,async-payok,68,4,2023-05-30 07:29:51,2023-05-30T10:04:47+03:00,0,2023-11-26,51228e89488123afba0590c42424751b70662cce,180,0,9,9,1.0,310,5,24,24,24,2.8,4,4,35.2,33,68,26.2,26,45,9,7,23,0.8,4,1,24.0,10.375,13.520833333333334,14.0,70.75,283,7,34,324,14,14
2023Q3,issacto/PyCuGa,https://github.com/issacto/PyCuGa.git,issacto,,1,2023-07-23 21:27:48,2023-07-23T20:55:50+01:00,0,2024-01-19,87b0b868813f259b6348016919e91f8b6b635da9,180,0,9,9,1.0,762,8,34.220338983050844,34,56,4.625,2.0,22,73.375,19.5,327,73.25,19.0,327,0.125,0.0,1,0.125,19,1,40.29059829059829,4.566666666666666,10.66604770804117,32.0,56.78947368421053,1079,234,190,1532,744,52
2023Q3,ideabosque/suitetalk_connector,https://github.com/ideabosque/suitetalk_connector.git,suitetalk-connector,49,4,2023-09-09 19:54:42,2022-04-10T09:46:05-07:00,517,2024-03-07,6a7527905e34220436d035b5e63948814b5f0fd5,180,0,4,4,1.0,3921,122,37.44375,34.5,68,4.959016393442623,3.0,11,30.016393442622952,18.0,70,30,18.0,70,0.01639344262295082,0.0,0,0.01639344262295082,122,3,36.04489795918367,2.3333333333333335,9.663201725784548,6.5,37.82786885245902,4615,245,531,5440,1458,136
2023Q3,harin329/embedchain,https://github.com/harin329/embedchain.git,embedchain-harin,18,2,2023-07-01 23:46:08,2023-06-20T14:29:41+05:30,11,2023-12-28,ca09b6291a3257796b61321e53e01ddc9344fc87,180,0,19,19,1.0,540,31,55.7,52.5,89,1.5806451612903225,1,3,11.580645161290322,11,21,8.935483870967742,6,20,2.6451612903225805,0,8,0.3548387096774194,32,4,40.888888888888886,4.375,7.824812753384182,2.0,20.53125,657,18,130,857,282,55
2023Q3,williambdean/latent-calendar,https://github.com/williambdean/latent-calendar.git,latent-calendar,134,12,2023-09-01 15:30:21,2023-08-15T21:35:26+02:00,16,2024-02-28,a6a13fdb5ae16b3279558bb3a52ccdea1c48bf72,180,0,22,22,1.0,3900,191,25.944444444444443,20.0,55,1.7958115183246073,1,3,14.151832460732985,9,36,9.785340314136125,6,24,4.366492146596858,1,14,0.5549738219895288,33,1,26.65,3.0,10.25055014029547,14.0,99.66666666666667,3289,20,995,6459,604,118
2023Q3,tdsmith/rspro82,https://github.com/tdsmith/rspro82.git,rspro82,18,2,2023-08-20 04:20:54,2023-08-19T21:17:49-07:00,0,2024-02-16,c2e3ca919aeedad44ec0fa0d60b0784a9fa94cff,180,0,4,4,1.0,164,13,43,43.0,51,1.5384615384615385,1,2,5.153846153846154,2,10,5.153846153846154,2,10,0,0,0,0.0,1,1,43.0,54.666666666666664,54.666666666666664,121.0,121.0,121,2,41,186,0,4
2023Q3,logc/bq-tabulate,https://github.com/logc/bq-tabulate.git,bq-tabulate,17,2,2023-08-08 12:23:37,2023-08-11T15:14:10+02:00,-4,2024-02-04,b5863331368c5769ed387ffb5d6f1f659ce84d78,180,0,3,3,1.0,55,3,34.333333333333336,30.0,72,1.3333333333333333,1,2,12,11,18,9.666666666666666,6,18,2.3333333333333335,1,6,0.6666666666666666,2,1,42.0,9.666666666666666,9.666666666666666,21.0,21.0,42,8,8,82,4,8
2023Q3,blazeegor/blazogram,https://github.com/blazeegor/blazogram.git,blazogram,33,8,2023-09-06 14:37:33,2023-09-06T17:31:38+03:00,0,2024-03-04,18e4312f89ed30d3b7abb401598aa988cf8e612d,180,0,55,55,1.0,2208,186,,,,1.903225806451613,1.0,4,7.720430107526882,3.0,17,7.720430107526882,3.0,17,0,0.0,0,0.0,10,4,nan,4.024875621890548,7.888482643742211,115.5,257.7,2577,0,473,3072,873,155
2023Q3,justengel/just_heic,https://github.com/justengel/just_heic.git,just-heic,14,1,2023-09-05 19:51:01,2023-09-05T00:30:58-04:00,0,2024-03-03,25e4cd2db3e58a88909f5b7b4563ffdcd2f12588,180,0,5,5,1.0,336,11,31.833333333333332,23.0,69,3.3636363636363638,3,5,22.727272727272727,14,49,22.727272727272727,14,49,0,0,0,0.0,7,1,32.093023255813954,67.2,88.79757575757576,21.0,78.14285714285714,547,43,150,1125,558,17
2023Q3,marcosalvalaggio/robingrad,https://github.com/marcosalvalaggio/robingrad.git,robingrad,59,10,2023-07-11 18:56:26,2023-07-11T16:20:51+02:00,0,2024-01-07,e2c282e627ddaf1f2d9a659f53606f4092be02d0,180,0,7,7,1.0,430,71,26.7,20.0,52,1.676056338028169,1,3,5.323943661971831,3,11,5.084507042253521,3,11,0.23943661971830985,0,0,0.028169014084507043,62,1,40.733333333333334,2.0,6.288058748403576,3.0,9.64516129032258,598,30,157,1112,391,84
2023Q3,onewesong/natchecker,https://github.com/onewesong/natchecker.git,natchecker,19,3,2023-07-31 06:13:07,2023-07-31T14:16:02+08:00,-1,2024-01-27,a19d1bddf3d40d286b3a0f218ad38d342c5c5353,180,0,2,2,1.0,516,26,44.25,44.0,67,3.6923076923076925,2.0,12,15.884615384615385,7.5,51,15.884615384615385,7.5,51,0,0.0,0,0.0,3,1,45.416666666666664,3.25,316.5833333333333,94.0,302.6666666666667,908,60,85,1079,540,6
2023Q3,gni/offvsix,https://github.com/gni/offvsix.git,offvsix,258,4,2023-09-13 21:28:45,2023-09-13T23:17:31+02:00,0,2024-03-11,1e3b7c8824b2618a0561441c312ccb8a37274c79,180,0,2,2,1.0,125,6,,,,3.8333333333333335,2.5,12,16.666666666666668,7.5,68,16.666666666666668,7.5,68,0,0.0,0,0.0,2,1,nan,63.0,63.0,55.5,55.5,111,0,21,169,7,3
2023Q3,Suke0811/Localization_T265,https://github.com/Suke0811/Localization_T265.git,t265,79,13,2023-07-05 00:52:24,2022-11-10T21:07:37-08:00,235,2024-01-01,13d8854bf5b051a30996f5d1ff6ba0bc54dc2bad,180,0,3,3,1.0,611,29,63.075,59.5,108,2.8620689655172415,2,6,19.20689655172414,17,37,10.275862068965518,7,26,8.931034482758621,10,14,0.9655172413793104,17,1,57.23529411764706,6.25,26.337698412698412,37.0,49.0,833,68,169,1137,471,32
2023Q3,niqzart/pydantic-marshals,https://github.com/niqzart/pydantic-marshals.git,pydantic-marshals,732,26,2023-07-24 17:33:52,2023-07-18T15:27:56+03:00,6,2024-01-20,fc21e8e27f28dadd25bbdd4e129d234feec24090,180,0,27,27,1.0,966,79,35.25,33.0,65,1.7468354430379747,1,4,6.481012658227848,5,15,5.417721518987341,3,12,1.0632911392405062,0,4,0.25316455696202533,59,1,67.69444444444444,3.0,12.782096124774696,8.0,26.677966101694917,1574,36,349,4537,1153,159
2023Q3,EJOOSTEROP/quke,https://github.com/EJOOSTEROP/quke.git,quke,32,10,2023-08-14 16:08:07,2023-08-17T21:16:19+00:00,-4,2024-02-10,79268a6444fc58571d1149833fd93b7c08e68e1a,180,0,6,6,1.0,692,24,59.6,61.0,92,2.5,2.0,5,22.041666666666668,11.5,63,16.708333333333332,9.5,51,5.333333333333333,1.0,16,0.75,4,1,63.4,3.2142857142857144,32.41059113300493,90.5,170.0,680,45,144,1002,191,20
2023Q3,phunh/markdown-gettext,https://github.com/phunh/markdown-gettext.git,markdown-gettext,197,8,2023-09-01 21:30:59,2023-09-01T23:27:46+02:00,0,2024-02-28,c9ec4c94aa102284c1dbb06890f6204d34360744,180,0,4,4,1.0,242,16,58.09090909090909,53,71,2.75,2.0,8,11.0625,7.5,25,10.5,6.5,25,0.5625,0.0,4,0.125,4,1,52.027027027027025,19.916666666666668,26.227564102564102,85.0,195.25,781,74,176,1114,872,20
2023Q3,RobinPicard/cloud-functions-test,https://github.com/RobinPicard/cloud-functions-test.git,cloud-functions-test,11,2,2023-09-03 14:30:22,2023-08-27T21:12:05+02:00,6,2024-03-01,b1011fc21e1e9e9aa321422c098233b206c8b116,180,0,9,9,1.0,515,18,46.44444444444444,48,87,6.333333333333333,5.0,8,20.833333333333332,17.5,39,19.22222222222222,16.0,39,1.6111111111111112,1.0,5,0.8888888888888888,13,1,42.79120879120879,5.152680652680653,13.99285755910756,34.0,79.0,1027,91,197,2600,1501,107
2023Q3,tracereq/python-tracereq-sdk,https://github.com/tracereq/python-tracereq-sdk.git,tracereq-sdk,24,2,2023-07-23 17:35:20,2023-05-19T20:57:10+05:30,65,2024-01-19,a24441ccc54249a7be95b2c2a18a1bab15c61da5,180,0,10,10,1.0,473,51,,,,1.6470588235294117,1,3,6.921568627450981,4,14,6.921568627450981,4,14,0,0,0,0.0,10,1,nan,1.1805555555555556,11.448478260869566,7.5,94.1,941,0,279,1234,761,44
2023Q3,Denperidge-Redpencil/divio-docs-parser,https://github.com/Denperidge-Redpencil/divio-docs-parser.git,divio-docs-parser,89,13,2023-08-03 10:28:12,2023-01-20T09:33:31+01:00,195,2024-01-30,824cb59dacc505b6a617e138b1cc1d4f7c0a317c,180,0,8,8,1.0,493,30,38.73913043478261,29.5,86,2.5,2.0,5,12.1,7.5,30,9.366666666666667,5.5,25,2.7333333333333334,1.0,5,0.8333333333333334,100,1,38.1764705882353,2.708333333333333,6.434357808454065,15.5,38.56,3856,340,1078,6423,5482,277
2023Q3,AWeirdScratcher/gpt-trim,https://github.com/AWeirdScratcher/gpt-trim.git,gpt-trim,11,1,2023-09-17 13:58:47,2023-09-17T13:31:08+00:00,0,2024-03-15,5af74583a3cf1dc1ff6b710264558fe456fbeb38,180,0,3,3,1.0,195,4,48.333333333333336,55.0,76,4,4.0,7,35.75,31.0,57,28,26.0,44,7.75,8.5,13,1.0,1,1,49.2,65.0,65.0,147.0,147.0,147,5,43,198,0,4
2023Q3,infinitode/deepdefend,https://github.com/infinitode/deepdefend.git,deepdefend,66,5,2023-07-27 19:27:32,2023-07-27T21:30:55+02:00,-1,2024-01-23,13d3bc98ec1a15155f9ce4045353653396967aa5,180,0,3,3,1.0,177,5,45,45.0,60,3.4,3,5,29,29,33,15.4,15,18,13.6,14,15,1.0,1,1,45.0,59.0,59.0,137.0,137.0,137,2,38,207,0,4
2023Q3,joelmccoy/pyiamvortex,https://github.com/joelmccoy/pyiamvortex.git,pyiamvortex,37,4,2023-08-28 03:22:51,2023-08-13T12:14:26-05:00,14,2024-02-24,13ef847441455be0ce5fb04f41138fb55715ebe8,180,0,3,3,1.0,142,10,40.2,38,57,2.7,1.0,6,10.5,6.5,21,9.5,6.5,18,1,0.5,3,0.5,3,1,40.2,9.0,17.11111111111111,42.0,40.333333333333336,121,5,30,308,17,11
2023Q3,KennethTM/sonarlight,https://github.com/KennethTM/sonarlight.git,sonarlight,74,10,2023-09-20 08:36:09,2023-09-20T08:53:20+02:00,0,2024-03-18,a2ea152324fd77dacfcdb3b9909ef897249a7bcc,180,0,3,3,1.0,390,21,23.11111111111111,24,35,2.9047619047619047,2,6,12.238095238095237,6,30,11.80952380952381,6,29,0.42857142857142855,0,1,0.23809523809523808,13,2,32.0,10.723076923076922,50.25961538461539,15.0,72.76923076923077,946,9,224,1414,817,27
2023Q3,cheshire-cat-ai/cheshire-cat-api,https://github.com/cheshire-cat-ai/cheshire-cat-api.git,cheshire_cat_api,143,9,2023-07-28 21:43:59,2023-07-27T22:15:03+02:00,1,2024-01-24,2902352cd5f50f064d5680277b885d8a9aa87dc8,180,0,23,23,1.0,11660,248,32.251948051948055,29,51,2.3024193548387095,1.0,5,41.04838709677419,57.0,70,28.705645161290324,35.0,57,12.34274193548387,7.0,27,0.7298387096774194,68,5,30.95214521452145,1.0,6.477632353999273,1.0,220.01470588235293,14961,606,2211,20489,7813,230
2023Q3,onedata/onedatafilerestclient,https://github.com/onedata/onedatafilerestclient.git,onedatafilerestclient,11673,6,2023-09-13 08:21:57,2023-09-01T19:32:25+02:00,11,2024-03-11,562af72dd4242e2c494c5071054b15cb3dabcf56,180,0,5,5,1.0,620,34,33.06666666666667,26,70,1.7941176470588236,1.0,3,9.852941176470589,9.0,19,8.911764705882353,8.0,18,0.9411764705882353,1.0,1,0.9411764705882353,12,2,33.35294117647059,1.6,13.605128205128203,3.5,52.416666666666664,629,17,131,1316,204,35
2023Q3,shadowboxingskills/ppchain,https://github.com/shadowboxingskills/ppchain.git,ppchain,17,1,2023-08-27 06:26:44,2023-08-27T09:58:56+04:00,0,2024-02-23,22e2edad74b3c9560b91af7e3a1affea954903aa,180,0,3,3,1.0,25,1,18,18,18,1,1,1,10,10,10,9,9,9,1,1,1,1.0,15,1,nan,8.333333333333334,8.333333333333334,0.0,1.2666666666666666,19,0,6,342,32,21
2023Q3,Edrolo/django-url-security,https://github.com/Edrolo/django-url-security.git,django-url-security,227,2,2023-07-14 03:48:05,2023-06-30T12:59:41+10:00,14,2024-01-10,8e59a3718375c1ecd414b33b3b53fc90224c39c9,180,0,30,30,1.0,979,35,39.57377049180328,39,62,2.8857142857142857,1,8,11.057142857142857,8,20,10.114285714285714,6,20,0.9428571428571428,0,4,0.2857142857142857,19,1,40.32051282051282,4.277777777777778,19.109417083555016,21.0,59.73684210526316,1135,78,255,1722,731,80
2023Q3,upc-ghs/flopyrw,https://github.com/upc-ghs/flopyrw.git,flopyrw,39,4,2023-08-07 16:30:06,2022-04-14T09:07:04+00:00,480,2024-02-03,500ec949581f4c319108c31690625b60f8520ffb,180,0,17,17,1.0,6524,50,25.937081659973227,23,49,17.06,7.0,49,108.14,56.5,252,102.16,46.5,242,5.98,0.0,12,0.4,167,2,26.977436613165853,5.0,28.362172191682244,22.0,132.4311377245509,22116,4299,3847,40231,27361,326
2023Q3,AnotherPillow/tmxpy,https://github.com/AnotherPillow/tmxpy.git,tmxpy,65,16,2023-07-18 17:59:12,2023-07-18T18:55:20+01:00,0,2024-01-14,9948f8585266602e0e0e717a86fac05775f7fea0,180,0,2,2,1.0,371,15,54.25,48.5,81,5.066666666666666,4,12,21.266666666666666,22,46,20.6,22,45,0.6666666666666666,1,1,0.6666666666666666,24,1,58.78947368421053,2.5,8.58695652173913,4.5,13.458333333333334,323,19,93,661,86,39
2023Q3,ydg119/bardclient,https://github.com/ydg119/bardclient.git,bardclient,31,2,2023-08-04 07:56:48,2023-08-04T14:16:11+08:00,0,2024-01-31,c0fc5ac9663c1127c238b9678d50eb04705fcc71,180,0,2,2,1.0,120,3,,,,4.666666666666667,5,8,29.666666666666668,25,45,29.666666666666668,25,45,0,0,0,0.0,1,1,nan,60.0,60.0,113.0,113.0,113,0,7,146,0,3
2023Q3,kyegomez/kosmos-2,https://github.com/kyegomez/kosmos-2.git,kosmos-2,30,1,2023-08-28 17:22:58,2023-08-28T12:56:40-04:00,0,2024-02-24,457f00cdbb503f8f93ef7d160f4dd58a6187bf37,180,0,5,5,1.0,2119,109,43.027522935779814,34,99,3.6055045871559632,2,6,17.110091743119266,6,51,17.045871559633028,6,51,0.06422018348623854,0,0,0.009174311926605505,16,1,41.47008547008547,1.0,47.26846590909091,3.0,113.3125,1813,117,553,2483,364,20
2023Q4,anayden/r2dt-client,https://github.com/anayden/r2dt-client.git,r2dt-client,17,5,2023-12-12 22:31:17,2023-11-25T03:38:49+04:00,17,2024-06-09,0fa1a320d056ab45451df82e495d7b72df23df9e,180,0,13,13,1.0,310,25,19,19,19,1.8,1,4,6.24,3,13,6.24,3,13,0,0,0,0.0,16,1,36.5,1.75,6.340952380952381,4.5,38.875,622,6,164,797,763,47
2023Q4,ftd2xx/ftd2xx-aio,https://github.com/ftd2xx/ftd2xx-aio.git,ftd2xx-aio,22,1,2023-11-27 14:16:01,2023-08-22T12:19:31-07:00,96,2024-05-25,b9b9de1ad08c4a1ecb81190eaf9ab6965a223e7f,180,0,4,4,1.0,598,52,36.666666666666664,36.0,64,2.1346153846153846,1.0,5,8.76923076923077,6.0,17,6.346153846153846,4.0,14,2.423076923076923,1.0,7,0.5192307692307693,3,1,39.0,1.6363636363636365,50.23989898989899,15.0,164.33333333333334,493,32,89,614,16,6
2023Q4,zmievsa/cadwyn,https://github.com/zmievsa/cadwyn.git,cadwyn,12565503,128,2023-10-05 16:36:07,2023-06-12T23:14:15+04:00,114,2024-04-02,7ee3871b98660273ecf780126aa754cc9ae8177a,180,0,31,31,1.0,5043,244,55.01793721973094,51,99,3.2868852459016393,2.0,8,14.807377049180328,8.0,37,14.618852459016393,8.0,36,0.1885245901639344,0.0,0,0.05737704918032787,106,10,60.528358208955225,2.8880952380952385,7.3782465479163415,19.0,118.66981132075472,12579,670,1664,31210,19336,782
2023Q4,AHarnishPM/morsey,https://github.com/AHarnishPM/morsey.git,morsey,30,6,2023-10-13 16:37:44,2022-01-14T12:47:51-05:00,636,2024-04-10,0c78c3c25f3ae17954b6382bb97049c11f071bd1,180,0,2,2,1.0,219,4,72.75,74.0,109,4.75,3.0,11,59.75,46.5,115,44.25,30.5,103,15.5,16.0,18,1.0,13,3,66.1951219512195,96.0,89.5132275132275,46.0,53.07692307692308,690,41,250,986,762,10
2023Q4,hanyangii/methylbert,https://github.com/hanyangii/methylbert.git,methylbert-hanyangii,,1,2023-11-02 19:24:29,2022-10-29T18:27:20+02:00,369,2024-04-30,60a8f82e3fab52e96edd47f54c2e023aa268c51d,180,0,12,12,1.0,2619,77,35.52356020942408,32,57,5.038961038961039,3,14,28.350649350649352,15,70,25.38961038961039,13,61,2.961038961038961,0,10,0.42857142857142855,64,2,41.68014705882353,1.9302059496567505,18.886493781439352,9.5,98.359375,6295,544,1745,8947,5978,115
2023Q4,amirsharapov/aiocdp,https://github.com/amirsharapov/aiocdp.git,aiocdp,109,13,2023-10-18 02:00:24,2023-09-11T01:51:39-05:00,36,2024-04-15,9a137ac39d24b0b1d9b34173e6ae407647411071,180,0,19,19,1.0,1855,162,,,,1.2962962962962963,1.0,2,7.228395061728395,5.0,13,4.5,2.0,10,2.728395061728395,3.0,3,0.8888888888888888,131,2,30.484764542936286,2.75,212.43092621371488,73.0,1387.6564885496184,181783,1083,24767,208260,206237,2488
2023Q4,Nathanieljla/cg3d-maya-core,https://github.com/Nathanieljla/cg3d-maya-core.git,cg3d-maya-core,198,6,2023-10-01 00:13:10,2023-03-19T17:07:01-05:00,195,2024-03-29,e4369e547366a95bc4c749ed4f475a4f45a5a52e,180,0,19,19,1.0,3747,221,48.92134831460674,47.0,94,2.524886877828054,2,5,12.384615384615385,8,28,10.561085972850679,6,25,1.8235294117647058,0,7,0.334841628959276,31,1,47.47669773635153,4.0,52.263729437354165,34.0,327.0967741935484,10140,751,3997,14888,11141,97
2023Q4,statbiophys/HLAGuessr,https://github.com/statbiophys/HLAGuessr.git,hlaguessr,17,6,2023-11-20 16:54:04,2023-11-14T20:52:38-05:00,5,2024-05-18,c358a7e4bdbe94fd604ec52c6a8db515c4e390e1,180,0,12,12,1.0,1086,54,44.19047619047619,26.0,141,3.4444444444444446,2.0,7,15.925925925925926,10.0,25,15.444444444444445,10.0,25,0.48148148148148145,0.0,3,0.18518518518518517,16,1,68.10526315789474,4.0,44.28116701607267,32.5,87.4375,1399,38,309,1796,670,51
2023Q4,kkoutini/hf-fastup,https://github.com/kkoutini/hf-fastup.git,hf-fastup,102,7,2023-11-20 10:23:52,2023-11-20T10:11:16+01:00,0,2024-05-18,ca9e458043f54503fa40e3169296f05a3824b351,180,0,2,2,1.0,421,8,36.766666666666666,37.5,67,6.375,7.5,13,42,38.0,90,34.625,34.0,82,7.375,3.0,23,0.75,11,1,38.166666666666664,1.25,21.935185185185183,4.0,34.54545454545455,380,24,48,476,33,17
2023Q4,MaximilianHauser/HexLogic,https://github.com/MaximilianHauser/HexLogic.git,hexlogic,54,6,2023-10-25 07:16:25,2023-10-15T14:01:21+02:00,9,2024-04-22,5fdc2fbec8e0565d4f219edc2ebe6f89afcff570,180,0,2,2,1.0,1699,28,71.26829268292683,71,79,6.392857142857143,5.0,16,46.892857142857146,44.0,86,21.714285714285715,18.0,48,25.178571428571427,27.5,41,0.8928571428571429,10,1,73.33838383838383,3.5218390804597703,242.56749011046426,121.0,391.7,3917,198,915,6492,3688,24
2023Q4,NVIDIA/NeMo-Aligner,https://github.com/NVIDIA/NeMo-Aligner.git,nemo-aligner,148,10,2023-12-04 06:17:03,2023-11-19T21:40:59-08:00,14,2024-06-01,5b898b67ab08ed68e2b2b89bf898db233e71eb68,180,0,44,44,1.0,8404,387,49.98185291308501,52,79,2.86046511627907,2,6,19.080103359173126,11,47,18.29198966408269,10,46,0.7881136950904393,0,2,0.27906976744186046,46,10,50.532718894009214,3.5,16.02045443961125,11.0,135.2391304347826,6221,1085,1674,11577,611,169
2023Q4,choekangrok/k-k-relation,https://github.com/choekangrok/k-k-relation.git,k-ktransformer,21,1,2023-12-07 13:42:32,2023-12-01T21:54:00+09:00,6,2024-06-04,52ca982bd1f57a2f9f27c9c619ffd281195419f3,180,0,3,2,0.6666666666666666,149,10,19,19.0,20,2.4,2.0,5,12,7.0,30,12,7.0,30,0,0.0,0,0.0,1,1,19.0,49.666666666666664,49.666666666666664,123.0,123.0,123,2,24,171,0,4
2023Q4,Bing-su/do-problem-solving,https://github.com/Bing-su/do-problem-solving.git,do-problem-solving,7,1,2023-10-27 13:10:16,2023-10-26T17:19:28+09:00,1,2024-04-24,096ac8f1e043c15900ff9f132b6edb15506b7b2b,180,0,2,2,1.0,107,7,74,74,74,2.2857142857142856,2,5,7.857142857142857,8,13,7.857142857142857,8,13,0,0,0,0.0,4,1,74.0,4.676470588235294,25.58823529411765,25.5,29.5,118,1,37,156,49,4
2023Q4,tradinghours/tradinghours-python,https://github.com/tradinghours/tradinghours-python.git,tradinghours,890,19,2023-10-24 05:11:15,2023-08-30T20:19:34-04:00,54,2024-04-21,f020f05a2ef2c360751fb65adfd5b3641f39a556,180,0,22,22,1.0,2497,217,42.03846153846154,40.0,68,2.055299539170507,1,4,6.341013824884793,4,13,6.161290322580645,4,13,0.17972350230414746,0,0,0.06912442396313365,160,4,39.48951048951049,2.780701754385965,6.5772506462606835,4.5,26.3,4208,143,1037,10253,5561,398
2023Q4,fkie-cad/AndroidFridaManager,https://github.com/fkie-cad/AndroidFridaManager.git,androidfridamanager,696,31,2023-12-29 17:09:06,2023-12-27T18:29:24+01:00,1,2024-06-26,f992cef31f3e6590c2b07cb5f19a49b070ca2e87,180,0,5,5,1.0,790,55,51.76,44,83,2.8181818181818183,2,6,11.218181818181819,8,27,10,7,23,1.2181818181818183,0,7,0.14545454545454545,24,1,48.93877551020408,6.0625,32.71999601275917,11.5,44.916666666666664,1078,49,360,1596,724,53
2023Q4,VectorInstitute/flex_model,https://github.com/VectorInstitute/flex_model.git,flex-model,28,1,2023-12-05 15:47:58,2023-06-27T18:38:54-04:00,160,2024-06-02,94e3cb434d26bc35c8503b4f6f2dd0b500ae90e8,180,0,29,29,1.0,4570,265,42.518716577540104,40,68,2.1358490566037736,1,5,14.064150943396227,8,40,11.852830188679246,6,30,2.211320754716981,0,8,0.3660377358490566,73,4,40.396875,4.0,27.871551217767166,17.0,142.93150684931507,10434,640,2533,27581,20800,434
2023Q4,ClickoTON-Foundation/xrocket,https://github.com/ClickoTON-Foundation/xrocket.git,xrocket,663,3,2023-10-11 21:05:17,2023-10-11T14:04:14+03:00,0,2024-04-08,4f6256a1cbf2adcdbcac4afef5a4ea0219e343e0,180,0,16,16,1.0,835,41,,,,1.2439024390243902,1,2,14.75609756097561,13,28,8.682926829268293,7,18,6.073170731707317,6,10,1.0,7,3,nan,2.4375,14.156547619047618,10.0,94.42857142857143,661,0,223,884,49,42
2023Q4,brainspoof/goodgit,https://github.com/brainspoof/goodgit.git,goodgit,57,32,2023-10-01 20:06:37,2023-10-01T00:08:00+05:30,1,2024-03-29,642a8d408bfe5aed58fc12c9900d9f2f5ba377d9,180,0,43,43,1.0,1888,89,42.0990990990991,35,91,3.730337078651685,2,9,16.730337078651687,10,38,15.92134831460674,9,38,0.8089887640449438,0,3,0.30337078651685395,39,3,42.93333333333333,3.7068607068607067,7.826695704241471,10.0,32.17948717948718,1255,75,286,1679,373,121
2023Q4,saman-zand-h/cocalc-python,https://github.com/saman-zand-h/cocalc-python.git,cocalc-python,31,4,2023-10-07 20:54:28,2023-10-08T00:19:29+03:30,0,2024-04-04,83a640831f32416b71bfc4ba7485b6fcee54a0e4,180,0,5,5,1.0,94,8,,,,1.625,1.0,4,7.125,2.5,19,7.125,2.5,19,0,0.0,0,0.0,2,1,nan,1.8409090909090908,1.8409090909090908,15.0,15.0,30,0,3,33,31,5
2023Q4,Valentin-Butorin/rutube_downloader,https://github.com/Valentin-Butorin/rutube_downloader.git,rutube-downloader,262,8,2023-10-02 18:11:24,2023-10-03T01:08:57+07:00,0,2024-03-30,532f63d1c954e94db823a738ff29281f04f83df3,180,0,2,2,1.0,188,26,,,,1.6923076923076923,1.0,3,4.269230769230769,3.0,9,4.269230769230769,3.0,9,0,0.0,0,0.0,0,0,nan,nan,nan,nan,nan,0,0,0,0,0,0
2023Q4,BrandonPacewic/pygpm,https://github.com/BrandonPacewic/pygpm.git,pygpm,17,5,2023-12-10 19:02:05,2023-11-15T06:49:24-08:00,25,2024-06-07,23ac9f24820c24c37d13df93d752163419b76332,180,0,16,16,1.0,1561,70,33.232142857142854,30.0,57,2.642857142857143,2.0,7,10.5,7.0,22,10.5,7.0,22,0,0.0,0,0.0,53,1,33.71527777777778,2.0,9.174877283449264,10.0,56.886792452830186,3015,144,755,4022,2385,163
2023Q4,annieklamar/foodframe,https://github.com/annieklamar/foodframe.git,foodframe,7,1,2023-10-02 20:05:45,2023-10-02T12:39:37-07:00,0,2024-03-30,f6cf821e70427e1fa6a2b20bc7d50b8856d51784,180,0,5,5,1.0,523,8,30.62121212121212,22.0,64,2.875,2.0,8,26,8.0,73,23.125,8.0,72,2.875,1.0,15,0.75,7,2,47.90625,3.5,34.4375,1.0,63.857142857142854,447,32,48,558,9,10
2023Q4,jossmoff/bookshelf,https://github.com/jossmoff/bookshelf.git,bookshelf-cli,25,2,2023-10-22 21:43:30,2023-10-20T17:21:30+01:00,2,2024-04-19,46ead97782c9531dbc584781adc6a8b65a90047d,180,0,7,7,1.0,598,56,69,69.0,74,2.2142857142857144,2.0,5,6.875,6.0,17,6.678571428571429,5.0,17,0.19642857142857142,0.0,1,0.19642857142857142,6,2,69.0,3.694915254237288,15.758153569594247,27.0,103.66666666666667,622,2,119,1378,274,41
2023Q4,StructuralNeurobiologyLab/autodoc,https://github.com/StructuralNeurobiologyLab/autodoc.git,autodocumentation-python,32,8,2023-10-13 10:17:14,2023-08-10T04:59:33+02:00,64,2024-04-10,d52050e6b86674647d0588734a64bca5861e92c3,180,0,11,11,1.0,1455,34,51.34782608695652,46,90,5.852941176470588,3.0,14,38.5,26.5,102,28.735294117647058,17.0,86,9.764705882352942,10.0,19,0.8235294117647058,22,1,54.44906444906445,5.823529411764706,21.256334940634247,41.0,141.8181818181818,3120,481,726,4370,2885,101
2023Q4,code4mk/drf-friend,https://github.com/code4mk/drf-friend.git,drf-friend,184,27,2023-12-10 16:27:56,2023-12-11T17:49:31+06:00,-1,2024-06-07,62ef06384c68663be07890e42064e2cd166cad69,180,0,51,51,1.0,2193,196,45.52252252252252,43,72,1.9846938775510203,1.0,3,8.010204081632653,4.0,14,7.045918367346939,3.0,13,0.9642857142857143,0.0,5,0.12244897959183673,44,1,46.624,4.0,15.708257936507934,10.5,41.68181818181818,1834,125,463,2514,242,98
2023Q4,0mudkip/repo_paquete_ibero_al,https://github.com/0mudkip/repo_paquete_ibero_al.git,algebraiberoia,41,3,2023-11-23 20:05:45,2023-11-09T09:20:42-06:00,14,2024-05-21,ebaf814917b122fb550f2f9d8131e68b83f3478f,180,0,2,2,1.0,64,10,,,,1.6,1.0,3,5.2,5.0,10,5.2,5.0,10,0,0.0,0,0.0,7,2,nan,31.0,25.0,25.0,25.857142857142858,181,0,35,326,241,14
2023Q4,measure-map/pyMeasureMap,https://github.com/measure-map/pyMeasureMap.git,pymeasuremap,297,1,2023-10-01 17:25:56,2023-09-25T19:37:38+02:00,5,2024-03-29,287cc491468e95c55866382d227f3602f4f3273a,180,0,6,6,1.0,1561,64,33.44736842105263,22.0,73,4.5625,3.0,10,20.25,10.5,65,18.046875,8.5,60,2.203125,1.0,8,0.609375,26,1,40.395833333333336,7.0,39.75558378819248,15.5,70.11538461538461,1823,48,300,2671,396,48
2023Q4,DevArKaDiA/transpy,https://github.com/DevArKaDiA/transpy.git,copypy,72,9,2023-11-17 05:00:36,2023-11-16T23:33:56-05:00,0,2024-05-15,af87af21d2ea79906e0b68c70d959b2cbcf55cd6,180,0,4,4,1.0,41,3,21,21.0,21,1.6666666666666667,2,2,5.333333333333333,5,6,5.333333333333333,5,6,0,0,0,0.0,9,1,21.0,2.6666666666666665,12.629629629629628,7.0,10.0,90,6,26,122,81,10
2023Q4,kyegomez/fuyu,https://github.com/kyegomez/fuyu.git,fuyu,43,4,2023-10-18 17:54:33,2023-10-18T13:51:55-04:00,0,2024-04-15,6ec6c258f9a9e0391baf9dd4ebed05015f96c143,180,0,3,3,1.0,282,6,33.22222222222222,35,47,1.3333333333333333,1.0,3,25.5,14.0,87,20.5,8.0,87,5,0.0,18,0.3333333333333333,16,2,49.30555555555556,1.9833333333333334,16.64334382689246,3.0,112.4375,1799,144,320,2263,1981,25
2023Q4,ifak/json_schema_tool,https://github.com/ifak/json_schema_tool.git,json-schema-tool,565,4,2023-11-13 09:08:24,2023-06-06T18:54:42+02:00,159,2024-05-11,a86626ef47d098a64a91b84d72fd8b15d8b5b4a2,180,0,6,6,1.0,1632,169,29.916666666666668,21.5,59,2.5680473372781063,1,5,6.85207100591716,3,15,6.85207100591716,3,15,0,0,0,0.0,16,1,27.35483870967742,2.321428571428571,34.63259465522489,50.0,224.875,3598,62,784,4886,2891,47
2024Q1,DSsoli/esa-2scm,https://github.com/DSsoli/esa-2scm.git,esa-2scm,134,22,2024-01-25 20:47:45,2024-01-26T05:35:33+09:00,0,2024-07-23,bfd1a4aeb1899b6beb525f6acf07480723abedd0,180,0,4,4,1.0,403,27,,,,2.962962962962963,2,8,9.592592592592593,4,36,9.592592592592593,4,36,0,0,0,0.0,17,1,nan,1.0,2.3548319327731093,5.0,8.588235294117647,146,0,41,436,97,60
2024Q1,jaideepsinhdabhi/JustDataML,https://github.com/jaideepsinhdabhi/JustDataML.git,justdataml,17,2,2024-03-30 12:58:30,2024-03-24T16:11:55+05:30,6,2024-09-26,2110a4b4257587f88502fa84e711eab01e7ebfe0,180,0,26,26,1.0,2201,50,42.57471264367816,36,74,3.16,2.0,8,22.88,10.0,63,21.86,10.0,63,1.02,0.0,5,0.24,4,1,43.247058823529414,3.9099485420240137,27.967474271012005,110.0,398.0,1592,255,532,2431,180,42
2024Q1,telefonicasc/tcjexl,https://github.com/telefonicasc/tcjexl.git,tcjexl,15,3,2024-03-05 15:08:48,2024-02-28T12:03:33+01:00,6,2024-09-01,79e7e07f9d36718f8709203b52040ea7214d5878,180,0,10,10,1.0,867,98,45.52238805970149,49,73,1.8061224489795917,1.0,3,5.6938775510204085,3.0,10,5.571428571428571,3.0,9,0.12244897959183673,0.0,0,0.030612244897959183,18,1,46.08695652173913,3.0,26.247089947089947,0.5,38.611111111111114,695,115,227,1684,196,47
2024Q1,metno/pyaro-readers,https://github.com/metno/pyaro-readers.git,pyaro,701,14,2024-01-04 12:34:25,2023-11-28T10:42:59+01:00,37,2024-07-02,6924bd1e8a5f8cd34a9f166fe3de56ca94de418d,180,0,21,21,1.0,3577,185,35.6,29,71,3.0324324324324325,1,7,13.783783783783784,4,33,11.718918918918918,3,32,2.0648648648648646,0,9,0.2648648648648649,99,5,39.85149469623915,2.45,23.17678950114095,5.0,200.95959595959596,19895,2074,3680,26615,22453,196
2024Q1,frequenz-floss/frequenz-api-electricity-trading,https://github.com/frequenz-floss/frequenz-api-electricity-trading.git,frequenz-api-electricity-trading,957,16,2024-01-18 15:35:10,2023-12-07T08:57:18+01:00,42,2024-07-16,51b5dd140a960cc8c037a5899ce6ac71cc3a8823,180,0,7,7,1.0,35,0,33,33.0,52,,,,,,,,,,,,,,31,4,34.75,3.75,21.658755245393177,6.0,74.0,2294,24,478,3773,3611,43
2024Q1,django-community/django-community-playground,https://github.com/django-community/django-community-playground.git,django-community-playground,164,2,2024-03-22 12:40:13,2024-03-22T06:22:39-05:00,0,2024-09-18,b42020b0175f9d24d51e2744ff3f346aaaca02c4,180,0,2,2,1.0,4,1,,,,2,2,2,4,4,4,4,4,4,0,0,0,0.0,2,1,nan,4.0,4.0,2.0,2.0,4,0,0,19,1,3
2024Q1,jdaarevalo/atomic_execution_control,https://github.com/jdaarevalo/atomic_execution_control.git,atomic-execution-control,34,3,2024-03-07 19:29:21,2024-03-06T15:55:31+01:00,1,2024-09-03,5370e11e8cb33facdc2555eaca6309c631f4073e,180,0,2,2,1.0,230,14,47,44,83,2.9285714285714284,2.0,5,13.857142857142858,10.5,30,13.857142857142858,10.5,30,0,0.0,0,0.0,9,2,56.369565217391305,8.833333333333332,56.50208333333333,26.0,57.888888888888886,521,46,63,669,412,16
2024Q1,MikeTheHammer/wmul_file_manager,https://github.com/MikeTheHammer/wmul_file_manager.git,wmul_file_manager,39,3,2024-01-10 14:31:13,2024-01-09T13:43:56-05:00,0,2024-07-08,9d6cdd3e629a617b6afeda2da6c566318d287bdd,180,0,22,22,1.0,3884,157,40.4,36,57,2.343949044585987,2,5,11,8,22,10.044585987261147,8,21,0.9554140127388535,0,0,0.07643312101910828,16,1,41.111111111111114,2.0,23.095607333842626,5.5,219.0,3504,9,1035,14727,2813,95
2024Q1,shibing624/chatpilot,https://github.com/shibing624/chatpilot.git,chatpilot,18,6,2024-03-10 10:42:41,2024-03-10T18:06:42+08:00,0,2024-09-06,f57e361e59b70e1944316661b6b0905d22579126,180,0,36,36,1.0,6429,260,29.415254237288135,28.0,49,3.1,2.0,8,16.71153846153846,9.0,43,16.573076923076922,9.0,43,0.13846153846153847,0.0,0,0.05384615384615385,91,1,33.35023041474654,2.0,6.549806636252161,7.0,81.87912087912088,7451,434,1501,10517,3814,277
2024Q1,blackthorn-ai/fluoricLogPpKa,https://github.com/blackthorn-ai/fluoricLogPpKa.git,fluoriclogppka,95,11,2024-03-05 17:07:30,2024-03-05T18:25:44+02:00,0,2024-09-01,af46a8c74b94242c4c6234b7671eca715eda61b1,180,0,24,24,1.0,4271,185,29.333333333333332,27.0,75,2.151351351351351,1,4,16.9027027027027,16,34,10.08108108108108,7,22,6.821621621621621,9,13,0.8486486486486486,13,1,29.333333333333332,2.2941176470588234,42.87782623538927,5.0,263.6923076923077,3428,6,975,4488,168,51
2024Q1,4Freye/panelsplit,https://github.com/4Freye/panelsplit.git,panelsplit,229,17,2024-03-03 14:38:27,2024-01-11T11:36:14-05:00,51,2024-08-30,a80d145bbe435a34df71162d74469a1538c3b8e3,180,0,2,2,1.0,387,21,32,32.0,35,3,2,6,18.714285714285715,18,31,11,9,23,7.714285714285714,9,15,0.7619047619047619,71,3,52.388888888888886,1.0,8.128264762232623,2.0,13.338028169014084,947,18,209,1297,810,70
2024Q1,jjrdk/generalist,https://github.com/jjrdk/generalist.git,generalist,25,1,2024-01-14 13:30:29,2024-01-13T22:39:29+01:00,0,2024-07-12,68ce886bfa8ac5d1601318d3715c260420267791,180,0,8,8,1.0,119,20,,,,1.45,1.0,3,3.3,2.0,6,3.3,2.0,6,0,0.0,0,0.0,3,1,nan,15.833333333333334,14.827777777777778,67.0,56.0,168,0,68,396,126,27
2024Q1,sotte/mrproject,https://github.com/sotte/mrproject.git,mrproject,11,1,2024-02-17 19:58:36,2024-02-12T20:48:52+01:00,5,2024-08-15,76ebc8b71c91c8b0bcab1d00009f30a785679082,180,0,7,7,1.0,340,18,37,40.5,54,2.888888888888889,2.5,6,14.722222222222221,11.0,32,12.722222222222221,10.0,30,2,0.5,12,0.5,4,1,36.63636363636363,34.36666666666667,32.833333333333336,120.5,118.5,474,11,153,737,304,18
2024Q1,alexishumblet/pyestimate,https://github.com/alexishumblet/pyestimate.git,pyestimate,258,5,2024-01-15 18:59:02,2024-01-14T16:49:40+01:00,1,2024-07-13,dd020c5720749e3f1eab91b08f59c1f900751453,180,0,2,2,1.0,464,7,15,15.0,24,3.142857142857143,4,5,65.85714285714286,102,122,21.714285714285715,25,39,44.142857142857146,69,83,0.5714285714285714,22,1,15.0,3.0,25.360317460317457,1.0,28.318181818181817,623,6,130,1119,413,43
2024Q1,maskalev/openweather_sdk,https://github.com/maskalev/openweather_sdk.git,msklv-openweather-sdk,135,13,2024-03-10 15:51:00,2024-03-11T03:06:06+06:00,-1,2024-09-06,9c958574ff59ac6fd9800dd39324bd64a88e70f0,180,0,13,13,1.0,1246,109,61,61,61,2.2018348623853212,1,6,8,3,17,6.889908256880734,3,17,1.110091743119266,0,1,0.2018348623853211,33,1,nan,1.6666666666666667,3.849851513503163,6.0,27.96969696969697,923,0,104,2093,560,101
2024Q1,timertimertimer/web3db,https://github.com/timertimertimer/web3db.git,web3db,100,9,2024-03-06 14:22:53,2024-01-19T22:17:59+03:00,46,2024-09-02,f7bacc0b527b0001aec93bd87452e20a7ac7226b,180,0,14,14,1.0,694,52,82.5,82.5,85,1.8269230769230769,1.0,4,7.019230769230769,5.0,17,7.019230769230769,5.0,17,0,0.0,0,0.0,40,1,77.0,2.0,3.966233886629424,9.5,33.1,1324,4,142,1507,788,84
2024Q1,milvus-io/milvus-model,https://github.com/milvus-io/milvus-model.git,milvus-model,69651,14,2024-03-20 06:39:33,2024-03-19T19:29:57+08:00,0,2024-09-16,c19565b6d184fe36d39bba3902bdbb72e34e340a,180,0,32,32,1.0,2932,235,50.55294117647059,50,91,2.178723404255319,1,5,8.906382978723403,3,24,8.753191489361702,3,24,0.15319148936170213,0,0,0.03404255319148936,27,7,53.828947368421055,3.0,15.65730231702454,38.0,103.48148148148148,2794,76,555,3425,493,123
2024Q1,rasmunk/libvirt_provider,https://github.com/rasmunk/libvirt_provider.git,libvirt-provider,70,19,2024-02-13 15:03:46,2023-02-03T13:41:37+01:00,375,2024-08-11,3a2f9bbf3943fd97d41c153b0097f7372b366430,180,0,42,42,1.0,1724,138,37.23913043478261,37.0,55,2.420289855072464,2.0,5,9.753623188405797,6.0,18,9.73913043478261,6.0,18,0.014492753623188406,0.0,0,0.014492753623188406,118,1,38.46376811594203,2.5,5.765316743130635,4.0,19.28813559322034,2276,69,432,5545,2842,306
2024Q1,MarcoGorelli/polars-xdt,https://github.com/MarcoGorelli/polars-xdt.git,polars-xdt,19314,47,2024-01-05 14:47:54,2023-01-03T15:47:02+01:00,367,2024-07-03,a08d7fb427b50310b6b11f2cc7da4720cde9dc6f,180,0,6,6,1.0,1013,21,42.5,45.5,67,2.0952380952380953,1,4,39.333333333333336,39,79,11.761904761904763,10,18,27.571428571428573,28,59,0.5714285714285714,250,9,39.10569105691057,1.0,9.368566263965212,2.0,22.828,5707,123,643,9592,8024,496
2024Q1,danibene/tempbeat,https://github.com/danibene/tempbeat.git,tempbeat,27,2,2024-03-19 04:20:09,2023-09-29T21:30:30-04:00,171,2024-09-15,a2189bc3a295f407432311c3446a17537d5d1c83,180,0,21,21,1.0,4381,67,40.06024096385542,42.0,70,3.7761194029850746,2,7,58.492537313432834,39,118,39.91044776119403,20,93,18.582089552238806,19,35,0.8208955223880597,81,2,42.12958963282937,3.833333333333333,34.723958412442215,10.0,116.51851851851852,9438,463,1382,15454,9564,189
2024Q1,YYLIZH/momomail,https://github.com/YYLIZH/momomail.git,momomail,9,1,2024-03-21 18:43:09,2022-08-30T02:03:02+08:00,570,2024-09-17,3fc0b142cd92ec1e3790732de78a17db15365ac6,180,0,7,7,1.0,901,65,39.07142857142857,26.0,77,2.230769230769231,1,3,10.646153846153846,5,16,9.076923076923077,3,16,1.5692307692307692,0,4,0.47692307692307695,4,2,37.875,42.9375,58.78125,228.5,236.5,946,16,189,1160,492,15
2024Q1,bpcreech/nodejs-eval,https://github.com/bpcreech/nodejs-eval.git,nodejs-eval,28,5,2024-02-20 00:03:01,2024-02-19T13:25:21-05:00,0,2024-08-18,d045a655dc44737e2c3d4bce1e63da1c680ac016,180,0,3,3,1.0,157,8,37.7,35.5,67,1.875,1.5,4,13.625,12.0,34,9.125,7.0,27,4.5,0.0,15,0.375,17,1,41.05555555555556,2.8916666666666666,6.713961038961039,1.0,12.823529411764707,218,18,48,391,145,21
2024Q1,ZJUFanLab/SCOTCH,https://github.com/ZJUFanLab/SCOTCH.git,scotch-sc,8,1,2024-01-24 15:08:00,2024-01-24T22:18:02+08:00,0,2024-07-22,8fe676de0a139fbdd7acda634cc3c4aabfbd3425,180,0,6,6,1.0,1413,43,39.04347826086956,40.0,67,3.3488372093023258,3,7,30.74418604651163,25,68,18.906976744186046,12,51,11.837209302325581,11,20,0.8837209302325582,1,1,40.55263157894737,235.5,235.5,1150.0,1150.0,1150,38,225,1449,0,7
2024Q1,Capsize-Games/PyQt6-mediator-mixin,https://github.com/Capsize-Games/PyQt6-mediator-mixin.git,pyqt6-mediator-mixin,68,4,2024-02-11 17:04:38,2024-02-11T15:05:11+00:00,0,2024-08-09,954e70379023d8a7d9b4f5149ace8f412b460f5e,180,0,4,4,1.0,120,8,66.33333333333333,74,74,2,2.0,4,8.875,7.0,20,6.625,6.5,14,2.25,0.0,6,0.375,4,1,66.33333333333333,30.0,30.0,0.0,23.25,93,3,24,147,3,8
2024Q1,zerario/Python-PiShock,https://github.com/zerario/Python-PiShock.git,pishock,136,7,2024-01-12 20:30:06,2023-08-27T21:57:57+02:00,138,2024-07-10,1f8ee1baf59beabbeb48ff9e5818e32b0beb332f,180,0,10,10,1.0,2555,110,28.19607843137255,19,69,3.1454545454545455,2.0,6,15.290909090909091,10.5,34,12.936363636363636,7.5,29,2.3545454545454545,1.0,8,0.5454545454545454,152,1,34.370370370370374,2.0,6.5914628123628445,4.0,31.70394736842105,4819,81,958,10334,5563,321
2024Q1,matgenix/jobflow-remote,https://github.com/matgenix/jobflow-remote.git,jobflow-remote,1291,10,2024-02-05 19:20:16,2023-05-05T18:25:02+02:00,276,2024-08-03,499791a2244f32911e66e06068f876fc6b3fd09f,180,0,43,43,1.0,13779,425,51.68,58,73,3.6282352941176472,2,8,25.88705882352941,16,67,19.936470588235295,10,51,5.950588235294117,1,17,0.5341176470588235,155,5,48.79376854599406,2.5833333333333335,6.182730499010521,9.0,118.12903225806451,18310,674,2566,24592,8171,731
2024Q1,fmahe/fibermat,https://github.com/fmahe/fibermat.git,fibermat,79,9,2024-03-19 16:17:28,2024-03-19T14:30:28+01:00,0,2024-09-15,76942fabf03c9fb2e31e7e59d5aae1d36eb58b67,180,0,15,15,1.0,3764,69,26.982233502538072,23.0,53,3.3043478260869565,2,7,34.710144927536234,14,106,20.608695652173914,5,59,14.101449275362318,8,44,0.7681159420289855,78,2,29.271259418729816,1.8888888888888888,11.80543386871588,10.0,113.97435897435898,8890,929,1610,12557,8163,300
2024Q1,mgoltzsche/beets-webrouter,https://github.com/mgoltzsche/beets-webrouter.git,beets-webrouter,56,6,2024-02-19 03:54:22,2024-02-19T04:53:00+01:00,0,2024-08-17,ceb29f8dac235651c06802f035b8e166904fc677,180,0,3,3,1.0,111,6,,,,3.5,1.5,11,13.333333333333334,5.5,40,13.333333333333334,5.5,40,0,0.0,0,0.0,5,1,nan,3.678571428571429,13.839285714285714,6.0,22.4,112,0,17,160,19,9
2024Q1,altlinux/py3dephell,https://github.com/altlinux/py3dephell.git,py3dephell,35,3,2024-02-25 20:12:09,2023-06-10T08:28:00+03:00,260,2024-08-23,b083c36bbc8f1118fcbada5cbc6119a7745ea345,180,0,3,3,1.0,827,21,81,81,81,9.19047619047619,9,16,35.142857142857146,28,54,23.61904761904762,16,51,11.523809523809524,13,23,0.7619047619047619,62,1,66.0,2.5,32.34224334224334,1.0,29.20967741935484,1811,4,291,3160,1937,79
2024Q1,chrysochos/django-tristate,https://github.com/chrysochos/django-tristate.git,django-tristate,19,1,2024-01-07 12:52:23,2024-01-07T09:18:08+02:00,0,2024-07-05,d847813fc0228fdd3af97592cf19a2125fbdff12,180,0,20,20,1.0,367,9,41.15151515151515,39,66,2.111111111111111,2,6,7.333333333333333,6,14,7.222222222222222,6,14,0.1111111111111111,0,1,0.1111111111111111,4,1,41.774193548387096,24.466666666666665,24.466666666666665,126.0,126.0,504,62,168,752,367,31
2024Q2,MacHu-GWU/aws_textract-project,https://github.com/MacHu-GWU/aws_textract-project.git,aws-textract,40,3,2024-04-17 18:28:37,2022-11-11T15:05:51-05:00,522,2024-10-14,563620b6bc353c0b7bbc5e990826f3b9d0924bb5,180,0,15,15,1.0,1176,31,22.142857142857142,18,29,2.6451612903225805,1,5,25.096774193548388,22,35,15.709677419354838,13,31,9.387096774193548,5,16,0.9354838709677419,11,2,48.0,25.5,26.97976992143659,42.0,123.0909090909091,1354,22,261,2539,660,66
2024Q2,lukasz-migas/yoki5,https://github.com/lukasz-migas/yoki5.git,yoki5,1243,2,2024-05-15 16:14:17,2023-04-20T10:44:27+02:00,391,2024-11-11,a99fbb0b53100931216ecb4954a0c112cc137e6b,180,0,8,8,1.0,1399,138,36.18518518518518,32,68,2.7028985507246377,2.0,5,7.659420289855072,5.0,16,6.760869565217392,4.0,15,0.8985507246376812,1.0,1,0.8623188405797102,36,2,36.266666666666666,1.8760330578512396,10.037730293219216,7.0,54.833333333333336,1974,45,315,2658,959,77
2024Q2,lippinj/statfin,https://github.com/lippinj/statfin.git,statfin,105,12,2024-06-04 18:41:05,2024-05-25T20:31:46+03:00,10,2024-12-01,05834ed83302fca807e0d3a31a67327f1239e7a0,180,0,4,4,1.0,338,29,,,,2.103448275862069,2,4,9.172413793103448,8,17,5.620689655172414,4,11,3.5517241379310347,1,11,0.6206896551724138,10,1,nan,17.166666666666668,35.242592592592594,53.0,83.3,833,0,238,1170,750,26
2024Q2,mike0sv/hanapy,https://github.com/mike0sv/hanapy.git,hanapy,11,1,2024-04-12 22:11:41,2024-04-13T01:59:20+04:00,0,2024-10-09,df001c0fab8e6629018256b57d86609ac84d2ad7,180,0,47,47,1.0,3099,323,27.666666666666668,24.5,65,2.371517027863777,1,5,5.808049535603715,4,12,5.804953560371517,4,12,0.0030959752321981426,0,0,0.0030959752321981426,30,1,35.37662337662338,3.523755656108597,5.058600315949695,85.0,110.26666666666667,3308,77,681,4255,1359,264
2024Q2,vectorch-ai/ScaleLLM,https://github.com/vectorch-ai/ScaleLLM.git,scalellm,100,19,2024-05-17 06:24:30,2023-07-24T13:14:29-07:00,297,2024-11-13,dd712028cc418444fc055fc0984b01f313f60092,180,0,19,19,1.0,2863,136,45.16528925619835,40.0,82,2.661764705882353,2.0,5,14.345588235294118,6.0,37,14.095588235294118,6.0,37,0.25,0.0,0,0.07352941176470588,91,2,43.686354378818734,3.473684210526316,36.98214055097387,2.0,58.59340659340659,5332,491,882,10884,5576,247
2024Q2,cri98li/TIF,https://github.com/cri98li/TIF.git,trajectoryintervalforest,28,4,2024-06-18 11:51:00,2023-01-09T10:32:47+01:00,526,2024-12-15,75627b0009615d870de2d0fecb4b5537890a55f1,180,0,9,9,1.0,1024,26,61.2093023255814,54,117,7.846153846153846,6.0,17,32.96153846153846,24.5,83,32.96153846153846,24.5,83,0,0.0,0,0.0,19,1,64.48529411764706,2.95,18.392628005099404,77.0,113.3157894736842,2153,68,653,3334,1853,70
2024Q2,wangyanxi/py-ads-client,https://github.com/wangyanxi/py-ads-client.git,py-ads-client,32,4,2024-04-24 15:06:22,2024-04-27T18:08:27+08:00,-3,2024-10-21,bf62ac874694df0d664b16b657a536a8a1cad446,180,0,27,27,1.0,1892,129,54.610169491525426,68,76,2.131782945736434,1,4,6.255813953488372,2,15,6.178294573643411,2,15,0.07751937984496124,0,0,0.015503875968992248,4,1,56.67272727272727,2.75,28.496376811594203,5.0,378.0,1512,55,326,2996,1,56
2024Q2,vm-x-ai/vm-x-ai-sdk,https://github.com/vm-x-ai/vm-x-ai-sdk.git,vm-x-ai-sdk,178,33,2024-04-22 10:40:14,2024-04-18T15:36:51-03:00,3,2024-10-19,9beb8592c696acc69b227a915610c9a179e14781,180,0,28,28,1.0,2696,71,49.5,42.5,83,4.098591549295775,1,12,21.183098591549296,13,48,15.169014084507042,11,39,6.014084507042254,0,15,0.49295774647887325,16,1,58.955555555555556,5.944444444444445,44.52586279461279,37.5,267.75,4284,90,827,5857,3143,101
2024Q2,AnnaFomina1997/Text-to-Image-Generator,https://github.com/AnnaFomina1997/Text-to-Image-Generator.git,text-to-image-generatorannamaria,2,1,2024-05-31 15:08:57,2024-05-28T18:56:14+03:00,2,2024-11-27,8ef2f4f7d17461a89fec72b3bc2c591deee573f7,180,0,5,5,1.0,129,5,36.55555555555556,26.0,72,1,1,1,5.2,4,12,5.2,4,12,0,0,0,0.0,18,1,45.142857142857146,1.0,6.980952380952381,0.0,5.444444444444445,98,7,33,261,54,26
2024Q2,dominik-gralka/mailengine-sdk-py,https://github.com/dominik-gralka/mailengine-sdk-py.git,mailengine-sdk,19,1,2024-05-28 14:50:52,2024-05-12T12:23:25+02:00,16,2024-11-24,a52596767bead603ebf667b7c66c460dc38133b3,180,0,3,3,1.0,72,3,,,,1.6666666666666667,1,3,19.666666666666668,17,30,12.333333333333334,7,24,7.333333333333333,6,10,1.0,7,1,32.0,5.75,22.778582334573176,50.0,433.85714285714283,3037,3,863,3995,3881,75
2024Q2,ochaaz/frameablez,https://github.com/ochaaz/frameablez.git,frameablez,7,1,2024-05-07 06:16:52,2022-06-26T01:20:54+07:00,681,2024-11-03,965513c81529551c8899317777a10eae4c5f958f,180,0,2,2,1.0,4,0,,,,,,,,,,,,,,,,,2,2,nan,2.0,2.0,1.5,1.5,3,0,1,42,34,4
2024Q2,pafernanr/sarcharts,https://github.com/pafernanr/sarcharts.git,sarcharts,124,21,2024-05-07 14:51:57,2024-04-30T13:00:46+02:00,7,2024-11-03,023722063554876e978ebba9f7006dfd6d563156,180,0,9,9,1.0,714,29,33.26190476190476,31.0,53,5.172413793103448,3,8,20.17241379310345,9,51,20.17241379310345,9,51,0,0,0,0.0,63,2,35.50847457627118,2.2142857142857144,6.590865965278613,11.0,51.20634920634921,3226,118,130,3497,2760,139
2024Q2,liujianchao1214/PythonTest1,https://github.com/liujianchao1214/PythonTest1.git,pythontestljc327,162,1,2024-04-21 02:07:28,2024-03-11T23:04:22+08:00,40,2024-10-18,fd4e87f510f2da2865f854c30f636a9bfa35be3c,180,0,2,2,1.0,26,2,,,,1,1.0,1,2.5,2.5,3,2,2.0,2,0.5,0.5,1,0.5,2,2,nan,11.75,11.75,12.0,12.0,24,0,2,45,0,5
2024Q2,imyizhang/jsonabledb,https://github.com/imyizhang/jsonabledb.git,jsonabledb,30,3,2024-04-22 10:29:03,2024-04-24T15:59:17+02:00,-3,2024-10-19,9a66ae87fda623370397202584259cc934043045,180,0,2,2,1.0,473,42,21.1,20.0,27,1.9523809523809523,1.5,3,9.333333333333334,7.5,17,5.214285714285714,4.0,11,4.119047619047619,4.0,10,0.8809523809523809,1,1,25.0,236.5,236.5,379.0,379.0,379,1,93,473,0,2
2024Q2,ItsNotSoftware/lions,https://github.com/ItsNotSoftware/lions.git,lionsc,22,6,2024-06-07 07:43:28,2024-04-30T14:51:12+02:00,37,2024-12-04,25f1b11896adb041e7c29ae2863451baa9e96f32,180,0,21,21,1.0,1059,49,33.19444444444444,34.5,51,2.2244897959183674,2,5,15.795918367346939,16,43,11.510204081632653,6,33,4.285714285714286,1,12,0.6938775510204082,82,1,33.166666666666664,3.6666666666666665,13.242787130213067,1.5,24.475609756097562,2007,78,599,4820,2521,198
2024Q2,vxnuaj/nue,https://github.com/vxnuaj/nue.git,nue,79,7,2024-04-25 06:12:01,2024-04-22T13:18:43-04:00,2,2024-10-22,2fd268e8beb2a2b092c6b4576b56208e95726a3f,180,0,20,20,1.0,3084,236,69.65714285714286,42,143,2.2796610169491527,1.5,5,10.411016949152541,5.0,31,8.194915254237289,4.0,20,2.2161016949152543,0.0,9,0.22033898305084745,60,1,60.51851851851852,5.226180681257199,36.08406446235593,5.0,102.98333333333333,6179,54,1762,8970,5449,229
2024Q2,mirukutea/serpulidz,https://github.com/mirukutea/serpulidz.git,serpulidz,20,2,2024-05-09 00:45:03,2022-06-26T01:20:54+07:00,683,2024-11-05,b2bce7be30ba2ac50480c545037df01d1ac15bca,180,0,2,2,1.0,4,0,,,,,,,,,,,,,,,,,2,2,nan,2.0,2.0,1.5,1.5,3,0,1,42,34,4
2024Q2,oyvindwe/connectlife,https://github.com/oyvindwe/connectlife.git,connectlife,25505,15,2024-05-07 05:14:52,2024-05-06T23:39:25+02:00,0,2024-11-03,785531d894bcac92f971aa3e02a0e69c1f8db5e3,180,0,5,5,1.0,461,32,49,45.0,96,2.40625,1.0,6,7.875,2.0,18,7.75,2.0,18,0.125,0.0,1,0.125,23,1,49.0,2.646825396825397,9.957222222222223,6.0,21.434782608695652,493,8,89,751,152,34
2024Q2,avadhanij/stym,https://github.com/avadhanij/stym.git,stym,5,1,2024-06-28 06:47:39,2024-06-23T10:05:38-07:00,4,2024-12-25,314f5cbbbf3c978c2e083aeb024101ded06f518d,180,0,4,4,1.0,287,11,67,64,80,3.4545454545454546,1,9,21,20,46,19.454545454545453,17,42,1.5454545454545454,1,4,0.6363636363636364,4,1,68.5,36.069105691056905,36.58316395663957,131.5,140.25,561,8,107,676,389,15
2024Q2,jgrey4296/jgdv,https://github.com/jgrey4296/jgdv.git,jgdv,90,14,2024-04-15 15:30:54,2024-03-05T14:07:18+00:00,41,2024-10-12,f360a867686536f0aca24f8e475881522001e9fa,180,0,41,40,0.975609756097561,3121,202,22.288973384030417,20,31,2.485148514851485,1.0,6,6.762376237623762,3.0,16,6.257425742574258,2.0,15,0.504950495049505,0.0,3,0.21782178217821782,60,1,26.690751445086704,4.25,35.59307733452778,15.0,1406.2666666666667,84376,8650,18599,119036,115355,1149
2024Q2,s-weissbach/neuroimage_denoiser,https://github.com/s-weissbach/neuroimage_denoiser.git,neuroimage_denoiser,34,7,2024-05-16 12:51:14,2023-12-26T13:14:57+01:00,142,2024-11-12,832c0d7239b0835d51f8d8bc8e6489fb089f57f9,180,0,21,21,1.0,1929,52,34.390625,23.0,86,3.6923076923076925,2.0,12,31.78846153846154,21.0,69,24.51923076923077,12.0,53,7.269230769230769,9.0,14,0.7307692307692307,122,4,35.687732342007436,3.0,12.108432907873594,19.5,63.60655737704918,7760,269,797,8931,6963,280
2024Q2,AI-Colleagues/st-components,https://github.com/AI-Colleagues/st-components.git,file-chat-input,56,1,2024-04-17 20:16:15,2024-04-07T12:37:39+02:00,10,2024-10-14,84e83e59e8ce653356c02df747da50e5874ce196,180,0,2,2,1.0,76,1,60.4375,70.0,75,1,1,1,18,18,18,12,12,12,6,6,6,1.0,5,1,58.5,4.5,12.466666666666667,6.0,16.6,83,82,31,234,120,10
2024Q2,ToC-Taiwan/toc-trade-protobuf,https://github.com/ToC-Taiwan/toc-trade-protobuf.git,toc-trade-pb-v2,36,10,2024-05-18 00:45:13,2022-05-20T12:49:00+00:00,728,2024-11-14,5d87275d802b9a1372b4a1ae8437201c9af81adf,180,0,19,19,1.0,2787,104,42.67213114754098,35,69,1,1.0,1,18.701923076923077,25.0,25,18.009615384615383,25.0,25,0.6923076923076923,0.5,1,0.5,4,1,42.73770491803279,86.5,86.48867753623189,1279.0,1259.0,5036,122,448,5606,2819,56
2024Q2,polaris-hub/auroris,https://github.com/polaris-hub/auroris.git,auroris,51,9,2024-05-08 00:38:02,2024-04-24T10:52:26-04:00,13,2024-11-04,0a73cda55b5dc0ef237fb9dac3d8c361cf9aeb03,180,0,25,25,1.0,1817,64,41.17741935483871,36.0,65,2.984375,2.0,8,19.109375,9.0,46,15.828125,7.0,36,3.28125,0.0,10,0.46875,4,2,40.36764705882353,4.027027027027027,22.507440381558027,197.0,393.0,1572,68,410,2380,239,58
2024Q2,yaoweiipsy/pylib,https://github.com/yaoweiipsy/pylib.git,yaowei-pylib,12,3,2024-04-17 22:29:07,2024-01-20T00:12:44-08:00,88,2024-10-14,6d8ee42769a9fab5d3d6f05b37340b3273912b71,180,0,2,2,1.0,3,1,,,,1,1,1,2,2,2,2,2,2,0,0,0,0.0,1,1,nan,3.0,3.0,2.0,2.0,2,0,1,15,0,2
2024Q2,ITJamie/netbox-changelog-diff-plugin,https://github.com/ITJamie/netbox-changelog-diff-plugin.git,netbox-changelog-diff-plugin,18,3,2024-06-09 15:08:48,2024-06-09T15:58:33+01:00,0,2024-12-06,dd810be4959c8aa42e23c546d28c8974b6270baf,180,0,11,11,1.0,324,12,52.57142857142857,60,77,5.666666666666667,3.0,17,18.833333333333332,17.5,31,18.583333333333332,17.5,31,0.25,0.0,0,0.08333333333333333,5,1,52.42857142857143,1.358974358974359,7.5717948717948715,9.0,60.8,304,21,67,398,68,24
2024Q2,deep-spin/quest-decoding,https://github.com/deep-spin/quest-decoding.git,quest-decoding,74,15,2024-05-26 22:41:51,2024-05-23T16:15:18+00:00,3,2024-11-22,2d56331ab1101de3b098bb2b6970d5ddf47894fc,180,0,21,20,0.9523809523809523,5409,152,35.075471698113205,32.0,64,2.223684210526316,1.0,4,28.335526315789473,15.0,63,25.75657894736842,14.0,61,2.5789473684210527,0.0,11,0.23026315789473684,16,2,37.05415162454874,5.0740425531914894,20.27739682800813,80.0,354.4375,5671,277,1185,9900,3286,115
2024Q2,mirukutea/zygadenusz,https://github.com/mirukutea/zygadenusz.git,zygadenusz,41,2,2024-05-10 04:02:32,2022-06-26T01:20:54+07:00,684,2024-11-06,6f4690fb77a36c43f0fc0061ee40c06511a79019,180,0,2,2,1.0,4,0,,,,,,,,,,,,,,,,,2,2,nan,2.0,2.0,1.5,1.5,3,0,1,42,34,4
2024Q2,makridenko/supadantic,https://github.com/makridenko/supadantic.git,supadantic,175,10,2024-04-20 10:16:14,2024-04-14T16:42:31+07:00,6,2024-10-17,b3dba0ef1ee0dc6882089823d6ab98185f6c6e41,180,0,7,7,1.0,757,51,29.285714285714285,17,66,1.7647058823529411,1,3,12.392156862745098,12,21,5.411764705882353,4,12,6.980392156862745,9,10,0.8823529411764706,11,1,38.5,7.0,14.869143356643356,59.0,71.45454545454545,786,4,264,2003,798,57
2024Q2,mhlee216/Matini-Net,https://github.com/mhlee216/Matini-Net.git,matini-net,13,1,2024-04-09 08:24:48,2024-04-09T07:54:50+09:00,0,2024-10-06,d3326c222980c4f77df97b73be544bfaeb78b776,180,0,18,18,1.0,3453,97,30.485549132947977,22,67,4.731958762886598,2,14,22.711340206185568,16,56,22.711340206185568,16,56,0,0,0,0.0,0,0,nan,nan,nan,nan,nan,0,0,0,0,0,0
2024Q3,leavers/fluentmap,https://github.com/leavers/fluentmap.git,fluentmap,29,3,2024-08-17 13:33:41,2024-03-29T04:16:09+08:00,141,2025-02-13,27f36e05358d8f59212fc5a9ee5742d70f3528b9,180,0,2,2,1.0,972,37,54.6140350877193,58,79,4.594594594594595,3,10,27.43243243243243,13,89,25.56756756756757,13,55,1.864864864864865,0,0,0.02702702702702703,5,1,52.333333333333336,7.0,98.3,12.0,158.8,794,63,145,1289,30,7
2024Q3,kriskacg/katiag-image-processing-package,https://github.com/kriskacg/katiag-image-processing-package.git,katiag-image-processing,9,1,2024-09-03 21:08:12,2024-09-03T17:27:32-03:00,0,2025-03-02,ad6e01ef0e1f8cc9485a7f534e85e8b2c5eb9d1c,180,0,2008,2005,0.9985059760956175,974733,30169,40.92314371107512,40,69,3.7382743876164275,2,8,24.98561437236899,10,64,15.108323113129371,6,36,9.877291259239616,0,33,0.4410487586595512,1,1,44.880793365751295,492.04088844018173,492.04088844018173,768694.0,768694.0,768694,49561,156478,1552238,0,3330
2024Q3,wisstock/hipocount-napari,https://github.com/wisstock/hipocount-napari.git,hipocount-napari,33,5,2024-07-23 13:39:05,2024-02-05T14:44:40+02:00,169,2025-01-19,2ccf95d8694f63161d3da9a8173253b394459088,180,0,2,2,1.0,329,13,24.8,14,59,3.3846153846153846,3,6,25.846153846153847,25,57,25.846153846153847,25,57,0,0,0,0.0,6,1,52.27777777777778,4.3106060606060606,17.877609427609425,68.0,69.33333333333333,416,18,87,521,192,9
2024Q3,nikhilmenghani/niklibrary,https://github.com/nikhilmenghani/niklibrary.git,niklibrary,13151,44,2024-09-25 19:41:53,2024-09-25T14:38:33-04:00,0,2025-03-24,1b3a3b29797377aa84408c71a4d886d17c0d18f2,180,0,46,46,1.0,3059,213,44.44871794871795,41.0,83,3.643192488262911,3,7,11.244131455399062,8,22,11.164319248826292,8,22,0.07981220657276995,0,0,0.051643192488262914,30,1,48.871428571428574,6.6,36.21706421225477,13.0,116.23333333333333,3487,70,431,4033,930,70
2024Q3,ProtDos/pcheck,https://github.com/ProtDos/pcheck.git,pcheck,30,6,2024-09-05 13:33:07,2024-08-31T14:56:23+02:00,5,2025-03-04,9fa33cce25a159c03bd5b97781e0c587399eaac7,180,0,3,3,1.0,112,4,,,,4.5,3.5,8,21,17.5,41,20.25,16.5,40,0.75,1.0,1,0.75,3,1,24.0,87.0,87.0,91.0,61.333333333333336,184,1,45,259,118,4
2024Q3,tum-robotics/trinkgelage,https://github.com/tum-robotics/trinkgelage.git,trinkgelage,90,2,2024-07-10 22:33:34,2024-07-02T11:59:00+02:00,8,2025-01-06,2fdebdf48143d6baca0a70a387c53f05e15ebb53,180,0,10,10,1.0,732,47,32.4,25,72,2.723404255319149,2,7,11.851063829787234,7,33,11.382978723404255,5,33,0.46808510638297873,0,3,0.14893617021276595,12,2,38.391304347826086,2.317073170731707,9.365946045824096,21.0,61.583333333333336,739,23,130,1036,164,35
2024Q3,huluxiaohuowa/hdl,https://github.com/huluxiaohuowa/hdl.git,hjxdl,520,267,2024-07-01 03:26:10,2022-08-09T11:06:03+08:00,692,2024-12-28,5c5bfe865af0f5a3763e587b2483b167979d2b20,180,0,138,137,0.9927536231884058,13189,474,33.32983508245877,29,59,3.4261603375527425,2.0,8,21.940928270042193,16.0,49,18.867088607594937,11.0,46,3.0738396624472575,0.0,10,0.3755274261603376,215,3,34.89820359281437,2.225,10.025206944919894,5.0,57.372093023255815,12335,835,2260,17906,4659,364
2024Q3,Martini-Force-Field-Initiative/MartiniGlass,https://github.com/Martini-Force-Field-Initiative/MartiniGlass.git,martiniglass,117,4,2024-09-12 09:24:45,2023-11-08T14:13:31+01:00,308,2025-03-11,c0365f7fcf4f92731c086b79aa1acd25a203fbaf,180,0,11,11,1.0,916,14,45.88725490196079,47.0,73,11.785714285714286,10.0,19,47.642857142857146,42.0,84,42.214285714285715,37.0,83,5.428571428571429,0.0,18,0.42857142857142855,57,2,48.47377049180328,3.8,13.342660468808283,9.0,39.78947368421053,2268,610,494,3640,2534,108
2024Q3,codebased-sh/codebased,https://github.com/codebased-sh/codebased.git,codebased,331,48,2024-08-24 00:48:59,2024-08-23T16:49:47-07:00,0,2025-02-20,f2d6bca135e22aeba52f7c5b6c8d6aa3dcec10e4,180,0,18,18,1.0,3067,152,50.45192307692308,45.0,95,3.3552631578947367,2.0,6,14.605263157894736,6.5,31,14.486842105263158,6.0,31,0.11842105263157894,0.0,0,0.019736842105263157,254,1,47.97377049180328,2.236111111111111,6.183540250575324,5.5,32.02755905511811,8135,305,1148,12553,7757,441
2024Q3,benrutter/ufo-tools,https://github.com/benrutter/ufo-tools.git,funland,513,1,2024-08-28 12:51:46,2024-01-09T15:24:40+00:00,231,2025-02-24,90d8aa07d301450ea611f2235d62e129bbdcf6cb,180,0,3,3,1.0,596,30,,,,2,2.0,3,16.5,10.5,37,7.033333333333333,6.5,13,9.466666666666667,5.0,27,0.8,12,1,34.333333333333336,25.75,46.95388558201058,51.0,121.16666666666667,1454,12,321,2131,1317,27
2024Q3,gupingan/lakedoc,https://github.com/gupingan/lakedoc.git,lakedoc,23,5,2024-07-21 13:25:13,2024-07-21T21:14:06+08:00,0,2025-01-17,e070e723411c9892bd1db423fcf3cbca74fe1ff4,180,0,14,14,1.0,711,54,24,20,53,2.2962962962962963,1.0,4,9.074074074074074,4.0,21,7.055555555555555,4.0,14,2.0185185185185186,0.0,7,0.4074074074074074,5,1,25.142857142857142,3.0,11.972727272727273,14.0,119.6,598,7,137,784,31,21
2024Q3,Xdynix/python-ulid-django,https://github.com/Xdynix/python-ulid-django.git,python-ulid-django,686,7,2024-07-11 08:18:22,2024-07-10T23:56:05-07:00,0,2025-01-07,adc547e061e925561f46ef92637f9065ddd07e11,180,0,4,4,1.0,126,9,,,,2.3333333333333335,2,6,7.444444444444445,6,17,7.444444444444445,6,17,0,0,0,0.0,6,1,nan,8.5,18.125,2.0,17.333333333333332,104,0,23,336,1,8
2024Q3,OhadRubin/import_from_gist,https://github.com/OhadRubin/import_from_gist.git,import-from-gist,24,1,2024-08-27 06:51:24,2024-08-27T09:31:24+03:00,0,2025-02-23,f0b4557646df4e7a5b706856ff4625d9c9457539,180,0,2,2,1.0,41,2,,,,1.5,1.5,2,15.5,15.5,19,14.5,14.5,18,1,1.0,1,1.0,1,1,nan,20.5,20.5,31.0,31.0,31,0,10,62,0,3
2024Q3,paulfioravanti/plover-cycle-translations,https://github.com/paulfioravanti/plover-cycle-translations.git,plover-cycle-translations,78,22,2024-09-09 10:50:21,2024-09-09T20:45:04+10:00,0,2025-03-08,04dada7ee3cc20ad319b832ee99234bce501ef6a,180,0,5,5,1.0,287,14,51.375,62.0,70,2.2857142857142856,2.0,4,11.857142857142858,11.0,23,9.142857142857142,10.0,18,2.7142857142857144,3.0,6,0.5714285714285714,28,1,52.16393442622951,2.5,13.228704834260387,6.5,24.285714285714285,680,61,93,865,548,34
2024Q3,frobnitzem/psik,https://github.com/frobnitzem/psik.git,psik,149,7,2024-08-26 18:18:36,2023-08-31T10:28:54-04:00,361,2025-02-22,8b19d2b54f8efac6a7a7647300dd6c84505012fc,180,0,16,16,1.0,913,53,41.6140350877193,40,63,2.811320754716981,2,5,11.566037735849056,10,24,10,8,20,1.5660377358490567,0,5,0.37735849056603776,43,1,43.4,2.4,5.399406804412072,13.0,35.72093023255814,1536,85,190,2421,907,139
2024Q3,qrichert/textcanvas,https://github.com/qrichert/textcanvas.git,textcanvas,36,6,2024-07-19 21:38:51,2024-03-22T17:19:03+01:00,119,2025-01-15,564eeedfbb089d6d1511dec36598cd0e91f9120b,180,0,6,6,1.0,3352,702,35.17045454545455,33.0,59,1.2507122507122508,1.0,1,3.8447293447293447,1.0,11,2.4572649572649574,1.0,4,1.3874643874643875,0.0,1,0.10398860398860399,31,1,36.05050505050505,10.5,73.21861883528551,46.0,105.2258064516129,3262,99,592,8009,1084,70
2024Q3,rs-station/abismal,https://github.com/rs-station/abismal.git,abismal,66,6,2024-07-01 14:48:02,2022-12-09T12:20:41-05:00,569,2024-12-28,473239d665a02380ba88afa74a7a176bff49d1bc,180,0,70,70,1.0,5487,305,40.7032967032967,38.0,70,1.7475409836065574,1,3,12.144262295081967,6,27,11.00983606557377,6,23,1.1344262295081968,0,1,0.14426229508196722,123,2,38.55458515283843,5.0,21.709277316860742,14.0,81.86178861788618,10069,458,1498,12676,6868,360
2024Q3,lifsys/intellisys,https://github.com/lifsys/intellisys.git,intellisys,13,7,2024-07-15 03:45:49,2024-07-14T10:12:53-05:00,0,2025-01-11,6ee2706b411d78d3c1182d4759f9bfe5b66b9ef9,180,0,2,2,1.0,453,12,27.8,22,41,2.1666666666666665,1.0,4,32.666666666666664,29.0,38,10.166666666666666,6.0,9,22.5,22.0,30,1.0,26,2,31.555555555555557,1.0,19.01762511192916,1.5,25.76923076923077,670,9,97,874,396,36
2024Q3,superduper-io/superduper,https://github.com/superduper-io/superduper.git,superduper-mongodb,104,20,2024-08-14 13:21:01,2022-08-30T14:51:24+02:00,715,2025-02-10,a5c0270d86774bc5c4314bd244afe93189c5ed32,180,0,163,163,1.0,25489,1436,40.21626617375231,40,62,2.886490250696379,2.0,6,13.442896935933147,8.0,29,10.805013927576601,6.0,26,2.637883008356546,1.0,6,0.6664345403899722,1553,27,40.27782571182053,2.4,5.690857343767449,16.0,101.63232453316162,157835,3477,27388,237009,202797,9948
2024Q3,angelolab/Nimbus-Inference,https://github.com/angelolab/Nimbus-Inference.git,nimbus-inference,74,4,2024-09-24 09:00:56,2024-01-10T11:09:32-08:00,257,2025-03-23,6d72fa57e40447f9b13d8790f4f72a0a94b68a2f,180,0,8,8,1.0,2888,112,34.01538461538462,26.5,69,3.0982142857142856,2.0,7,22.357142857142858,18.0,48,17.214285714285715,11.5,42,5.142857142857143,5.5,9,0.8392857142857143,71,2,39.50230414746544,2.8333333333333335,26.383333208982158,6.0,51.42253521126761,3651,217,407,6763,2051,142
2024Q3,Qiskit/qiskit-addon-sqd,https://github.com/Qiskit/qiskit-addon-sqd.git,qiskit-addon-sqd,1889,11,2024-09-11 02:20:11,2024-09-06T21:48:29-05:00,3,2025-03-10,f28bbc07eaecaa97ab21bc81296980a87bc6e47f,180,0,6,6,1.0,1501,32,49.63522012578616,57,77,3.5,3.0,8,39.53125,27.5,74,23.625,15.0,43,15.90625,15.0,31,0.96875,44,7,52.038709677419355,1.2086956521739132,7.6782179557832935,3.0,35.29545454545455,1553,155,358,3140,645,107
2024Q3,jokra1/mssm,https://github.com/jokra1/mssm.git,mssm,2273,22,2024-07-21 19:29:48,2023-05-08T17:15:51+02:00,440,2025-01-17,0fe337148756f240f3083a99ef3d160c2b5df489,180,0,14,14,1.0,12574,277,53.14,48.0,98,6.140794223826715,2,15,40.18411552346571,17,99,32.238267148014444,8,91,7.945848375451264,3,18,0.631768953068592,264,3,55.71993957703928,4.121428571428572,9.636392408099423,26.5,67.67424242424242,17866,3310,4703,28830,14338,553
2024Q3,fredguth/fastduck,https://github.com/fredguth/fastduck.git,fastduck,59,6,2024-07-04 21:41:23,2024-05-27T10:04:22+10:00,38,2024-12-31,67b094d95c55f58b97a1b946c7acfb4a654f6787,180,0,3,3,1.0,503,64,31.083333333333332,28.0,65,1.921875,1.0,4,4.140625,2.5,12,3.84375,2.0,12,0.296875,0.0,1,0.265625,50,2,41.08730158730159,1.5192307692307692,19.139370342399797,6.0,98.9,4945,252,610,5865,5305,97
2024Q3,sof-danny/BaCLNS,https://github.com/sof-danny/BaCLNS.git,baclns,47,2,2024-08-12 18:07:08,2024-08-12T12:58:56-05:00,0,2025-02-08,b955816118072ab35a2b2a0871dfd25723849c6c,180,0,10,10,1.0,372,8,36.274193548387096,34.0,58,7,5.0,13,42.625,37.0,77,42.625,37.0,77,0,0.0,0,0.0,2,1,36.416666666666664,26.845454545454544,26.845454545454544,118.5,118.5,237,60,80,458,7,15
2024Q3,NoGambling1/ConsoleGames,https://github.com/NoGambling1/ConsoleGames.git,gamblingandorangesconsolegames,291,31,2024-08-06 15:00:31,2024-07-12T18:27:31-04:00,24,2025-02-02,2f9c17581be02a44f3e6ebf3f7615e7c4f0e4a9f,180,0,22,21,0.9545454545454546,2695,142,30.1055900621118,24,57,5.788732394366197,3.0,14,17.267605633802816,8.0,41,16.809859154929576,8.0,41,0.45774647887323944,0.0,1,0.2112676056338028,98,5,36.551219512195125,2.5,30.64549400570735,10.0,107.88775510204081,10573,410,1889,12914,10234,155
2024Q3,bendikrb/nrk-psapi,https://github.com/bendikrb/nrk-psapi.git,nrk-psapi,172,22,2024-07-23 14:09:27,2024-07-23T15:23:59+02:00,0,2025-01-19,ff2dbbb9a489b3dfd06e5578d02eadc27eba226a,180,0,30,30,1.0,5847,191,18.535087719298247,18.0,38,2.910994764397906,2,6,14.06282722513089,8,31,12.659685863874346,6,28,1.4031413612565444,0,6,0.4973821989528796,62,2,19.296296296296298,2.9704397981254504,16.738411511610405,54.5,133.80645161290323,8296,162,1442,12442,4666,249
2024Q3,CyberfusionIO/python3-cyberfusion-queue-support,https://github.com/CyberfusionIO/python3-cyberfusion-queue-support.git,python3-cyberfusion-queue-support,901,40,2024-08-21 15:50:06,2024-08-21T18:08:36+02:00,-1,2025-02-17,c5dda81b1473c2f938ad8cfa54b316729bebbeb5,180,0,22,22,1.0,1500,129,22.666666666666668,18.0,46,1.7364341085271318,2,3,7.248062015503876,6,14,6.248062015503876,5,13,1,1,1,1.0,10,3,46.0,18.25,23.39234283625731,35.0,131.0,1310,1,395,4683,463,128
2024Q3,NiuTrans/NiuLoad,https://github.com/NiuTrans/NiuLoad.git,niuload,34,14,2024-09-05 07:46:00,2024-09-05T14:43:29+08:00,0,2025-03-04,bde0757e14867f0a3ae0ba07c650f29efcdb6f6a,180,0,4,4,1.0,741,12,31.96590909090909,26.5,58,8.833333333333334,1.5,18,69,5.0,313,67.58333333333333,5.0,308,1.4166666666666667,0.0,5,0.16666666666666666,15,1,34.690821256038646,6.5,89.63519215826909,39.0,159.6,2394,414,563,3406,2641,38
2024Q3,BBEK-Anand/PyTorchLabFlow,https://github.com/BBEK-Anand/PyTorchLabFlow.git,pytorchlabflow,198,26,2024-08-09 09:14:09,2024-08-07T17:30:46+05:30,1,2025-02-05,6bafe3c3c3e16fd460bb3ae3cc58436edff00b78,180,0,2,2,1.0,1912,27,42.92660550458716,37,67,11.444444444444445,9,25,67.14814814814815,58,144,42.74074074074074,26,95,24.40740740740741,28,44,0.9629629629629629,33,1,36.13595166163142,12.2183908045977,98.58109274677578,20.0,124.48484848484848,4108,331,721,5228,3273,41
2024Q3,Do1e/mijia-api,https://github.com/Do1e/mijia-api.git,mijiaapi,1064,35,2024-07-19 14:50:24,2022-08-12T20:07:30+08:00,707,2025-01-15,0fe251e0370dbe17bed7a82ff21b3407a349665c,180,0,6,6,1.0,585,34,,,,3.323529411764706,2.0,6,14.5,10.5,39,11.294117647058824,5.5,31,3.2058823529411766,0.0,10,0.3235294117647059,25,4,26.0,9.15,17.613071348940913,32.0,56.04,1401,79,130,2078,1154,61
2024Q4,upiterbarg/pylintseq,https://github.com/upiterbarg/pylintseq.git,pylintseq,21,7,2024-10-25 15:31:38,2024-10-24T10:59:08-04:00,1,2025-04-23,b4cc2fa3b50ba8279379e6d39bf04571bf7464c2,180,0,3,3,1.0,798,15,38.28888888888889,37,63,8.8,5,11,57.53333333333333,33,88,51.93333333333333,26,88,5.6,5,9,0.8,9,1,39.78378378378378,3.0,30.355555555555554,4.0,74.44444444444444,670,37,123,830,32,12
2024Q4,wangdedi1997/spib_we,https://github.com/wangdedi1997/spib_we.git,spib-we,14,1,2024-11-22 02:21:52,2023-01-16T15:29:44-05:00,675,2025-05-21,77fc46320f74c9eaf2e2e0e5c735f013be415bde,180,0,3,3,1.0,849,23,38.76829268292683,34.5,68,4.130434782608695,3,10,31.608695652173914,17,53,29.130434782608695,17,45,2.4782608695652173,0,11,0.2608695652173913,2,1,38.925925925925924,212.5,212.5,287.0,287.0,574,81,195,1683,1,16
2024Q4,Data-to-Insight-Center/patra-toolkit,https://github.com/Data-to-Insight-Center/patra-toolkit.git,patra-toolkit,18,4,2024-11-12 17:52:53,2024-06-17T08:37:38-04:00,148,2025-05-11,6c37eeb07e1af91d0a824c2bb783caac71adcfab,180,0,6,6,1.0,1049,34,38.75,40.0,59,3.5,2.0,8,22.529411764705884,16.0,45,14.823529411764707,8.0,39,7.705882352941177,9.0,14,0.7352941176470589,68,5,46.98461538461538,2.6363636363636362,9.615354973949637,0.5,25.470588235294116,1732,65,292,3264,1294,106
2024Q4,Will6855/rotating-proxy,https://github.com/Will6855/rotating-proxy.git,rotating-proxy,216,11,2024-10-17 17:28:23,2024-10-17T19:45:02+02:00,-1,2025-04-15,e3a00f60510991420b5407ebad478e2d16e5db16,180,0,3,3,1.0,436,19,32.8,33,47,3.1052631578947367,2,7,20.05263157894737,14,46,14.894736842105264,8,36,5.157894736842105,6,10,1.0,11,1,44.945454545454545,4.488636363636363,11.877339572192513,5.0,43.18181818181818,475,55,84,842,224,29
2024Q4,ssenart/gazpar2haws,https://github.com/ssenart/gazpar2haws.git,gazpar2haws,1080,49,2024-12-21 17:13:12,2024-12-16T21:20:11+01:00,4,2025-06-19,85b4c26e6d6a7452545912caf6d7af771a4ed4fa,180,0,11,11,1.0,1975,84,36.31216931216931,36,47,3.7857142857142856,2.0,8,17.69047619047619,8.5,35,17.63095238095238,8.0,35,0.05952380952380952,0.0,0,0.05952380952380952,38,1,36.955326460481096,2.0,8.796671211623792,6.5,56.44736842105263,2145,291,590,4436,1539,109
2024Q4,mohammadmansour200/lite-spleeter,https://github.com/mohammadmansour200/lite-spleeter.git,lite-spleeter_macos,21,2,2024-10-12 14:00:32,2024-10-05T08:16:11+03:00,7,2025-04-10,b46216033229b741ff9f2d38794047dafa58d838,180,0,17,17,1.0,2407,88,25.692307692307693,21.5,51,2.0568181818181817,2.0,3,19.261363636363637,15.0,36,12.227272727272727,6.0,30,7.034090909090909,3.5,17,0.6022727272727273,4,1,26.012345679012345,1.8548387096774193,36.45549422114887,41.0,505.5,2022,81,393,2496,89,24
2024Q4,Slinky802/pyasciilib,https://github.com/Slinky802/pyasciilib.git,pyasciilib,12,3,2024-10-27 16:57:15,2024-10-26T20:52:39+02:00,0,2025-04-25,d4dd28ee5e1c066ad1f7e6a2ca5d5957449a06e4,180,0,2,2,1.0,126,3,66.5,66.5,91,4,4,7,30,27,40,25.333333333333332,20,39,4.666666666666667,6,7,1.0,9,1,66.5,1.25,27.695238095238096,5.0,31.77777777777778,286,6,111,441,284,15
2024Q4,PabloFGarrido/ursamirror,https://github.com/PabloFGarrido/ursamirror.git,ursamirror,35,3,2024-10-24 14:50:26,2024-10-15T16:50:18+02:00,9,2025-04-22,a7b579e53ae0b2936c1fa75d1538e610549f2c04,180,0,15,15,1.0,2527,41,43.911764705882355,41.5,79,1.7073170731707317,1,3,32.853658536585364,30,58,16.902439024390244,13,35,15.951219512195122,17,25,0.8780487804878049,15,1,44.689320388349515,2.5,37.7257597580449,2.0,141.2,2118,103,542,2785,258,34
2024Q4,Ate329/PersonaFlow,https://github.com/Ate329/PersonaFlow.git,personaflow,175,4,2024-10-24 13:59:34,2024-10-22T22:26:06+03:00,1,2025-04-22,c76e3e8f0f3a3efcd5ac6ea6314d511d620e981f,180,0,11,11,1.0,655,40,28.35483870967742,27,40,2.25,2.0,4,12.475,8.0,19,11.825,7.0,19,0.65,1.0,1,0.6,9,1,27.931818181818183,8.964285714285714,15.803968253968254,10.0,77.11111111111111,694,44,110,1541,435,27
2024Q4,nickatnight/birdeye-py,https://github.com/nickatnight/birdeye-py.git,birdeye-py,70,8,2024-11-23 23:01:22,2024-11-23T14:17:29-08:00,0,2025-05-22,f0d236b92659d86864404973f75762fa19981a96,180,0,17,17,1.0,1157,58,23.923076923076923,15,50,1.293103448275862,1.0,2,15.517241379310345,13.5,29,12.051724137931034,9.0,22,3.4655172413793105,4.0,7,0.6896551724137931,10,2,23.923076923076923,12.4,25.702777777777776,64.5,92.6,926,13,243,2148,30,58
2024Q4,viditpandey06/SentinelLogAnalyzer,https://github.com/viditpandey06/SentinelLogAnalyzer.git,sentinelloganalyzer,9,1,2024-12-04 10:43:41,2024-12-04T10:29:35+05:30,0,2025-06-02,8671731d9d48e486e6ead58d0913165604c87526,180,0,4,4,1.0,212,14,28.444444444444443,19.0,68,3.4285714285714284,2.0,8,12.571428571428571,7.0,33,12.571428571428571,7.0,33,0,0.0,0,0.0,14,1,28.444444444444443,106.0,106.0,0.0,11.428571428571429,160,18,34,266,27,4
2024Q4,planbnet/livisi,https://github.com/planbnet/livisi.git,livisi,12413,10,2024-11-30 19:30:34,2024-11-30T19:47:23+01:00,0,2025-05-29,f356e0d215b68331ba6732bac86127484462c9c7,180,0,10,10,1.0,969,39,36.05555555555556,26.5,78,3.230769230769231,1,7,14.692307692307692,8,36,13.76923076923077,7,36,0.9230769230769231,1,1,0.9230769230769231,13,1,36.55140186915888,4.675675675675675,30.946724746724747,12.0,214.07692307692307,2783,107,502,3392,2423,48
2024Q4,aksimhal/ORC-Omics,https://github.com/aksimhal/ORC-Omics.git,orcomics,10,2,2024-10-04 20:28:18,2024-07-05T16:38:54-04:00,90,2025-04-02,3ee6be097661d9d2bf37046225d33fc94f06058d,180,0,4,4,1.0,1450,28,30.857142857142858,24,66,6.321428571428571,5.0,18,45.82142857142857,30.5,185,27.357142857142858,15.0,90,18.464285714285715,10.5,82,1.0,3,2,38.78048780487805,483.3333333333333,354.54196217494086,1215.0,1069.0,3207,82,527,3816,2366,10
2024Q4,psmyth94/biocore,https://github.com/psmyth94/biocore.git,biocore,50,6,2024-10-31 20:42:52,2024-10-31T15:35:48-05:00,0,2025-04-29,21e2880d6320ae1d611ec5b8835cc7766d7cb2f9,180,0,38,38,1.0,7482,760,48.32044198895028,41,95,2.1710526315789473,1.0,4,6.636842105263158,5.0,13,6.453947368421052,5.0,13,0.18289473684210528,0.0,0,0.04736842105263158,21,2,48.54494382022472,1.0,21.431523378582202,1.0,277.85714285714283,5835,178,1505,7812,45,81
2024Q4,kdkavanagh/dt-browser,https://github.com/kdkavanagh/dt-browser.git,dt-browser,113,14,2024-10-13 22:51:37,2024-07-10T20:16:30-05:00,94,2025-04-11,24ce852497adf5f15ddc59ccad60dca0f1c83492,180,0,8,8,1.0,2263,149,46.51063829787234,39,78,2.8993288590604025,1,7,10.335570469798657,5,25,10.134228187919463,5,24,0.20134228187919462,0,0,0.04697986577181208,57,1,44.80788177339902,2.3333333333333335,14.170347028023535,9.0,53.578947368421055,3054,203,529,3786,1523,94
2024Q4,griffinmilsap/ezmsg-panel,https://github.com/griffinmilsap/ezmsg-panel.git,ezmsg-panel,85,10,2024-11-06 19:12:55,2023-02-16T11:39:50-05:00,629,2025-05-05,5f4c015b574d6d4a0fcb4638a6d8420b313af11e,180,0,10,10,1.0,1337,89,21.8,20.0,36,1.651685393258427,1,3,10.606741573033707,5,33,10.606741573033707,5,33,0,0,0,0.0,41,1,27.666666666666668,3.0,23.556860930649748,12.0,55.926829268292686,2293,48,635,3845,2007,102
2024Q4,1337-42/Github2Todoist,https://github.com/1337-42/Github2Todoist.git,github-todoist-sync,12,2,2024-11-08 15:52:04,2024-11-08T16:50:13+01:00,0,2025-05-07,32265f53d4f645aaf68a9f347c869f6d3ea64625,180,0,2,2,1.0,298,8,34.333333333333336,35,51,6.5,6.0,12,33.875,34.0,72,33.875,34.0,72,0,0.0,0,0.0,2,1,32.125,138.25,138.25,191.0,191.0,382,40,43,632,167,3
2024Q4,numdes/ndev,https://github.com/numdes/ndev.git,ndev,499,19,2024-10-03 18:05:14,2024-09-27T15:07:09+02:00,6,2025-04-01,50d3f99b42956bb75dde99efa9efd47fc4746940,180,0,19,19,1.0,986,31,30.083333333333332,26.5,49,4.612903225806452,2,10,22.161290322580644,15,55,21.774193548387096,15,55,0.3870967741935484,0,0,0.06451612903225806,56,3,33.44736842105263,4.0,10.381373487623486,8.5,43.035714285714285,2410,38,398,3023,1904,102
2024Q4,OpenVoiceOS/ovos-persona,https://github.com/OpenVoiceOS/ovos-persona.git,ovos-persona,1908,64,2024-11-13 12:48:13,2023-03-25T05:16:22+00:00,599,2025-05-12,060912f8bfc076861fdc6c66c18f7f79f979773e,180,0,4,4,1.0,717,35,42.372093023255815,36,71,5.714285714285714,4,12,16.257142857142856,10,31,15.542857142857143,10,31,0.7142857142857143,0,0,0.08571428571428572,107,5,39.28421052631579,2.0,4.550198534485604,2.0,11.91588785046729,1275,95,154,1654,810,122
2024Q4,smvrnn/vgscode.py,https://github.com/smvrnn/vgscode.py.git,vgscode,13,1,2024-10-25 10:39:07,2024-10-25T15:09:25+05:00,0,2025-04-23,0e5dbc94608a47be5d79d2daaae23aaf51ba339e,180,0,5,5,1.0,241,14,64,64,64,5.571428571428571,3.0,13,15.5,5.0,46,15.5,5.0,46,0,0.0,0,0.0,1,1,64.0,60.25,60.25,180.0,180.0,180,1,60,241,0,4
2024Q4,Vidpic/niceplotly-resampler,https://github.com/Vidpic/niceplotly-resampler.git,niceplotly-resampler,17,1,2024-12-16 01:31:19,2024-12-10T12:17:53+01:00,5,2025-06-14,6f2ea4c018202b705954ef287d46cfd9b5ce59b1,180,0,4,4,1.0,316,11,81,81,81,3.8181818181818183,3,5,24.636363636363637,25,46,17.545454545454547,16,34,7.090909090909091,6,9,1.0,8,1,45.75,4.612903225806452,28.99176747311828,63.5,120.0,960,20,145,1243,927,21
2024Q4,WaterFutures/WaterBenchmarkHub,https://github.com/WaterFutures/WaterBenchmarkHub.git,water-benchmark-hub,33,6,2024-10-14 08:31:14,2024-04-25T09:01:14+02:00,172,2025-04-12,f12f0c121026aa78befa5c170faea24b8b08d1e2,180,0,28,28,1.0,26603,127,38.285714285714285,28.0,78,3.125984251968504,2,7,50.07874015748032,60,64,17.598425196850393,12,28,32.48031496062992,48,48,0.8582677165354331,89,3,36.696296296296296,69.0,124.19119368472364,54.0,533.9101123595506,47518,135,2317,50873,23305,193
2024Q4,monstermichl/ninja-bear,https://github.com/monstermichl/ninja-bear.git,ninja-bear,36,5,2024-10-30 10:15:34,2023-08-02T19:44:50+02:00,454,2025-04-28,e0e40c55e7f7c034a283b824c001116b9172859c,180,0,33,31,0.9393939393939394,2688,125,52.263513513513516,45.5,102,2.544,1,6,15.536,10,36,10.744,3,27,4.792,0,13,0.472,257,2,52.145833333333336,2.0,7.990989572717632,3.0,36.43968871595331,9365,480,2149,12916,9935,672
2024Q4,autoatml/autoplex,https://github.com/autoatml/autoplex.git,autoplex,129,11,2024-11-12 21:49:13,2023-07-26T17:36:10+02:00,475,2025-05-11,429730f76d7cf9cd0d26151d417278a48365f98f,180,0,38,38,1.0,13729,149,36.529209621993125,32,70,6.953020134228188,4,14,69.59731543624162,40,167,46.92617449664429,24,123,22.671140939597315,16,53,0.959731543624161,930,13,38.974444444444444,1.8230769230769233,8.461109014262108,3.0,48.561290322580646,45162,1800,5799,81938,60986,2172
2024Q4,jainrishi601/dbautomation,https://github.com/jainrishi601/dbautomation.git,rishidatabaseautomation,26,1,2024-10-10 20:35:15,2023-12-28T16:08:33+05:30,287,2025-04-08,d588761297f3813b4ea302f47055cc3458506a8b,180,0,4,4,1.0,121,7,36,36.0,50,2.7142857142857144,3,5,7.857142857142857,9,12,7.857142857142857,9,12,0,0,0,0.0,17,3,36.2,71.0,81.08333333333333,0.0,23.0,391,10,115,586,452,25
2024Q4,Kuhron/icosalattice,https://github.com/Kuhron/icosalattice.git,icosalattice,56,4,2024-11-11 00:25:05,2024-04-29T00:21:42+00:00,196,2025-05-10,3d7e470357089c0d63684b8098fabe6f7920dc64,180,0,42,42,1.0,6973,282,59.755750273822564,53,109,3.5531914893617023,2.0,8,12.404255319148936,7.0,28,12.404255319148936,7.0,28,0,0.0,0,0.0,40,1,63.957664884135475,9.266666666666666,62.78980351325861,34.5,241.725,9669,2244,2701,16472,8659,222
2024Q4,amirivojdan/shekar,https://github.com/amirivojdan/shekar.git,shekar,412,36,2024-12-15 23:54:05,2024-12-15T05:13:57-05:00,0,2025-06-13,1851707f2b274a49b3e4413e328c7e02f7df0fc3,180,0,40,40,1.0,2128,93,21.97142857142857,20,40,2.2688172043010755,1,5,10.376344086021506,7,22,9.096774193548388,6,21,1.2795698924731183,0,8,0.11827956989247312,35,1,35.70909090909091,7.25,15.609989316239314,34.0,107.94285714285714,3778,55,709,6545,3456,148
2024Q4,ishaanganti/qlib,https://github.com/ishaanganti/qlib.git,qdynlib,5,1,2024-10-01 02:09:44,2024-08-22T20:24:14-04:00,39,2025-03-30,b687bdf7601b44369051eed4bf499ef16a0ae9c5,180,0,28,28,1.0,1197,90,28.833333333333332,26.5,57,2.1777777777777776,2.0,4,10.6,6.5,27,7.788888888888889,4.0,19,2.811111111111111,0.0,11,0.34444444444444444,9,1,29.294871794871796,11.470588235294118,16.786047486511883,46.0,224.88888888888889,2024,78,435,2746,1376,81
2024Q4,guillaume-havard/speedestpy,https://github.com/guillaume-havard/speedestpy.git,speedestpy,160,1,2024-12-12 15:48:18,2024-12-02T21:20:58+01:00,9,2025-06-10,70e156c3792e6c828d37bf207b8e7630e87c7eb9,180,0,2,2,1.0,21,3,,,,1.6666666666666667,1,3,4,3,7,4,3,7,0,0,0,0.0,3,1,nan,10.5,34.0,17.0,30.333333333333332,91,0,32,200,112,7
2024Q4,kairodev/selenium-proxy,https://github.com/kairodev/selenium-proxy.git,seleniumproxy,29,2,2024-12-01 23:07:43,2024-08-06T18:08:22-03:00,117,2025-05-30,2b28199a698bbe8898faa5e10505a31b5c74b312,180,0,4,4,1.0,134,2,,,,2,2.0,2,60,60.0,60,60,60.0,60,0,0.0,0,0.0,4,2,43.6,21.416666666666668,32.45833333333333,70.5,70.0,280,10,45,358,201,10
2025Q1,j-blackwell/dagster-db,https://github.com/j-blackwell/dagster-db.git,dagster-db,282,15,2025-02-07 11:39:09,2025-02-07T11:07:02+00:00,0,2025-08-06,2a090bf5cbc96424b7a5a491733bf49a924a62d6,180,0,14,14,1.0,965,57,20,20,20,2.175438596491228,1,4,12.24561403508772,8,32,12.105263157894736,8,32,0.14035087719298245,0,0,0.03508771929824561,35,1,31.571428571428573,4.00576923076923,14.889974815632712,19.0,42.77142857142857,1497,7,234,2062,776,98
2025Q1,ABrain-One/nn-gpt,https://github.com/ABrain-One/nn-gpt.git,lmurg,27,7,2025-02-17 18:19:44,2024-12-09T10:03:59+01:00,70,2025-08-16,b9231e707a726ca91e9c89dcb38ef064d843b609,180,0,252,51,0.20238095238095238,6771,130,40.95882352941177,35.0,76,3.9692307692307693,2.0,11,23.692307692307693,11.0,66,22.476923076923075,9.0,64,1.2153846153846153,0.0,5,0.2846153846153846,166,16,41.81340118744699,2.2248427672955975,34.1186218326193,6.5,82.81927710843374,13748,1179,2166,17150,10259,547
2025Q1,sustainableaviation/jetfuelburn,https://github.com/sustainableaviation/jetfuelburn.git,jetfuelburn,727,16,2025-03-14 02:10:20,2025-02-12T16:08:50-05:00,29,2025-09-10,27f867c223ab315015d9b1e3db680bca0b4fb755,180,0,33,33,1.0,4714,37,28.603729603729604,29,49,4.486486486486487,3,11,56.270270270270274,43,141,27.972972972972972,17,85,28.2972972972973,18,88,0.9459459459459459,88,1,30.935211267605634,4.222916666666666,26.128760014924875,23.5,101.51136363636364,8933,355,1505,13994,8371,232
2025Q1,shiro46mt/jp-ndb-medicine,https://github.com/shiro46mt/jp-ndb-medicine.git,jp-ndb-medicine,32,3,2025-01-06 09:44:54,2025-01-06T18:48:55+09:00,-1,2025-07-05,7eaf5970cadca4630c2e98e0c43b094731246f32,180,0,2,2,1.0,468,16,11.404255319148936,10,23,5.875,3.0,14,25.0625,28.0,45,19.625,16.5,44,5.4375,1.0,17,0.625,5,2,10.640625,1.5135135135135136,47.4627027027027,55.0,93.2,466,64,86,662,150,8
2025Q1,e1004/changelog-api-client,https://github.com/e1004/changelog-api-client.git,changelog-api-client,15,2,2025-02-23 19:58:47,2025-01-12T17:56:13+02:00,42,2025-08-22,760259feece6af07d813d2f4884aa0422b176bc2,180,0,14,14,1.0,392,29,,,,1.3793103448275863,1,3,8.310344827586206,6,18,8.310344827586206,6,18,0,0,0,0.0,5,2,nan,4.0,8.85,49.0,66.2,331,0,88,427,27,30
2025Q1,JMFiore/Pynomic,https://github.com/JMFiore/Pynomic.git,pynomic,27,2,2025-03-03 01:38:57,2024-09-14T17:51:16-03:00,169,2025-08-30,083eb57bb5cb965656e8c5b509b6e61974d359fe,180,0,6,6,1.0,1916,47,38.125,35.5,79,3.3191489361702127,2,7,47.53191489361702,26,136,39.787234042553195,22,115,7.74468085106383,1,18,0.5531914893617021,35,2,39.94767441860465,2.0,9.410067159039095,8.0,65.8,2303,172,393,3840,1148,77
2025Q1,AI-Planning/l2p,https://github.com/AI-Planning/l2p.git,l2p,64,5,2025-01-17 01:15:46,2024-05-18T08:32:13-04:00,243,2025-07-16,cd4cb27ba6eb33aa572944b5f605fb407aa809a6,180,0,28,28,1.0,8905,230,37.26418786692759,35,57,5.7,3.5,15,35.834782608695654,17.5,95,30.526086956521738,15.0,76,5.308695652173913,1.0,18,0.7913043478260869,220,3,43.843973509933775,3.75,9.47993615054637,40.0,139.63636363636363,30720,3775,6226,55839,38542,945
2025Q1,Prince-05/TOPSIS,https://github.com/Prince-05/TOPSIS.git,topsis-prince-3619,44,3,2025-01-17 19:51:31,2025-01-18T02:17:40+05:30,-1,2025-07-16,f6bd4fd12933a82952b01f47432f328b3ce71595,180,0,2,2,1.0,93,2,29,29.5,42,7.5,7.5,13,40.5,40.5,70,40.5,40.5,70,0,0.0,0,0.0,0,0,nan,nan,nan,nan,nan,0,0,0,0,0,0
2025Q1,ligt-dev/ligttools,https://github.com/ligt-dev/ligttools.git,ligttools,20,8,2025-03-31 16:22:48,2025-03-25T15:44:27+01:00,6,2025-09-27,5d383439c5f20d5bd25ed245a635f2b8a3680b60,180,0,11,11,1.0,705,36,36.138888888888886,34.0,61,3.861111111111111,2.0,8,14.694444444444445,7.5,39,13.75,7.5,38,0.9444444444444444,0.0,1,0.4166666666666667,8,2,36.926829268292686,3.0,16.75921052631579,30.0,104.625,837,82,238,1413,463,37
2025Q1,AnswerDotAI/contextkit,https://github.com/AnswerDotAI/contextkit.git,contextkit,149,8,2025-01-31 01:52:38,2024-09-11T06:11:34-04:00,141,2025-07-30,a710c3a45a6a572f4891cabaa927dd4daa0e3246,180,0,3,3,1.0,279,15,32.13513513513514,28,52,4.6,2,13,13.133333333333333,8,27,12.2,7,26,0.9333333333333333,1,1,0.9333333333333333,40,7,30.382022471910112,1.4409722222222223,6.2625496031746035,10.0,22.875,915,178,137,1294,951,71
2025Q1,sukhbinder/vidtoolz-apply-fadein-fadeout,https://github.com/sukhbinder/vidtoolz-apply-fadein-fadeout.git,vidtoolz-apply-fadein-fadeout,7,1,2025-03-16 12:06:52,2025-03-16T15:57:14+05:30,0,2025-09-12,082220f785507b680738fd8354a978460929c6ad,180,0,2,2,1.0,139,7,42.714285714285715,38,69,2.5714285714285716,1,9,15.714285714285714,11,42,14.142857142857142,11,34,1.5714285714285714,0,8,0.2857142857142857,4,1,34.875,4.25,11.875,35.0,35.25,141,8,26,262,45,12
2025Q1,t4zn/taizun,https://github.com/t4zn/taizun.git,taizmath,10,2,2025-02-22 05:36:41,2025-01-17T11:12:34+03:00,35,2025-08-21,2d3d280f93d8d0268e8366e65aa066551fe81899,180,0,2,2,1.0,164,28,10,10,10,1.4285714285714286,1.0,2,3.75,3.0,6,2.7857142857142856,2.0,5,0.9642857142857143,1.0,1,0.9642857142857143,1,1,10.0,82.0,82.0,133.0,133.0,133,1,30,178,0,3
2025Q1,apache/dubbo-python,https://github.com/apache/dubbo-python.git,apache-dubbo,101,1,2025-01-26 11:52:04,2024-05-11T14:37:06+08:00,260,2025-07-25,ae74a992eec8d67b07f53a72b9e6e2356a2e2b45,180,0,117,117,1.0,12419,701,47.652569349704414,61,73,1.7075606276747504,1,4,9.703281027104136,7,20,6.08416547788873,2,15,3.6191155492154063,3,8,0.6105563480741797,10,4,47.393166287015944,6.151785714285714,30.634087301587307,217.5,1942.4,19424,4390,4351,28593,16083,378
2025Q1,nunininu/nunininu-check-os-ver,https://github.com/nunininu/nunininu-check-os-ver.git,nunininu-check-os-ver,68,9,2025-01-13 08:47:28,2025-01-13T17:15:28+09:00,0,2025-07-12,c807e345cb4693bd2ed6d5486af1682c530cf5fa,180,0,3,3,1.0,71,3,19,19,19,2,1,4,11,9,22,11,9,22,0,0,0,0.0,18,1,90.88235294117646,1.0,5.2,1.0,3.5555555555555554,64,17,21,124,37,21
2025Q1,grscheller/bm-recursive-functions,https://github.com/grscheller/bm-recursive-functions.git,bm.recursive-functions,31,4,2025-01-21 05:18:27,2025-01-15T00:00:59-05:00,6,2025-07-20,dc552a3d8c6530536e926198f4ce93d3fa94460d,180,0,4,4,1.0,258,4,44.30769230769231,48.0,69,3.25,3.0,5,19,19.0,25,10,9.5,17,9,9.0,10,1.0,6,1,43.41935483870968,1.4788602941176472,11.909620098039214,14.0,35.0,210,62,73,581,205,19
2025Q1,bmdaj/MST_TopOpt,https://github.com/bmdaj/MST_TopOpt.git,mst-topopt,8,2,2025-01-14 09:54:58,2024-12-23T12:18:58+01:00,21,2025-07-13,5622a78ce89f83aa562bd39b3c1d65f8fa6a7bb6,180,0,15,15,1.0,2915,81,55.9490022172949,50,87,1.691358024691358,1,3,34.641975308641975,20,80,28.098765432098766,13,74,6.54320987654321,5,9,0.9012345679012346,13,1,60.94409937888199,1.5092592592592593,39.58408444093481,30.0,364.2307692307692,4735,805,1610,7177,4238,67
2025Q1,nihaljn/datahawk,https://github.com/nihaljn/datahawk.git,datahawk,30,1,2025-02-25 05:15:17,2025-02-23T01:36:25-05:00,1,2025-08-24,a2b725f4f43a5fb74ebb9e3f301c262cc1374a33,180,0,8,8,1.0,878,50,29.966666666666665,27.0,53,3.1,2.0,6,14.44,9.0,30,12.94,8.0,28,1.5,1.0,4,0.84,7,1,31.07608695652174,1.5,25.866666666666667,1.0,100.71428571428571,705,92,122,986,52,23
2025Q1,gregorv/wkdhash,https://github.com/gregorv/wkdhash.git,wkdhash,20,1,2025-03-05 15:05:50,2025-03-05T11:54:43+01:00,0,2025-09-01,983eec6b1e6883fd71c3fc1f1872106fdea1ce7f,180,0,4,4,1.0,197,3,51.623655913978496,71,79,5.666666666666667,4,10,27,24,39,27,24,39,0,0,0,0.0,1,1,51.623655913978496,49.25,49.25,88.0,88.0,88,93,16,309,0,6
2025Q1,pik-piam/flodym,https://github.com/pik-piam/flodym.git,flodym,200,12,2025-01-15 17:42:05,2024-07-31T14:30:43+02:00,168,2025-07-14,51810ce8e95f76245c7c9a235d33bab0e8031cb8,180,0,30,30,1.0,5270,295,49.62865090403338,28,123,2.183050847457627,1,4,8.457627118644067,5,17,6.715254237288136,4,14,1.7423728813559323,0,8,0.34576271186440677,197,6,58.47767857142857,2.0,9.62474109178438,7.0,68.92893401015229,13579,1344,2364,20959,13978,637
2025Q1,oren-z0/timelockrecovery-specter,https://github.com/oren-z0/timelockrecovery-specter.git,specterext-timelockrecovery,57,9,2025-01-11 00:59:57,2024-10-24T13:25:56+03:00,78,2025-07-10,b40eb0e1d2f092e7dacd7f5e6725e342a476e0ce,180,0,6,6,1.0,715,32,46.52173913043478,37,69,2.78125,2.0,5,15.21875,6.0,57,15.15625,6.0,57,0.0625,0.0,0,0.0625,22,1,53.48717948717949,4.333333333333334,7.051130079071256,16.5,36.90909090909091,812,39,100,2160,236,41
2025Q1,AtomGradient/atai-ebook-tool,https://github.com/AtomGradient/atai-ebook-tool.git,atai-ebook-tool,55,5,2025-02-28 06:07:14,2025-02-28T12:00:58+08:00,0,2025-08-27,52060a425885915148633ddc3a9917c58f22d5ba,180,0,3,3,1.0,398,9,55.90196078431372,54,79,8.88888888888889,5,34,40.333333333333336,38,159,36.666666666666664,30,151,3.6666666666666665,3,8,0.6666666666666666,6,1,56.808510638297875,1.5,15.972222222222221,3.5,52.0,312,47,59,449,27,20
2025Q1,FirstlyBoldly/Angets,https://github.com/FirstlyBoldly/Angets.git,angets,264,22,2025-02-20 18:06:41,2025-01-31T03:07:06+09:00,20,2025-08-19,3e678784b48e633ad9e971dbe6a46b63b9b28870,180,0,6,6,1.0,502,26,13,11.0,11,2,2.0,4,13.115384615384615,13.0,25,7,5.0,16,6.115384615384615,6.5,13,0.9615384615384616,28,1,14.5,1.1607142857142856,9.818526030421191,3.5,43.214285714285715,1210,24,355,1912,1422,68
2025Q1,kvnglb/cursed-toggle,https://github.com/kvnglb/cursed-toggle.git,cursed-toggle,43,9,2025-02-22 15:52:39,2025-02-22T17:32:47+01:00,-1,2025-08-21,73bdf6f0c908fd8301c1f1c673619eaffb81e640,180,0,12,12,1.0,559,21,,,,3.238095238095238,2,5,14.952380952380953,12,20,11.761904761904763,5,20,3.1904761904761907,1,11,0.5238095238095238,17,1,77.0,8.666666666666666,12.376050420168067,22.0,28.0,476,1,111,917,154,41
2025Q1,Jimmy228676/arborparser,https://github.com/Jimmy228676/arborparser.git,arborparser,161,7,2025-03-24 07:50:37,2025-03-14T21:41:36+08:00,9,2025-09-20,2a454fff43fa0bbf6c7382528a2b35ff7952eb0c,180,0,7,7,1.0,1134,39,23.813333333333333,19,49,3.128205128205128,2,7,18.102564102564102,11,39,12.743589743589743,5,30,5.358974358974359,6,9,0.8461538461538461,24,1,22.91588785046729,2.905263157894737,12.655321745923251,6.0,51.916666666666664,1246,107,236,2070,522,62
2025Q1,jmcarnahan/bond-ai,https://github.com/jmcarnahan/bond-ai.git,bondable,104,15,2025-03-02 01:35:44,2025-01-05T12:17:55-08:00,55,2025-08-29,9bddb8d1bbf30c0e944eca314956c8188cf5bde9,180,0,72,72,1.0,11066,415,42.25708061002179,39.0,70,3.708433734939759,2,8,21.38313253012048,12,56,18.626506024096386,9,50,2.756626506024096,1,9,0.5831325301204819,418,4,45.14553824362606,3.5,19.45952059129957,7.0,57.12918660287081,23880,2824,4654,49322,18590,688
2025Q1,buserbrasil/santander-python-sdk,https://github.com/buserbrasil/santander-python-sdk.git,santander-python-sdk,399,9,2025-02-11 14:23:46,2025-02-06T14:02:52-03:00,4,2025-08-10,b7eb71edc0111df05fb333c14d518626f60f0c6b,180,0,14,14,1.0,1450,72,20.181818181818183,18,28,2.1805555555555554,1.0,5,8.430555555555555,6.0,21,8.11111111111111,6.0,19,0.3194444444444444,0.0,1,0.16666666666666666,34,4,37.689655172413794,2.0,12.012316847372343,9.5,81.67647058823529,2777,29,674,7399,3949,179
2025Q1,will-ockmore/httpx-retries,https://github.com/will-ockmore/httpx-retries.git,httpx-retries,1527216,15,2025-01-26 18:53:11,2024-09-24T21:51:17+01:00,123,2025-07-25,51e9eeb5962d21049579d6b46845b916584bdbd6,180,0,3,3,1.0,423,18,30.2,31,43,3.6666666666666665,3.0,8,15.555555555555555,13.5,29,11.555555555555555,12.5,24,4,1.0,12,0.7777777777777778,8,4,53.733333333333334,2.8309523809523807,46.88482142857142,34.0,80.625,645,15,131,2100,840,25
2025Q1,dudanov/python-zxart,https://github.com/dudanov/python-zxart.git,zxart,51,8,2025-01-26 14:06:22,2025-01-26T16:55:53+03:00,0,2025-07-25,2bb78e8ee2ef0ebe5597242e1fd91d012084bcd2,180,0,7,7,1.0,762,19,20,20,20,2.1578947368421053,1,5,9.263157894736842,5,24,6.526315789473684,5,20,2.736842105263158,0,19,0.3157894736842105,42,1,20.0,1.610344827586207,7.342913417543959,7.0,39.95238095238095,1678,2,311,1991,1229,69
2025Q1,AlestackOverglow/scista,https://github.com/AlestackOverglow/scista.git,scista,33,4,2025-03-03 09:51:17,2025-03-03T18:25:16+03:00,-1,2025-08-30,b8b1920f1de9759f7c5ca5742bb94e536286eb84,180,0,3,3,1.0,337,10,25.772727272727273,26.5,36,7.7,4.0,15,27.7,18.0,52,25,17.5,51,2.7,0.5,9,0.5,2,1,24.25,48.08064516129032,48.08064516129032,158.0,158.0,316,12,49,411,41,7
2025Q1,gianlucapagliara/financepype,https://github.com/gianlucapagliara/financepype.git,financepype,92,11,2025-01-30 18:37:07,2025-01-04T18:34:32+01:00,26,2025-07-29,48eb7c344a3c276629f13fa1fac90ac6b050c813,180,0,82,82,1.0,13632,624,33.34403669724771,27.0,73,2.1586538461538463,1.0,5,13.820512820512821,10.0,29,8.988782051282051,4.0,22,4.831730769230769,4.0,12,0.6714743589743589,54,1,33.854330708661415,7.361111111111111,44.49491987177713,64.5,248.0185185185185,13393,254,2667,24836,3823,313
2025Q2,ZhaorongDai/binance-data-downloader,https://github.com/ZhaorongDai/binance-data-downloader.git,binance-data-downloader,207,6,2025-05-03 16:32:10,2025-05-03T23:56:18+08:00,0,2025-10-30,31a7046c6d465595dee44f70d830185376b30902,180,0,12,12,1.0,1791,41,40.05298013245033,38,63,6.487804878048781,2,17,41.97560975609756,20,98,35.24390243902439,10,86,6.7317073170731705,7,12,0.9024390243902439,9,1,44.78346456692913,3.0,24.3684331797235,2.0,163.77777777777777,1474,254,309,2516,252,33
2025Q2,apmadsen/dependency-injection-pattern,https://github.com/apmadsen/dependency-injection-pattern.git,dependency-injection-pattern,78,7,2025-06-05 15:30:03,2025-06-04T10:41:47+02:00,1,2025-12-02,ff483e2fd2edb64f900a7559bd4dcb9337a1ca52,180,0,25,25,1.0,1005,84,30.8,18.0,59,2.238095238095238,1.0,6,7.714285714285714,2.0,21,6.035714285714286,2.0,15,1.6785714285714286,0.0,7,0.2261904761904762,10,1,33.05555555555556,1.4404761904761905,6.656006493506494,11.5,116.8,1168,18,266,2996,1194,82
2025Q2,mytoolit/ICOstate,https://github.com/mytoolit/ICOstate.git,icostate,1594,26,2025-06-30 09:16:59,2025-06-25T17:17:03+02:00,4,2025-12-27,e0393ebc718cd6c446a9a0d77a1e1e30bb1d71b6,180,0,5,5,1.0,1131,23,67.16666666666667,73.0,79,2.6956521739130435,2,6,40.91304347826087,35,94,14.043478260869565,13,21,26.869565217391305,20,71,0.8695652173913043,88,2,54.255319148936174,3.0,10.901191429077457,3.5,20.636363636363637,1816,47,580,2947,1491,119
2025Q2,davidbrownell/dbrownell_CommitEmojis,https://github.com/davidbrownell/dbrownell_CommitEmojis.git,dbrownell-commitemojis,1119,7,2025-05-10 14:23:19,2025-05-10T10:20:52-04:00,0,2025-11-06,784d42e679742e580c68542b472a47b537c3635e,180,0,5,5,1.0,701,24,58.11267605633803,72,72,4.083333333333333,3.0,10,21.708333333333332,11.0,63,21.208333333333332,10.0,62,0.5,0.0,1,0.375,5,1,59.445945945945944,23.678571428571427,39.839285714285715,9.0,98.0,490,74,165,1024,41,15
2025Q2,daizutabi/nbstore,https://github.com/daizutabi/nbstore.git,nbstore,408,39,2025-04-03 08:35:11,2025-04-03T08:38:26+00:00,-1,2025-09-30,e8cb7aca31b709520a6e502a8f80ceef70c9a520,180,0,6,6,1.0,1510,53,39.833333333333336,42.0,46,4.037735849056604,3,8,21.660377358490567,20,34,11.81132075471698,10,23,9.849056603773585,11,14,0.8679245283018868,76,1,43.23728813559322,3.0,11.668977518098108,7.0,33.19736842105263,2523,59,790,8989,5860,276
2025Q2,k96e/cnmaptiling,https://github.com/k96e/cnmaptiling.git,cnmaptiling,8,1,2025-04-16 07:00:06,2025-04-16T14:40:46+08:00,0,2025-10-13,1adf3f4a7373eb883a01d94e5df4e7e9bac60f02,180,0,5,5,1.0,331,22,10,10,11,2.272727272727273,1.0,4,12.136363636363637,6.0,18,10.909090909090908,5.0,18,1.2272727272727273,0.0,3,0.4090909090909091,2,1,nan,66.2,66.2,151.5,151.5,303,0,28,358,0,6
2025Q2,aternals/builderapk,https://github.com/aternals/builderapk.git,builderapk,22,1,2025-05-31 13:49:27,2025-05-31T20:56:30+07:00,-1,2025-11-27,1b7dca11b5f8b6bcd67dd57316fe95e53453f334,180,0,2,2,1.0,66,1,35,37.5,49,6,6,6,58,58,58,42,42,42,16,16,16,1.0,1,1,35.0,33.0,33.0,47.0,47.0,47,8,11,83,0,3
2025Q2,xy-liao/jp2forge,https://github.com/xy-liao/jp2forge.git,jp2forge,30,9,2025-04-24 10:07:21,2025-04-26T07:27:50+02:00,-2,2025-10-21,c88e33b645dc60b317c1689289544b4561700ba2,180,0,42,42,1.0,11652,259,35.21047227926078,33.0,57,5.2664092664092665,3,12,39.204633204633204,22,85,31.28185328185328,14,73,7.922779922779923,8,13,0.9382239382239382,31,1,36.335056876938985,5.0,21.47171974553861,1.0,329.7741935483871,10223,967,3859,17915,4084,151
2025Q2,lightdash/metamove,https://github.com/lightdash/metamove.git,metamove,37,5,2025-06-02 23:27:14,2025-06-02T23:46:10+01:00,0,2025-11-29,49b27cec13fa3342d3c980f3a0d70e0ec20714ff,180,0,5,5,1.0,531,16,44.833333333333336,38.5,61,6.8125,5.5,8,34.375,32.0,59,33.1875,31.5,59,1.1875,0.0,0,0.0625,4,1,36.06666666666667,3.659090909090909,32.95454545454545,25.0,115.25,461,15,92,568,37,7
2025Q2,SakibHasanSimanto/deepCausal,https://github.com/SakibHasanSimanto/deepCausal.git,causal-drift,21,1,2025-06-22 14:26:02,2025-06-22T19:10:38+06:00,0,2025-12-19,97ef1f62c5ad90e6c2e1cf9f7d27611a564858c2,180,0,2,2,1.0,68,4,,,,3.25,2.0,8,14.5,9.0,38,14.5,9.0,38,0,0.0,0,0.0,8,1,19.333333333333332,34.0,34.75,0.5,13.0,104,3,32,174,77,7
2025Q2,RyoJerryYu/mcp-server-memos-py,https://github.com/RyoJerryYu/mcp-server-memos-py.git,mseep-mcp-server-memos,24,5,2025-04-17 03:28:03,2024-12-07T20:06:56+08:00,130,2025-10-14,1064544b750d7154ed447dad489727867a7afc9f,180,0,11,11,1.0,5211,222,58.8125,28.0,178,1.054054054054054,1.0,1,10.522522522522523,7.0,16,10.522522522522523,7.0,16,0,0.0,0,0.0,17,1,49.088235294117645,3.0,151.12985216034662,16.0,284.94117647058823,4844,34,945,5823,612,27
2025Q2,Quad-wtf/pretty-io,https://github.com/Quad-wtf/pretty-io.git,pretty-io,20,1,2025-06-14 08:37:59,2025-06-11T19:06:38+02:00,2,2025-12-11,3cbeacb083d29dbd5262252b2e92b043d9afe794,180,0,2,2,1.0,245,6,29.647058823529413,29,50,5.166666666666667,1.5,14,25,22.0,55,18.166666666666668,13.5,41,6.833333333333333,5.0,17,0.5,9,1,29.533333333333335,52.118421052631575,75.5592105263158,0.0,43.111111111111114,388,30,70,682,363,11
2025Q2,shivdutt-B/heimdall-python-sdk,https://github.com/shivdutt-B/heimdall-python-sdk.git,heimdall-python-sdk,34,4,2025-06-13 15:24:09,2025-06-13T19:50:07+05:30,0,2025-12-10,f871d52809546398dd93cf4f8a5aae379be95313,180,0,5,5,1.0,92,8,20.5,20.5,28,1.875,1.0,8,9.625,7.0,25,9.625,7.0,25,0,0.0,0,0.0,2,1,36.333333333333336,12.3625,12.3625,51.0,51.0,102,3,22,127,35,10
2025Q2,marianochaves/pygent,https://github.com/marianochaves/pygent.git,pygent,487,56,2025-06-27 08:04:05,2025-06-26T22:52:11-03:00,0,2025-12-24,ab7314ec534570cb6c7d23279cb4e3fb6a053649,180,0,20,20,1.0,2538,100,34.59154929577465,32,54,4.78,2.0,14,18.67,8.0,57,17.73,7.0,52,0.94,1.0,1,0.58,94,3,37.87096774193548,4.666666666666667,7.038165666638662,15.0,32.723404255319146,3076,31,427,5406,1104,267
2025Q2,invisiblethreat/taskcapsule,https://github.com/invisiblethreat/taskcapsule.git,taskcapsule,94,7,2025-04-17 12:48:46,2025-04-17T09:40:57-03:00,0,2025-10-14,b539cf011838ee543f28027c903457a2f786a22a,180,0,2,2,1.0,363,11,62.1875,70.5,92,4.2727272727272725,3,9,22.818181818181817,26,38,18.818181818181817,17,32,4,5,6,0.7272727272727273,8,1,54.0,7.371345029239766,34.67096125730994,90.0,84.75,678,29,140,963,484,18
2025Q2,wheelos-tools/whl-logmap,https://github.com/wheelos-tools/whl-logmap.git,whl-logmap,120,9,2025-04-05 16:51:18,2025-03-05T22:07:38+08:00,31,2025-10-02,f16215051ff89c6f42eb9a39c95b584d706d7049,180,0,9,9,1.0,1521,25,41.48341232227488,42,69,3.88,2,10,47.32,30,119,36.12,21,76,11.2,9,43,0.8,22,6,41.97667638483965,2.958333333333333,29.91282467532467,12.5,106.04545454545455,2333,343,505,3216,1695,57
2025Q2,hystax/kiroframe_arcee,https://github.com/hystax/kiroframe_arcee.git,kiroframe-arcee,87,3,2025-06-17 07:13:52,2025-06-17T09:52:34+04:00,0,2025-12-14,0f4143dc6559ea7e6a95b2e9e52da980b4971927,180,0,24,24,1.0,2877,193,40.5,41.0,76,2.0259067357512954,1,4,9.243523316062177,6,16,9.150259067357513,5,16,0.09326424870466321,0,0,0.015544041450777202,6,3,42.380434782608695,6.125,32.81279761904762,22.5,398.0,2388,184,355,3627,50,36
2025Q2,DJetelina/tofuref,https://github.com/DJetelina/tofuref.git,tofuref,201,13,2025-05-01 11:35:41,2025-05-01T13:37:00+02:00,-1,2025-10-28,166550a4c81e62c2bdbe8f2903c8231b5f229d7c,180,0,22,22,1.0,1544,114,51.411764705882355,50.5,94,2.1315789473684212,1.0,4,7.9298245614035086,5.0,17,7.587719298245614,4.5,17,0.34210526315789475,0.0,1,0.10526315789473684,43,1,47.956043956043956,2.103003640776699,5.241132327631313,41.0,69.95348837209302,3008,91,456,4012,2160,225
2025Q2,ivan-perevala/lib_bhqui,https://github.com/ivan-perevala/lib_bhqui.git,bhqui,32,3,2025-05-22 23:05:27,2025-05-03T15:49:59+02:00,19,2025-11-18,fc5f8c059f1390f7c52a9541738ddf1f07ff5ff9,180,0,7,7,1.0,621,23,36.793103448275865,43,76,3.347826086956522,3,7,15.043478260869565,9,27,11.434782608695652,8,22,3.608695652173913,0,11,0.391304347826087,11,1,37.09836065573771,2.8421052631578947,18.243762816131238,4.0,98.45454545454545,1083,61,328,1549,852,27
2025Q2,igorrivin/polygon-reader,https://github.com/igorrivin/polygon-reader.git,polygon-reader,30,2,2025-04-28 17:39:37,2025-04-28T09:30:24-04:00,0,2025-10-25,50d8c5a1fc3b26365c9e3af28cc16f4ac191d795,180,0,2,2,1.0,138,3,57.833333333333336,48.0,96,4.666666666666667,2,11,38.666666666666664,14,99,24.333333333333332,14,56,14.333333333333334,0,43,0.3333333333333333,5,1,57.833333333333336,69.0,79.0,101.0,85.8,429,30,143,602,464,8
2025Q2,The-Swarm-Corporation/swarms-sdk,https://github.com/The-Swarm-Corporation/swarms-sdk.git,swarms-client,60,5,2025-05-13 01:44:51,2025-05-12T18:27:22-07:00,0,2025-11-09,a314b74e5574f5d3a0f951863eb8b162cb4ec679,180,0,62,61,0.9838709677419355,10334,488,60.482142857142854,59.5,105,2.3811475409836067,1.0,5,12.936475409836065,7.0,29,11.104508196721312,6.0,22,1.8319672131147542,0.0,5,0.2930327868852459,58,2,55.28371278458844,6.222222222222222,34.227206795066174,9.0,368.3103448275862,21362,1142,5397,38116,21046,443
2025Q2,Hugo-Galley/EasyWorkEnv,https://github.com/Hugo-Galley/EasyWorkEnv.git,easyworkenv,74,8,2025-05-27 07:10:46,2025-05-26T21:51:18+02:00,0,2025-11-23,124498125a1b33d25cd97ccb76472539ce42ea82,180,0,2,2,1.0,75,6,25,25,25,4,4.5,6,9.5,9.5,18,9.5,9.5,18,0,0.0,0,0.0,8,1,23.0,2.0,10.284115884115883,14.0,20.75,166,2,19,187,112,10
2025Q2,pab1it0/prometheus-mcp-server,https://github.com/pab1it0/prometheus-mcp-server.git,prometheus-mcp-server,2114,32,2025-05-05 10:56:33,2025-03-19T18:36:42+02:00,46,2025-11-01,a95af70e53864f5b94334cedaa0b0a0ab29e94e0,180,0,4,4,1.0,596,15,37.46875,34.5,56,4.4,4,10,27.8,22,54,23.533333333333335,19,51,4.266666666666667,5,9,0.9333333333333333,36,9,40.89473684210526,2.25,7.630498631636563,3.5,19.22222222222222,692,38,127,4157,887,68
2025Q2,metaforx/django-unfold-extra,https://github.com/metaforx/django-unfold-extra.git,django-unfold-extra,222,12,2025-05-29 11:35:01,2025-05-23T14:39:44+02:00,5,2025-11-25,128c4bb155152cfe28ae4c8d9c5913a569a0ada8,180,0,23,23,1.0,708,30,39.31818181818182,37.5,70,2.8666666666666667,2.5,4,12.666666666666666,11.0,26,10.466666666666667,8.5,23,2.2,3.0,4,0.6666666666666666,11,1,43.041666666666664,4.4,6.9578149920255195,17.0,55.90909090909091,615,24,136,775,67,27
2025Q2,Johnathon47/mada_holidays,https://github.com/Johnathon47/mada_holidays.git,mada-holidays,11,1,2025-06-06 18:49:27,2025-06-06T21:10:53+03:00,0,2025-12-03,3064adf4fe6f85d8cfa18e6a27bb983942899b14,180,0,5,5,1.0,42,2,,,,1,1.0,1,13,13.0,13,12,12.0,12,1,1.0,1,1.0,1,1,nan,8.4,8.4,34.0,34.0,34,0,8,73,0,8
2025Q2,reven-project/etubeapi,https://github.com/reven-project/etubeapi.git,etubeapi,28,3,2025-06-11 14:22:44,2025-06-11T16:15:27+02:00,0,2025-12-08,98ddc88a6af57b7c7be3960831f7035f936fb79e,180,0,3,3,1.0,529,37,46,34,86,2.8378378378378377,1,6,10.837837837837839,5,31,10.72972972972973,5,31,0.10810810810810811,0,1,0.10810810810810811,2,1,46.0,264.5,264.5,223.5,223.5,447,3,79,532,0,3
2025Q2,COMBINE-lab/QCatch,https://github.com/COMBINE-lab/QCatch.git,qcatch,69,12,2025-04-01 19:39:39,2025-03-13T17:06:51-04:00,18,2025-09-28,cc8c8d44f667fe8143474da5498c4dd5003003af,180,0,23,23,1.0,5352,98,39.61336515513126,36,66,4,2.0,10,35.36734693877551,17.0,97,27.785714285714285,15.0,79,7.581632653061225,1.0,16,0.9591836734693877,36,3,41.50629722921914,3.124760536398467,33.18292973876086,29.0,319.6111111111111,11506,1191,1791,14851,9145,147
2025Q2,albus-shore/PyASMGen,https://github.com/albus-shore/PyASMGen.git,pyasmgen,15,2,2025-05-24 13:21:16,2025-05-12T18:00:22+08:00,12,2025-11-20,7dfee8fe679035b8780740bc2ecc5821f129f1a2,180,0,12,12,1.0,1974,91,57.09756097560975,48,89,3.340659340659341,2,7,16.54945054945055,14,33,11.802197802197803,7,26,4.747252747252747,6,8,0.7802197802197802,19,1,63.925925925925924,10.428571428571429,137.14585484320065,50.0,290.4736842105263,5519,81,260,5860,3886,35
2025Q2,XSpoonAi/spoon-core,https://github.com/XSpoonAi/spoon-core.git,spoon-ai-sdk,459,14,2025-06-16 03:09:11,2025-02-12T11:08:16+08:00,124,2025-12-13,07e3cc867e438580f6814acafc7b5280ac6d2729,180,0,88,88,1.0,18953,824,37.91509433962264,34.0,65,4.038834951456311,2.0,9,18.688106796116504,12.0,39,16.359223300970875,10.0,38,2.328883495145631,1.0,9,0.5679611650485437,217,17,36.43739837398374,5.634615384615385,29.3477450330503,20.0,158.93548387096774,34489,2460,8019,91002,54866,838
2025Q2,cerndocumentserver/invenio-cern-sync,https://github.com/cerndocumentserver/invenio-cern-sync.git,invenio-cern-sync,9,1,2025-05-06 11:46:41,2024-08-23T10:56:52+02:00,256,2025-11-02,74db99766d35b371fc7fc3dbcb3274684f4f61fc,180,0,23,23,1.0,1501,56,40.49746192893401,36,84,2.75,2.0,6,16.053571428571427,10.5,34,14.125,9.0,29,1.9285714285714286,1.0,5,1.0,31,4,43.6890756302521,2.4054054054054053,5.61607825172331,13.0,54.354838709677416,1685,238,333,4701,2191,160
2025Q3,noklam/mkdocs-llmstxt-md,https://github.com/noklam/mkdocs-llmstxt-md.git,mkdocs-llmstxt-md,7046,2,2025-07-31 12:44:05,2025-07-30T11:43:29+01:00,1,2026-01-27,272ad0445caa60f7c5bc10c8f41519022a267f7e,180,0,3,3,1.0,348,11,36,27,61,5.363636363636363,5,8,24,18,37,23.09090909090909,17,36,0.9090909090909091,1,1,0.9090909090909091,5,2,37.473684210526315,58.5,58.5,3.0,105.2,526,38,136,826,478,10
2025Q3,ctoicqtao/mcp-veo3-azure-blob,https://github.com/ctoicqtao/mcp-veo3-azure-blob.git,mcp-veo3-azure-blob,133,17,2025-09-18 14:48:24,2025-08-13T18:58:35-07:00,35,2026-03-17,f791fe4f8959fa38a5b5eb280033667e0331da1d,180,0,5,5,1.0,1173,18,34.4078947368421,32.0,54,7.277777777777778,5.5,16,53.27777777777778,41.5,104,48.55555555555556,38.0,103,4.722222222222222,3.0,12,0.9444444444444444,9,2,36.95959595959596,8.90625,70.27981053532524,81.0,136.66666666666666,1230,99,341,4057,497,27
2025Q3,nichind/firstmail,https://github.com/nichind/firstmail.git,firstmail,115,3,2025-09-23 14:25:31,2025-09-23T17:24:11+03:00,0,2026-03-22,ea5262dc492f118bfb706109c90f232b96c3a750,180,0,4,4,1.0,606,25,56.5,56.5,70,5.16,5,10,21.32,18,38,18.76,15,37,2.56,1,9,0.92,3,1,61.0,10.4,50.44964157706093,78.0,189.33333333333334,568,3,196,1069,232,11
2025Q3,MacHu-GWU/boto3_dataclass-project,https://github.com/MacHu-GWU/boto3_dataclass-project.git,boto3-dataclass-rbin,9,1,2025-09-27 18:26:23,2025-09-22T10:42:01-04:00,5,2026-03-26,b9f9654e6f1df89a0ff59500616207c5820dedc6,180,0,72,72,1.0,4152,223,28.24770642201835,18.0,52,1.6681614349775784,1,3,8.394618834080717,4,21,5.520179372197309,2,12,2.874439461883408,0,9,0.3991031390134529,148,1,34.06748466257669,5.333333333333333,18.863320574233484,8.0,35.067567567567565,5190,326,1145,11999,5817,347
2025Q3,BioSys-BUT/MethylomeMiner,https://github.com/BioSys-BUT/MethylomeMiner.git,methylome-miner,25,5,2025-08-25 10:56:05,2025-01-22T15:54:09+01:00,214,2026-02-21,b3a641b69bfc8482b3d2da36d92ca0fc4bd59e9f,180,0,4,4,1.0,1289,26,50.29032258064516,48.5,86,5.846153846153846,4.0,13,38.84615384615385,28.0,85,27.653846153846153,16.5,67,11.192307692307692,11.5,19,0.9230769230769231,33,1,55.611374407582936,4.2665094339622645,18.964496728173536,49.0,80.9090909090909,2670,211,463,3462,2173,59
2025Q3,0x3st/nage,https://github.com/0x3st/nage.git,nage,62,6,2025-07-05 14:50:24,2025-07-05T22:15:39+08:00,0,2026-01-01,211e33ede4293e7ab7a10de0056f130ca30b3af7,180,0,6,6,1.0,414,27,44.142857142857146,43,72,2.6296296296296298,2,6,12.666666666666666,5,59,12.222222222222221,5,59,0.4444444444444444,0,1,0.4444444444444444,14,2,31.27485380116959,6.013888888888889,30.11952135166421,67.5,159.28571428571428,2230,171,333,2734,2320,42
2025Q3,MachineGnostics/machinegnostics,https://github.com/MachineGnostics/machinegnostics.git,machinegnostics,19,1,2025-09-28 16:09:10,2025-05-08T20:48:40+02:00,142,2026-03-27,c7fe69bdd1576d5d9fb85105f469f4e6ebec704a,180,0,137,137,1.0,33447,698,34.697454844006565,31.0,64,4.637535816618911,3.0,11,38.286532951289395,27.0,78,27.58022922636103,18.0,64,10.706303724928366,3.0,29,0.8065902578796562,585,2,40.2548019919374,3.555111555111555,41.732471416841285,20.0,112.92991452991453,66064,8434,13096,88312,54719,1236
2025Q3,rob-smallshire/markuplift,https://github.com/rob-smallshire/markuplift.git,markuplift,179,27,2025-09-04 18:20:33,2025-09-03T21:22:50+02:00,0,2026-03-03,d4941120ded778c44fa0679da2e3835377d2ce79,180,0,22,22,1.0,8241,363,44.968152866242036,42,75,2.5068870523415976,1,6,19.61707988980716,12,51,12.801652892561984,5,32,6.815426997245179,1,22,0.6088154269972452,109,1,52.9535192563081,2.4285714285714284,8.703965321923189,10.0,78.75229357798165,8584,753,1908,28293,5090,466
2025Q3,masterPiece93/django-gauth,https://github.com/masterPiece93/django-gauth.git,django-gauth,32,2,2025-09-24 10:13:08,2025-09-08T21:01:30+05:30,15,2026-03-23,5343d759d49bbc8670036b694946c5a8ef7f821f,180,0,13,13,1.0,508,9,45.31578947368421,48.0,72,2.3333333333333335,1,6,18.333333333333332,12,46,16.22222222222222,12,43,2.111111111111111,1,9,0.5555555555555556,17,1,41.613861386138616,5.064864864864865,14.819938516305513,52.0,79.47058823529412,1351,101,226,1948,725,87
2025Q3,e1-m/dispytch,https://github.com/e1-m/dispytch.git,dispytch,30,4,2025-07-06 15:38:38,2025-06-27T18:45:48+02:00,8,2026-01-02,fe7ba9b19a597aa4d4423007cddbadaa43dbff82,180,0,41,41,1.0,1160,78,89.5,89.5,109,2.448717948717949,1.5,5,9.025641025641026,6.0,21,8.5,6.0,20,0.5256410256410257,0.0,0,0.05128205128205128,152,1,65.0,3.0,6.52447113166391,4.0,15.368421052631579,2336,3,619,10995,5792,482
2025Q3,tagdots/delete-workflow-runs,https://github.com/tagdots/delete-workflow-runs.git,delete-workflow-runs,216,9,2025-08-09 08:38:11,2025-08-07T18:12:41+00:00,1,2026-02-05,e63dfb3482f0c528f76115cf13f164f4a2861183,180,0,3,3,1.0,561,14,53.833333333333336,62.0,90,5.285714285714286,4.0,11,35.214285714285715,26.5,78,27.428571428571427,17.5,78,7.785714285714286,8.0,12,0.9285714285714286,21,1,71.75,1.0,15.381296296296295,1.0,28.476190476190474,598,4,120,1251,301,26
2025Q3,rphpires/html-logging-tool,https://github.com/rphpires/html-logging-tool.git,html-logging-tool,27,3,2025-08-27 21:24:43,2025-07-23T09:20:53-03:00,35,2026-02-23,b71103f24639f4ed7d1b9cd34555a3dee1c0c795,180,0,6,6,1.0,1032,43,32.29545454545455,33.0,47,2.6744186046511627,1,5,10,4,33,9.093023255813954,4,24,0.9069767441860465,0,1,0.3488372093023256,14,1,35.66867469879518,20.705280172413794,27.835278119868633,80.5,178.42857142857142,2498,166,528,3527,2229,59
2025Q3,OSCC-Project/AiEDA,https://github.com/OSCC-Project/AiEDA.git,aieda,28,1,2025-07-10 11:54:35,2025-03-13T11:39:00+08:00,119,2026-01-06,6adb322505b5b2f8c3c52259d343360e07814ac2,180,0,109,109,1.0,25742,993,32.17160611854685,28.0,58,3.084592145015106,2,7,21.532729103726084,11,51,19.809667673716014,9,47,1.7230614300100704,0,6,0.4521651560926485,192,7,32.69775132275132,4.588235294117647,36.06850936963447,24.0,178.64583333333334,34300,3024,8887,56380,24501,1028
2025Q3,ttygroup/textual-cookbook,https://github.com/ttygroup/textual-cookbook.git,textual-cookbook,32,6,2025-08-13 00:51:59,2025-07-31T22:49:24-03:00,11,2026-02-09,fac7e087d898671f34fa10bb7a55152d0ed07453,180,0,55,55,1.0,3771,245,42.62385321100918,41,73,1.6775510204081632,1,3,6.2122448979591836,4,12,6.1387755102040815,4,12,0.07346938775510205,0,0,0.04897959183673469,18,3,43.248826291079816,38.0,44.61542051566027,49.0,257.5,4635,213,1538,9079,5144,199
2025Q3,eugenepyvovarov/llm-mcp,https://github.com/eugenepyvovarov/llm-mcp.git,llm-mcp-cli,35,3,2025-08-28 14:27:51,2025-08-28T15:46:01+02:00,0,2026-02-24,0a5e9be98fd851d8f81f886c29e2939014ccc7fe,180,0,8,8,1.0,1977,93,35.84285714285714,32.0,60,3.6774193548387095,3,8,20.623655913978496,13,50,19.268817204301076,12,44,1.3548387096774193,1,1,0.8172043010752689,5,1,35.864285714285714,1.0,62.53125,1.0,287.4,1437,140,403,2005,6,15
2025Q3,livekit/agents,https://github.com/livekit/agents.git,livekit-plugins-external-turn-detector,85,6,2025-09-08 07:27:30,2023-10-19T16:00:56-07:00,689,2026-03-07,12ee4acb7b9b92654f2a3235131ab7f5b5a034c2,180,0,517,517,1.0,93368,3858,45.932250952094606,48,74,3.7296526697770864,2.0,8,18.97822706065319,9.0,50,17.766977708657336,8.0,46,1.2112493519958527,0.0,3,0.21202695697252463,2609,283,47.67420927615952,2.3333333333333335,7.514855334877262,9.0,63.40820237638942,165432,7999,26712,251267,131296,12336
2025Q3,adityasm1238/fastapi-oidc-simple,https://github.com/adityasm1238/fastapi-oidc-simple.git,fastapi-oidc-simple,43,4,2025-09-08 19:40:50,2025-09-09T02:52:29+05:30,-1,2026-03-07,beabce5d7f7928dfa7f3067b816100e4a6c337b9,180,0,2,2,1.0,85,10,,,,2.1,1.5,3,9.2,7.0,20,9.2,7.0,20,0,0.0,0,0.0,0,0,nan,nan,nan,nan,nan,0,0,0,0,0,0
2025Q3,OHDSI/pyRegularExpression,https://github.com/OHDSI/pyRegularExpression.git,pyregularexpression,44,1,2025-09-03 22:33:36,2025-06-30T11:59:42-04:00,65,2026-03-02,0005025210a1e32e7be389ee536ac5969cc46ba8,180,0,74,74,1.0,8735,564,32.2469387755102,31.0,54,4.212765957446808,4.0,8,8.164893617021276,8.0,16,7.875886524822695,7.0,15,0.28900709219858156,0.0,1,0.19326241134751773,3,1,32.485838779956424,60.486486486486484,60.486486486486484,6.0,2358.0,7074,459,1203,16020,1,150
2025Q3,meatdumplings0019/rushlib,https://github.com/meatdumplings0019/rushlib.git,rushlib,61,9,2025-09-21 08:23:05,2025-09-11T20:15:32+08:00,9,2026-03-20,b3896f41aaf91700e49241bb47d652cd140e89db,180,0,24,6,0.25,1250,52,10.904761904761905,10,15,1.2307692307692308,1.0,2,3.1538461538461537,2.0,6,2.9038461538461537,2.0,6,0.25,0.0,0,0.057692307692307696,15,1,11.125,21.916666666666664,30.60662393162393,35.0,83.46666666666667,1252,32,365,1715,434,49
2025Q3,sree-sphere/foldertree,https://github.com/sree-sphere/foldertree.git,treescaffold,78,12,2025-07-17 16:15:22,2025-07-16T08:44:21+05:30,1,2026-01-13,2b907349c91543985826008146b1c069d0f8c995,180,0,3,3,1.0,875,27,37.15428571428571,32,67,5.666666666666667,4,14,25.59259259259259,18,46,24.333333333333332,17,43,1.2592592592592593,1,4,0.7407407407407407,17,1,36.33870967741935,1.0,12.63643336221559,1.0,38.11764705882353,648,186,167,1664,206,48
2025Q3,Wenutu/TaskPanel,https://github.com/Wenutu/TaskPanel.git,taskpanel,18,2,2025-09-14 04:48:14,2025-08-16T11:32:29+08:00,29,2026-03-13,36c702833bd51b840af40ca5f7f93e5e18df251d,180,0,5,5,1.0,1946,64,43.72,44.0,68,6.28125,4.0,15,26.15625,14.0,56,25.640625,14.0,56,0.515625,0.0,0,0.09375,27,1,51.3195020746888,3.060185185185185,28.53519801592316,48.0,220.33333333333334,5949,241,572,10627,5722,88
2025Q3,therealtimex/browser-use,https://github.com/therealtimex/browser-use.git,realtimex-browser-use,52,6,2025-09-23 16:15:18,2024-10-31T17:00:29+01:00,327,2026-03-22,40e354c798136430396ad3c68990c9e0b24b4cc7,180,0,104,104,1.0,34597,1058,45.06360338573156,41,76,5.113421550094518,3.0,12,27.718336483931946,13.0,66,26.031190926275993,12.0,64,1.6871455576559546,1.0,5,0.7164461247637051,3574,218,47.06694537031806,2.0,7.945936289745375,3.0,31.009792949076665,110829,17701,20405,265583,204471,7878
2025Q3,lucidrains/h-net-dynamic-chunking,https://github.com/lucidrains/h-net-dynamic-chunking.git,h-net-dynamic-chunking,127,27,2025-07-15 15:14:41,2025-07-14T06:45:08-07:00,1,2026-01-11,bee14e7700c1e7bbd5e3c86cc1d2145464882ae6,180,0,5,5,1.0,999,35,47.57575757575758,28,125,2.257142857142857,1,5,21.885714285714286,3,67,21.885714285714286,3,67,0,0,0,0.0,35,1,40.1375,3.0,16.126441613941612,8.0,20.457142857142856,716,80,341,1281,150,49
2025Q3,mamahoos/aiogram-input,https://github.com/mamahoos/aiogram-input.git,aiogram-input,76,3,2025-09-17 22:38:09,2025-08-17T22:44:29+03:30,31,2026-03-16,bd548cc64f732b28123059e663eb394367cec62c,180,0,7,7,1.0,312,22,38.94117647058823,37,51,2.227272727272727,2.0,4,8.545454545454545,4.5,22,6.7727272727272725,4.0,13,1.7727272727272727,0.0,3,0.45454545454545453,33,1,36.77272727272727,2.138095238095238,6.668734795746007,7.0,21.272727272727273,702,22,121,888,554,84
2025Q3,Zen-Master-SoSo/colorforms,https://github.com/Zen-Master-SoSo/colorforms.git,colorforms,18,3,2025-09-28 05:52:39,2025-09-28T13:52:30+08:00,0,2026-03-27,4278924395efff388047994406b4e30823ae80e1,180,0,2,2,1.0,103,1,40.85,51.0,68,19,19,19,26,26,26,26,26,26,0,0,0,0.0,3,1,38.90909090909091,1.0,17.833333333333332,1.0,16.333333333333332,49,44,12,105,2,4
2025Q3,ajmanjoma/tree2cmd,https://github.com/ajmanjoma/tree2cmd.git,tree2cmd,83,8,2025-07-12 23:52:20,2025-07-13T04:28:32+05:30,0,2026-01-08,63fe45a6f03cacb9268adda180545289968b2843,180,0,1459,1459,1.0,529840,19794,44.483476847265614,46,72,3.641558047893301,2.0,8,15.317874103263616,7.0,36,13.310144488228756,6.0,31,2.007729615034859,0.0,7,0.3602606850560776,11,2,47.3486176865977,1.095,48.48228187495488,1.0,38768.454545454544,426453,34218,69436,665629,839,1841
2025Q3,boscawinks/wplace,https://github.com/boscawinks/wplace.git,wplace,21,5,2025-09-07 13:38:48,2025-09-07T15:28:38+02:00,0,2026-03-06,ea82ba9004c19873e6db2cecff5a39585ffc7a5d,180,0,7,7,1.0,884,50,40.72727272727273,41,56,1.64,1.0,3,6.42,5.0,11,5.56,4.5,11,0.86,0.0,3,0.4,8,1,44.333333333333336,6.929411764705883,25.603186274509802,58.0,142.875,1143,12,160,1349,444,23
2025Q3,siroosab/bible-search,https://github.com/siroosab/bible-search.git,adv-bible-search,29,2,2025-07-30 18:07:51,2025-07-30T08:19:03+01:00,0,2026-01-26,ad2d671489aad31fb6bee1f810ae89b07b7b900e,180,0,11,11,1.0,1964,50,32.851351351351354,30.5,53,4.84,4.0,10,33.76,25.0,72,28.08,17.0,67,5.68,6.0,11,1.0,5,1,32.5625,90.27272727272727,90.27272727272727,0.0,298.8,1494,128,346,2016,10,17
2025Q3,king-of-the-grackles/reddit-research-mcp,https://github.com/king-of-the-grackles/reddit-research-mcp.git,reddit-research-mcp,62,4,2025-09-09 03:21:47,2025-08-11T23:12:17-07:00,27,2026-03-08,070304756ad6ce7d033fc534078d69afb50834e1,180,0,8,8,1.0,1737,28,47.87301587301587,44,74,3.7142857142857144,2.0,10,53.035714285714285,20.0,222,48.785714285714285,15.5,217,4.25,4.0,11,0.8571428571428571,46,1,44.92201834862385,5.875,14.23680900938266,24.0,65.41304347826087,3009,218,388,9006,4386,118
2025Q3,SWRdata/google-cloud-helper,https://github.com/SWRdata/google-cloud-helper.git,google-cloud-helper,83,9,2025-07-22 07:01:30,2025-07-21T15:37:10+02:00,0,2026-01-18,43dd852a8af8ab3b25e9485063a2814d626b7921,180,0,5,5,1.0,527,24,25.53846153846154,23,40,2.375,2.0,5,18.958333333333332,14.0,53,11.958333333333334,6.5,38,7,8.0,15,0.9166666666666666,9,1,25.61111111111111,18.0,34.692265795206964,31.0,79.77777777777777,718,18,167,1326,384,21
2025Q4,sezer-muhammed/langchain-fused-models,https://github.com/sezer-muhammed/langchain-fused-models.git,langchain-fused-model,,2,2025-11-05 17:22:27,2025-11-04T17:52:35-04:00,0,2026-05-04,754014ca35927a075563f4794fad44d137a49fef,180,0,7,7,1.0,1299,34,38.76190476190476,37.5,57,3.2941176470588234,2.5,7,31.764705882352942,22.5,57,21.852941176470587,13.0,40,9.911764705882353,9.5,17,1.0,8,1,39.083333333333336,1.28,28.585864661654135,6.0,139.625,1117,84,495,3927,989,37
2025Q4,K-dash/pyropust,https://github.com/K-dash/pyropust.git,pyropust,129,2,2025-12-31 15:51:04,2025-12-31T02:03:16+09:00,0,2026-06-29,6cab713eb5529d5e36dbd393135ecc84eab5812d,180,0,2,2,1.0,117,8,58.2,58,83,1.875,1.0,7,5.875,2.0,26,5.375,2.0,22,0.5,0.0,4,0.125,33,2,57.76923076923077,1.6666666666666665,21.86257215007215,0.0,15.666666666666666,517,13,115,6774,3193,134
2025Q4,AscenderTeam/attp-client,https://github.com/AscenderTeam/attp-client.git,attp-client,887,30,2025-10-02 10:00:41,2025-09-30T19:34:18+05:00,1,2026-03-31,6afb5ad9467d8255c99d399ea599e133b1793bb2,180,0,40,40,1.0,1832,96,31.923076923076923,27,66,2.1875,1.0,5,12.354166666666666,8.0,32,10.145833333333334,7.0,26,2.2083333333333335,0.0,11,0.21875,19,1,33.70175438596491,4.818181818181818,9.931807666018193,32.0,84.42105263157895,1604,57,375,2065,204,82
2025Q4,tahashieenavaz/diayn,https://github.com/tahashieenavaz/diayn.git,diayn,,1,2025-11-24 10:25:51,2025-11-24T11:20:00+01:00,0,2026-05-23,59ad07b81a71a50df3cb0780b1fa160825d4bc61,180,0,2,2,1.0,2,0,,,,,,,,,,,,,,,,,1,1,nan,2.0,2.0,2.0,2.0,2,0,0,2,0,1
2025Q4,FerdinaKusumah/duplicator,https://github.com/FerdinaKusumah/duplicator.git,django-duplicator,49,3,2025-12-04 17:50:15,2025-12-04T21:32:42+07:00,0,2026-06-02,126d13ca94129d26d6995582fbe18335a9ac4c7d,180,0,4,4,1.0,180,7,20.333333333333332,19,38,3.4285714285714284,3,8,20,19,44,20,19,44,0,0,0,0.0,9,1,19.363636363636363,3.25,6.8161375661375665,11.0,19.77777777777778,178,11,45,594,55,20
2025Q4,najuaircrack/UDPscope,https://github.com/najuaircrack/UDPscope.git,udpscope,252,3,2025-12-24 18:29:39,2025-12-24T08:35:18-08:00,0,2026-06-22,b3966da8e50479c37118fcc871759bc8a74cab40,180,0,11,11,1.0,903,40,26.029411764705884,20.0,42,3.675,3.0,8,18.175,13.0,35,17.275,12.5,34,0.9,1.0,1,0.9,3,1,26.46875,74.66666666666667,63.76984126984127,180.0,254.33333333333334,763,32,139,934,31,13
2025Q4,ZeparHyfar/mcp-datetime,https://github.com/ZeparHyfar/mcp-datetime.git,iflow-mcp_mcp-datetime,15,1,2025-11-19 06:44:29,2024-12-12T23:30:31+09:00,341,2026-05-18,d517593caabae5cc3ccb5a5034033816af2c4eaf,180,0,4,4,1.0,148,5,21.303030303030305,19,30,2.2,2,4,19.8,15,39,19.6,15,39,0.2,0,1,0.2,3,1,20.17241379310345,1.3333333333333333,16.88888888888889,2.0,37.333333333333336,112,29,22,163,15,5
2025Q4,sookcha/libeunhaeung,https://github.com/sookcha/libeunhaeung.git,libeunhaeng,,1,2025-12-01 14:05:43,2025-11-01T13:44:07+09:00,30,2026-05-30,802d6d452b8c3f23dd70bfcce773ea946cf5a98e,180,0,12,12,1.0,1832,57,57.16783216783217,31,72,4.754385964912281,2,13,25.350877192982455,12,58,22.982456140350877,12,57,2.3684210526315788,1,7,0.8771929824561403,42,1,54.40453460620525,3.0,98.28637667112251,12.5,160.23809523809524,6730,838,1509,10311,7891,115
2025Q4,SEAFOM-Fiber-Optic-Monitoring-Group/pySEAFOM,https://github.com/SEAFOM-Fiber-Optic-Monitoring-Group/pySEAFOM.git,pyseafom,365,8,2025-11-06 19:15:32,2025-07-13T05:54:17-05:00,116,2026-05-05,0d71f753f3d48f48e660aace7f0bef984a2d235f,180,0,10,10,1.0,4268,81,40.852380952380955,37.5,72,6.049382716049383,3,16,41.91358024691358,27,128,38.629629629629626,24,93,3.2839506172839505,0,4,0.30864197530864196,22,2,48.23979591836735,47.69230769230769,90.41033182503772,46.5,159.1818181818182,3502,196,830,4778,455,38
2025Q4,john-psina/django-admin-style-linker,https://github.com/john-psina/django-admin-style-linker.git,django-admin-style-linker,33,3,2025-10-30 15:14:24,2025-10-30T16:54:54+02:00,0,2026-04-28,9ab389623620c29e425bcf3f05987cc2faa21270,180,0,2,2,1.0,256,9,53.38461538461539,61,70,5.666666666666667,3,26,21.444444444444443,17,82,17.88888888888889,13,78,3.5555555555555554,4,4,1.0,6,2,53.38461538461539,1.0,22.166666666666668,1.0,34.333333333333336,206,13,43,262,6,7
2025Q4,chigwell/layerxtr,https://github.com/chigwell/layerxtr.git,layerxtr,,1,2025-12-22 08:27:36,2025-12-22T08:27:28+00:00,0,2026-06-20,10d69e2ce57d27546f20065cdd67b9af941603c0,180,0,3,3,1.0,55,1,,,,8,8,8,36,36,36,35,35,35,1,1,1,1.0,1,1,nan,18.333333333333332,18.333333333333332,45.0,45.0,45,0,10,55,0,3
2025Q4,getbindu/Bindu,https://github.com/getbindu/Bindu.git,bindu,704,17,2025-10-11 22:14:40,2025-03-16T23:37:03+01:00,208,2026-04-09,98cfad0e9f5d3e80a47f9d7ffa8ef9daa893e4e8,180,0,134,134,1.0,25913,639,42.4156355455568,41.0,70,3.647887323943662,2,8,28.399061032863848,20,59,22.114241001564945,13,50,6.284820031298905,6,12,0.9061032863849765,589,55,40.7819399203764,4.333333333333333,16.850291195811923,22.0,168.04584040747028,98979,11052,24271,193722,151922,3299
2025Q4,kjrjay/pyreact-start,https://github.com/kjrjay/pyreact-start.git,pyreact-start,29,1,2025-12-14 10:47:30,2025-12-14T12:56:15+02:00,-1,2026-06-12,e574738bae31e5c37f175928f39d6a5e7c99cec6,180,0,16,16,1.0,4435,166,39.98522167487685,38,65,3.4819277108433737,2.0,8,21.457831325301203,13.0,47,17.66867469879518,8.0,46,3.789156626506024,1.0,13,0.7228915662650602,24,1,37.38297872340426,12.833333333333332,35.06265104612377,107.0,244.375,5865,470,1493,12668,4604,152
2025Q4,stupid-simple/dataclasses-codec,https://github.com/stupid-simple/dataclasses-codec.git,dataclasses-codec,19,2,2025-10-25 11:37:00,2025-10-25T12:42:59+02:00,0,2026-04-23,2d66cc652b94ff8961b4fdd28c5c7c76eae8e96f,180,0,5,5,1.0,443,26,,,,3.576923076923077,2.0,7,12.576923076923077,9.0,32,9.192307692307692,3.0,32,3.3846153846153846,1.0,9,0.7307692307692307,4,1,nan,9.0,31.95555555555556,20.0,89.0,356,0,90,1492,87,15
2025Q4,travishathaway/zensus2pgsql,https://github.com/travishathaway/zensus2pgsql.git,zensus2pgsql,45,5,2025-11-22 22:09:56,2025-11-02T20:08:42+01:00,20,2026-05-21,6169bd7701bceca3274b42452f8d51e4f3b8c633,180,0,13,13,1.0,2068,40,39.55555555555556,38,62,5.05,4.0,10,38.8,35.5,69,30.225,23.0,57,8.575,5.0,21,0.9,23,1,44.16326530612245,8.258064516129032,26.85291757478835,93.0,175.65217391304347,4040,441,653,9720,3618,68
2025Q4,polhenarejos/pypicoboot,https://github.com/polhenarejos/pypicoboot.git,pypicoboot,1508,11,2025-11-20 19:33:35,2025-11-19T17:41:17+01:00,1,2026-05-19,ad82df09e476beb478a2065cbbff63d2f98b7b19,180,0,11,11,1.0,1382,81,37.65625,26.0,76,3.3703703703703702,2,8,11.765432098765432,6,26,11.753086419753087,6,26,0.012345679012345678,0,0,0.012345679012345678,37,1,47.25,4.236363636363636,11.94910468319559,4.0,34.972972972972975,1294,20,179,1626,128,60
2025Q4,alexisbg/vqu,https://github.com/alexisbg/vqu.git,vqu,312,3,2025-12-13 20:03:11,2025-12-06T14:31:06+01:00,7,2026-06-11,48bb52ede84ba9c341a014a8fcd4a29ef33d4150,180,0,7,7,1.0,490,13,36.61764705882353,37.0,46,4.230769230769231,4,8,25.384615384615383,20,52,20,13,45,5.384615384615385,6,9,1.0,10,1,36.483870967741936,3.33300395256917,16.90846743835874,39.0,63.9,639,62,167,2651,1013,52
2025Q4,HZYAI/RagScore,https://github.com/HZYAI/RagScore.git,ragscore,1327,12,2025-12-26 12:15:53,2025-11-27T15:07:34+08:00,29,2026-06-24,3fbc6e8bb21c99d50a8b6d7a6d57bf7a2100d21c,180,0,19,19,1.0,4693,106,33.25555555555555,30.5,57,5.773584905660377,4.0,14,39.905660377358494,24.0,97,33.943396226415096,18.5,75,5.962264150943396,1.0,15,0.7735849056603774,96,1,30.907780979827088,1.2857142857142858,7.237913070750109,4.5,67.0625,6438,347,1559,11701,5186,265
2025Q4,Karol-G/keepass2-merger,https://github.com/Karol-G/keepass2-merger.git,keepass2-merger,,1,2025-12-28 10:53:14,2025-12-28T11:09:03+01:00,0,2026-06-26,e60b7ca52651289cbe818c1bc6b3322db1395a8e,180,0,3,3,1.0,641,42,35.5625,33.5,57,4.9523809523809526,4.0,10,13.880952380952381,10.5,22,13.857142857142858,10.0,22,0.023809523809523808,0.0,0,0.023809523809523808,2,1,62.0,162.75,162.75,269.5,269.5,539,1,101,812,0,5
2025Q4,ahmeth4n/renef-mcp,https://github.com/ahmeth4n/renef-mcp.git,renef-mcp,147,2,2025-12-13 09:42:39,2025-12-13T00:32:20+03:00,0,2026-06-11,0fd66daf57129152981e8fd0991dd5e2a26f82fa,180,0,8,8,1.0,610,13,28.891304347826086,24.5,52,4.384615384615385,4,8,37.92307692307692,25,86,27.692307692307693,17,67,10.23076923076923,9,19,1.0,6,1,nan,3.0,3.0,0.0,0.6666666666666666,4,0,2,645,97,35
2025Q4,yudivian/beaver-index-importer,https://github.com/yudivian/beaver-index-importer.git,beaver-index-importer,19,3,2025-10-19 22:38:58,2025-10-19T18:20:37-04:00,0,2026-04-17,0e7c37932fe1f68d2873ac9d309c7438528129f8,180,0,2,2,1.0,218,4,,,,12.75,8.0,30,48,28.5,122,48,28.5,122,0,0.0,0,0.0,1,1,nan,218.0,218.0,180.0,180.0,180,0,38,218,0,1
2025Q4,roman-ellerbrock/pyqutree,https://github.com/roman-ellerbrock/pyqutree.git,pyqutree,133,5,2025-11-16 01:29:47,2024-02-19T01:43:32+01:00,636,2026-05-15,439e690d042d45fb5f281862ec735c36c16de2cd,180,0,17,17,1.0,2349,135,36.324022346368714,32,63,2.696296296296296,2,5,14.585185185185185,9,27,11.11111111111111,7,24,3.474074074074074,0,10,0.37037037037037035,62,4,34.88111888111888,3.2941176470588234,12.672333763903064,8.0,34.5,2139,286,392,5230,1811,125
2025Q4,xathon/Allianz-BonusDrive-Client,https://github.com/xathon/Allianz-BonusDrive-Client.git,allianz-bonusdrive-client,508,11,2025-11-25 22:26:02,2025-10-10T02:06:52+02:00,46,2026-05-24,8b1e542393da7c13785489293cf717cdf65e4f56,180,0,8,8,1.0,1033,20,46.16216216216216,45,66,5.2,3.0,5,35.3,27.5,55,34,24.5,54,1.3,1.0,1,0.55,27,3,39.275862068965516,4.216666666666667,9.519604700854702,16.0,53.77777777777778,1452,29,136,1940,744,52
2025Q4,gavingilchrist/pathways,https://github.com/gavingilchrist/pathways.git,pathways-game,36,3,2025-10-19 19:23:57,2025-10-18T14:30:10-04:00,1,2026-04-17,31e6ece5dbec99f3e6309b8529b3a08a207ec68d,180,0,2,2,1.0,339,21,34.642857142857146,32.0,62,3.7142857142857144,1,11,14.047619047619047,9,29,11.333333333333334,6,26,2.7142857142857144,3,3,0.9047619047619048,2,1,34.642857142857146,87.3,87.3,160.5,160.5,321,14,63,398,59,3
2025Q4,manelcaireta/gcp-profiles,https://github.com/manelcaireta/gcp-profiles.git,gcp-profiles,18,2,2025-11-19 12:31:48,2025-11-19T13:20:57+01:00,0,2026-05-18,c313ef1a9a50560fca0d7c828cfde44008744c69,180,0,4,4,1.0,271,23,,,,2.0869565217391304,2,4,8.391304347826088,8,14,7.3478260869565215,6,13,1.0434782608695652,0,3,0.4782608695652174,29,1,nan,2.327272727272727,8.985876623376624,9.0,17.551724137931036,509,0,139,648,377,33
2025Q4,sigularusrex/tchu-tchu,https://github.com/sigularusrex/tchu-tchu.git,tchu-tchu,1856,44,2025-10-26 15:33:08,2025-10-26T17:11:17+01:00,-1,2026-04-24,4c70df704d24d9013553f3bac2beb058e0bf1de6,180,0,24,24,1.0,4028,123,40.0125,37.5,66,3.658536585365854,2,9,32.552845528455286,15,64,25.365853658536587,11,54,7.186991869918699,1,16,0.9349593495934959,61,3,42.937365010799134,3.433333333333333,9.101631329506255,17.0,76.75409836065573,4682,463,1117,7059,2326,164
2025Q4,alexandrainst/bits_and_bobs,https://github.com/alexandrainst/bits_and_bobs.git,bits_and_bobs,349,2,2025-11-10 14:38:15,2025-11-10T14:17:13+01:00,0,2026-05-09,2bbca10c1d579b054c5e4f6134f127828bade0fe,180,0,4,4,1.0,395,11,48.8,46.5,74,3.090909090909091,1,10,39.18181818181818,26,61,23.181818181818183,14,52,16,10,17,1.0,5,1,48.8,39.0,50.333333333333336,14.0,64.6,323,20,71,680,59,14
2025Q4,xissium/git-dates-modifier,https://github.com/xissium/git-dates-modifier.git,git-dates-modifier,,1,2025-12-22 11:26:44,2025-12-22T19:24:47+08:00,0,2026-06-20,4a9f4b4f4494ecc36f0aaf9d9ff02f8b1c1c9557,180,0,2,2,1.0,285,9,33.63636363636363,32,44,4.444444444444445,3,14,29.88888888888889,13,134,29.444444444444443,13,134,0.4444444444444444,0,1,0.4444444444444444,1,1,33.63636363636363,285.0,285.0,200.0,200.0,200,33,52,285,0,1
2025Q4,NoyeArk/wolai_python_sdk,https://github.com/NoyeArk/wolai_python_sdk.git,wolai,65,1,2025-12-12 11:27:30,2024-08-17T19:37:59+08:00,481,2026-06-10,ac1d5bb0388eedad6efd1334eee548eee26d64fb,180,0,3,3,1.0,1044,35,24.714285714285715,24.0,49,2.2857142857142856,1,5,22.285714285714285,19,51,14.571428571428571,13,23,7.714285714285714,0,22,0.4857142857142857,3,1,23.0,11.0,122.66666666666667,24.0,310.6666666666667,932,15,144,1386,76,13
2025Q4,python-boot/pyboot-cli,https://github.com/python-boot/pyboot-cli.git,pyboot-cli,65,7,2025-11-06 07:40:53,2025-11-12T18:40:30+08:00,-7,2026-05-05,86c5d1d8bd1f842424dbf23fcb2a42145bd59a68,180,0,4,4,1.0,554,13,26.2,11.0,56,4.6923076923076925,4,9,33.30769230769231,25,63,31.307692307692307,19,62,2,1,5,0.8461538461538461,5,1,30.011764705882353,88.0,138.70833333333334,55.0,87.4,437,85,97,619,65,6
2026Q1,LuizSeabraDeMarco/NanoWaitVision,https://github.com/LuizSeabraDeMarco/NanoWaitVision.git,nano-wait-vision,,1,2026-01-02 15:51:06,2025-12-31T14:43:26-03:00,1,2026-07-01,d1a1e6673b01c364aab3474747854826540794ab,180,0,9,9,1.0,515,23,26.583333333333332,28.0,43,2.6956521739130435,2,5,15.91304347826087,12,39,14.826086956521738,11,39,1.0869565217391304,0,3,0.34782608695652173,4,1,29.026315789473685,10.491477272727273,14.025946969696971,111.5,134.0,536,38,118,788,190,26
2026Q1,ThomasRohde/huesignal,https://github.com/ThomasRohde/huesignal.git,huesignal,923,8,2026-01-02 16:16:51,2026-01-02T14:48:03+01:00,0,2026-07-01,827557e12636b01c77f09f4128e505b4d845dc64,180,0,29,29,1.0,7097,155,33.59827213822894,33,54,5.380645161290323,3,13,38.33548387096774,19,86,30.806451612903224,14,73,7.529032258064516,5,15,0.8774193548387097,25,1,34.277992277992276,4.067857142857143,14.918900341900448,33.0,237.56,5939,518,1364,9362,784,139
2026Q1,BACH-AI-Tools/hot-news-bachstudio,https://github.com/BACH-AI-Tools/hot-news-bachstudio.git,hot-news-bachstudio,365,3,2026-01-07 09:57:35,2026-01-07T17:58:15+08:00,-1,2026-07-06,58302b95cc028687b758c6f03b71b338ba7f2852,180,0,4,4,1.0,1615,67,13.675,9.0,23,5.253731343283582,6,8,21.19402985074627,19,33,20.223880597014926,18,32,0.9701492537313433,1,1,0.9701492537313433,3,1,13.945945945945946,3.1,144.95000000000002,54.0,520.6666666666666,1562,37,190,2011,174,11
2026Q1,robzolkos/fizzy-client-python,https://github.com/robzolkos/fizzy-client-python.git,fizzy-api-client,228,2,2026-01-02 04:29:26,2026-01-01T23:23:51-05:00,0,2026-07-01,a69e5cff9e5eaab9101d20a19b88810f838db4ac,180,0,33,33,1.0,5306,278,32.93650793650794,30.0,60,2.129496402877698,1.0,4,14.262589928057555,11.0,33,9.679856115107913,3.0,25,4.58273381294964,1.0,11,0.8093525179856115,2,2,32.3968253968254,80.89393939393939,80.89393939393939,2069.0,2069.0,4138,126,1043,6970,1,50
2026Q1,mikeyfrilot/backpropagate,https://github.com/mikeyfrilot/backpropagate.git,backpropagate,131,1,2026-01-19 11:56:23,2026-01-19T06:28:17-05:00,0,2026-07-18,ed53fd4f82c87df6a07af34db66dfaefb1318ca6,180,0,51,51,1.0,56971,948,58.16164607372613,64,74,5.725738396624473,3.0,12,49.13502109704641,23.0,104,40.96097046413502,16.0,82,8.174050632911392,6.0,21,0.7795358649789029,96,3,57.619934956491164,6.295454545454546,22.263631663182025,32.0,553.9895833333334,53183,11377,7345,148372,23533,970
2026Q1,hadijannat/basyx-client,https://github.com/hadijannat/basyx-client.git,basyx-client,308,3,2026-01-21 15:16:07,2026-01-21T14:02:32+01:00,0,2026-07-20,2bb41c234c35b76c417923ee1b73735626fea560,180,0,28,28,1.0,5976,262,40.46268656716418,38,62,2.6526717557251906,2.0,5,17.16412213740458,15.0,34,12.736641221374045,10.5,25,4.427480916030534,1.0,12,0.9580152671755725,16,1,34.75892857142857,1.0769230769230769,30.607402319902324,4.0,311.25,4980,112,1046,9515,235,106
2026Q1,GabbyTab/boofun,https://github.com/GabbyTab/boofun.git,boofun,322,3,2026-01-20 08:57:21,2025-06-15T15:42:50-03:00,218,2026-07-19,5144a6803acb4223d9eb6c25c05e2ca7aeebe2ec,180,0,86,86,1.0,38351,1541,35.354265915980946,32,62,3.353666450356911,2,8,20.042829331602857,14,45,13.663205710577547,8,32,6.379623621025308,1,16,0.8961713173264114,226,1,69.8547136784196,9.03125,71.20796263225199,4.0,264.216814159292,59713,3999,21385,149620,64693,1179
2026Q1,bert2002/tmm,https://github.com/bert2002/tmm.git,tmm-monitor,472,5,2026-01-07 05:40:08,2026-01-07T13:12:27+08:00,0,2026-07-06,68eb4036b93a3b4193f1e99d5730b9b13742859a,180,0,2,2,1.0,688,28,36.644444444444446,33,57,4.857142857142857,3.0,14,20,9.5,60,19.071428571428573,8.5,59,0.9285714285714286,1.0,1,0.8214285714285714,9,1,36.13333333333333,1.0,77.11111111111111,1.0,59.55555555555556,536,45,116,740,18,18
2026Q1,anthalehq/anthale-python,https://github.com/anthalehq/anthale-python.git,anthale,114,1,2026-01-19 09:55:53,2026-01-19T08:53:16+00:00,0,2026-07-18,3495bb4cff0c4e1504eaf669692b86b23d0e0d27,180,0,41,41,1.0,9774,498,54.64807692307692,56.0,89,2.9819277108433737,1.0,7,13.781124497991968,7.0,34,11.38152610441767,5.0,29,2.3995983935742973,0.0,9,0.3112449799196787,44,2,55.794059405940594,4.0,55.48054853643089,0.0,168.27272727272728,7404,505,2065,15577,298,126
2026Q1,Alquimia-ai/fair-forge,https://github.com/Alquimia-ai/fair-forge.git,alquimia-fair-forge,135,1,2026-01-23 13:05:51,2025-05-07T14:36:13-03:00,260,2026-07-22,1b33a99666f361a46eee6618bde4a5d3a3dba358,180,0,100,100,1.0,9840,303,33.18396226415094,28.0,57,3.1947194719471947,2,7,20.336633663366335,13,45,16.627062706270628,9,39,3.7095709570957096,0,11,0.47194719471947194,73,4,36.06751054852321,6.273972602739726,21.492798483726663,72.0,219.68493150684932,16037,474,3089,33748,14359,531
2026Q1,d-ganchar/david8_duckdb,https://github.com/d-ganchar/david8_duckdb.git,david8-duckdb,276,3,2026-01-23 12:32:26,2026-01-23T10:43:46+01:00,0,2026-07-22,45f3a65a505962adaafefee3ef9fd54b8670bbb7,180,0,21,21,1.0,662,83,17.5,17.0,21,1.6746987951807228,1,3,4.192771084337349,3,9,3.8795180722891565,2,7,0.3132530120481928,0,0,0.08433734939759036,14,1,17.5,7.625,11.534311224489796,33.0,41.642857142857146,583,4,189,1276,116,59
2026Q1,WILLOWMALAK/difunct,https://github.com/WILLOWMALAK/difunct.git,difunct,279,3,2026-01-21 15:34:26,2026-01-21T14:46:06+01:00,0,2026-07-20,6d36f8f35bd82d9942c655e01fc9e4a36cff3296,180,0,5,5,1.0,2547,65,41.86666666666667,40,66,4.2,3,9,35.2,24,76,28.6,18,55,6.6,0,20,0.46153846153846156,7,1,47.87214611872146,14.242424242424242,112.78134609113086,468.0,529.5714285714286,3707,219,804,4730,2183,19
2026Q1,iammohdrazi/DebugSnacks,https://github.com/iammohdrazi/DebugSnacks.git,debugsnacks,913,9,2026-01-25 11:20:30,2026-01-25T16:10:57+05:30,0,2026-07-24,6802b43a93634996072d8b7753dad9f58af4879e,180,0,8,8,1.0,231,9,13,13,13,1.3333333333333333,1,4,4,3,11,4,3,11,0,0,0,0.0,7,1,13.0,13.428571428571429,12.68154761904762,0.0,48.0,336,1,30,599,177,27
2026Q1,oliverhaas/django-cachex,https://github.com/oliverhaas/django-cachex.git,django-cachex,469,5,2026-01-25 21:50:39,2026-01-25T19:23:20+01:00,0,2026-07-24,2b8ebca00f98fc4d96077d0f46e189504e3ad520,180,0,55,47,0.8545454545454545,24605,1901,55.791433891992554,66.0,75,2.042083114150447,1,4,7.4003156233561285,5,17,6.809573908469226,4,16,0.5907417148869016,0,1,0.3945291951604419,336,1,55.301755291688174,2.8762886597938144,24.32992119763801,16.0,252.0654761904762,84694,3874,13894,154807,109435,1739
2026Q1,nk3750/jitapi,https://github.com/nk3750/jitapi.git,jitapi,209,2,2026-01-19 20:39:50,2026-01-18T18:21:11-08:00,0,2026-07-18,8a6e42d0d527ff2cc14f5d20cfb9aff9d8cc1737,180,0,25,25,1.0,6117,194,33.90559440559441,29.0,64,4.030927835051546,3.0,9,26.1340206185567,19.0,51,21.396907216494846,13.0,44,4.737113402061856,5.0,10,0.865979381443299,20,1,31.028169014084508,3.4642857142857144,30.92967010467011,35.5,558.65,11173,639,2301,17017,9163,115
2026Q1,venom21adi/order-journey-viz,https://github.com/venom21adi/order-journey-viz.git,order-journey-viz,395,4,2026-01-24 07:43:29,2026-01-24T11:28:39+05:30,0,2026-07-23,e9546d2515f1077fd7ab6359430a99ee42c1c5d8,180,0,5,5,1.0,1804,9,32.072916666666664,28.5,51,4.111111111111111,5,8,166.77777777777777,57,565,162.88888888888889,53,562,3.888888888888889,3,9,1.0,4,1,31.949494949494948,240.0,303.75,422.0,365.5,1462,99,245,2048,2,8
2026Q1,biocontext-ai/protocol-mcp,https://github.com/biocontext-ai/protocol-mcp.git,protocol-mcp,325,3,2026-01-20 12:30:06,2026-01-20T12:52:44+01:00,0,2026-07-19,b3f7681955565d948afac0c99e4d9786d19e0d38,180,0,10,10,1.0,979,24,36.578947368421055,43,79,3.7916666666666665,2.5,9,28.416666666666668,29.5,43,15.75,16.0,25,12.666666666666666,13.0,20,1.0,4,1,37.95238095238095,5.675,26.068749999999998,41.0,203.25,813,21,185,1851,426,28
2026Q1,AnswerDotAI/fhvite,https://github.com/AnswerDotAI/fhvite.git,fhvite,918,1,2026-01-25 08:12:42,2025-07-12T17:34:22+10:00,197,2026-07-24,34ca9fa24107a27e98eec1fc48ef26f28a237ca4,180,0,3,3,1.0,250,6,35.72727272727273,35,47,3.3333333333333335,3.0,6,10.833333333333334,10.0,26,10.333333333333334,9.5,25,0.5,0.5,1,0.5,24,2,33.4054054054054,1.0,4.500922266139659,2.0,13.583333333333334,326,37,37,464,214,27
2026Q1,Descanonge/fronts-toolbox,https://github.com/Descanonge/fronts-toolbox.git,fronts-toolbox,108,1,2026-01-25 12:32:26,2025-06-29T22:28:29+02:00,209,2026-07-24,0487470cbf252e6bb9315480fa5db1b0ca7b92d7,180,0,12,12,1.0,3394,77,32.8944099378882,29,63,4.623376623376624,4,10,31.051948051948052,28,68,26.09090909090909,21,52,4.961038961038961,1,19,0.7922077922077922,112,1,37.16544117647059,2.0,26.837830375438674,2.0,42.625,4774,272,935,7923,3750,199
2026Q1,Zsombroo/humanbytes,https://github.com/Zsombroo/humanbytes.git,humanbytes,168,2,2026-01-24 18:40:17,2026-01-24T19:41:59+01:00,-1,2026-07-23,26fa351a7c6ddbf557a7a73f7c33866d44e2287b,180,0,2,2,1.0,36,1,,,,8,8,8,33,33,33,22,22,22,11,11,11,1.0,2,1,nan,9.0,9.0,22.5,22.5,45,0,6,115,30,8
2026Q1,seunghyuoffice-design/hwp2yaml,https://github.com/seunghyuoffice-design/hwp2yaml.git,hwp2yaml,107,1,2026-01-19 07:56:06,2026-01-19T12:59:54+09:00,0,2026-07-18,56231e2e4e26e3aff3dcff6ef82f5789aaa4a9d8,180,0,13,13,1.0,3565,115,17.145228215767634,15,30,4.452173913043478,3,10,24.191304347826087,19,49,19.139130434782608,14,39,5.052173913043478,4,11,0.9304347826086956,10,1,17.647286821705425,15.821428571428571,44.77605204872647,184.5,365.8,3658,258,845,5199,2718,37
2026Q1,lenzo-ka/icukit-pyicu,https://github.com/lenzo-ka/icukit-pyicu.git,icukit-pyicu,1724,3,2026-01-19 15:35:56,2026-01-17T21:07:31-05:00,1,2026-07-18,cd2e4e2864158ec48e60e27a4a9fb33cc6d18da2,180,0,2,2,1.0,81,7,75,75.0,77,2.4285714285714284,1,7,8.285714285714286,3,25,7.571428571428571,2,25,0.7142857142857143,1,1,0.7142857142857143,5,1,75.0,14.204545454545455,14.204545454545455,0.0,14.8,74,2,16,295,17,9
2026Q1,nickzren/opentargets-mcp,https://github.com/nickzren/opentargets-mcp.git,iflow-mcp_nickzren_opentargets-mcp,116,1,2026-01-22 04:11:53,2025-05-15T16:09:14-04:00,251,2026-07-21,ecb92f8effdd6f8ea8f6a8c8de2fedb23334c126,180,0,7,7,1.0,1342,51,55.793103448275865,57,77,4.2745098039215685,3,8,18.568627450980394,14,34,17.235294117647058,13,32,1.3333333333333333,0,1,0.47058823529411764,33,2,60.388888888888886,7.0,24.96253471575505,0.0,61.57575757575758,2032,54,296,13937,4415,201
2026Q1,jeweis/jewei-mssql-mcp-server,https://github.com/jeweis/jewei-mssql-mcp-server.git,iflow-mcp_jewei_jewei-mssql-mcp-server,102,1,2026-01-23 07:35:50,2025-05-21T20:01:43+08:00,246,2026-07-22,76890d74edc367babfc82b29a14f58e853524afd,180,0,5,5,1.0,621,12,16.081967213114755,12,30,5.416666666666667,1.0,13,42.75,16.0,109,36.5,5.0,101,6.25,6.5,13,1.0,5,1,16.789473684210527,74.5,191.25,138.0,226.4,1132,114,144,1476,827,12
2026Q1,computer-reinvention/infera,https://github.com/computer-reinvention/infera.git,infera,185,2,2026-01-22 07:29:35,2026-01-21T11:02:34+05:30,1,2026-07-21,9e3785dda194518bf4db936d680cf8237a82301c,180,0,22,22,1.0,3941,155,36.20441988950276,34,62,3.432258064516129,3,7,19.961290322580645,16,43,18.083870967741934,13,37,1.8774193548387097,1,6,0.9161290322580645,6,1,35.78109452736319,25.448275862068964,47.65326515663737,649.0,618.1666666666666,3709,201,764,4834,748,52
2026Q1,techkaduna/isadora,https://github.com/techkaduna/isadora.git,isadora,203,2,2026-01-20 06:24:45,2026-01-20T05:58:21+01:00,0,2026-07-19,35c589f7f593a8cb187b6b975c172c8ba26f2b5e,180,0,4,4,1.0,1329,48,56.12,78,78,1.3125,1.0,3,14.0625,11.0,23,7.291666666666667,4.0,11,6.770833333333333,8.0,15,0.7708333333333334,8,1,57.6,1.0,85.25,0.0,136.375,1091,30,249,1976,372,29
2026Q1,intellistream/sage-sias,https://github.com/intellistream/sage-sias.git,isage-sias,56,1,2026-01-25 16:21:40,2026-01-10T00:26:31+08:00,15,2026-07-24,5557322a14b345f9c066652d6d5976910b366142,180,0,8,8,1.0,1036,70,46.19047619047619,41,68,2.657142857142857,2.0,7,9.6,6.0,22,8.214285714285714,5.0,19,1.3857142857142857,0.0,1,0.45714285714285713,4,1,15.666666666666666,4.923809523809523,28.915029761904762,59.0,116.0,464,3,106,825,793,17
2026Q1,andrewting19/jupyter-cli,https://github.com/andrewting19/jupyter-cli.git,jupyter-cli,770,10,2026-01-21 19:45:56,2026-01-21T19:22:36+00:00,0,2026-07-20,05cc9f159eac133825ca84e1f3414be436bf0c34,180,0,6,6,1.0,1416,42,31.493827160493826,31,46,6.5,4.0,16,29.071428571428573,14.5,69,25.11904761904762,13.5,58,3.9523809523809526,1.0,11,0.9523809523809523,11,2,30.58823529411765,6.45,31.03424242424243,29.0,103.27272727272727,1136,85,274,2231,81,25
2026Q1,optego/quant-metrics,https://github.com/optego/quant-metrics.git,optego-quant-metrics,441,4,2026-01-21 09:33:56,2026-01-21T16:34:38+09:00,0,2026-07-20,fc8694af1c45f606ca0cb8b50d31ddd5ce1646ee,180,0,3,3,1.0,823,14,42.06349206349206,37,73,4.571428571428571,5.0,6,51.857142857142854,57.0,78,27.857142857142858,29.5,49,24,26.0,31,1.0,6,2,47.375,1.25,48.138888888888886,7.5,110.83333333333333,665,48,152,1126,56,13
2026Q1,sardanaaman/langgraph-compass,https://github.com/sardanaaman/langgraph-compass.git,langgraph-compass,420,2,2026-01-19 16:02:05,2026-01-16T19:33:46-05:00,2,2026-07-18,35cab2c75be0c101082e0881af43309d26cc2d4a,180,0,7,7,1.0,1683,31,42.3768115942029,33,78,4.483870967741935,4,9,33.645161290322584,27,61,28.93548387096774,21,58,4.709677419354839,1,13,0.967741935483871,17,1,40.0,16.11904761904762,68.80501253132833,72.0,107.05882352941177,1820,128,323,3411,632,31
